,380.0,412.0,443.0,490.0,529.0,566.0,672.0,763.0,867.0,1055.0,1385.0,1634.0,2211.0
300.0,,,,,,,,,,,,,
300.1,,,,,,,,,,,,,
300.2,,,,,,,,,,,,,
300.3,,,,,,,,,,,,,
300.4,,,,,,,,,,,,,
300.5,,,,,,,,,,,,,
300.6,,,,,,,,,,,,,
300.7,,,,,,,,,,,,,
300.8,,,,,,,,,,,,,
300.9,,,,,,,,,,,,,
301.0,,,,,,,,,,,,,
301.1,,,,,,,,,,,,,
301.2,,,,,,,,,,,,,
301.3,,,,,,,,,,,,,
301.4,,,,,,,,,,,,,
301.5,,,,,,,,,,,,,
301.6,,,,,,,,,,,,,
301.7,,,,,,,,,,,,,
301.8,,,,,,,,,,,,,
301.9,,,,,,,,,,,,,
302.0,,,,,,,,,,,,,
302.1,,,,,,,,,,,,,
302.2,,,,,,,,,,,,,
302.3,,,,,,,,,,,,,
302.4,,,,,,,,,,,,,
302.5,,,,,,,,,,,,,
302.6,,,,,,,,,,,,,
302.7,,,,,,,,,,,,,
302.8,,,,,,,,,,,,,
302.9,,,,,,,,,,,,,
303.0,,,,,,,,,,,,,
303.1,,,,,,,,,,,,,
303.2,,,,,,,,,,,,,
303.3,,,,,,,,,,,,,
303.4,,,,,,,,,,,,,
303.5,,,,,,,,,,,,,
303.6,,,,,,,,,,,,,
303.7,,,,,,,,,,,,,
303.8,,,,,,,,,,,,,
303.9,,,,,,,,,,,,,
304.0,,,,,,,,,,,,,
304.1,,,,,,,,,,,,,
304.2,,,,,,,,,,,,,
304.3,,,,,,,,,,,,,
304.4,,,,,,,,,,,,,
304.5,,,,,,,,,,,,,
304.6,,,,,,,,,,,,,
304.7,,,,,,,,,,,,,
304.8,,,,,,,,,,,,,
304.9,,,,,,,,,,,,,
305.0,,,,,,,,,,,,,
305.1,,,,,,,,,,,,,
305.2,,,,,,,,,,,,,
305.3,,,,,,,,,,,,,
305.4,,,,,,,,,,,,,
305.5,,,,,,,,,,,,,
305.6,,,,,,,,,,,,,
305.7,,,,,,,,,,,,,
305.8,,,,,,,,,,,,,
305.9,,,,,,,,,,,,,
306.0,,,,,,,,,,,,,
306.1,,,,,,,,,,,,,
306.2,,,,,,,,,,,,,
306.3,,,,,,,,,,,,,
306.4,,,,,,,,,,,,,
306.5,,,,,,,,,,,,,
306.6,,,,,,,,,,,,,
306.7,,,,,,,,,,,,,
306.8,,,,,,,,,,,,,
306.9,,,,,,,,,,,,,
307.0,,,,,,,,,,,,,
307.1,,,,,,,,,,,,,
307.2,,,,,,,,,,,,,
307.3,,,,,,,,,,,,,
307.4,,,,,,,,,,,,,
307.5,,,,,,,,,,,,,
307.6,,,,,,,,,,,,,
307.7,,,,,,,,,,,,,
307.8,,,,,,,,,,,,,
307.9,,,,,,,,,,,,,
308.0,,,,,,,,,,,,,
308.1,,,,,,,,,,,,,
308.2,,,,,,,,,,,,,
308.3,,,,,,,,,,,,,
308.4,,,,,,,,,,,,,
308.5,,,,,,,,,,,,,
308.6,,,,,,,,,,,,,
308.7,,,,,,,,,,,,,
308.8,,,,,,,,,,,,,
308.9,,,,,,,,,,,,,
309.0,,,,,,,,,,,,,
309.1,,,,,,,,,,,,,
309.2,,,,,,,,,,,,,
309.3,,,,,,,,,,,,,
309.4,,,,,,,,,,,,,
309.5,,,,,,,,,,,,,
309.6,,,,,,,,,,,,,
309.7,,,,,,,,,,,,,
309.8,,,,,,,,,,,,,
309.9,,,,,,,,,,,,,
310.0,,,,,,,,,,,,,
310.1,,,,,,,,,,,,,
310.2,,,,,,,,,,,,,
310.3,,,,,,,,,,,,,
310.4,,,,,,,,,,,,,
310.5,,,,,,,,,,,,,
310.6,,,,,,,,,,,,,
310.7,,,,,,,,,,,,,
310.8,,,,,,,,,,,,,
310.9,,,,,,,,,,,,,
311.0,,,,,,,,,,,,,
311.1,,,,,,,,,,,,,
311.2,,,,,,,,,,,,,
311.3,,,,,,,,,,,,,
311.4,,,,,,,,,,,,,
311.5,,,,,,,,,,,,,
311.6,,,,,,,,,,,,,
311.7,,,,,,,,,,,,,
311.8,,,,,,,,,,,,,
311.9,,,,,,,,,,,,,
312.0,,,,,,,,,,,,,
312.1,,,,,,,,,,,,,
312.2,,,,,,,,,,,,,
312.3,,,,,,,,,,,,,
312.4,,,,,,,,,,,,,
312.5,,,,,,,,,,,,,
312.6,,,,,,,,,,,,,
312.7,,,,,,,,,,,,,
312.8,,,,,,,,,,,,,
312.9,,,,,,,,,,,,,
313.0,,,,,,,,,,,,,
313.1,,,,,,,,,,,,,
313.2,,,,,,,,,,,,,
313.3,,,,,,,,,,,,,
313.4,,,,,,,,,,,,,
313.5,,,,,,,,,,,,,
313.6,,,,,,,,,,,,,
313.7,,,,,,,,,,,,,
313.8,,,,,,,,,,,,,
313.9,,,,,,,,,,,,,
314.0,,,,,,,,,,,,,
314.1,,,,,,,,,,,,,
314.2,,,,,,,,,,,,,
314.3,,,,,,,,,,,,,
314.4,,,,,,,,,,,,,
314.5,,,,,,,,,,,,,
314.6,,,,,,,,,,,,,
314.7,,,,,,,,,,,,,
314.8,,,,,,,,,,,,,
314.9,,,,,,,,,,,,,
315.0,,,,,,,,,,,,,
315.1,,,,,,,,,,,,,
315.2,,,,,,,,,,,,,
315.3,,,,,,,,,,,,,
315.4,,,,,,,,,,,,,
315.5,,,,,,,,,,,,,
315.6,,,,,,,,,,,,,
315.7,,,,,,,,,,,,,
315.8,,,,,,,,,,,,,
315.9,,,,,,,,,,,,,
316.0,,,,,,,,,,,,,
316.1,,,,,,,,,,,,,
316.2,,,,,,,,,,,,,
316.3,,,,,,,,,,,,,
316.4,,,,,,,,,,,,,
316.5,,,,,,,,,,,,,
316.6,,,,,,,,,,,,,
316.7,,,,,,,,,,,,,
316.8,,,,,,,,,,,,,
316.9,,,,,,,,,,,,,
317.0,,,,,,,,,,,,,
317.1,,,,,,,,,,,,,
317.2,,,,,,,,,,,,,
317.3,,,,,,,,,,,,,
317.4,,,,,,,,,,,,,
317.5,,,,,,,,,,,,,
317.6,,,,,,,,,,,,,
317.7,,,,,,,,,,,,,
317.8,,,,,,,,,,,,,
317.9,,,,,,,,,,,,,
318.0,,,,,,,,,,,,,
318.1,,,,,,,,,,,,,
318.2,,,,,,,,,,,,,
318.3,,,,,,,,,,,,,
318.4,,,,,,,,,,,,,
318.5,,,,,,,,,,,,,
318.6,,,,,,,,,,,,,
318.7,,,,,,,,,,,,,
318.8,,,,,,,,,,,,,
318.9,,,,,,,,,,,,,
319.0,,,,,,,,,,,,,
319.1,,,,,,,,,,,,,
319.2,,,,,,,,,,,,,
319.3,,,,,,,,,,,,,
319.4,,,,,,,,,,,,,
319.5,,,,,,,,,,,,,
319.6,,,,,,,,,,,,,
319.7,,,,,,,,,,,,,
319.8,,,,,,,,,,,,,
319.9,,,,,,,,,,,,,
320.0,,,,,,,,,,,,,
320.1,,,,,,,,,,,,,
320.2,,,,,,,,,,,,,
320.3,,,,,,,,,,,,,
320.4,,,,,,,,,,,,,
320.5,,,,,,,,,,,,,
320.6,,,,,,,,,,,,,
320.7,,,,,,,,,,,,,
320.8,,,,,,,,,,,,,
320.9,,,,,,,,,,,,,
321.0,,,,,,,,,,,,,
321.1,,,,,,,,,,,,,
321.2,,,,,,,,,,,,,
321.3,,,,,,,,,,,,,
321.4,,,,,,,,,,,,,
321.5,,,,,,,,,,,,,
321.6,,,,,,,,,,,,,
321.7,,,,,,,,,,,,,
321.8,,,,,,,,,,,,,
321.9,,,,,,,,,,,,,
322.0,,,,,,,,,,,,,
322.1,,,,,,,,,,,,,
322.2,,,,,,,,,,,,,
322.3,,,,,,,,,,,,,
322.4,,,,,,,,,,,,,
322.5,,,,,,,,,,,,,
322.6,,,,,,,,,,,,,
322.7,,,,,,,,,,,,,
322.8,,,,,,,,,,,,,
322.9,,,,,,,,,,,,,
323.0,,,,,,,,,,,,,
323.1,,,,,,,,,,,,,
323.2,,,,,,,,,,,,,
323.3,,,,,,,,,,,,,
323.4,,,,,,,,,,,,,
323.5,,,,,,,,,,,,,
323.6,,,,,,,,,,,,,
323.7,,,,,,,,,,,,,
323.8,,,,,,,,,,,,,
323.9,,,,,,,,,,,,,
324.0,,,,,,,,,,,,,
324.1,,,,,,,,,,,,,
324.2,,,,,,,,,,,,,
324.3,,,,,,,,,,,,,
324.4,,,,,,,,,,,,,
324.5,,,,,,,,,,,,,
324.6,,,,,,,,,,,,,
324.7,,,,,,,,,,,,,
324.8,,,,,,,,,,,,,
324.9,,,,,,,,,,,,,
325.0,,,,,,,,,,,,,
325.1,,,,,,,,,,,,,
325.2,,,,,,,,,,,,,
325.3,,,,,,,,,,,,,
325.4,,,,,,,,,,,,,
325.5,,,,,,,,,,,,,
325.6,,,,,,,,,,,,,
325.7,,,,,,,,,,,,,
325.8,,,,,,,,,,,,,
325.9,,,,,,,,,,,,,
326.0,,,,,,,,,,,,,
326.1,,,,,,,,,,,,,
326.2,,,,,,,,,,,,,
326.3,,,,,,,,,,,,,
326.4,,,,,,,,,,,,,
326.5,,,,,,,,,,,,,
326.6,,,,,,,,,,,,,
326.7,,,,,,,,,,,,,
326.8,,,,,,,,,,,,,
326.9,,,,,,,,,,,,,
327.0,,,,,,,,,,,,,
327.1,,,,,,,,,,,,,
327.2,,,,,,,,,,,,,
327.3,,,,,,,,,,,,,
327.4,,,,,,,,,,,,,
327.5,,,,,,,,,,,,,
327.6,,,,,,,,,,,,,
327.7,,,,,,,,,,,,,
327.8,,,,,,,,,,,,,
327.9,,,,,,,,,,,,,
328.0,,,,,,,,,,,,,
328.1,,,,,,,,,,,,,
328.2,,,,,,,,,,,,,
328.3,,,,,,,,,,,,,
328.4,,,,,,,,,,,,,
328.5,,,,,,,,,,,,,
328.6,,,,,,,,,,,,,
328.7,,,,,,,,,,,,,
328.8,,,,,,,,,,,,,
328.9,,,,,,,,,,,,,
329.0,,,,,,,,,,,,,
329.1,,,,,,,,,,,,,
329.2,,,,,,,,,,,,,
329.3,,,,,,,,,,,,,
329.4,,,,,,,,,,,,,
329.5,,,,,,,,,,,,,
329.6,,,,,,,,,,,,,
329.7,,,,,,,,,,,,,
329.8,,,,,,,,,,,,,
329.9,,,,,,,,,,,,,
330.0,,,,,,,,,,,,,
330.1,,,,,,,,,,,,,
330.2,,,,,,,,,,,,,
330.3,,,,,,,,,,,,,
330.4,,,,,,,,,,,,,
330.5,,,,,,,,,,,,,
330.6,,,,,,,,,,,,,
330.7,,,,,,,,,,,,,
330.8,,,,,,,,,,,,,
330.9,,,,,,,,,,,,,
331.0,,,,,,,,,,,,,
331.1,,,,,,,,,,,,,
331.2,,,,,,,,,,,,,
331.3,,,,,,,,,,,,,
331.4,,,,,,,,,,,,,
331.5,,,,,,,,,,,,,
331.6,,,,,,,,,,,,,
331.7,,,,,,,,,,,,,
331.8,,,,,,,,,,,,,
331.9,,,,,,,,,,,,,
332.0,,,,,,,,,,,,,
332.1,,,,,,,,,,,,,
332.2,,,,,,,,,,,,,
332.3,,,,,,,,,,,,,
332.4,,,,,,,,,,,,,
332.5,,,,,,,,,,,,,
332.6,,,,,,,,,,,,,
332.7,,,,,,,,,,,,,
332.8,,,,,,,,,,,,,
332.9,,,,,,,,,,,,,
333.0,,,,,,,,,,,,,
333.1,,,,,,,,,,,,,
333.2,,,,,,,,,,,,,
333.3,,,,,,,,,,,,,
333.4,,,,,,,,,,,,,
333.5,,,,,,,,,,,,,
333.6,,,,,,,,,,,,,
333.7,,,,,,,,,,,,,
333.8,,,,,,,,,,,,,
333.9,,,,,,,,,,,,,
334.0,,,,,,,,,,,,,
334.1,,,,,,,,,,,,,
334.2,,,,,,,,,,,,,
334.3,,,,,,,,,,,,,
334.4,,,,,,,,,,,,,
334.5,,,,,,,,,,,,,
334.6,,,,,,,,,,,,,
334.7,,,,,,,,,,,,,
334.8,,,,,,,,,,,,,
334.9,,,,,,,,,,,,,
335.0,,,,,,,,,,,,,
335.1,,,,,,,,,,,,,
335.2,,,,,,,,,,,,,
335.3,,,,,,,,,,,,,
335.4,,,,,,,,,,,,,
335.5,,,,,,,,,,,,,
335.6,,,,,,,,,,,,,
335.7,,,,,,,,,,,,,
335.8,,,,,,,,,,,,,
335.9,,,,,,,,,,,,,
336.0,,,,,,,,,,,,,
336.1,,,,,,,,,,,,,
336.2,,,,,,,,,,,,,
336.3,,,,,,,,,,,,,
336.4,,,,,,,,,,,,,
336.5,,,,,,,,,,,,,
336.6,,,,,,,,,,,,,
336.7,,,,,,,,,,,,,
336.8,,,,,,,,,,,,,
336.9,,,,,,,,,,,,,
337.0,,,,,,,,,,,,,
337.1,,,,,,,,,,,,,
337.2,,,,,,,,,,,,,
337.3,,,,,,,,,,,,,
337.4,,,,,,,,,,,,,
337.5,,,,,,,,,,,,,
337.6,,,,,,,,,,,,,
337.7,,,,,,,,,,,,,
337.8,,,,,,,,,,,,,
337.9,,,,,,,,,,,,,
338.0,,,,,,,,,,,,,
338.1,,,,,,,,,,,,,
338.2,,,,,,,,,,,,,
338.3,,,,,,,,,,,,,
338.4,,,,,,,,,,,,,
338.5,,,,,,,,,,,,,
338.6,,,,,,,,,,,,,
338.7,,,,,,,,,,,,,
338.8,,,,,,,,,,,,,
338.9,,,,,,,,,,,,,
339.0,,,,,,,,,,,,,
339.1,,,,,,,,,,,,,
339.2,,,,,,,,,,,,,
339.3,,,,,,,,,,,,,
339.4,,,,,,,,,,,,,
339.5,,,,,,,,,,,,,
339.6,,,,,,,,,,,,,
339.7,,,,,,,,,,,,,
339.8,,,,,,,,,,,,,
339.9,,,,,,,,,,,,,
340.0,,,,1e-06,,,,,,,,,
340.1,,,,1e-06,,,,,,,,,
340.2,,,,1e-06,,,,,,,,,
340.3,,,,1e-06,,,,,,,,,
340.4,,,,1e-06,,,,,,,,,
340.5,,,,1e-06,,,,,,,,,
340.6,,,,1e-06,,,,,,,,,
340.7,,,,1e-06,,,,,,,,,
340.8,,,,1e-06,,,,,,,,,
340.9,,,,1e-06,,,,,,,,,
341.0,,,,1e-06,,,,,,,,,
341.1,,,,1e-06,,,,,,,,,
341.2,,,,1e-06,,,,,,,,,
341.3,,,,1e-06,,,,,,,,,
341.4,,,,1e-06,,,,,,,,,
341.5,,,,1e-06,,,,,,,,,
341.6,,,,1e-06,,,,,,,,,
341.7,,,,1e-06,,,,,,,,,
341.8,,,,1e-06,,,,,,,,,
341.9,,,,1e-06,,,,,,,,,
342.0,,,,1e-06,,,,,,,,,
342.1,,,,1e-06,,,,,,,,,
342.2,,,,1e-06,,,,,,,,,
342.3,,,,1e-06,,,,,,,,,
342.4,,,,1e-06,1e-06,,,,,,,,
342.5,,,,1e-06,1e-06,,,,,,,,
342.6,,,,1e-06,1e-06,,,,,,,,
342.7,,,,1e-06,1e-06,,,,,,,,
342.8,,,,1e-06,1e-06,,,,,,,,
342.9,,,,1e-06,1e-06,,,,,,,,
343.0,,,,1e-06,1e-06,,,,,,,,
343.1,,,,1e-06,1e-06,,,,,,,,
343.2,,,,1e-06,1e-06,,,,,,,,
343.3,,,,1e-06,1e-06,,,,,,,,
343.4,,,,1e-06,1e-06,,,,,,,,
343.5,,,,1e-06,,,,,,,,,
343.6,,,,1e-06,,,,,,,,,
343.7,,,,1e-06,,,,,,,,,
343.8,,,,1e-06,,,,,,,,,
343.9,,,,1e-06,,,,,,,,,
344.0,,,,1e-06,,,,,,,,,
344.1,,,,1e-06,,,,,,,,,
344.2,,,,,,,,,,,,,
344.3,,,,,,,,,,,,,
344.4,,,,,1e-06,,,,,,,,
344.5,,,,,1e-06,,,,,,,,
344.6,,,1e-06,,1e-06,,,,,,,,
344.7,,,1e-06,,1e-06,,,,,,,,
344.8,,,1e-06,,1e-06,,,,,,,,
344.9,,,1e-06,,1e-06,,,,,,,,
345.0,,,1e-06,1e-06,1e-06,,,,,,,,
345.1,,,1e-06,1e-06,1e-06,,,,,,,,
345.2,,,1e-06,1e-06,1e-06,,,,,,,,
345.3,,,1e-06,1e-06,1e-06,,,,,,,,
345.4,,,1e-06,1e-06,1e-06,,,,,,,,
345.5,,,1e-06,1e-06,1e-06,,,,,,,,
345.6,,,1e-06,,1e-06,,,,,,,,
345.7,,,1e-06,,1e-06,,,,,,,,
345.8,,,1e-06,,1e-06,,,,,,,,
345.9,,,1e-06,,1e-06,,,,,,,,
346.0,,,1e-06,,1e-06,,,,,,,,
346.1,,,1e-06,,1e-06,,,,,,,,
346.2,,,1e-06,,1e-06,,,,,,,,
346.3,,,1e-06,,1e-06,,,,,,,,
346.4,,,1e-06,,1e-06,,,,,,,,
346.5,,,1e-06,,,,,,,,,,
346.6,,,1e-06,,,,,,,,,,
346.7,,,1e-06,,,,,,,,,,
346.8,,,1e-06,,,,,,,,,,
346.9,,,1e-06,,,,,,,,,,
347.0,,,1e-06,,,,,,,,,,
347.1,,,1e-06,,,,,,,,,,
347.2,,,1e-06,,1e-06,,,,,,,,
347.3,,,1e-06,,1e-06,,,,,,,,
347.4,,,1e-06,,1e-06,,,,,,,,
347.5,,,1e-06,,1e-06,,,,,,,,
347.6,,,1e-06,,1e-06,,,,,,,,
347.7,,,1e-06,,1e-06,,,,,,,,
347.8,,,1e-06,,1e-06,,,,,,,,
347.9,,,2e-06,,1e-06,,,,,,,,
348.0,,,2e-06,,1e-06,,,,,,,,
348.1,,,2e-06,,1e-06,,,,,,,,
348.2,,,2e-06,,1e-06,,,,,,,,
348.3,,,2e-06,,1e-06,,,,,,,,
348.4,,,2e-06,,1e-06,,,,,,,,
348.5,,,2e-06,,1e-06,,,,,,,,
348.6,,,1e-06,,1e-06,,,,,,,,
348.7,,,1e-06,,1e-06,,,,,,,,
348.8,,,1e-06,,,,,,,,,,
348.9,,,,,,,,,,,,,
349.0,,,,,,,,,,,,,
349.1,,,,,,,,,,,,,
349.2,,1e-06,,,,,,,,,,,
349.3,,,,,,,,,,,,,
349.4,,,,,,,,,,,,,
349.5,,,,,,,,,,,,,
349.6,,,,,,,,,,,,,
349.7,,,,,,,,,,,,,
349.8,,,,,,,,,,,,,
349.9,,,,,,,,,,,,,
350.0,,,,,,,,,,,,,
350.1,,,,,,,,,,,,,
350.2,,,,,,,,,,,,,
350.3,,,,,,,,,,,,,
350.4,,,,,,,,,,,,,
350.5,,,,,,,,,,,,,
350.6,,,,,,,,,,,,,
350.7,,,,,,,,,,,,,
350.8,,,,,,,,,,,,,
350.9,,,,,,,,,,,,,
351.0,,,,,,,,,,,,,
351.1,,,,,,,,,,,,,
351.2,,,,,,,,,,,,,
351.3,,,,,,,,,,,,,
351.4,,,,,,,,,,,,,
351.5,,,,,,,,,,,,,
351.6,,,,,,,,,,,,,
351.7,,,,,,,,,,,,,
351.8,,,,,,,,,,,,,
351.9,,,,,,,,,,,,,
352.0,,,,,,,,,,,,,
352.1,,,,,,,,,,,,,
352.2,,,,,,,,,,,,,
352.3,,,,,,,,,,,,,
352.4,,,,,,,,,,,,,
352.5,,,,,,,,,,,,,
352.6,,,,,,,,,,,,,
352.7,,,,,,,,,,,,,
352.8,,,,,,,,,,,,,
352.9,,,,,,,,,,,,,
353.0,,,,,,,,,,,,,
353.1,,,,,,,,,,,,,
353.2,,,,,,,,,,,,,
353.3,,,,,,,,,,,,,
353.4,,,,,,,,,,,,,
353.5,,,,,,,,,,,,,
353.6,,,,,,,,,,,,,
353.7,,,,,,,,,,,,,
353.8,,,,,,,,,,,,,
353.9,,,,,,,,,,,,,
354.0,,,,,,,,,,,,,
354.1,,,,,,,,,,,,,
354.2,,,,,,,,,,,,,
354.3,,,,,,,,,,,,,
354.4,,,,,,,,,,,,,
354.5,,,,,,,,,,,,,
354.6,,,,,,,,,,,,,
354.7,,,,,,,,,,,,,
354.8,,,,,,,,,,,,,
354.9,,,,,,,,,,,,,
355.0,,,,,,,,,,,,,
355.1,,,,,,,,,,,,,
355.2,,,,,,,,,,,,,
355.3,,,,,,,,,,,,,
355.4,,,,,,,,,,,,,
355.5,,,,,,,,,,,,,
355.6,,,,,,,,,,,,,
355.7,,,,,,,,,,,,,
355.8,,,,,,,,,,,,,
355.9,,,,,,,,,,,,,
356.0,,,,,,,,,,,,,
356.1,,,,,,,,,,,,,
356.2,,,,,,,,,,,,,
356.3,,,,,,,,,,,,,
356.4,,,,,,,,,,,,,
356.5,,,,,,,,,,,,,
356.6,,,,,,,,,,,,,
356.7,,,,,,,,,,,,,
356.8,,,,,,,,,,,,,
356.9,,,,,,,,,,,,,
357.0,,,,,,,,,,,,,
357.1,,,,,,,,,,,,,
357.2,,,,,,,,,,,,,
357.3,,,,,,,,,,,,,
357.4,,,,,,,,,,,,,
357.5,,,,,,,,,,,,,
357.6,,,,,,,,,,,,,
357.7,,,,,,,,,,,,,
357.8,,,,,,,,,,,,,
357.9,,,,,,,,,,,,,
358.0,1e-06,,,,,,,,,,,,
358.1,1e-06,,,,,,,,,,,,
358.2,1e-06,,,,,,,,,,,,
358.3,2e-06,,,,,,,,,,,,
358.4,2e-06,,,,,,,,,,,,
358.5,2e-06,,,,,,,,,,,,
358.6,2e-06,,,,,,,,,,,,
358.7,3e-06,,,,,,,,,,,,
358.8,3e-06,,,,,,,,,,,,
358.9,3e-06,,,,,,,,,,,,
359.0,3e-06,,,,,,,,,,,,
359.1,3e-06,,,,,,,,,,,,
359.2,4e-06,1e-06,,,,,,,,,,,
359.3,4e-06,1e-06,,,,,,,,,,,
359.4,4e-06,1e-06,,,,,,,,,,,
359.5,4e-06,1e-06,,,,,,,,,,,
359.6,5e-06,1e-06,,,,,,,,,,,
359.7,5e-06,1e-06,,,,,,,,,,,
359.8,5e-06,1e-06,,,,,,,,,,,
359.9,6e-06,1e-06,,,,,,,,,,,
360.0,7e-06,1e-06,,,,,,,,,,,
360.1,8e-06,1e-06,,,,,,,,,,,
360.2,9e-06,1e-06,,,,,,,,,,,
360.3,9e-06,1e-06,,,,,,,,,,,
360.4,1e-05,1e-06,,,,,,,,,,,
360.5,1.1e-05,1e-06,,,,,,,,,,,
360.6,1.3e-05,1e-06,,,,,,,,,,,
360.7,1.4e-05,1e-06,,,,,,,,,,,
360.8,1.5e-05,1e-06,,,,,,,,,,,
360.9,1.6e-05,1e-06,,,,,,,,,,,
361.0,1.7e-05,1e-06,,,,,,,,,,,
361.1,1.7e-05,2e-06,,,,,,,,,,,
361.2,1.8e-05,2e-06,,,,,,,,,,,
361.3,1.9e-05,2e-06,,,,,,,,,,,
361.4,2e-05,2e-06,,,,,,,,,,,
361.5,2e-05,2e-06,,,,,,,,,,,
361.6,2.1e-05,2e-06,,,,,,,,,,,
361.7,2.2e-05,2e-06,,,,,,,,,,,
361.8,2.3e-05,2e-06,,,,,,,,,,,
361.9,2.3e-05,2e-06,,,,,,,,,,,
362.0,2.5e-05,2e-06,,,,,,,,,,,
362.1,2.7e-05,2e-06,,,,,,,,,,,
362.2,2.8e-05,2e-06,,,,,,,,,,,
362.3,3e-05,3e-06,,,,,,,,,,,
362.4,3.2e-05,3e-06,,,,,,,,,,,
362.5,3.4e-05,3e-06,,,,,,,,,,,
362.6,3.6e-05,3e-06,,,,,,,,,,,
362.7,3.8e-05,3e-06,,,,,,,,,,,
362.8,4.1e-05,3e-06,,,,,,,,,,,
362.9,4.3e-05,3e-06,,,,,,,,,,,
363.0,4.5e-05,3e-06,,,,,,,,,,,
363.1,4.7e-05,3e-06,,,,,,,,,,,
363.2,4.8e-05,3e-06,,,,,,,,,,,
363.3,5e-05,4e-06,,,,,,,,,,,
363.4,5.2e-05,4e-06,,,,,,,,,,,
363.5,5.7e-05,4e-06,,,,,,,,,,,
363.6,6.1e-05,4e-06,,,,,,,,,,,
363.7,6.6e-05,4e-06,,,,,,,,,,,
363.8,7.1e-05,4e-06,,,,,,,,,,,
363.9,7.6e-05,4e-06,,,,,,,,,,,
364.0,8e-05,4e-06,,,,,,,,,,,
364.1,8.1e-05,4e-06,,,,,,,,,,,
364.2,0.000101,4e-06,,,,,,,,,,,
364.3,0.000126,4e-06,,,,,,,,,,,
364.4,0.000135,4e-06,,,,,,,,,,,
364.5,0.00012,4e-06,,,,,,,,,,,
364.6,0.000127,4e-06,,,,,,,,,,,
364.7,0.000112,4e-06,,,,,,,,,,,
364.8,0.000181,4e-06,,,,,,,,,,,
364.9,0.000198,4e-06,,,,,,,,,,,
365.0,0.000246,4e-06,,,,,,,,,,,
365.1,0.000294,5e-06,,,,,,,,,,,
365.2,0.000238,5e-06,,,,,,,,,,,
365.3,0.000174,5e-06,,,,,,,,,,,
365.4,0.000302,5e-06,,,,,,,,,,,
365.5,0.000155,5e-06,,,,,,,,,,,
365.6,0.000112,5e-06,,,,,,,,,,,
365.7,0.000194,5e-06,,,,,,,,,,,
365.8,0.000279,5e-06,,,,,,,,,,,
365.9,0.000384,5e-06,,,,,,,,,,,
366.0,0.000398,5e-06,,,,,,,,,,,
366.1,0.000366,5e-06,,,,,,,,,,,
366.2,0.00044,5e-06,,,,,,,,,,,
366.3,0.00063,5e-06,,,,,,,,,,,
366.4,0.000612,5e-06,,,,,,,,,,,
366.5,0.000523,6e-06,,,,,,,,,,,
366.6,0.000386,6e-06,,,,,,,,,,,
366.7,0.000717,6e-06,,,,,,,,,,,
366.8,0.00082,6e-06,,,,,,,,,,,
366.9,0.000571,6e-06,,,,,,,,,,,
367.0,0.000633,6e-06,,,,,,,,,,,
367.1,0.000542,6e-06,,,,,,,,,,,
367.2,0.000336,6e-06,,,,,,,,,,,
367.3,0.000439,6e-06,,,,,,,,,,,
367.4,0.000853,6e-06,,,,,,,,,,,
367.5,0.000999,6e-06,,,,,,,,,,,
367.6,0.001187,6e-06,,,,,,,,,,,
367.7,0.001311,6e-06,,,,,,,,,,,
367.8,0.001131,6e-06,,,,,,,,,,,
367.9,0.001199,6e-06,,,,,,,,,,,
368.0,0.001302,6e-06,,,,,,,,,,,
368.1,0.001162,6e-06,,,,,,,,,,,
368.2,0.000742,6e-06,,,,,,,,,,,
368.3,0.001158,6e-06,,,,,,,,,,,
368.4,0.001439,6e-06,,,,,,,,,,,
368.5,0.001931,6e-06,,,,,,,,,,,
368.6,0.002216,6e-06,,,,,,,,,,,
368.7,0.002284,6e-06,,,,,,,,,,,
368.8,0.002038,7e-06,,,,,,,,,,,
368.9,0.002088,7e-06,,,,,,,,,,,
369.0,0.002504,7e-06,,,,,,,,,,,
369.1,0.003715,7e-06,,,,,,,,,,,
369.2,0.003608,7e-06,,,,,,,,,,,
369.3,0.003717,7e-06,,,,,,,,,,,
369.4,0.004182,7e-06,,,,,,,,,,,
369.5,0.00503,7e-06,,,,,,,,,,,
369.6,0.005644,7e-06,,,,,,,,,,,
369.7,0.005922,7e-06,,,,,,,,,,,
369.8,0.00616,7e-06,,,,,,,,,,,
369.9,0.006719,7e-06,,,,,,,,,,,
370.0,0.007177,7e-06,,,,,,,,,,,
370.1,0.007459,7e-06,,,,,,,,,,,
370.2,0.008054,7e-06,,,,,,,,,,,
370.3,0.00918,7e-06,,,,,,,,,,,
370.4,0.009988,7e-06,,,,,,,,,,,
370.5,0.010393,7e-06,,,,,,,,,,,
370.6,0.011528,7e-06,,,,,,,,,,,
370.7,0.012448,8e-06,,,,,,,,,,,
370.8,0.013816,7e-06,,,,,,,,,,,
370.9,0.015196,7e-06,,,,,,,,,,,
371.0,0.016429,7e-06,,,,,,,,,,,
371.1,0.017992,7e-06,,,,,,,,,,,
371.2,0.020672,7e-06,,,,,,,,,,,
371.3,0.022327,7e-06,,,,,,,,,,,
371.4,0.025097,7e-06,,,,,,,,,,,
371.5,0.028945,7e-06,,,,,,,,,,,
371.6,0.031564,7e-06,,,,,,,,,,,
371.7,0.035184,7e-06,,,,,,,,,,,
371.8,0.040208,7e-06,,,,,,,,,,,
371.9,0.045427,7e-06,,,,,,,,,,,
372.0,0.050381,7e-06,,,,,,,,,,,
372.1,0.057148,7e-06,,,,,,,,,,,
372.2,0.062993,7e-06,,,,,,,,,,,
372.3,0.071656,7e-06,,,,,,,,,,,
372.4,0.08139,7e-06,,,,,,,,,,,
372.5,0.09016,7e-06,,,,,,,,,,,
372.6,0.099896,7e-06,,,,,,,,,,,
372.7,0.112021,8e-06,,,,,,,,,,,
372.8,0.125943,8e-06,,,,,,,,,,,
372.9,0.138094,8e-06,,,,,,,,,,,
373.0,0.150589,8e-06,,,,,,,,,,,
373.1,0.168143,8e-06,,,,,,,,,,,
373.2,0.18525,8e-06,,,,,,,,,,,
373.3,0.202471,8e-06,,,,,,,,,,,
373.4,0.221416,8e-06,,,,,,,,,,,
373.5,0.240487,8e-06,,,,,,,,,,,
373.6,0.261478,8e-06,,,,,,,,,,,
373.7,0.286844,8e-06,,,,,,,,,,,
373.8,0.311042,8e-06,,,,,,,,,,,
373.9,0.332813,8e-06,,,,,,,,,,,
374.0,0.358636,8e-06,,,,,,,,,,,
374.1,0.383541,8e-06,,,,,,,,,,,
374.2,0.410035,8e-06,,,,,,,,,,,
374.3,0.444365,8e-06,,,,,,,,,,,
374.4,0.473929,8e-06,,,,,,,,,,,
374.5,0.495968,8e-06,,,,,,,,,,,
374.6,0.526444,8e-06,,,,,,,,,,,
374.7,0.556214,8e-06,,,,,,,,,,,
374.8,0.592516,8e-06,,,,,,,,,,,
374.9,0.61685,8e-06,,,,1e-06,,,,,,,
375.0,0.642819,8e-06,,1e-06,,1e-06,,,,,,,
375.1,0.680694,8e-06,,1e-06,,1e-06,,,,,,,
375.2,0.711072,8e-06,,1e-06,,1e-06,,,,,,,
375.3,0.735093,8e-06,,1e-06,,1e-06,,,,,,,
375.4,0.756572,8e-06,,3e-06,,2e-06,,,,,,,
375.5,0.771747,8e-06,,4e-06,,2e-06,,,,,,,
375.6,0.807709,8e-06,,5e-06,,2e-06,,,,,,,
375.7,0.828534,8e-06,,6e-06,,2e-06,,,,,,,
375.8,0.849727,8e-06,,7e-06,,2e-06,,,,,,,
375.9,0.868604,8e-06,,9e-06,,2e-06,,,,,,,
376.0,0.881957,8e-06,,1e-05,,2e-06,,,,,,,
376.1,0.897512,8e-06,,1.1e-05,,2e-06,,,,,,,
376.2,0.90723,8e-06,,1.3e-05,,2e-06,,,,,,,
376.3,0.904788,8e-06,,1.3e-05,,2e-06,,,,,,,
376.4,0.916839,8e-06,,1.2e-05,,2e-06,,,,,,,
376.5,0.9141,8e-06,,1.1e-05,,1e-06,,,,,,,
376.6,0.926299,9e-06,,1.1e-05,,1e-06,,,,,,,
376.7,0.934044,9e-06,,1e-05,,1e-06,,,,,,,
376.8,0.936328,9e-06,,9e-06,,2e-06,,,,,,,
376.9,0.935133,9e-06,,9e-06,,2e-06,,,,,,,
377.0,0.935764,9e-06,,9e-06,,2e-06,,,,,,,
377.1,0.936529,9e-06,,9e-06,,2e-06,,,,,,,
377.2,0.931923,9e-06,,9e-06,,2e-06,,,,,,,
377.3,0.94218,9e-06,,9e-06,,2e-06,,,,,,,
377.4,0.944935,9e-06,,9e-06,,2e-06,,,,,,,
377.5,0.937395,9e-06,,1e-05,,2e-06,,,,,,,
377.6,0.939665,9e-06,,1e-05,,2e-06,,,,,,,
377.7,0.937758,9e-06,,1e-05,,2e-06,,,,,,,
377.8,0.940417,9e-06,,1e-05,,2e-06,,,,,,,
377.9,0.957804,9e-06,,1e-05,,1e-06,,,,,,,
378.0,0.951385,9e-06,,9e-06,,1e-06,,,,,,,
378.1,0.954494,9e-06,,9e-06,,1e-06,,,,,,,
378.2,0.963139,9e-06,,8e-06,,1e-06,,,,,,,
378.3,0.970631,9e-06,,8e-06,,1e-06,,,,,,,
378.4,0.976338,9e-06,,7e-06,,1e-06,,,,,,,
378.5,0.982963,9e-06,,7e-06,,1e-06,,,,,,,
378.6,0.980161,9e-06,,7e-06,,1e-06,,,,,,,
378.7,0.988246,9e-06,,6e-06,,1e-06,,,,,,,
378.8,0.997461,9e-06,,6e-06,,1e-06,,,,,,,
378.9,1.0,9e-06,,6e-06,,1e-06,,,,,,,
379.0,0.989014,9e-06,,5e-06,,1e-06,,,,,,,
379.1,0.987974,9e-06,,5e-06,1e-06,1e-06,,,,,,,
379.2,0.994955,9e-06,,5e-06,1e-06,1e-06,,,,,,,
379.3,0.992547,9e-06,,4e-06,2e-06,1e-06,,,,,,,
379.4,0.989787,9e-06,,4e-06,2e-06,1e-06,,,,,,,
379.5,0.988966,9e-06,,5e-06,3e-06,1e-06,,,,,,,
379.6,0.994235,9e-06,,5e-06,4e-06,1e-06,,,,,,,
379.7,0.984886,9e-06,,5e-06,5e-06,1e-06,,,,,,,
379.8,0.985843,9e-06,1e-06,5e-06,7e-06,1e-06,,,,,,,
379.9,0.993249,9e-06,1e-06,5e-06,8e-06,1e-06,,,,,,,
380.0,0.985196,9e-06,1e-06,5e-06,8e-06,1e-06,,,,,,,
380.1,0.995103,9e-06,1e-06,6e-06,8e-06,2e-06,,,,,,,
380.2,0.99589,9e-06,1e-06,6e-06,9e-06,2e-06,,,,,,,
380.3,0.988821,9e-06,1e-06,6e-06,9e-06,2e-06,,,,,,,
380.4,0.996515,9e-06,1e-06,6e-06,9e-06,2e-06,,,,,,,
380.5,0.9922,9e-06,1e-06,7e-06,8e-06,1e-06,,,,,,,
380.6,0.975784,9e-06,1e-06,7e-06,8e-06,1e-06,,,,,,,
380.7,0.965146,9e-06,1e-06,8e-06,7e-06,1e-06,,,,,,,
380.8,0.984524,9e-06,1e-06,8e-06,6e-06,1e-06,,,,,,,
380.9,0.987529,9e-06,1e-06,8e-06,5e-06,1e-06,,,,,,,
381.0,0.988102,9e-06,,8e-06,5e-06,1e-06,,,,,,,
381.1,0.976581,9e-06,,8e-06,5e-06,1e-06,,,,,,,
381.2,0.980484,9e-06,,8e-06,5e-06,1e-06,,,,,,,
381.3,0.974395,9e-06,,8e-06,5e-06,1e-06,,,,,,,
381.4,0.957757,9e-06,,7e-06,6e-06,1e-06,,,,,,,
381.5,0.959143,9e-06,,7e-06,6e-06,1e-06,,,,,,,
381.6,0.959044,9e-06,1e-06,6e-06,7e-06,1e-06,,,,,,,
381.7,0.95046,9e-06,1e-06,6e-06,7e-06,1e-06,,,,,,,
381.8,0.958632,9e-06,1e-06,5e-06,8e-06,1e-06,,,,,,,
381.9,0.957199,9e-06,1e-06,5e-06,8e-06,1e-06,,,,,,,
382.0,0.95273,9e-06,2e-06,5e-06,9e-06,1e-06,,,,,,,
382.1,0.943819,9e-06,2e-06,4e-06,1e-05,1e-06,,,,,,,
382.2,0.940326,9e-06,1e-06,4e-06,1.1e-05,,,,,,,,
382.3,0.939299,9e-06,1e-06,4e-06,1.2e-05,,,,,,,,
382.4,0.926528,9e-06,1e-06,4e-06,1.3e-05,,,,,,,,
382.5,0.930889,9e-06,1e-06,4e-06,1.4e-05,,,,,,,,
382.6,0.926727,9e-06,1e-06,3e-06,1.5e-05,,,,,,,,
382.7,0.928532,9e-06,1e-06,3e-06,1.7e-05,,,,,,,,
382.8,0.938134,9e-06,1e-06,3e-06,1.8e-05,1e-06,,,,,,,
382.9,0.926827,9e-06,1e-06,3e-06,1.9e-05,1e-06,,,,,,,
383.0,0.913803,9e-06,1e-06,3e-06,2e-05,1e-06,,,,,,,
383.1,0.917225,9e-06,1e-06,3e-06,2e-05,1e-06,,,,,,,
383.2,0.910891,9e-06,1e-06,3e-06,2.1e-05,1e-06,,,,,,,
383.3,0.89794,9e-06,1e-06,3e-06,2.2e-05,1e-06,,,,,,,
383.4,0.886669,9e-06,2e-06,3e-06,2.2e-05,1e-06,,,,,,,
383.5,0.881106,9e-06,2e-06,3e-06,2.3e-05,1e-06,,,,,,,
383.6,0.869826,9e-06,2e-06,4e-06,2.3e-05,1e-06,,,,,,,
383.7,0.852258,9e-06,2e-06,4e-06,2.2e-05,1e-06,,,,,,,
383.8,0.831219,9e-06,1e-06,4e-06,2.2e-05,1e-06,,,,,,,
383.9,0.817894,9e-06,1e-06,4e-06,2.2e-05,1e-06,,,,,,,
384.0,0.803541,9e-06,1e-06,4e-06,2.1e-05,1e-06,,,,,,,
384.1,0.771563,9e-06,1e-06,4e-06,2e-05,1e-06,,,,,,,
384.2,0.747064,9e-06,1e-06,4e-06,1.8e-05,1e-06,,,,,,,
384.3,0.735154,8e-06,2e-06,5e-06,1.6e-05,1e-06,,,,,,,
384.4,0.709181,7e-06,2e-06,5e-06,1.5e-05,1e-06,,,,,,,
384.5,0.682412,6e-06,3e-06,5e-06,1.4e-05,2e-06,,,,,,,
384.6,0.655268,5e-06,3e-06,6e-06,1.3e-05,2e-06,,,,,,,
384.7,0.625944,3e-06,3e-06,6e-06,1.1e-05,2e-06,,,,,,,
384.8,0.599221,3e-06,3e-06,7e-06,1e-05,2e-06,,,,,,,
384.9,0.56665,3e-06,3e-06,7e-06,9e-06,2e-06,,,,,,,
385.0,0.539049,3e-06,3e-06,8e-06,9e-06,2e-06,,,,,,,
385.1,0.509713,3e-06,3e-06,9e-06,8e-06,2e-06,,,,,,,
385.2,0.483239,3e-06,3e-06,9e-06,8e-06,3e-06,,,,,,,
385.3,0.452732,3e-06,4e-06,1e-05,8e-06,3e-06,,,,,,,
385.4,0.423395,3e-06,4e-06,1.1e-05,7e-06,3e-06,,,,,,,
385.5,0.398051,3e-06,4e-06,1.2e-05,7e-06,3e-06,,,,,,,
385.6,0.3706,2e-06,4e-06,1.2e-05,7e-06,3e-06,,,,,,,
385.7,0.341374,2e-06,4e-06,1.3e-05,7e-06,3e-06,,,,,,,
385.8,0.321419,4e-06,5e-06,1.4e-05,7e-06,3e-06,,,,,,,
385.9,0.297842,6e-06,5e-06,1.4e-05,8e-06,3e-06,,,,,,,
386.0,0.276369,8e-06,5e-06,1.4e-05,8e-06,3e-06,,,,,,,
386.1,0.254453,9e-06,5e-06,1.4e-05,9e-06,3e-06,,,,,,,
386.2,0.238318,1.1e-05,5e-06,1.5e-05,9e-06,4e-06,,,,,,,
386.3,0.218505,1.2e-05,4e-06,1.5e-05,1e-05,4e-06,,,,,,,
386.4,0.198684,1.3e-05,4e-06,1.5e-05,1.1e-05,4e-06,,,,,,,
386.5,0.185174,1.3e-05,4e-06,1.5e-05,1.2e-05,4e-06,,,,,,,
386.6,0.169068,1.4e-05,4e-06,1.6e-05,1.3e-05,4e-06,,,,,,,
386.7,0.155406,1.4e-05,3e-06,1.6e-05,1.4e-05,4e-06,,,,,,,
386.8,0.142434,1.5e-05,3e-06,1.6e-05,1.5e-05,4e-06,,,,,,,
386.9,0.129663,1.5e-05,3e-06,1.6e-05,1.6e-05,4e-06,,,,,,,
387.0,0.120861,1.6e-05,2e-06,1.6e-05,1.8e-05,4e-06,,,,,,,
387.1,0.111151,1.6e-05,2e-06,1.6e-05,2e-05,4e-06,,,,,,,
387.2,0.100887,1.7e-05,2e-06,1.6e-05,2.2e-05,4e-06,,,,,,,
387.3,0.09317,1.7e-05,2e-06,1.6e-05,2.4e-05,4e-06,,,,,,,
387.4,0.085183,1.6e-05,2e-06,1.6e-05,2.6e-05,4e-06,,,,,,,
387.5,0.078215,1.6e-05,2e-06,1.5e-05,2.7e-05,4e-06,,,,,,,
387.6,0.073095,1.6e-05,3e-06,1.5e-05,2.8e-05,4e-06,,,,,,,
387.7,0.067064,1.5e-05,4e-06,1.5e-05,2.9e-05,4e-06,,,,,,,
387.8,0.060508,1.6e-05,5e-06,1.5e-05,3e-05,4e-06,,,,,,,
387.9,0.055311,1.7e-05,6e-06,1.5e-05,3.1e-05,4e-06,,,,,,,
388.0,0.050872,1.8e-05,7e-06,1.5e-05,3e-05,4e-06,,,,,,,
388.1,0.046322,1.9e-05,6e-06,1.5e-05,3e-05,3e-06,,,,,,,
388.2,0.043542,2e-05,5e-06,1.5e-05,2.9e-05,3e-06,,,,,,,
388.3,0.040297,2.1e-05,3e-06,1.5e-05,2.8e-05,3e-06,,,,,,,
388.4,0.036792,2.2e-05,2e-06,1.5e-05,2.7e-05,3e-06,,,,,,,
388.5,0.033854,2.3e-05,,1.4e-05,2.7e-05,3e-06,,,,,,,
388.6,0.030788,2.4e-05,,1.4e-05,2.6e-05,3e-06,,,,,,,
388.7,0.028691,2.6e-05,1e-06,1.4e-05,2.5e-05,2e-06,,,,,,,
388.8,0.026498,2.6e-05,1e-06,1.3e-05,2.5e-05,2e-06,,,,,,,
388.9,0.024235,2.7e-05,2e-06,1.2e-05,2.4e-05,2e-06,,,,,,,
389.0,0.022523,2.7e-05,2e-06,1.1e-05,2.3e-05,2e-06,,,,,,,
389.1,0.020703,2.7e-05,3e-06,1e-05,2.3e-05,2e-06,,,,,,,
389.2,0.019515,2.8e-05,3e-06,9e-06,2.2e-05,2e-06,,,,,,,
389.3,0.018194,2.9e-05,4e-06,8e-06,2.2e-05,2e-06,,,,,,,
389.4,0.016984,3e-05,4e-06,8e-06,2.1e-05,2e-06,,,,,,,
389.5,0.015575,3e-05,5e-06,8e-06,2.1e-05,2e-06,,,,,,,
389.6,0.014166,3.1e-05,5e-06,8e-06,2.1e-05,1e-06,,,,,,,
389.7,0.013275,3.2e-05,4e-06,8e-06,2e-05,1e-06,,,,,,,
389.8,0.012437,3.3e-05,3e-06,8e-06,2e-05,1e-06,,,,,,,
389.9,0.011588,3.3e-05,2e-06,7e-06,2e-05,1e-06,,,,,,,
390.0,0.010771,3.3e-05,1e-06,7e-06,2e-05,1e-06,,,,,,,
390.1,0.010076,3.4e-05,1e-06,6e-06,2e-05,1e-06,,,,,,,
390.2,0.009486,3.4e-05,2e-06,6e-06,2.1e-05,1e-06,,,,,,,
390.3,0.009005,3.5e-05,2e-06,6e-06,2.1e-05,1e-06,,,,,,,
390.4,0.008507,3.5e-05,2e-06,6e-06,2.1e-05,1e-06,,,,,,,
390.5,0.007896,3.6e-05,3e-06,6e-06,2.1e-05,1e-06,,,,,,,
390.6,0.007421,3.7e-05,3e-06,6e-06,2e-05,1e-06,,,,,,,
390.7,0.006965,3.8e-05,3e-06,6e-06,1.9e-05,1e-06,,,,,,,
390.8,0.00653,4e-05,4e-06,6e-06,1.9e-05,1e-06,,,,,,,
390.9,0.00609,4.1e-05,4e-06,6e-06,1.8e-05,2e-06,,,,,,,
391.0,0.005681,4.3e-05,5e-06,6e-06,1.8e-05,2e-06,,,,,,,
391.1,0.005141,4.5e-05,5e-06,6e-06,1.7e-05,2e-06,,,,,,,
391.2,0.004779,4.6e-05,5e-06,7e-06,1.7e-05,2e-06,,,,,,,
391.3,0.004546,4.9e-05,5e-06,7e-06,1.7e-05,2e-06,,,,,,,
391.4,0.004158,5.1e-05,5e-06,7e-06,1.7e-05,2e-06,,,,,,,
391.5,0.003881,5.4e-05,4e-06,7e-06,1.7e-05,2e-06,,,,,,,
391.6,0.003685,5.6e-05,4e-06,8e-06,1.7e-05,2e-06,,,,,,,
391.7,0.003418,5.9e-05,3e-06,8e-06,1.6e-05,2e-06,,,,,,,
391.8,0.003186,6e-05,2e-06,8e-06,1.6e-05,2e-06,,,,,,,
391.9,0.003039,6e-05,1e-06,9e-06,1.6e-05,2e-06,,,,,,,
392.0,0.002803,6.1e-05,,9e-06,1.6e-05,2e-06,,,,,,,
392.1,0.002634,6.1e-05,,1e-05,1.7e-05,2e-06,,,,,,,
392.2,0.002429,6.2e-05,,1e-05,1.7e-05,2e-06,,,,,,,
392.3,0.002277,6.4e-05,,1e-05,1.7e-05,2e-06,,,,,,,
392.4,0.002136,6.6e-05,,1e-05,1.8e-05,2e-06,,,,,,,
392.5,0.002017,6.9e-05,,1e-05,1.8e-05,1e-06,,,,,,,
392.6,0.00192,7.2e-05,1e-06,1e-05,1.8e-05,1e-06,,,,,,,
392.7,0.001796,7.5e-05,2e-06,1e-05,1.8e-05,1e-06,,,,,,,
392.8,0.001675,7.7e-05,3e-06,1e-05,1.9e-05,1e-06,,,,,,,
392.9,0.001578,7.9e-05,5e-06,1e-05,1.9e-05,1e-06,,,,,,,
393.0,0.001516,8.2e-05,6e-06,1e-05,1.9e-05,1e-06,,,,,,,
393.1,0.001439,8.4e-05,5e-06,9e-06,1.9e-05,1e-06,,,,,,,
393.2,0.001368,8.7e-05,4e-06,9e-06,1.9e-05,1e-06,,,,,,,
393.3,0.001288,9e-05,3e-06,9e-06,1.9e-05,1e-06,,,,,,,
393.4,0.001205,9.4e-05,2e-06,8e-06,1.9e-05,1e-06,,,,,,,
393.5,0.00114,9.8e-05,1e-06,8e-06,1.9e-05,1e-06,,,,,,,
393.6,0.001085,0.000102,1e-06,8e-06,1.9e-05,1e-06,,,,,,,
393.7,0.001025,0.000106,3e-06,7e-06,1.9e-05,1e-06,,,,,,,
393.8,0.000962,0.000111,4e-06,7e-06,1.9e-05,1e-06,,,,,,,
393.9,0.000898,0.000116,5e-06,6e-06,1.9e-05,1e-06,,,,,,,
394.0,0.000851,0.000121,6e-06,6e-06,1.8e-05,1e-06,,,,,,,
394.1,0.000811,0.000126,6e-06,6e-06,1.8e-05,1e-06,,,,,,,
394.2,0.000771,0.000131,5e-06,6e-06,1.7e-05,1e-06,,,,,,,
394.3,0.000732,0.000137,4e-06,5e-06,1.7e-05,1e-06,,,,,,,
394.4,0.000692,0.000143,3e-06,5e-06,1.6e-05,1e-06,,,,,,,
394.5,0.00066,0.000148,1e-06,4e-06,1.6e-05,1e-06,,,,,,,
394.6,0.000628,0.000154,1e-06,4e-06,1.5e-05,1e-06,,,,,,,
394.7,0.000597,0.000159,1e-06,4e-06,1.5e-05,1e-06,,,,,,,
394.8,0.000565,0.000166,1e-06,3e-06,1.5e-05,1e-06,,,,,,,
394.9,0.000534,0.000173,,3e-06,1.4e-05,1e-06,,,,,,,
395.0,0.000511,0.00018,,3e-06,1.4e-05,1e-06,,,,,,,
395.1,0.000488,0.000188,,3e-06,1.3e-05,1e-06,,,,,,,
395.2,0.000466,0.000195,,3e-06,1.3e-05,1e-06,,,,,,,
395.3,0.000443,0.000203,1e-06,3e-06,1.3e-05,1e-06,,,,,,,
395.4,0.000421,0.000211,1e-06,3e-06,1.2e-05,1e-06,,,,,,,
395.5,0.000403,0.00022,1e-06,3e-06,1.2e-05,1e-06,,,,,,,
395.6,0.000386,0.000228,2e-06,2e-06,1.3e-05,1e-06,,,,,,,
395.7,0.000369,0.000237,2e-06,2e-06,1.3e-05,1e-06,,,,,,,
395.8,0.000351,0.000247,3e-06,2e-06,1.3e-05,1e-06,,,,,,,
395.9,0.000334,0.000258,4e-06,2e-06,1.3e-05,2e-06,,,,,,,
396.0,0.000322,0.000269,5e-06,2e-06,1.3e-05,2e-06,,,,,,,
396.1,0.00031,0.00028,5e-06,2e-06,1.3e-05,2e-06,,,,,,,
396.2,0.000297,0.000291,6e-06,2e-06,1.4e-05,2e-06,,,,,,,
396.3,0.000285,0.000305,6e-06,3e-06,1.4e-05,2e-06,,,,,,,
396.4,0.000273,0.00032,6e-06,3e-06,1.4e-05,2e-06,,,,,,,
396.5,0.000264,0.000334,6e-06,3e-06,1.5e-05,2e-06,,,,,,,
396.6,0.000256,0.000349,5e-06,3e-06,1.6e-05,3e-06,,,,,,,
396.7,0.000247,0.000363,4e-06,3e-06,1.6e-05,3e-06,,,,,,,
396.8,0.000238,0.000379,3e-06,3e-06,1.7e-05,3e-06,,,,,,,
396.9,0.00023,0.000396,2e-06,3e-06,1.7e-05,3e-06,,,,,,,
397.0,0.000222,0.000412,1e-06,2e-06,1.8e-05,3e-06,,,,,,,
397.1,0.000214,0.000428,1e-06,2e-06,1.8e-05,4e-06,,,,,,,
397.2,0.000207,0.000445,3e-06,2e-06,1.8e-05,4e-06,,,,,,,
397.3,0.000199,0.000466,4e-06,2e-06,1.8e-05,4e-06,,,,,,,
397.4,0.000191,0.000489,6e-06,3e-06,1.8e-05,4e-06,,,,,,,
397.5,0.000185,0.000512,7e-06,3e-06,1.8e-05,4e-06,,,,,,,
397.6,0.000179,0.000535,7e-06,4e-06,1.8e-05,4e-06,,,,,,,
397.7,0.000172,0.000558,7e-06,5e-06,1.8e-05,4e-06,,,,,,,
397.8,0.000166,0.00059,7e-06,5e-06,1.9e-05,4e-06,,,,,,,
397.9,0.00016,0.000626,7e-06,4e-06,1.9e-05,4e-06,,,,,,,
398.0,0.000154,0.000661,7e-06,4e-06,1.9e-05,4e-06,,,,,,,
398.1,0.000148,0.000697,7e-06,3e-06,1.9e-05,4e-06,,,,,,,
398.2,0.000142,0.000732,7e-06,3e-06,1.9e-05,4e-06,,,,,,,
398.3,0.000136,0.000774,7e-06,2e-06,1.9e-05,4e-06,,,,,,,
398.4,0.00013,0.000816,7e-06,2e-06,1.9e-05,4e-06,,,,,,,
398.5,0.000125,0.000859,8e-06,2e-06,2e-05,4e-06,,,,,,,
398.6,0.00012,0.000902,8e-06,2e-06,2.1e-05,4e-06,,,,,,,
398.7,0.000114,0.000945,8e-06,2e-06,2.1e-05,4e-06,,,,,,,
398.8,0.000109,0.000995,8e-06,2e-06,2.2e-05,3e-06,,,,,,,
398.9,0.000104,0.001047,8e-06,2e-06,2.3e-05,3e-06,,,,,,,
399.0,0.000101,0.001099,8e-06,2e-06,2.3e-05,3e-06,,,,,,,
399.1,9.9e-05,0.001151,8e-06,2e-06,2.3e-05,3e-06,,,,,,,
399.2,9.7e-05,0.001203,8e-06,2e-06,2.3e-05,3e-06,,,,,,,
399.3,9.5e-05,0.001266,8e-06,2e-06,2.3e-05,3e-06,,,,,,,
399.4,9.3e-05,0.001332,8e-06,2e-06,2.3e-05,3e-06,,,,,,,
399.5,8.9e-05,0.001399,8e-06,1e-06,2.3e-05,3e-06,,,,,,,
399.6,8.5e-05,0.001465,7e-06,1e-06,2.4e-05,3e-06,,,,,,,
399.7,8.1e-05,0.001531,5e-06,1e-06,2.4e-05,4e-06,,,,,,,
399.8,7.7e-05,0.001624,4e-06,1e-06,2.4e-05,4e-06,,,,,,,
399.9,7.3e-05,0.001724,2e-06,1e-06,2.4e-05,4e-06,,,,,,,
400.0,7.2e-05,0.001824,1e-06,1e-06,2.5e-05,4e-06,,,,,,,
400.1,7.1e-05,0.001924,,1e-06,2.5e-05,4e-06,,,,,,,
400.2,7e-05,0.002023,,,2.6e-05,4e-06,,,,,,,
400.3,6.9e-05,0.002182,,,2.6e-05,4e-06,,,,,,,
400.4,6.8e-05,0.002349,,1e-06,2.7e-05,4e-06,,,,,,,
400.5,6.8e-05,0.002524,,1e-06,2.6e-05,4e-06,,,,,,,
400.6,6.8e-05,0.002698,1e-06,1e-06,2.6e-05,4e-06,,,,,,,
400.7,6.9e-05,0.002873,3e-06,1e-06,2.6e-05,4e-06,,,,,,,
400.8,6.9e-05,0.003088,4e-06,1e-06,2.5e-05,4e-06,,,,,,,
400.9,6.9e-05,0.003333,5e-06,1e-06,2.5e-05,3e-06,,,,,,,
401.0,6.8e-05,0.003584,7e-06,1e-06,2.4e-05,3e-06,,,,,,,
401.1,6.7e-05,0.003838,7e-06,1e-06,2.3e-05,3e-06,,,,,,,
401.2,6.6e-05,0.004102,7e-06,1e-06,2.3e-05,3e-06,,,,,,,
401.3,6.5e-05,0.004417,7e-06,1e-06,2.2e-05,3e-06,,,,,,,
401.4,6.5e-05,0.004754,6e-06,1e-06,2.1e-05,3e-06,,,,,,,
401.5,6.1e-05,0.005182,6e-06,1e-06,2.1e-05,3e-06,,,,,,,
401.6,5.8e-05,0.005607,6e-06,1e-06,2e-05,2e-06,,,,,,,
401.7,5.4e-05,0.00606,6e-06,1e-06,2e-05,2e-06,,,,,,,
401.8,5.1e-05,0.006601,6e-06,1e-06,2e-05,2e-06,,,,,,,
401.9,4.8e-05,0.007211,6e-06,1e-06,2e-05,2e-06,,,,,,,
402.0,4.5e-05,0.007823,5e-06,1e-06,2e-05,2e-06,,,,,,,
402.1,4.3e-05,0.00842,5e-06,,2e-05,2e-06,,,,,,,
402.2,4e-05,0.009104,4e-06,,2e-05,2e-06,,,,,,,
402.3,3.8e-05,0.009877,3e-06,,2e-05,2e-06,,,,,,,
402.4,3.6e-05,0.010755,2e-06,,2e-05,1e-06,,,,,,,
402.5,3.7e-05,0.011711,1e-06,,2.1e-05,1e-06,,,,,,,
402.6,3.8e-05,0.012886,1e-06,,2.1e-05,1e-06,,,,,,,
402.7,4e-05,0.014104,2e-06,1e-06,2.1e-05,1e-06,,,,,,,
402.8,4.1e-05,0.015179,3e-06,1e-06,2.1e-05,1e-06,,,,,,,
402.9,4.3e-05,0.016454,4e-06,,2.1e-05,1e-06,,,,,,,
403.0,4.2e-05,0.017882,5e-06,,2.2e-05,1e-06,,,,,,,
403.1,4.2e-05,0.019674,5e-06,,2.2e-05,1e-06,,,,,,,
403.2,4.1e-05,0.021548,6e-06,,2.3e-05,1e-06,,,,,,,
403.3,4e-05,0.023561,6e-06,,2.4e-05,1e-06,,,,,,,
403.4,3.9e-05,0.025974,6e-06,,2.4e-05,1e-06,,,,,,,
403.5,3.8e-05,0.028322,6e-06,,2.5e-05,1e-06,,,,,,,
403.6,3.6e-05,0.031049,5e-06,,2.6e-05,1e-06,,,,,,,
403.7,3.5e-05,0.033946,4e-06,,2.6e-05,1e-06,,,,,,,
403.8,3.3e-05,0.037451,3e-06,,2.7e-05,1e-06,,,,,,,
403.9,3.2e-05,0.040653,2e-06,,2.8e-05,1e-06,,,,,,,
404.0,3.1e-05,0.044684,1e-06,,2.9e-05,1e-06,,,,,,,
404.1,3.1e-05,0.0485,1e-06,,3e-05,1e-06,,,,,,,
404.2,3.1e-05,0.051803,1e-06,,3.1e-05,1e-06,,,,,,,
404.3,3.1e-05,0.055851,2e-06,,3.2e-05,1e-06,,,,,,,
404.4,3.1e-05,0.060912,2e-06,,3.3e-05,1e-06,,,,,,,
404.5,3.2e-05,0.066629,2e-06,,3.4e-05,1e-06,,,,,,,
404.6,3.3e-05,0.072218,3e-06,,3.4e-05,1e-06,,,,,,,
404.7,3.4e-05,0.078851,5e-06,,3.4e-05,1e-06,,,,,,,
404.8,3.5e-05,0.085815,6e-06,1e-06,3.4e-05,1e-06,,,,,,,
404.9,3.6e-05,0.092871,7e-06,1e-06,3.4e-05,1e-06,,,,,,,
405.0,3.5e-05,0.100236,8e-06,1e-06,3.4e-05,1e-06,,,,,,,
405.1,3.4e-05,0.109219,8e-06,1e-06,3.4e-05,1e-06,,,,,,,
405.2,3.3e-05,0.118018,6e-06,1e-06,3.4e-05,1e-06,,,,,,,
405.3,3.2e-05,0.126835,5e-06,1e-06,3.4e-05,1e-06,,,,,,,
405.4,3.2e-05,0.137913,4e-06,1e-06,3.3e-05,1e-06,,,,,,,
405.5,3.1e-05,0.149942,3e-06,1e-06,3.3e-05,1e-06,,,,,,,
405.6,3e-05,0.16371,2e-06,1e-06,3.3e-05,2e-06,,,,,,,
405.7,2.9e-05,0.176902,2e-06,,3.2e-05,2e-06,,,,,,,
405.8,2.8e-05,0.190244,1e-06,,3.2e-05,2e-06,,,,,,,
405.9,2.6e-05,0.207104,1e-06,,3.2e-05,2e-06,,,,,,,
406.0,2.4e-05,0.221874,,,3.2e-05,2e-06,,,,,,,
406.1,2.2e-05,0.239699,,,3.2e-05,2e-06,,,,,,,
406.2,2e-05,0.258888,,,3.2e-05,2e-06,,,,,,,
406.3,1.8e-05,0.277404,1e-06,,3.1e-05,3e-06,,,,,,,
406.4,1.5e-05,0.29749,1e-06,,3.1e-05,3e-06,,,,,,,
406.5,1.7e-05,0.320545,1e-06,,3.1e-05,3e-06,,,,,,,
406.6,1.9e-05,0.344869,2e-06,,3e-05,3e-06,,,,,,,
406.7,2.2e-05,0.367946,4e-06,,3e-05,3e-06,,,,,,,
406.8,2.4e-05,0.392758,5e-06,,2.9e-05,4e-06,,,,,,,
406.9,2.6e-05,0.418075,7e-06,1e-06,2.8e-05,4e-06,,,,,,,
407.0,2.6e-05,0.445519,8e-06,1e-06,2.8e-05,4e-06,,,,,,,
407.1,2.6e-05,0.472256,7e-06,1e-06,2.8e-05,4e-06,,,,,,,
407.2,2.6e-05,0.497091,6e-06,1e-06,2.8e-05,4e-06,,,,,,,
407.3,2.5e-05,0.531258,4e-06,1e-06,2.7e-05,5e-06,,,,,,,
407.4,2.5e-05,0.561441,2e-06,1e-06,2.7e-05,5e-06,,,,,,,
407.5,2.3e-05,0.585661,,1e-06,2.7e-05,5e-06,,,,,,,
407.6,2.2e-05,0.613682,,1e-06,2.7e-05,5e-06,,,,,,,
407.7,2e-05,0.643574,1e-06,1e-06,2.7e-05,5e-06,,,,,,,
407.8,1.8e-05,0.669872,2e-06,1e-06,2.7e-05,5e-06,,,,,,,
407.9,1.6e-05,0.695872,2e-06,1e-06,2.7e-05,5e-06,,,,,,,
408.0,1.7e-05,0.713851,3e-06,1e-06,2.7e-05,4e-06,,,,,,,
408.1,1.7e-05,0.743663,3e-06,1e-06,2.7e-05,4e-06,,,,,,,
408.2,1.8e-05,0.767848,2e-06,,2.7e-05,4e-06,,,,,,,
408.3,1.8e-05,0.79611,2e-06,1e-06,2.7e-05,4e-06,,,,,,,
408.4,1.9e-05,0.820582,2e-06,2e-06,2.7e-05,4e-06,,,,,,,
408.5,2e-05,0.834688,1e-06,3e-06,2.7e-05,4e-06,,,,,,,
408.6,2.2e-05,0.85425,1e-06,4e-06,2.8e-05,4e-06,,,,,,,
408.7,2.3e-05,0.874369,1e-06,5e-06,2.8e-05,4e-06,,,,,,,
408.8,2.5e-05,0.887136,1e-06,5e-06,2.8e-05,4e-06,,,,,,,
408.9,2.6e-05,0.907353,1e-06,4e-06,2.8e-05,4e-06,,,,,,,
409.0,2.5e-05,0.918738,1e-06,3e-06,2.8e-05,4e-06,,,,,,,
409.1,2.3e-05,0.938837,2e-06,2e-06,2.8e-05,4e-06,,,,,,,
409.2,2.1e-05,0.954203,2e-06,,2.8e-05,4e-06,,,,,,,
409.3,2e-05,0.965923,2e-06,,2.7e-05,4e-06,,,,,,,
409.4,1.8e-05,0.967516,2e-06,,2.7e-05,4e-06,,,,,,,
409.5,1.9e-05,0.968847,2e-06,1e-06,2.7e-05,4e-06,,,,,,,
409.6,1.9e-05,0.976682,3e-06,1e-06,2.7e-05,4e-06,,,,,,,
409.7,2e-05,0.982368,3e-06,1e-06,2.7e-05,4e-06,,,,,,,
409.8,2.1e-05,0.990602,4e-06,1e-06,2.6e-05,4e-06,,,,,,,
409.9,2.2e-05,0.993009,4e-06,2e-06,2.6e-05,4e-06,,,,,,,
410.0,2.2e-05,0.991503,5e-06,3e-06,2.6e-05,4e-06,,,,,,,
410.1,2.1e-05,0.992493,5e-06,4e-06,2.6e-05,4e-06,,,,,,,
410.2,2.1e-05,0.983625,4e-06,4e-06,2.6e-05,3e-06,,,,,,,
410.3,2.1e-05,0.988962,4e-06,4e-06,2.6e-05,3e-06,,,,,,,
410.4,2.1e-05,0.998222,3e-06,3e-06,2.6e-05,3e-06,,,,,,,
410.5,2.1e-05,0.994215,2e-06,2e-06,2.6e-05,3e-06,,,,,,,
410.6,2.1e-05,0.99089,2e-06,1e-06,2.7e-05,3e-06,,,,,,,
410.7,2.1e-05,0.994784,3e-06,,2.7e-05,3e-06,,,,,,,
410.8,2.2e-05,0.993808,3e-06,,2.7e-05,3e-06,,,,,,,
410.9,2.2e-05,0.994799,3e-06,1e-06,2.8e-05,3e-06,,,,,,,
411.0,2.1e-05,1.0,3e-06,2e-06,2.8e-05,3e-06,,,,,,,
411.1,2.1e-05,0.989868,3e-06,3e-06,2.8e-05,3e-06,,,,,,,
411.2,2e-05,0.987815,4e-06,4e-06,2.9e-05,3e-06,,,,,,,
411.3,2e-05,0.985884,4e-06,4e-06,2.9e-05,3e-06,,,,,,,
411.4,1.9e-05,0.986513,4e-06,3e-06,3e-05,3e-06,,,,,,,
411.5,2e-05,0.978491,4e-06,2e-06,3e-05,2e-06,,,,,,,
411.6,2.1e-05,0.982234,5e-06,1e-06,3e-05,2e-06,,,,,,,
411.7,2.2e-05,0.974277,5e-06,1e-06,3.1e-05,2e-06,,,,,,,
411.8,2.3e-05,0.967167,5e-06,,3.1e-05,2e-06,,,,,,,
411.9,2.4e-05,0.969332,6e-06,,3.1e-05,2e-06,,,,,,,
412.0,2.3e-05,0.965349,6e-06,,3.1e-05,2e-06,,,,,,,
412.1,2.3e-05,0.957761,6e-06,,3.1e-05,2e-06,,,,,,,
412.2,2.2e-05,0.967419,6e-06,,3.1e-05,2e-06,,,,,,,
412.3,2.1e-05,0.963555,5e-06,,3.1e-05,2e-06,,,,,,,
412.4,2e-05,0.965177,5e-06,1e-06,3.1e-05,2e-06,,,,,,,
412.5,1.9e-05,0.965844,5e-06,1e-06,3.2e-05,2e-06,,,,,,,
412.6,1.8e-05,0.967773,5e-06,2e-06,3.2e-05,1e-06,,,,,,,
412.7,1.7e-05,0.96301,6e-06,2e-06,3.2e-05,1e-06,,,,,,,
412.8,1.7e-05,0.958434,7e-06,2e-06,3.3e-05,1e-06,,,,,,,
412.9,1.6e-05,0.958949,8e-06,2e-06,3.3e-05,1e-06,,,,,,,
413.0,1.6e-05,0.962463,9e-06,2e-06,3.4e-05,1e-06,,,,,,,
413.1,1.7e-05,0.953442,9e-06,2e-06,3.4e-05,1e-06,,,,,,,
413.2,1.8e-05,0.95628,9e-06,2e-06,3.5e-05,1e-06,,,,,,,
413.3,1.9e-05,0.954503,8e-06,2e-06,3.5e-05,1e-06,,,,,,,
413.4,1.9e-05,0.953849,8e-06,2e-06,3.6e-05,1e-06,,,,,,,
413.5,2e-05,0.944343,8e-06,2e-06,3.5e-05,1e-06,,,,,,,
413.6,2.1e-05,0.946041,8e-06,2e-06,3.5e-05,1e-06,,,,,,,
413.7,2.2e-05,0.947958,9e-06,2e-06,3.5e-05,1e-06,,,,,,,
413.8,2.3e-05,0.949987,9e-06,2e-06,3.4e-05,1e-06,,,,,,,
413.9,2.4e-05,0.947897,1e-05,1e-06,3.4e-05,1e-06,,,,,,,
414.0,2.2e-05,0.949381,1e-05,1e-06,3.5e-05,1e-06,,,,,,,
414.1,2e-05,0.946467,1.1e-05,1e-06,3.5e-05,1e-06,,,,,,,
414.2,1.8e-05,0.945709,1e-05,,3.6e-05,1e-06,,,,,,,
414.3,1.6e-05,0.94801,1e-05,,3.7e-05,1e-06,,,,,,,
414.4,1.4e-05,0.944395,1e-05,,3.8e-05,1e-06,,,,,,,
414.5,1.5e-05,0.936747,1e-05,,3.8e-05,1e-06,,,,,,,
414.6,1.7e-05,0.932981,1.1e-05,,3.9e-05,1e-06,,,,,,,
414.7,2e-05,0.936005,1.1e-05,,3.9e-05,1e-06,,,,,,,
414.8,2.2e-05,0.925108,1.2e-05,,3.9e-05,1e-06,,,,,,,
414.9,2.4e-05,0.92501,1.3e-05,1e-06,4e-05,1e-06,,,,,,,
415.0,2.3e-05,0.927704,1.4e-05,1e-06,4e-05,1e-06,,,,,,,
415.1,2.1e-05,0.920193,1.5e-05,1e-06,4.1e-05,2e-06,,,,,,,
415.2,2e-05,0.917645,1.5e-05,2e-06,4.2e-05,2e-06,,,,,,,
415.3,1.9e-05,0.905172,1.6e-05,2e-06,4.2e-05,2e-06,,,,,,,
415.4,1.8e-05,0.896654,1.6e-05,1e-06,4.3e-05,2e-06,,,,,,,
415.5,1.7e-05,0.88984,1.7e-05,1e-06,4.3e-05,2e-06,,,,,,,
415.6,1.7e-05,0.885481,1.7e-05,1e-06,4.2e-05,2e-06,,,,,,,
415.7,1.7e-05,0.878736,1.8e-05,1e-06,4.2e-05,2e-06,,,,,,,
415.8,1.7e-05,0.86569,1.8e-05,1e-06,4.2e-05,2e-06,,,,,,,
415.9,1.7e-05,0.849226,1.8e-05,1e-06,4.1e-05,2e-06,,,,,,,
416.0,1.6e-05,0.837204,1.8e-05,1e-06,4.1e-05,3e-06,,,,,,,
416.1,1.5e-05,0.829981,1.9e-05,1e-06,4.1e-05,3e-06,,,,,,,
416.2,1.4e-05,0.813055,1.9e-05,1e-06,4.1e-05,3e-06,,,,,,,
416.3,1.2e-05,0.798567,1.9e-05,1e-06,4.1e-05,3e-06,,,,,,,
416.4,1.1e-05,0.778818,1.9e-05,1e-06,4e-05,3e-06,,,,,,,
416.5,1.3e-05,0.762106,1.9e-05,1e-06,4.1e-05,3e-06,,,,,,,
416.6,1.5e-05,0.74945,2e-05,1e-06,4.1e-05,4e-06,,,,,,,
416.7,1.8e-05,0.728891,2e-05,2e-06,4.1e-05,4e-06,,,,,,,
416.8,2e-05,0.700315,2.1e-05,1e-06,4.1e-05,4e-06,,,,,,,
416.9,2.2e-05,0.676128,2.2e-05,1e-06,4.1e-05,4e-06,,,,,,,
417.0,2.2e-05,0.65446,2.2e-05,1e-06,4.1e-05,4e-06,,,,,,,
417.1,2.1e-05,0.632387,2.3e-05,,4.1e-05,4e-06,,,,,,,
417.2,2e-05,0.612962,2.4e-05,,4.1e-05,4e-06,,,,,,,
417.3,2e-05,0.588166,2.4e-05,,4.1e-05,4e-06,,,,,,,
417.4,1.9e-05,0.556869,2.5e-05,,4.1e-05,4e-06,,,,,,,
417.5,1.9e-05,0.527572,2.6e-05,1e-06,4.1e-05,4e-06,,,,,,,
417.6,1.8e-05,0.499311,2.6e-05,1e-06,4.1e-05,4e-06,,,,,,,
417.7,1.7e-05,0.470899,2.7e-05,1e-06,4.1e-05,4e-06,,,,,,,
417.8,1.7e-05,0.445023,2.8e-05,1e-06,4.1e-05,4e-06,,,,,,,
417.9,1.6e-05,0.418265,2.9e-05,1e-06,4e-05,4e-06,,,,,,,
418.0,1.6e-05,0.38994,2.9e-05,1e-06,4e-05,4e-06,,,,,,,
418.1,1.5e-05,0.361618,3.1e-05,,4e-05,4e-06,,,,,,,
418.2,1.4e-05,0.340412,3.2e-05,,4e-05,4e-06,,,,,,,
418.3,1.3e-05,0.318905,3.3e-05,1e-06,4e-05,4e-06,,,,,,,
418.4,1.2e-05,0.297267,3.5e-05,1e-06,4e-05,4e-06,,,,,,,
418.5,1.2e-05,0.273287,3.6e-05,2e-06,4e-05,4e-06,,,,,,,
418.6,1.2e-05,0.251325,3.7e-05,3e-06,4e-05,3e-06,,,,,,,
418.7,1.2e-05,0.23191,3.8e-05,4e-06,4.1e-05,3e-06,,,,,,,
418.8,1.2e-05,0.214551,3.9e-05,4e-06,4.1e-05,3e-06,,,,,,,
418.9,1.1e-05,0.200123,3.9e-05,4e-06,4.1e-05,3e-06,,,,,,,
419.0,1.3e-05,0.183833,4e-05,4e-06,4.1e-05,3e-06,,,,,,,
419.1,1.5e-05,0.168541,4.1e-05,4e-06,4.1e-05,3e-06,,,,,,,
419.2,1.6e-05,0.155,4.2e-05,4e-06,4.1e-05,3e-06,,,,,,,
419.3,1.8e-05,0.143676,4.4e-05,5e-06,4.1e-05,3e-06,,,,,,,
419.4,2e-05,0.13283,4.5e-05,5e-06,4.2e-05,3e-06,,,,,,,
419.5,1.9e-05,0.12324,4.6e-05,6e-06,4.1e-05,3e-06,,,,,,,
419.6,1.7e-05,0.113279,4.8e-05,6e-06,4e-05,3e-06,,,,,,,
419.7,1.6e-05,0.103833,4.9e-05,7e-06,3.9e-05,3e-06,,,,,,,
419.8,1.5e-05,0.096405,5e-05,8e-06,3.8e-05,3e-06,,,,,,,
419.9,1.3e-05,0.089259,5.1e-05,9e-06,3.8e-05,3e-06,,,,,,,
420.0,1.3e-05,0.082013,5.2e-05,9e-06,3.7e-05,3e-06,,,,,,,
420.1,1.3e-05,0.076095,5.3e-05,1e-05,3.7e-05,3e-06,,,,,,,
420.2,1.2e-05,0.070907,5.4e-05,1.1e-05,3.7e-05,3e-06,,,,,,,
420.3,1.2e-05,0.065447,5.5e-05,1.1e-05,3.7e-05,3e-06,,,,,,,
420.4,1.2e-05,0.06079,5.6e-05,1.1e-05,3.8e-05,3e-06,,,,,,,
420.5,1.2e-05,0.056447,5.7e-05,1.1e-05,3.7e-05,3e-06,,,,,,,
420.6,1.3e-05,0.052286,5.9e-05,1.1e-05,3.7e-05,3e-06,,,,,,,
420.7,1.4e-05,0.048454,6.2e-05,1e-05,3.7e-05,4e-06,,,,,,,
420.8,1.5e-05,0.04575,6.4e-05,1e-05,3.7e-05,4e-06,,,,,,,
420.9,1.6e-05,0.042934,6.7e-05,1e-05,3.6e-05,4e-06,,,,,,,
421.0,1.5e-05,0.040115,6.9e-05,1e-05,3.6e-05,4e-06,,,,,,,
421.1,1.4e-05,0.037433,7.1e-05,9e-06,3.7e-05,4e-06,,,,,,,
421.2,1.3e-05,0.035332,7.3e-05,9e-06,3.7e-05,4e-06,,,,,,,
421.3,1.1e-05,0.032879,7.5e-05,9e-06,3.7e-05,4e-06,,,,,,,
421.4,1e-05,0.030643,7.7e-05,8e-06,3.8e-05,4e-06,,,,,,,
421.5,1.1e-05,0.028771,7.9e-05,8e-06,3.8e-05,4e-06,,,,,,,
421.6,1.3e-05,0.027204,8.1e-05,7e-06,3.8e-05,5e-06,,,,,,,
421.7,1.4e-05,0.025784,8.3e-05,6e-06,3.7e-05,5e-06,,,,,,,
421.8,1.5e-05,0.024206,8.5e-05,6e-06,3.7e-05,5e-06,,,,,,,
421.9,1.7e-05,0.022861,8.7e-05,5e-06,3.7e-05,5e-06,,,,,,,
422.0,1.6e-05,0.021484,8.9e-05,5e-06,3.7e-05,5e-06,,,,,,,
422.1,1.6e-05,0.020555,9.1e-05,4e-06,3.7e-05,5e-06,,,,,,,
422.2,1.6e-05,0.019649,9.4e-05,4e-06,3.7e-05,5e-06,,,,,,,
422.3,1.5e-05,0.018475,9.7e-05,4e-06,3.7e-05,5e-06,,,,,,,
422.4,1.5e-05,0.017492,1e-04,3e-06,3.8e-05,5e-06,,,,,,,
422.5,1.4e-05,0.016547,0.000102,3e-06,3.8e-05,5e-06,,,,,,,
422.6,1.3e-05,0.015518,0.000104,3e-06,3.8e-05,5e-06,,,,,,,
422.7,1.2e-05,0.01484,0.000106,3e-06,3.9e-05,5e-06,,,,,,,
422.8,1e-05,0.014115,0.000107,3e-06,3.9e-05,5e-06,,,,,,,
422.9,9e-06,0.013346,0.000109,3e-06,3.9e-05,4e-06,,,,,,,
423.0,1e-05,0.012704,0.00011,3e-06,4e-05,4e-06,,,,,,,
423.1,1e-05,0.012034,0.000115,3e-06,4e-05,4e-06,,,,,,,
423.2,1.1e-05,0.0116,0.00012,3e-06,4e-05,4e-06,,,,,,,
423.3,1.1e-05,0.011147,0.000125,3e-06,4e-05,4e-06,,,,,,,
423.4,1.2e-05,0.0105,0.00013,3e-06,4e-05,4e-06,,,,,,,
423.5,1.1e-05,0.010015,0.000135,3e-06,4e-05,4e-06,,,,,,,
423.6,1.1e-05,0.009626,0.000139,2e-06,4e-05,4e-06,,,,,,,
423.7,1e-05,0.009058,0.000143,2e-06,4e-05,4e-06,,,,,,,
423.8,1e-05,0.008583,0.000147,2e-06,4e-05,4e-06,,,,,,,
423.9,9e-06,0.008337,0.000151,2e-06,4e-05,3e-06,,,,,,,
424.0,9e-06,0.007991,0.000155,1e-06,4.1e-05,3e-06,,,,,,,
424.1,1e-05,0.007498,0.000159,1e-06,4.2e-05,3e-06,,,,,,,
424.2,1e-05,0.007139,0.000164,1e-06,4.3e-05,3e-06,,,,,,,
424.3,1e-05,0.006952,0.000168,1e-06,4.3e-05,3e-06,,,,,,,
424.4,1.1e-05,0.006766,0.000173,1e-06,4.4e-05,3e-06,,,,,,,
424.5,1.1e-05,0.006473,0.000177,1e-06,4.5e-05,3e-06,,,,,,,
424.6,1.1e-05,0.006101,0.000184,1e-06,4.5e-05,3e-06,,,,,,,
424.7,1.2e-05,0.00588,0.000191,1e-06,4.5e-05,3e-06,,,,,,,
424.8,1.2e-05,0.005765,0.000198,1e-06,4.5e-05,3e-06,,,,,,,
424.9,1.2e-05,0.005559,0.000205,1e-06,4.5e-05,3e-06,,,,,,,
425.0,1.2e-05,0.005334,0.000212,1e-06,4.5e-05,3e-06,,,,,,,
425.1,1.1e-05,0.005095,0.000219,1e-06,4.5e-05,3e-06,,,,,,,
425.2,1e-05,0.004951,0.000225,1e-06,4.5e-05,3e-06,,,,,,,
425.3,9e-06,0.004792,0.000231,1e-06,4.5e-05,3e-06,,,,,,,
425.4,9e-06,0.00453,0.000237,1e-06,4.4e-05,3e-06,,,,,,,
425.5,9e-06,0.004344,0.000244,1e-06,4.5e-05,3e-06,,,,,,,
425.6,9e-06,0.004212,0.000253,1e-06,4.5e-05,3e-06,,,,,,,
425.7,9e-06,0.004069,0.000263,1e-06,4.5e-05,3e-06,,,,,,,
425.8,1e-05,0.00389,0.000273,1e-06,4.6e-05,3e-06,,,,,,,
425.9,1e-05,0.003743,0.000283,1e-06,4.6e-05,3e-06,,,,,,,
426.0,1e-05,0.003619,0.000293,1e-06,4.6e-05,3e-06,,,,,,,
426.1,9e-06,0.003459,0.000303,1e-06,4.7e-05,3e-06,,,,,,,
426.2,9e-06,0.003337,0.000314,1e-06,4.7e-05,3e-06,,,,,,,
426.3,8e-06,0.003198,0.000324,2e-06,4.8e-05,3e-06,,,,,,,
426.4,8e-06,0.003089,0.000334,2e-06,4.9e-05,4e-06,,,,,,,
426.5,8e-06,0.003009,0.000345,3e-06,4.8e-05,4e-06,,,,,,,
426.6,8e-06,0.002949,0.000359,4e-06,4.8e-05,4e-06,,,,,,,
426.7,8e-06,0.002838,0.000374,5e-06,4.7e-05,4e-06,,,,,,,
426.8,8e-06,0.002748,0.000389,5e-06,4.7e-05,4e-06,,,,,,,
426.9,8e-06,0.002658,0.000405,6e-06,4.7e-05,4e-06,,,,,,,
427.0,8e-06,0.002567,0.00042,7e-06,4.6e-05,4e-06,,,,,,,
427.1,8e-06,0.002487,0.000437,8e-06,4.6e-05,4e-06,,,,,,,
427.2,8e-06,0.002385,0.000454,9e-06,4.6e-05,4e-06,,,,,,,
427.3,8e-06,0.002283,0.000472,1.1e-05,4.5e-05,4e-06,,,,,,,
427.4,8e-06,0.002224,0.000489,1.3e-05,4.5e-05,4e-06,,,,,,,
427.5,9e-06,0.00217,0.000506,1.4e-05,4.5e-05,4e-06,,,,,,,
427.6,1.1e-05,0.002096,0.000526,1.6e-05,4.5e-05,4e-06,,,,,,,
427.7,1.2e-05,0.002019,0.000546,1.8e-05,4.5e-05,4e-06,,,,,,,
427.8,1.3e-05,0.001951,0.000567,1.9e-05,4.5e-05,4e-06,,,,,,,
427.9,1.4e-05,0.001866,0.000587,1.9e-05,4.5e-05,4e-06,,,,,,,
428.0,1.3e-05,0.001826,0.000608,2e-05,4.3e-05,4e-06,,,,,,,
428.1,1.2e-05,0.001779,0.000633,2e-05,4.2e-05,4e-06,,,,,,,
428.2,1.1e-05,0.001712,0.000661,2.1e-05,4e-05,4e-06,,,,,,,
428.3,9e-06,0.001624,0.000688,2e-05,3.8e-05,4e-06,,,,,,,
428.4,8e-06,0.00157299,0.000715009,1.79994e-05,3.69997e-05,4e-06,,,,,,,
428.5,8e-06,0.00153,0.000743,1.6e-05,3.6e-05,4e-06,,,,,,,
428.6,8e-06,0.001497,0.000774,1.4e-05,3.6e-05,4e-06,,,,,,,
428.7,8e-06,0.001443,0.000807,1.2e-05,3.5e-05,4e-06,,,,,,,
428.8,8e-06,0.001373,0.00084,1e-05,3.5e-05,4e-06,,,,,,,
428.9,7.99969e-06,0.00133499,0.000873014,9.99969e-06,3.4e-05,4e-06,,,,,,,
429.0,7e-06,0.001305,0.000919,9e-06,3.4e-05,4e-06,,,,,,,
429.1,7e-06,0.001278,0.000973,8e-06,3.3e-05,3e-06,,,,,,,
429.2,7e-06,0.001233,0.001032,8e-06,3.3e-05,3e-06,,,,,,,
429.3,7e-06,0.001178,0.001085,8e-06,3.2e-05,3e-06,,,,,,,
429.4,6e-06,0.00114499,0.00114202,8.00031e-06,3.1e-05,3e-06,,,,,,,
429.5,6e-06,0.00111,0.001207,9e-06,3.1e-05,3e-06,,,,,,,
429.6,5e-06,0.001068,0.001278,9e-06,3e-05,3e-06,,,,,,,
429.7,4e-06,0.001025,0.001349,1e-05,3e-05,3e-06,,,,,,,
429.8,3e-06,0.000989,0.001427,1.1e-05,3e-05,3e-06,,,,,,,
429.9,3.00061e-06,0.00095599,0.00150703,1.30006e-05,2.9e-05,3e-06,,,,,,,
430.0,5e-06,0.000924,0.001599,1.5e-05,2.9e-05,3e-06,,,,,,,
430.1,8e-06,0.000892,0.00169,1.7e-05,2.8e-05,3e-06,,,,,,,
430.2,1.1e-05,0.000859,0.001777,1.9e-05,2.7e-05,3e-06,,,,,,,
430.3,1.4e-05,0.000835,0.001865,2.2e-05,2.6e-05,3e-06,,,,,,,
430.4,1.59994e-05,0.000811993,0.00198503,2.60015e-05,2.5e-05,2e-06,,,,,,,
430.5,1.4e-05,0.000789,0.002099,3.1e-05,2.5e-05,2e-06,,,,,,,
430.6,1.1e-05,0.000766,0.002219,3.5e-05,2.4e-05,2e-06,,,,,,,
430.7,8e-06,0.000744,0.002356,3.9e-05,2.4e-05,2e-06,,,,,,,
430.8,5e-06,0.000721,0.002531,4.1e-05,2.3e-05,2e-06,,,,,,,
430.9,1.99969e-06,0.000698993,0.00267105,4.20003e-05,2.2e-05,2e-06,,,,,,,
431.0,1e-06,0.000677,0.002821,4.3e-05,2.2e-05,2e-06,,,,,,,
431.1,1e-06,0.000655,0.002982,4.4e-05,2.2e-05,2e-06,,,,,,,
431.2,1e-06,0.000633,0.003181,4.4e-05,2.2e-05,2e-06,,,,,,,
431.3,1e-06,0.000616,0.003397,4.3e-05,2.1e-05,2e-06,,,,,,,
431.4,1e-06,0.000598995,0.00357906,3.89988e-05,2.1e-05,2.00031e-06,,,,,,,
431.5,1e-06,0.000583,0.003775,3.5e-05,2.1e-05,3e-06,,,,,,,
431.6,2e-06,0.000567,0.003987,3.1e-05,2e-05,3e-06,,,,,,,
431.7,2e-06,0.000551,0.004291,2.8e-05,2e-05,3e-06,,,,,,,
431.8,2e-06,0.000537,0.004602,2.5e-05,2e-05,3e-06,,,,,,,
431.9,3.00061e-06,0.000522996,0.00489611,2.29997e-05,1.99997e-05,3e-06,,,,,,,
432.0,5e-06,0.00051,0.005271,2.2e-05,1.9e-05,3e-06,,,,,,,
432.1,8e-06,0.000496,0.005577,2e-05,1.9e-05,3e-06,,,,,,,
432.2,1.1e-05,0.000483,0.005954,1.8e-05,1.9e-05,3e-06,,,,,,,
432.3,1.4e-05,0.00047,0.006312,1.7e-05,1.9e-05,3e-06,,,,,,,
432.4,1.69994e-05,0.000457996,0.00674714,1.69997e-05,1.8e-05,3e-06,,,,,,,
432.5,1.5e-05,0.000446,0.007218,1.6e-05,1.8e-05,3e-06,,,,,,,
432.6,1.3e-05,0.000435,0.00764,1.6e-05,1.7e-05,3e-06,,,,,,,
432.7,1e-05,0.000423,0.008144,1.5e-05,1.7e-05,3e-06,,,,,,,
432.8,8e-06,0.000412,0.00873,1.6e-05,1.6e-05,3e-06,,,,,,,
432.9,5.9997e-06,0.000400997,0.00931115,1.6e-05,1.5e-05,3.00031e-06,,,,,,,
433.0,5e-06,0.00039,0.009802,1.6e-05,1.5e-05,4e-06,,,,,,,
433.1,4e-06,0.00038,0.0104,1.7e-05,1.5e-05,4e-06,,,,,,,
433.2,3e-06,0.000369,0.011188,1.7e-05,1.6e-05,4e-06,,,,,,,
433.3,2e-06,0.000357,0.012036,1.8e-05,1.6e-05,4e-06,,,,,,,
433.4,1.00031e-06,0.000345996,0.0128723,1.90003e-05,1.59997e-05,4e-06,,,,,,,
433.5,2e-06,0.000334,0.013888,2e-05,1.5e-05,4e-06,,,,,,,
433.6,2e-06,0.000323,0.014866,2.1e-05,1.5e-05,4e-06,,,,,,,
433.7,3e-06,0.000311,0.015939,2.1e-05,1.4e-05,4e-06,,,,,,,
433.8,3e-06,0.000303,0.017408,2.3e-05,1.4e-05,4e-06,,,,,,,
433.9,3.00031e-06,0.000294998,0.0189014,2.40006e-05,1.3e-05,4e-06,,,,,,,
434.0,4e-06,0.000288,0.020286,2.6e-05,1.3e-05,4e-06,,,,,,,
434.1,5e-06,0.00028,0.021768,2.7e-05,1.3e-05,5e-06,,,,,,,
434.2,6e-06,0.000273,0.023695,2.9e-05,1.3e-05,5e-06,,,,,,,
434.3,7e-06,0.000265,0.025656,3.1e-05,1.3e-05,5e-06,,,,,,,
434.4,8.00031e-06,0.000256998,0.0277917,3.30009e-05,1.3e-05,5e-06,,,,,,,
434.5,9e-06,0.000249,0.030195,3.6e-05,1.3e-05,5e-06,,,,,,,
434.6,1.1e-05,0.00024,0.032749,3.8e-05,1.3e-05,5e-06,,,,,,,
434.7,1.3e-05,0.000232,0.036055,4.1e-05,1.3e-05,5e-06,,,,,,,
434.8,1.5e-05,0.000225,0.039432,4.3e-05,1.3e-05,5e-06,,,,,,,
434.9,1.7e-05,0.000217998,0.0424561,4.40006e-05,1.3e-05,5e-06,,,,,,,
435.0,1.7e-05,0.000212,0.046024,4.6e-05,1.3e-05,5e-06,,,,,,,
435.1,1.7e-05,0.000205,0.050377,4.8e-05,1.3e-05,5e-06,,,,,,,
435.2,1.7e-05,0.000198,0.055004,4.9e-05,1.3e-05,5e-06,,,,,,,
435.3,1.7e-05,0.000193,0.060425,5e-05,1.3e-05,5e-06,,,,,,,
435.4,1.69994e-05,0.000188998,0.0657417,5.00003e-05,1.4e-05,5e-06,,,,,,,
435.5,1.5e-05,0.000184,0.071447,5.1e-05,1.4e-05,5e-06,,,,,,,
435.6,1.4e-05,0.000179,0.078757,5.1e-05,1.4e-05,5e-06,,,,,,,
435.7,1.2e-05,0.000174,0.085945,5.1e-05,1.4e-05,5e-06,,,,,,,
435.8,1e-05,0.00017,0.094652,5.1e-05,1.4e-05,5e-06,,,,,,,
435.9,7.99969e-06,0.000165999,0.103626,4.99997e-05,1.49997e-05,5e-06,,,,,,,
436.0,7e-06,0.000162,0.112586,4.9e-05,1.4e-05,5e-06,,,,,,,
436.1,5e-06,0.000157,0.122379,4.8e-05,1.4e-05,5e-06,,,,,,,
436.2,3e-06,0.000153,0.133724,4.7e-05,1.4e-05,5e-06,,,,,,,
436.3,2e-06,0.00015,0.14511,4.5e-05,1.4e-05,4e-06,,,,,,,
436.4,9.15471e-10,0.000145999,0.156668,4.39994e-05,1.4e-05,2.99969e-06,,,,,,,
436.5,3e-06,0.000142,0.17034,4.2e-05,1.4e-05,2e-06,,,,,,,
436.6,6e-06,0.000139,0.184628,4e-05,1.4e-05,1e-06,,,,,,,
436.7,1e-05,0.000135,0.199511,3.9e-05,1.4e-05,,,,,,,,
436.8,1.3e-05,0.000133,0.215964,3.7e-05,1.4e-05,2e-06,,,,,,,
436.9,1.59994e-05,0.000129999,0.233459,3.59997e-05,1.4e-05,3.00031e-06,,,,,,,
437.0,1.4e-05,0.000128,0.250384,3.5e-05,1.4e-05,4e-06,,,,,,,
437.1,1e-05,0.000126,0.264947,3.4e-05,1.4e-05,5e-06,,,,,,,
437.2,7e-06,0.000124,0.282909,3.3e-05,1.4e-05,5e-06,,,,,,,
437.3,4e-06,0.00012,0.30278,3.3e-05,1.4e-05,5e-06,,,,,,,
437.4,1.00061e-06,0.000115999,0.325699,3.19997e-05,1.4e-05,5e-06,,,,,,,
437.5,3e-06,0.000112,0.344507,3.1e-05,1.4e-05,5e-06,,,,,,,
437.6,6e-06,0.000109,0.366779,3.1e-05,1.4e-05,5e-06,,,,,,,
437.7,9e-06,0.000105,0.39636,3e-05,1.4e-05,5e-06,,,,,,,
437.8,1.3e-05,0.000101,0.41817,3e-05,1.4e-05,5e-06,,,,,,,
437.9,1.59991e-05,9.69991e-05,0.442519,2.89997e-05,1.40003e-05,5e-06,,,,,,,
438.0,1.3e-05,9.4e-05,0.466666,2.8e-05,1.5e-05,5e-06,,,,,,,
438.1,1e-05,9e-05,0.491241,2.7e-05,1.5e-05,5e-06,,,,,,,
438.2,7e-06,8.7e-05,0.517221,2.7e-05,1.5e-05,5e-06,,,,,,,
438.3,4e-06,8.4e-05,0.546198,2.6e-05,1.6e-05,5e-06,,,,,,,
438.4,1.00031e-06,8.19994e-05,0.572716,2.6e-05,1.6e-05,6e-06,,,,,,,
438.5,2e-06,8e-05,0.601062,2.6e-05,1.6e-05,6e-06,,,,,,,
438.6,2e-06,7.8e-05,0.630696,2.7e-05,1.6e-05,6e-06,,,,,,,
438.7,2e-06,7.6e-05,0.657612,2.7e-05,1.6e-05,6e-06,,,,,,,
438.8,3e-06,7.4e-05,0.684474,2.7e-05,1.6e-05,6e-06,,,,,,,
438.9,3e-06,7.19997e-05,0.710364,2.70003e-05,1.6e-05,6e-06,,,,,,,
439.0,3e-06,7.1e-05,0.74261,2.8e-05,1.6e-05,6e-06,,,,,,,
439.1,4e-06,6.9e-05,0.769066,2.8e-05,1.6e-05,6e-06,,,,,,,
439.2,4e-06,6.7e-05,0.789847,2.9e-05,1.6e-05,6e-06,,,,,,,
439.3,4e-06,6.5e-05,0.813958,2.9e-05,1.6e-05,6e-06,,,,,,,
439.4,4.99969e-06,6.19994e-05,0.835778,2.90003e-05,1.6e-05,6e-06,,,,,,,
439.5,4e-06,6e-05,0.853021,3e-05,1.6e-05,6e-06,,,,,,,
439.6,3e-06,5.8e-05,0.875036,3e-05,1.8e-05,6e-06,,,,,,,
439.7,3e-06,5.6e-05,0.891426,3.1e-05,1.9e-05,6e-06,,,,,,,
439.8,2e-06,5.5e-05,0.907062,3.1e-05,2e-05,6e-06,,,,,,,
439.9,2e-06,5.39997e-05,0.9196,3.1e-05,2.10003e-05,6e-06,,,,,,,
440.0,2e-06,5.3e-05,0.933414,3.1e-05,2.2e-05,6e-06,,,,,,,
440.1,3e-06,5.2e-05,0.946777,3.1e-05,2.3e-05,6e-06,,,,,,,
440.2,4e-06,5.1e-05,0.952095,3e-05,2.4e-05,6e-06,,,,,,,
440.3,4e-06,4.9e-05,0.968294,3e-05,2.5e-05,6e-06,,,,,,,
440.4,4.99969e-06,4.79997e-05,0.970933,2.99997e-05,2.50003e-05,5.9997e-06,,,,,,,
440.5,4e-06,4.7e-05,0.981068,2.9e-05,2.6e-05,5e-06,,,,,,,
440.6,3e-06,4.5e-05,0.990193,2.9e-05,2.6e-05,5e-06,,,,,,,
440.7,2e-06,4.4e-05,0.99367,2.8e-05,2.6e-05,5e-06,,,,,,,
440.8,1e-06,4.3e-05,0.995978,2.8e-05,2.6e-05,5e-06,,,,,,,
440.9,1.22063e-09,4.3e-05,0.997748,2.9e-05,2.60003e-05,5e-06,,,,,,,
441.0,4e-06,4.3e-05,0.991951,2.9e-05,2.7e-05,5e-06,,,,,,,
441.1,7e-06,4.3e-05,0.99725,2.9e-05,2.8e-05,5e-06,,,,,,,
441.2,1.1e-05,4.2e-05,0.997969,2.9e-05,2.9e-05,5e-06,,,,,,,
441.3,1.4e-05,4.1e-05,0.998831,2.9e-05,3.1e-05,5e-06,,,,,,,
441.4,1.8e-05,3.99994e-05,0.999454,2.89997e-05,3.20003e-05,5e-06,,,,,,,
441.5,1.8e-05,3.8e-05,0.997614,2.8e-05,3.3e-05,5e-06,,,,,,,
441.6,1.8e-05,3.7e-05,0.997002,2.8e-05,3.4e-05,5e-06,,,,,,,
441.7,1.8e-05,3.6e-05,1.0,2.8e-05,3.5e-05,5e-06,,,,,,,
441.8,1.8e-05,3.5e-05,0.997032,2.7e-05,3.5e-05,5e-06,,,,,,,
441.9,1.69991e-05,3.39997e-05,0.99313,2.6e-05,3.60003e-05,5e-06,,,,,,,
442.0,1.4e-05,3.3e-05,0.993745,2.6e-05,3.7e-05,5e-06,,,,,,,
442.1,1.1e-05,3.2e-05,0.999618,2.5e-05,3.8e-05,5e-06,,,,,,,
442.2,8e-06,3.1e-05,0.997847,2.4e-05,4e-05,5e-06,,,,,,,
442.3,4e-06,3.1e-05,0.991964,2.3e-05,4.1e-05,5e-06,,,,,,,
442.4,1e-06,3e-05,0.98755,2.3e-05,4.20003e-05,5e-06,,,,,,,
442.5,1e-06,3e-05,0.986852,2.3e-05,4.3e-05,5e-06,,,,,,,
442.6,2e-06,3e-05,0.985659,2.3e-05,4.5e-05,5e-06,,,,,,,
442.7,2e-06,2.9e-05,0.989312,2.2e-05,4.6e-05,5e-06,,,,,,,
442.8,3e-06,2.8e-05,0.988682,2.2e-05,4.7e-05,5e-06,,,,,,,
442.9,3e-06,2.69997e-05,0.98358,2.19997e-05,4.90003e-05,5e-06,,,,,,,
443.0,3e-06,2.6e-05,0.978093,2.1e-05,5e-05,5e-06,,,,,,,
443.1,3e-06,2.5e-05,0.976158,2.1e-05,5e-05,5e-06,,,,,,,
443.2,3e-06,2.4e-05,0.974139,2e-05,5e-05,5e-06,,,,,,,
443.3,3e-06,2.3e-05,0.974153,2e-05,5.1e-05,5e-06,,,,,,,
443.4,3.00061e-06,2.19997e-05,0.974301,1.9e-05,5.10003e-05,5e-06,,,,,,,
443.5,5e-06,2.1e-05,0.969081,1.9e-05,5.2e-05,5e-06,,,,,,,
443.6,8e-06,2.1e-05,0.968261,1.9e-05,5.2e-05,5e-06,,,,,,,
443.7,1.1e-05,2e-05,0.969847,1.8e-05,5.2e-05,5e-06,,,,,,,
443.8,1.4e-05,2e-05,0.967281,1.8e-05,5.3e-05,5e-06,,,,,,,
443.9,1.60003e-05,2.00003e-05,0.962682,1.80003e-05,5.3e-05,5e-06,,,,,,,
444.0,1.7e-05,2.1e-05,0.961978,1.9e-05,5.3e-05,5e-06,,,,,,,
444.1,1.7e-05,2.1e-05,0.958871,1.9e-05,5.3e-05,5e-06,,,,,,,
444.2,1.7e-05,2.1e-05,0.964017,1.9e-05,5.2e-05,5e-06,,,,,,,
444.3,1.7e-05,2e-05,0.964746,1.9e-05,5.2e-05,5e-06,,,,,,,
444.4,1.7e-05,1.99997e-05,0.9697,1.9e-05,5.19997e-05,5e-06,,,,,,,
444.5,1.7e-05,1.9e-05,0.966568,1.9e-05,5.1e-05,5e-06,,,,,,,
444.6,1.7e-05,1.8e-05,0.962527,1.8e-05,5e-05,5e-06,,,,,,,
444.7,1.7e-05,1.7e-05,0.96192,1.8e-05,4.9e-05,5e-06,,,,,,,
444.8,1.7e-05,1.7e-05,0.958676,1.8e-05,4.7e-05,5e-06,,,,,,,
444.9,1.69991e-05,1.69997e-05,0.959265,1.8e-05,4.59997e-05,5e-06,,,,,,,
445.0,1.4e-05,1.6e-05,0.963356,1.8e-05,4.5e-05,5e-06,,,,,,,
445.1,1.1e-05,1.6e-05,0.963518,1.8e-05,4.4e-05,5e-06,,,,,,,
445.2,7e-06,1.6e-05,0.959105,1.7e-05,4.3e-05,5e-06,,,,,,,
445.3,4e-06,1.6e-05,0.955065,1.8e-05,4.2e-05,5e-06,,,,,,,
445.4,1e-06,1.6e-05,0.954837,1.8e-05,4.09994e-05,6e-06,,,,,,,
445.5,1e-06,1.6e-05,0.950758,1.8e-05,3.9e-05,6e-06,,,,,,,
445.6,1e-06,1.5e-05,0.949653,1.9e-05,3.8e-05,6e-06,,,,,,,
445.7,2e-06,1.5e-05,0.952006,1.9e-05,3.7e-05,6e-06,,,,,,,
445.8,2e-06,1.5e-05,0.946418,2e-05,3.6e-05,6e-06,,,,,,,
445.9,3e-06,1.4e-05,0.94246,2e-05,3.49997e-05,6e-06,,,,,,,
446.0,3e-06,1.4e-05,0.935545,2e-05,3.4e-05,6e-06,,,,,,,
446.1,4e-06,1.3e-05,0.927088,2e-05,3.3e-05,6e-06,,,,,,,
446.2,4e-06,1.3e-05,0.922118,2e-05,3.2e-05,6e-06,,,,,,,
446.3,5e-06,1.3e-05,0.914823,2e-05,3.1e-05,6e-06,,,,,,,
446.4,4.99969e-06,1.40003e-05,0.909997,2e-05,2.99997e-05,6e-06,,,,,,,
446.5,4e-06,1.5e-05,0.89788,2e-05,2.9e-05,6e-06,,,,,,,
446.6,3e-06,1.6e-05,0.881612,2e-05,2.8e-05,6e-06,,,,,,,
446.7,2e-06,1.7e-05,0.86914,2e-05,2.7e-05,6e-06,,,,,,,
446.8,1e-06,1.6e-05,0.856367,2.1e-05,2.6e-05,6e-06,,,,,,,
446.9,3.05157e-10,1.59997e-05,0.842377,2.1e-05,2.49997e-05,6e-06,,,,,,,
447.0,1e-06,1.5e-05,0.825081,2.1e-05,2.4e-05,6e-06,,,,,,,
447.1,1e-06,1.5e-05,0.804365,2.2e-05,2.4e-05,6e-06,,,,,,,
447.2,2e-06,1.5e-05,0.788321,2.2e-05,2.3e-05,6e-06,,,,,,,
447.3,3e-06,1.5e-05,0.765829,2.2e-05,2.2e-05,6e-06,,,,,,,
447.4,3e-06,1.5e-05,0.745146,2.19997e-05,2.19997e-05,6e-06,,,,,,,
447.5,3e-06,1.5e-05,0.725051,2.1e-05,2.1e-05,6e-06,,,,,,,
447.6,2e-06,1.5e-05,0.698231,2.1e-05,2.1e-05,6e-06,,,,,,,
447.7,1e-06,1.5e-05,0.671178,2e-05,2.1e-05,6e-06,,,,,,,
447.8,1e-06,1.6e-05,0.644735,2e-05,2e-05,6e-06,,,,,,,
447.9,3.05157e-10,1.7e-05,0.615191,2.10003e-05,1.99997e-05,6e-06,,,,,,,
448.0,1e-06,1.7e-05,0.585584,2.2e-05,1.9e-05,6e-06,,,,,,,
448.1,1e-06,1.8e-05,0.551672,2.2e-05,1.9e-05,7e-06,,,,,,,
448.2,2e-06,1.9e-05,0.522701,2.3e-05,1.8e-05,7e-06,,,,,,,
448.3,2e-06,1.9e-05,0.491098,2.3e-05,1.8e-05,7e-06,,,,,,,
448.4,3e-06,1.90003e-05,0.461783,2.3e-05,1.7e-05,7e-06,,,,,,,
448.5,3e-06,2e-05,0.436504,2.3e-05,1.7e-05,7e-06,,,,,,,
448.6,3e-06,2e-05,0.408018,2.2e-05,1.7e-05,7e-06,,,,,,,
448.7,2e-06,2e-05,0.37879,2.2e-05,1.6e-05,7e-06,,,,,,,
448.8,2e-06,2e-05,0.349721,2.2e-05,1.6e-05,7e-06,,,,,,,
448.9,2e-06,1.9e-05,0.325109,2.1e-05,1.6e-05,7e-06,,,,,,,
449.0,2e-06,1.9e-05,0.299455,2.1e-05,1.6e-05,7e-06,,,,,,,
449.1,2e-06,1.8e-05,0.274948,2e-05,1.5e-05,7e-06,,,,,,,
449.2,2e-06,1.8e-05,0.251395,2e-05,1.5e-05,7e-06,,,,,,,
449.3,2e-06,1.8e-05,0.230798,2e-05,1.5e-05,7e-06,,,,,,,
449.4,2.99969e-06,1.90006e-05,0.211709,2e-05,1.4e-05,7e-06,,,,,,,
449.5,2e-06,2.1e-05,0.194043,2e-05,1.4e-05,7e-06,,,,,,,
449.6,2e-06,2.2e-05,0.177575,2e-05,1.4e-05,7e-06,,,,,,,
449.7,1e-06,2.3e-05,0.162872,2e-05,1.4e-05,7e-06,,,,,,,
449.8,1e-06,2.3e-05,0.147526,2e-05,1.3e-05,7e-06,,,,,,,
449.9,1.22063e-09,2.3e-05,0.135196,2.00003e-05,1.3e-05,7e-06,,,,,,,
450.0,4e-06,2.3e-05,0.123575,2.1e-05,1.3e-05,7e-06,,,,,,,
450.1,7e-06,2.3e-05,0.112506,2.1e-05,1.3e-05,7e-06,,,,,,,
450.2,1.1e-05,2.3e-05,0.103416,2.1e-05,1.3e-05,7e-06,,,,,,,
450.3,1.4e-05,2.4e-05,0.094642,2.1e-05,1.3e-05,7e-06,,,,,,,
450.4,1.79991e-05,2.50003e-05,0.0866349,2.1e-05,1.3e-05,7e-06,,,,,,,
450.5,1.5e-05,2.6e-05,0.079597,2.1e-05,1.3e-05,7e-06,,,,,,,
450.6,1.2e-05,2.8e-05,0.07316,2.2e-05,1.3e-05,7e-06,,,,,,,
450.7,8e-06,2.9e-05,0.067096,2.2e-05,1.4e-05,7e-06,,,,,,,
450.8,5e-06,3e-05,0.062402,2.2e-05,1.4e-05,7e-06,,,,,,,
450.9,2.00061e-06,3.10003e-05,0.0575465,2.2e-05,1.4e-05,7e-06,,,,,,,
451.0,4e-06,3.2e-05,0.052772,2.2e-05,1.4e-05,7e-06,,,,,,,
451.1,8e-06,3.3e-05,0.049084,2.1e-05,1.4e-05,7e-06,,,,,,,
451.2,1.1e-05,3.4e-05,0.045238,2.1e-05,1.4e-05,7e-06,,,,,,,
451.3,1.4e-05,3.5e-05,0.041554,2.1e-05,1.4e-05,7e-06,,,,,,,
451.4,1.69994e-05,3.50003e-05,0.0384103,2.1e-05,1.4e-05,7e-06,,,,,,,
451.5,1.5e-05,3.6e-05,0.035967,2.1e-05,1.4e-05,7e-06,,,,,,,
451.6,1.2e-05,3.7e-05,0.033355,2.1e-05,1.5e-05,7e-06,,,,,,,
451.7,9e-06,3.8e-05,0.03085,2.1e-05,1.5e-05,7e-06,,,,,,,
451.8,6e-06,3.9e-05,0.028666,2.1e-05,1.5e-05,7e-06,,,,,,,
451.9,2.99969e-06,4.00003e-05,0.0268764,2.1e-05,1.50003e-05,7e-06,,,,,,,
452.0,2e-06,4.1e-05,0.024999,2.1e-05,1.6e-05,7e-06,,,,,,,
452.1,2e-06,4.2e-05,0.023129,2.1e-05,1.6e-05,7e-06,,,,,,,
452.2,2e-06,4.2e-05,0.021585,2.1e-05,1.6e-05,7e-06,,,,,,,
452.3,1e-06,4.3e-05,0.020071,2.1e-05,1.6e-05,7e-06,,,,,,,
452.4,1e-06,4.3e-05,0.0189546,2e-05,1.60003e-05,6e-06,,,,,,,
452.5,1e-06,4.3e-05,0.017761,2e-05,1.7e-05,6e-06,,,,,,,
452.6,2e-06,4.3e-05,0.016587,2e-05,1.8e-05,6e-06,,,,,,,
452.7,2e-06,4.3e-05,0.015569,1.9e-05,1.8e-05,6e-06,,,,,,,
452.8,2e-06,4.4e-05,0.014677,1.9e-05,1.9e-05,6e-06,,,,,,,
452.9,2e-06,4.50003e-05,0.0136657,1.9e-05,2e-05,6e-06,,,,,,,
453.0,2e-06,4.6e-05,0.012782,1.9e-05,2e-05,6e-06,,,,,,,
453.1,2e-06,4.7e-05,0.012231,1.9e-05,2.1e-05,6e-06,,,,,,,
453.2,1e-06,4.9e-05,0.011575,1.9e-05,2.1e-05,6e-06,,,,,,,
453.3,1e-06,4.9e-05,0.010966,1.9e-05,2.1e-05,6e-06,,,,,,,
453.4,1e-06,5.00003e-05,0.0103978,1.9e-05,2.10003e-05,6e-06,,,,,,,
453.5,1e-06,5.1e-05,0.009802,1.9e-05,2.2e-05,6e-06,,,,,,,
453.6,1e-06,5.1e-05,0.009255,1.9e-05,2.4e-05,6e-06,,,,,,,
453.7,1e-06,5.2e-05,0.008722,1.9e-05,2.5e-05,6e-06,,,,,,,
453.8,1e-06,5.2e-05,0.008234,1.9e-05,2.6e-05,6e-06,,,,,,,
453.9,2e-06,5.19997e-05,0.00776188,2e-05,2.80003e-05,6e-06,,,,,,,
454.0,2e-06,5.1e-05,0.007371,2e-05,2.9e-05,6e-06,,,,,,,
454.1,2e-06,5.1e-05,0.007056,2e-05,3e-05,6e-06,,,,,,,
454.2,2e-06,5.1e-05,0.00682,2e-05,3.2e-05,6e-06,,,,,,,
454.3,3e-06,5.1e-05,0.006462,2e-05,3.3e-05,6e-06,,,,,,,
454.4,3.00031e-06,5.1e-05,0.00603894,1.99997e-05,3.40006e-05,6e-06,,,,,,,
454.5,4e-06,5.1e-05,0.005848,1.9e-05,3.6e-05,6e-06,,,,,,,
454.6,6e-06,5e-05,0.005659,1.9e-05,3.8e-05,6e-06,,,,,,,
454.7,7e-06,5e-05,0.005314,1.9e-05,4e-05,6e-06,,,,,,,
454.8,9e-06,5.1e-05,0.005017,1.8e-05,4.2e-05,6e-06,,,,,,,
454.9,1.00006e-05,5.20003e-05,0.00487494,1.80003e-05,4.40003e-05,6e-06,,,,,,,
455.0,1.2e-05,5.3e-05,0.004675,1.9e-05,4.5e-05,6e-06,,,,,,,
455.1,1.3e-05,5.4e-05,0.004484,1.9e-05,4.6e-05,6e-06,,,,,,,
455.2,1.5e-05,5.5e-05,0.004248,1.9e-05,4.7e-05,6e-06,,,,,,,
455.3,1.7e-05,5.5e-05,0.00402,1.9e-05,4.8e-05,6e-06,,,,,,,
455.4,1.8e-05,5.5e-05,0.00383895,1.8e-05,5e-05,6e-06,,,,,,,
455.5,1.8e-05,5.5e-05,0.003666,1.8e-05,5e-05,6e-06,,,,,,,
455.6,1.8e-05,5.5e-05,0.003508,1.8e-05,4.9e-05,6e-06,,,,,,,
455.7,1.8e-05,5.5e-05,0.003335,1.8e-05,4.9e-05,6e-06,,,,,,,
455.8,1.8e-05,5.7e-05,0.003163,1.8e-05,4.8e-05,6e-06,,,,,,,
455.9,1.79994e-05,5.80006e-05,0.00302096,1.9e-05,4.79994e-05,6e-06,,,,,,,
456.0,1.6e-05,6e-05,0.002891,1.9e-05,4.6e-05,6e-06,,,,,,,
456.1,1.3e-05,6.2e-05,0.002795,1.9e-05,4.4e-05,6e-06,,,,,,,
456.2,1e-05,6.3e-05,0.002679,2e-05,4.1e-05,6e-06,,,,,,,
456.3,7e-06,6.2e-05,0.002554,2e-05,3.8e-05,6e-06,,,,,,,
456.4,3.99969e-06,5.99994e-05,0.00242596,2e-05,3.59991e-05,6e-06,,,,,,,
456.5,3e-06,5.8e-05,0.002291,2e-05,3.3e-05,6e-06,,,,,,,
456.6,3e-06,5.6e-05,0.002207,2.1e-05,3.1e-05,6e-06,,,,,,,
456.7,3e-06,5.4e-05,0.002119,2.1e-05,2.8e-05,6e-06,,,,,,,
456.8,2e-06,5.2e-05,0.002032,2.1e-05,2.6e-05,6e-06,,,,,,,
456.9,2e-06,5.09994e-05,0.00193298,2.1e-05,2.29994e-05,6e-06,,,,,,,
457.0,2e-06,4.9e-05,0.001876,2.1e-05,2.1e-05,6e-06,,,,,,,
457.1,3e-06,4.7e-05,0.001796,2.1e-05,1.9e-05,6e-06,,,,,,,
457.2,4e-06,4.6e-05,0.001717,2.1e-05,1.7e-05,6e-06,,,,,,,
457.3,4e-06,4.4e-05,0.001628,2.1e-05,1.5e-05,6e-06,,,,,,,
457.4,5.00061e-06,4.29997e-05,0.00154598,2.10003e-05,1.29997e-05,6e-06,,,,,,,
457.5,7e-06,4.2e-05,0.001491,2.2e-05,1.2e-05,6e-06,,,,,,,
457.6,9e-06,4.1e-05,0.001441,2.2e-05,1.1e-05,7e-06,,,,,,,
457.7,1.1e-05,4e-05,0.001378,2.3e-05,1e-05,7e-06,,,,,,,
457.8,1.3e-05,3.7e-05,0.001318,2.3e-05,9e-06,7e-06,,,,,,,
457.9,1.49994e-05,3.39994e-05,0.00126198,2.40003e-05,7.99969e-06,7e-06,,,,,,,
458.0,1.3e-05,3.2e-05,0.001205,2.5e-05,7e-06,7e-06,,,,,,,
458.1,1.1e-05,2.9e-05,0.001158,2.5e-05,6e-06,7e-06,,,,,,,
458.2,8e-06,2.6e-05,0.001119,2.6e-05,6e-06,7e-06,,,,,,,
458.3,5e-06,2.4e-05,0.001073,2.6e-05,5e-06,7e-06,,,,,,,
458.4,3.00061e-06,2.29997e-05,0.00103099,2.7e-05,5e-06,7e-06,,,,,,,
458.5,5e-06,2.2e-05,0.00099,2.7e-05,5e-06,7e-06,,,,,,,
458.6,8e-06,2e-05,0.00095,2.8e-05,5e-06,7e-06,,,,,,,
458.7,1e-05,1.9e-05,0.000911,2.8e-05,4e-06,7e-06,,,,,,,
458.8,1.3e-05,1.7e-05,0.000873,2.8e-05,4e-06,7e-06,,,,,,,
458.9,1.49997e-05,1.39991e-05,0.000834991,2.8e-05,4e-06,7e-06,,,,,,,
459.0,1.4e-05,1.1e-05,0.000805,2.8e-05,4e-06,7e-06,,,,,,,
459.1,1.2e-05,8e-06,0.000781,2.9e-05,3e-06,7e-06,,,,,,,
459.2,1e-05,5e-06,0.000759,2.9e-05,3e-06,7e-06,,,,,,,
459.3,8e-06,6e-06,0.000737,2.9e-05,3e-06,7e-06,,,,,,,
459.4,5.9997e-06,7.00031e-06,0.000714993,3.00003e-05,2e-06,7e-06,,,,,,,
459.5,5e-06,8e-06,0.000693,3.1e-05,2e-06,7e-06,,,,,,,
459.6,4e-06,9e-06,0.000674,3.1e-05,3e-06,7e-06,,,,,,,
459.7,3e-06,1.1e-05,0.000657,3.2e-05,3e-06,7e-06,,,,,,,
459.8,2e-06,1.1e-05,0.000639,3.2e-05,3e-06,7e-06,,,,,,,
459.9,2.00061e-06,1.1e-05,0.000621995,3.2e-05,3e-06,7e-06,,,,,,,
460.0,4e-06,1.1e-05,0.000604,3.2e-05,3e-06,7e-06,,,,,,,
460.1,7e-06,1.1e-05,0.000588,3.2e-05,3e-06,7e-06,,,,,,,
460.2,1e-05,1.1e-05,0.000571,3.2e-05,3e-06,7e-06,,,,,,,
460.3,1.3e-05,1.1e-05,0.000555,3.2e-05,4e-06,7e-06,,,,,,,
460.4,1.59997e-05,1.1e-05,0.000538995,3.3e-05,4e-06,7e-06,,,,,,,
460.5,1.5e-05,1.1e-05,0.000522,3.3e-05,4e-06,7e-06,,,,,,,
460.6,1.3e-05,1.1e-05,0.000509,3.4e-05,3e-06,7e-06,,,,,,,
460.7,1.1e-05,1.1e-05,0.000497,3.4e-05,3e-06,7e-06,,,,,,,
460.8,9e-06,1.1e-05,0.000486,3.4e-05,3e-06,7e-06,,,,,,,
460.9,7.00031e-06,1.1e-05,0.000473996,3.4e-05,2e-06,7e-06,,,,,,,
461.0,8e-06,1.1e-05,0.000462,3.4e-05,2e-06,7e-06,,,,,,,
461.1,1e-05,1.1e-05,0.000451,3.5e-05,2e-06,7e-06,,,,,,,
461.2,1.2e-05,1.1e-05,0.000441,3.5e-05,2e-06,7e-06,,,,,,,
461.3,1.4e-05,1.1e-05,0.000431,3.5e-05,2e-06,7e-06,,,,,,,
461.4,1.49994e-05,1.1e-05,0.000420997,3.60003e-05,2e-06,7e-06,,,,,,,
461.5,1.3e-05,1.1e-05,0.000411,3.7e-05,2e-06,7e-06,,,,,,,
461.6,1.1e-05,1.1e-05,0.000401,3.7e-05,1e-06,7e-06,,,,,,,
461.7,8e-06,1.1e-05,0.000392,3.8e-05,1e-06,7e-06,,,,,,,
461.8,5e-06,1.1e-05,0.000382,3.8e-05,1e-06,7e-06,,,,,,,
461.9,3e-06,1.1e-05,0.000372997,3.8e-05,1e-06,7e-06,,,,,,,
462.0,3e-06,1.1e-05,0.000363,3.8e-05,1e-06,7e-06,,,,,,,
462.1,2e-06,1.1e-05,0.000356,3.8e-05,1e-06,7e-06,,,,,,,
462.2,2e-06,1.1e-05,0.000349,3.8e-05,1e-06,7e-06,,,,,,,
462.3,2e-06,1.1e-05,0.000342,3.9e-05,1e-06,7e-06,,,,,,,
462.4,2e-06,1.1e-05,0.000334998,4.00006e-05,1e-06,7e-06,,,,,,,
462.5,2e-06,1.1e-05,0.000328,4.2e-05,1e-06,7e-06,,,,,,,
462.6,3e-06,1.1e-05,0.000321,4.3e-05,1e-06,7e-06,,,,,,,
462.7,3e-06,1.1e-05,0.000313,4.5e-05,1e-06,7e-06,,,,,,,
462.8,3e-06,1.1e-05,0.000305,4.6e-05,2e-06,7e-06,,,,,,,
462.9,3.99969e-06,1.1e-05,0.000297998,4.6e-05,2e-06,7e-06,,,,,,,
463.0,3e-06,1.1e-05,0.00029,4.6e-05,2e-06,7e-06,,,,,,,
463.1,3e-06,1.1e-05,0.000284,4.6e-05,2e-06,7e-06,,,,,,,
463.2,2e-06,1.1e-05,0.00028,4.6e-05,2e-06,7e-06,,,,,,,
463.3,1e-06,1e-05,0.000275,4.7e-05,2e-06,7e-06,,,,,,,
463.4,1e-06,1e-05,0.000269999,4.70003e-05,1e-06,7e-06,,,,,,,
463.5,1e-06,1e-05,0.000266,4.8e-05,1e-06,7e-06,,,,,,,
463.6,2e-06,1e-05,0.000261,4.8e-05,1e-06,7e-06,,,,,,,
463.7,2e-06,1e-05,0.000255,4.9e-05,1e-06,7e-06,,,,,,,
463.8,3e-06,1e-05,0.00025,5e-05,1e-06,7e-06,,,,,,,
463.9,3e-06,1e-05,0.000243998,5.10003e-05,1e-06,7e-06,,,,,,,
464.0,3e-06,1e-05,0.000239,5.2e-05,1e-06,7e-06,,,,,,,
464.1,3e-06,1e-05,0.000234,5.3e-05,1e-06,7e-06,,,,,,,
464.2,3e-06,1e-05,0.00023,5.4e-05,1e-06,7e-06,,,,,,,
464.3,3e-06,1e-05,0.000226,5.5e-05,1e-06,7e-06,,,,,,,
464.4,3e-06,1e-05,0.000221998,5.60003e-05,1.00031e-06,7e-06,,,,,,,
464.5,3e-06,1e-05,0.000217,5.7e-05,2e-06,7e-06,,,,,,,
464.6,2e-06,1e-05,0.000214,5.9e-05,3e-06,7e-06,,,,,,,
464.7,2e-06,1e-05,0.000211,6e-05,5e-06,8e-06,,,,,,,
464.8,2e-06,1e-05,0.000208,6.1e-05,6e-06,8e-06,,,,,,,
464.9,2e-06,1e-05,0.000204999,6.2e-05,7.99969e-06,8e-06,,,,,,,
465.0,2e-06,1e-05,0.000201,6.2e-05,7e-06,8e-06,,,,,,,
465.1,1e-06,1e-05,0.000198,6.3e-05,6e-06,8e-06,,,,,,,
465.2,1e-06,1e-05,0.000195,6.4e-05,5e-06,8e-06,,,,,,,
465.3,1e-06,1e-05,0.000191,6.5e-05,4e-06,8e-06,,,,,,,
465.4,1.00092e-06,1.1e-05,0.000187999,6.6e-05,3e-06,8e-06,,,,,,,
465.5,4e-06,1.1e-05,0.000184,6.6e-05,3e-06,8e-06,,,,,,,
465.6,8e-06,1.1e-05,0.000181,6.7e-05,4e-06,8e-06,,,,,,,
465.7,1.1e-05,1.1e-05,0.000179,6.8e-05,6e-06,8e-06,,,,,,,
465.8,1.5e-05,1.1e-05,0.000176,7e-05,7e-06,8e-06,,,,,,,
465.9,1.80003e-05,1.1e-05,0.000173999,7.20006e-05,8e-06,8e-06,,,,,,,
466.0,1.9e-05,1.1e-05,0.000171,7.4e-05,8e-06,8e-06,,,,,,,
466.1,1.9e-05,1.2e-05,0.000169,7.6e-05,8e-06,8e-06,,,,,,,
466.2,1.9e-05,1.2e-05,0.000166,7.9e-05,8e-06,8e-06,,,,,,,
466.3,1.9e-05,1.2e-05,0.000164,8e-05,8e-06,8e-06,,,,,,,
466.4,1.89991e-05,1.2e-05,0.000161999,8.00003e-05,8e-06,8e-06,,,,,,,
466.5,1.6e-05,1.2e-05,0.000159,8.1e-05,8e-06,8e-06,,,,,,,
466.6,1.2e-05,1.2e-05,0.000158,8.2e-05,8e-06,8e-06,,,,,,,
466.7,9e-06,1.3e-05,0.000156,8.2e-05,8e-06,8e-06,,,,,,,
466.8,6e-06,1.3e-05,0.000154,8.3e-05,9e-06,8e-06,,,,,,,
466.9,3e-06,1.3e-05,0.000152999,8.50006e-05,8.99969e-06,8e-06,,,,,,,
467.0,3e-06,1.3e-05,0.000151,8.7e-05,8e-06,8e-06,,,,,,,
467.1,4e-06,1.3e-05,0.000149,8.9e-05,6e-06,8e-06,,,,,,,
467.2,5e-06,1.3e-05,0.000147,9.1e-05,5e-06,8e-06,,,,,,,
467.3,5e-06,1.3e-05,0.000144,9.3e-05,4e-06,8e-06,,,,,,,
467.4,6.00061e-06,1.3e-05,0.000141999,9.50006e-05,2.99969e-06,8e-06,,,,,,,
467.5,8e-06,1.3e-05,0.00014,9.7e-05,2e-06,8e-06,,,,,,,
467.6,1e-05,1.3e-05,0.000137,9.9e-05,2e-06,8e-06,,,,,,,
467.7,1.2e-05,1.3e-05,0.000135,0.000102,2e-06,8e-06,,,,,,,
467.8,1.4e-05,1.3e-05,0.000133,0.000104,2e-06,8e-06,,,,,,,
467.9,1.59991e-05,1.3e-05,0.000130999,0.000106001,2e-06,8e-06,,,,,,,
468.0,1.3e-05,1.3e-05,0.000129,0.000108,2e-06,8e-06,,,,,,,
468.1,1e-05,1.3e-05,0.000128,0.000109,2e-06,8e-06,,,,,,,
468.2,7e-06,1.3e-05,0.000127,0.000111,2e-06,8e-06,,,,,,,
468.3,4e-06,1.3e-05,0.000125,0.000114,2e-06,8e-06,,,,,,,
468.4,1.00061e-06,1.2e-05,0.000124,0.000117001,2e-06,8e-06,,,,,,,
468.5,3e-06,1.2e-05,0.000123,0.00012,2e-06,8e-06,,,,,,,
468.6,6e-06,1.2e-05,0.000121,0.000123,2e-06,8e-06,,,,,,,
468.7,9e-06,1.2e-05,0.000119,0.000127,1e-06,8e-06,,,,,,,
468.8,1.1e-05,1.2e-05,0.000117,0.000129,1e-06,8e-06,,,,,,,
468.9,1.39997e-05,1.2e-05,0.000114999,0.000132001,9.99695e-07,8e-06,,,,,,,
469.0,1.3e-05,1.2e-05,0.000113,0.000134,,8e-06,,,,,,,
469.1,1.1e-05,1.2e-05,0.000112,0.000137,,8e-06,,,,,,,
469.2,9e-06,1.1e-05,0.000111,0.000139,,8e-06,,,,,,,
469.3,7e-06,1.1e-05,0.00011,0.000142,,8e-06,,,,,,,
469.4,5.00031e-06,1.1e-05,0.000108,0.000146001,,8e-06,,,,,,,
469.5,6e-06,1.1e-05,0.000107,0.000149,,8e-06,,,,,,,
469.6,8e-06,1.1e-05,0.000106,0.000153,,8e-06,,,,,,,
469.7,9e-06,1.1e-05,0.000105,0.000156,,8e-06,,,,,,,
469.8,1.1e-05,1.1e-05,0.000104,0.00016,,8e-06,,,,,,,
469.9,1.29994e-05,1e-05,0.000103,0.000164002,3.05157e-10,8e-06,,,,,,,
470.0,1.1e-05,1e-05,0.000102,0.000169,1e-06,8e-06,,,,,,,
470.1,9e-06,1e-05,0.000101,0.000173,3e-06,8e-06,,,,,,,
470.2,6e-06,1e-05,1e-04,0.000177,5e-06,8e-06,,,,,,,
470.3,4e-06,1e-05,9.9e-05,0.000182,6e-06,8e-06,,,,,,,
470.4,2e-06,1e-05,9.79997e-05,0.000187002,7.99969e-06,8e-06,,,,,,,
470.5,2e-06,1e-05,9.7e-05,0.000193,7e-06,8e-06,,,,,,,
470.6,1e-06,1e-05,9.6e-05,0.000199,6e-06,8e-06,,,,,,,
470.7,1e-06,9e-06,9.5e-05,0.000204,4e-06,8e-06,,,,,,,
470.8,1e-06,9e-06,9.4e-05,0.00021,2e-06,8e-06,,,,,,,
470.9,6.10314e-10,9e-06,9.29997e-05,0.000216002,9.99695e-07,8e-06,,,,,,,
471.0,2e-06,9e-06,9.2e-05,0.000222,,8e-06,,,,,,,
471.1,4e-06,9e-06,9e-05,0.000228,,8e-06,,,,,,,
471.2,6e-06,9e-06,8.9e-05,0.000234,,8e-06,,,,,,,
471.3,8e-06,9e-06,8.8e-05,0.00024,1e-06,8e-06,,,,,,,
471.4,9.99969e-06,9e-06,8.69997e-05,0.000248002,1.00031e-06,8e-06,,,,,,,
471.5,9e-06,9e-06,8.6e-05,0.000255,2e-06,8e-06,,,,,,,
471.6,7e-06,8e-06,8.6e-05,0.000262,3e-06,8e-06,,,,,,,
471.7,6e-06,8e-06,8.5e-05,0.000269,5e-06,8e-06,,,,,,,
471.8,4e-06,8e-06,8.5e-05,0.000278,7e-06,8e-06,,,,,,,
471.9,2.99969e-06,8e-06,8.4e-05,0.000287003,8e-06,8e-06,,,,,,,
472.0,2e-06,8e-06,8.4e-05,0.000297,8e-06,8e-06,,,,,,,
472.1,2e-06,8e-06,8.4e-05,0.000306,6e-06,8e-06,,,,,,,
472.2,1e-06,8e-06,8.3e-05,0.000316,4e-06,8e-06,,,,,,,
472.3,1e-06,8e-06,8.3e-05,0.000327,3e-06,8e-06,,,,,,,
472.4,3.05157e-10,8e-06,8.2e-05,0.000338004,9.99695e-07,8e-06,,,,,,,
472.5,1e-06,8e-06,8.2e-05,0.00035,,8e-06,,,,,,,
472.6,1e-06,7e-06,8.1e-05,0.000362,,8e-06,,,,,,,
472.7,2e-06,7e-06,8.1e-05,0.000374,1e-06,8e-06,,,,,,,
472.8,2e-06,7e-06,8e-05,0.000386,1e-06,8e-06,,,,,,,
472.9,2.99969e-06,7e-06,7.9e-05,0.000399004,1.00031e-06,8e-06,,,,,,,
473.0,2e-06,7e-06,7.9e-05,0.000412,2e-06,8e-06,,,,,,,
473.1,2e-06,7e-06,7.8e-05,0.000424,3e-06,8e-06,,,,,,,
473.2,2e-06,7e-06,7.8e-05,0.000437,5e-06,8e-06,,,,,,,
473.3,1e-06,7e-06,7.7e-05,0.000452,7e-06,8e-06,,,,,,,
473.4,1e-06,7e-06,7.59997e-05,0.000468005,8.00031e-06,8e-06,,,,,,,
473.5,1e-06,7e-06,7.5e-05,0.000485,9e-06,8e-06,,,,,,,
473.6,2e-06,7e-06,7.5e-05,0.000501,9e-06,8e-06,,,,,,,
473.7,2e-06,7e-06,7.4e-05,0.000519,9e-06,8e-06,,,,,,,
473.8,2e-06,7e-06,7.4e-05,0.000539,9e-06,8e-06,,,,,,,
473.9,2e-06,7e-06,7.3e-05,0.000562007,8.99969e-06,8e-06,,,,,,,
474.0,2e-06,7e-06,7.3e-05,0.000584,8e-06,8e-06,,,,,,,
474.1,2e-06,7e-06,7.2e-05,0.00061,6e-06,8e-06,,,,,,,
474.2,2e-06,7e-06,7.2e-05,0.000632,4e-06,8e-06,,,,,,,
474.3,2e-06,7e-06,7.2e-05,0.000655,2e-06,8e-06,,,,,,,
474.4,2e-06,7e-06,7.19997e-05,0.00068201,1e-06,8e-06,,,,,,,
474.5,2e-06,7e-06,7.1e-05,0.000713,1e-06,8e-06,,,,,,,
474.6,2e-06,7e-06,7.1e-05,0.000739,3e-06,8e-06,,,,,,,
474.7,1e-06,7e-06,7.1e-05,0.000762,5e-06,8e-06,,,,,,,
474.8,1e-06,7e-06,7e-05,0.000795,7e-06,8e-06,,,,,,,
474.9,9.15471e-10,7e-06,7e-05,0.000832012,8e-06,8e-06,,,,,,,
475.0,3e-06,7e-06,7e-05,0.00087,8e-06,8e-06,,,,,,,
475.1,7e-06,8e-06,6.9e-05,0.000901,6e-06,8e-06,,,,,,,
475.2,1e-05,8e-06,6.8e-05,0.000924,5e-06,8e-06,,,,,,,
475.3,1.3e-05,8e-06,6.8e-05,0.000965,3e-06,8e-06,,,,,,,
475.4,1.60003e-05,8e-06,6.69997e-05,0.00101501,1e-06,8e-06,,,,,,,
475.5,1.7e-05,8e-06,6.6e-05,0.001055,1e-06,8e-06,,,,,,,
475.6,1.7e-05,8e-06,6.6e-05,0.001089,1e-06,8e-06,,,,,,,
475.7,1.8e-05,9e-06,6.6e-05,0.001125,1e-06,8e-06,,,,,,,
475.8,1.8e-05,9e-06,6.6e-05,0.001187,1e-06,8e-06,,,,,,,
475.9,1.8e-05,9.00031e-06,6.6e-05,0.00125001,1.00061e-06,8e-06,,,,,,,
476.0,1.8e-05,1e-05,6.6e-05,0.001293,3e-06,8e-06,,,,,,,
476.1,1.8e-05,1e-05,6.6e-05,0.00133,4e-06,8e-06,,,,,,,
476.2,1.8e-05,1e-05,6.6e-05,0.001378,6e-06,8e-06,,,,,,,
476.3,1.8e-05,1e-05,6.7e-05,0.001438,7e-06,8e-06,,,,,,,
476.4,1.79991e-05,1.1e-05,6.7e-05,0.00150803,8e-06,8e-06,,,,,,,
476.5,1.5e-05,1.1e-05,6.7e-05,0.001601,8e-06,8e-06,,,,,,,
476.6,1.2e-05,1.1e-05,6.7e-05,0.00168,6e-06,8e-06,,,,,,,
476.7,8e-06,1.2e-05,6.6e-05,0.001745,4e-06,8e-06,,,,,,,
476.8,5e-06,1.2e-05,6.5e-05,0.001837,3e-06,8e-06,,,,,,,
476.9,1e-06,1.2e-05,6.39997e-05,0.00192802,1e-06,8e-06,,,,,,,
477.0,1e-06,1.2e-05,6.3e-05,0.001995,1e-06,8e-06,,,,,,,
477.1,2e-06,1.3e-05,6.3e-05,0.002108,1e-06,8e-06,,,,,,,
477.2,3e-06,1.3e-05,6.3e-05,0.002242,1e-06,8e-06,,,,,,,
477.3,4e-06,1.3e-05,6.2e-05,0.002348,1e-06,8e-06,,,,,,,
477.4,4.99969e-06,1.3e-05,6.19997e-05,0.00241603,1e-06,8e-06,,,,,,,
477.5,4e-06,1.3e-05,6.1e-05,0.002505,1e-06,8e-06,,,,,,,
477.6,4e-06,1.3e-05,6.1e-05,0.002647,1e-06,8e-06,,,,,,,
477.7,4e-06,1.3e-05,6.2e-05,0.002788,1e-06,8e-06,,,,,,,
477.8,4e-06,1.3e-05,6.2e-05,0.002931,1e-06,8e-06,,,,,,,
477.9,3.99969e-06,1.29997e-05,6.3e-05,0.00312204,1.99969e-06,8e-06,,,,,,,
478.0,3e-06,1.2e-05,6.3e-05,0.003247,1e-06,8e-06,,,,,,,
478.1,3e-06,1.2e-05,6.3e-05,0.003399,1e-06,8e-06,,,,,,,
478.2,3e-06,1.2e-05,6.3e-05,0.003589,1e-06,8e-06,,,,,,,
478.3,3e-06,1.2e-05,6.3e-05,0.003817,1e-06,8e-06,,,,,,,
478.4,2e-06,1.1e-05,6.2e-05,0.00402207,1e-06,8e-06,,,,,,,
478.5,2e-06,1.1e-05,6.2e-05,0.004237,1e-06,8e-06,,,,,,,
478.6,2e-06,1.1e-05,6.2e-05,0.004494,1e-06,8e-06,,,,,,,
478.7,1e-06,1e-05,6.3e-05,0.004806,1e-06,8e-06,,,,,,,
478.8,1e-06,1e-05,6.3e-05,0.005109,1e-06,8e-06,,,,,,,
478.9,1.00031e-06,9.99969e-06,6.30003e-05,0.0054871,2e-06,8e-06,,,,,,,
479.0,2e-06,9e-06,6.4e-05,0.005799,2e-06,8e-06,,,,,,,
479.1,4e-06,9e-06,6.3e-05,0.006133,2e-06,8e-06,,,,,,,
479.2,6e-06,9e-06,6.3e-05,0.006459,1e-06,8e-06,,,,,,,
479.3,7e-06,9e-06,6.2e-05,0.006842,1e-06,8e-06,,,,,,,
479.4,8.99969e-06,8e-06,6.1e-05,0.00733115,1e-06,8e-06,,,,,,,
479.5,8e-06,8e-06,6.1e-05,0.007835,1e-06,8e-06,,,,,,,
479.6,6e-06,8e-06,6.1e-05,0.008269,1e-06,8e-06,,,,,,,
479.7,5e-06,8e-06,6.1e-05,0.008825,1e-06,8e-06,,,,,,,
479.8,3e-06,8e-06,6.2e-05,0.009428,1e-06,8e-06,,,,,,,
479.9,2e-06,7.99969e-06,6.2e-05,0.0101712,1e-06,8e-06,,,,,,,
480.0,2e-06,7e-06,6.2e-05,0.010862,1e-06,8e-06,,,,,,,
480.1,2e-06,7e-06,6.2e-05,0.011661,1e-06,8e-06,,,,,,,
480.2,2e-06,7e-06,6.1e-05,0.012619,2e-06,8e-06,,,,,,,
480.3,3e-06,7e-06,6.1e-05,0.013582,2e-06,8e-06,,,,,,,
480.4,3e-06,7e-06,5.99997e-05,0.0146453,2e-06,8e-06,,,,,,,
480.5,3e-06,7e-06,5.9e-05,0.015624,2e-06,8e-06,,,,,,,
480.6,3e-06,7e-06,5.9e-05,0.016909,2e-06,8e-06,,,,,,,
480.7,2e-06,7e-06,5.8e-05,0.018307,1e-06,8e-06,,,,,,,
480.8,2e-06,7e-06,5.7e-05,0.019794,1e-06,8e-06,,,,,,,
480.9,2.00061e-06,7e-06,5.69997e-05,0.0215856,3.05157e-10,8e-06,,,,,,,
481.0,4e-06,7e-06,5.6e-05,0.023552,1e-06,8e-06,,,,,,,
481.1,6e-06,7e-06,5.6e-05,0.025739,1e-06,8e-06,,,,,,,
481.2,8e-06,7e-06,5.7e-05,0.028125,1e-06,8e-06,,,,,,,
481.3,1e-05,7e-06,5.8e-05,0.030507,2e-06,8e-06,,,,,,,
481.4,1.19994e-05,7e-06,5.90003e-05,0.033313,2.00031e-06,8e-06,,,,,,,
481.5,1e-05,7e-06,6e-05,0.036648,3e-06,8e-06,,,,,,,
481.6,8e-06,7e-06,6.1e-05,0.040203,4e-06,8e-06,,,,,,,
481.7,5e-06,7e-06,6e-05,0.043887,6e-06,8e-06,,,,,,,
481.8,3e-06,7e-06,6e-05,0.047702,7e-06,8e-06,,,,,,,
481.9,1.00061e-06,7e-06,6e-05,0.0524066,8e-06,8e-06,,,,,,,
482.0,3e-06,7e-06,6e-05,0.057738,8e-06,8e-06,,,,,,,
482.1,6e-06,7e-06,5.9e-05,0.06314,7e-06,8e-06,,,,,,,
482.2,9e-06,8e-06,5.9e-05,0.069604,5e-06,8e-06,,,,,,,
482.3,1.1e-05,8e-06,5.8e-05,0.076166,4e-06,8e-06,,,,,,,
482.4,1.39994e-05,8e-06,5.7e-05,0.0834406,2.99969e-06,8e-06,,,,,,,
482.5,1.2e-05,8e-06,5.7e-05,0.092103,2e-06,8e-06,,,,,,,
482.6,1e-05,8e-06,5.7e-05,0.10116,3e-06,8e-06,,,,,,,
482.7,7e-06,8e-06,5.7e-05,0.11038,3e-06,8e-06,,,,,,,
482.8,5e-06,9e-06,5.8e-05,0.121332,3e-06,8e-06,,,,,,,
482.9,2.00092e-06,9e-06,5.80003e-05,0.133042,4e-06,8e-06,,,,,,,
483.0,5e-06,9e-06,5.9e-05,0.145014,4e-06,8e-06,,,,,,,
483.1,7e-06,9e-06,5.9e-05,0.158472,4e-06,8e-06,,,,,,,
483.2,1e-05,9e-06,6e-05,0.173167,4e-06,8e-06,,,,,,,
483.3,1.3e-05,1e-05,6e-05,0.188127,4e-06,8e-06,,,,,,,
483.4,1.6e-05,1e-05,6.1e-05,0.204207,3.00031e-06,8e-06,,,,,,,
483.5,1.6e-05,1e-05,6.1e-05,0.222736,4e-06,8e-06,,,,,,,
483.6,1.6e-05,1e-05,6.1e-05,0.240351,4e-06,8e-06,,,,,,,
483.7,1.6e-05,1e-05,6.1e-05,0.259182,4e-06,8e-06,,,,,,,
483.8,1.6e-05,1e-05,6e-05,0.28111,4e-06,8e-06,,,,,,,
483.9,1.59991e-05,1.00003e-05,5.99997e-05,0.301841,4.00031e-06,8e-06,,,,,,,
484.0,1.3e-05,1.1e-05,5.9e-05,0.324857,5e-06,8e-06,,,,,,,
484.1,1e-05,1.1e-05,6e-05,0.347453,5e-06,8e-06,,,,,,,
484.2,7e-06,1.1e-05,6e-05,0.371103,6e-06,8e-06,,,,,,,
484.3,4e-06,1.1e-05,6.1e-05,0.394636,7e-06,8e-06,,,,,,,
484.4,1.00031e-06,1.1e-05,6.20003e-05,0.421798,7.00031e-06,8e-06,,,,,,,
484.5,2e-06,1.1e-05,6.3e-05,0.45105,8e-06,8e-06,,,,,,,
484.6,2e-06,1.1e-05,6.3e-05,0.483541,8e-06,8e-06,,,,,,,
484.7,3e-06,1.1e-05,6.2e-05,0.510715,8e-06,8e-06,,,,,,,
484.8,3e-06,1.1e-05,6.2e-05,0.538088,8e-06,8e-06,,,,,,,
484.9,4e-06,1.1e-05,6.19997e-05,0.569841,9e-06,8e-06,,,,,,,
485.0,4e-06,1.1e-05,6.1e-05,0.603036,9e-06,8e-06,,,,,,,
485.1,3e-06,1.1e-05,6.2e-05,0.632262,8e-06,8e-06,,,,,,,
485.2,3e-06,1.1e-05,6.3e-05,0.663553,8e-06,8e-06,,,,,,,
485.3,2e-06,1.1e-05,6.3e-05,0.6925,8e-06,8e-06,,,,,,,
485.4,2.00061e-06,1.1e-05,6.40003e-05,0.719244,8.00031e-06,8e-06,,,,,,,
485.5,4e-06,1.1e-05,6.5e-05,0.748465,9e-06,8e-06,,,,,,,
485.6,7e-06,1.1e-05,6.5e-05,0.78203,1e-05,8e-06,,,,,,,
485.7,1e-05,1.1e-05,6.5e-05,0.81143,1.2e-05,8e-06,,,,,,,
485.8,1.3e-05,1.1e-05,6.5e-05,0.835399,1.3e-05,8e-06,,,,,,,
485.9,1.49994e-05,1.1e-05,6.4e-05,0.855521,1.40003e-05,8e-06,,,,,,,
486.0,1.3e-05,1.1e-05,6.4e-05,0.880439,1.5e-05,8e-06,,,,,,,
486.1,1e-05,1.1e-05,6.5e-05,0.899496,1.5e-05,8e-06,,,,,,,
486.2,8e-06,1.1e-05,6.6e-05,0.916731,1.4e-05,8e-06,,,,,,,
486.3,5e-06,1.1e-05,6.7e-05,0.930226,1.4e-05,8e-06,,,,,,,
486.4,2.00061e-06,1.1e-05,6.80003e-05,0.941575,1.4e-05,8e-06,,,,,,,
486.5,4e-06,1.1e-05,6.9e-05,0.94917,1.4e-05,8e-06,,,,,,,
486.6,7e-06,1.1e-05,6.8e-05,0.953643,1.5e-05,8e-06,,,,,,,
486.7,9e-06,1.1e-05,6.7e-05,0.964117,1.5e-05,8e-06,,,,,,,
486.8,1.2e-05,1.1e-05,6.6e-05,0.96864,1.6e-05,8e-06,,,,,,,
486.9,1.49991e-05,1.1e-05,6.49994e-05,0.971593,1.60003e-05,8e-06,,,,,,,
487.0,1.2e-05,1.1e-05,6.3e-05,0.975638,1.7e-05,8e-06,,,,,,,
487.1,1e-05,1.1e-05,6.4e-05,0.977778,1.7e-05,8e-06,,,,,,,
487.2,7e-06,1.1e-05,6.6e-05,0.984545,1.8e-05,8e-06,,,,,,,
487.3,5e-06,1.1e-05,6.7e-05,0.987279,1.8e-05,8e-06,,,,,,,
487.4,3.00031e-06,1.1e-05,6.90003e-05,0.981094,1.90003e-05,8e-06,,,,,,,
487.5,4e-06,1.1e-05,7e-05,0.984138,2e-05,8e-06,,,,,,,
487.6,6e-06,1.1e-05,7e-05,0.985598,2.1e-05,8e-06,,,,,,,
487.7,8e-06,1.1e-05,7e-05,0.980587,2.2e-05,8e-06,,,,,,,
487.8,1.1e-05,1.1e-05,7e-05,0.98342,2.3e-05,8e-06,,,,,,,
487.9,1.3e-05,1.1e-05,6.9e-05,0.981823,2.4e-05,8e-06,,,,,,,
488.0,1.3e-05,1.1e-05,6.9e-05,0.981852,2.4e-05,8e-06,,,,,,,
488.1,1.2e-05,1.1e-05,6.9e-05,0.981109,2.5e-05,8e-06,,,,,,,
488.2,1.2e-05,1.1e-05,7e-05,0.985287,2.6e-05,8e-06,,,,,,,
488.3,1.2e-05,1e-05,7.1e-05,0.986027,2.7e-05,8e-06,,,,,,,
488.4,1.1e-05,1e-05,7.10003e-05,0.982563,2.80003e-05,8e-06,,,,,,,
488.5,1.1e-05,1e-05,7.2e-05,0.983431,2.9e-05,8e-06,,,,,,,
488.6,1.1e-05,1e-05,7.2e-05,0.989637,3e-05,8e-06,,,,,,,
488.7,1.1e-05,1e-05,7.2e-05,0.990278,3e-05,8e-06,,,,,,,
488.8,1.1e-05,8e-06,7.2e-05,0.991061,3.1e-05,8e-06,,,,,,,
488.9,1.09994e-05,6.99939e-06,7.2e-05,0.989931,3.20003e-05,8e-06,,,,,,,
489.0,9e-06,5e-06,7.2e-05,0.995502,3.3e-05,8e-06,,,,,,,
489.1,6e-06,3e-06,7.2e-05,0.99311,3.5e-05,8e-06,,,,,,,
489.2,4e-06,2e-06,7.3e-05,0.992372,3.6e-05,8e-06,,,,,,,
489.3,2e-06,3e-06,7.4e-05,0.996063,3.7e-05,8e-06,,,,,,,
489.4,,6.00061e-06,7.5e-05,0.993502,3.80006e-05,8e-06,,,,,,,
489.5,,8e-06,7.5e-05,0.991885,4e-05,8e-06,,,,,,,
489.6,,1e-05,7.6e-05,0.98845,4.1e-05,8e-06,,,,,,,
489.7,1e-06,1.2e-05,7.6e-05,0.990292,4.2e-05,8e-06,,,,,,,
489.8,1e-06,1.4e-05,7.6e-05,0.994425,4.4e-05,8e-06,,,,,,,
489.9,1e-06,1.60003e-05,7.60003e-05,0.998768,4.50003e-05,8e-06,,,,,,,
490.0,1e-06,1.7e-05,7.7e-05,1.0,4.6e-05,8e-06,,,,,,,
490.1,1e-06,1.9e-05,7.7e-05,0.992419,4.7e-05,8e-06,,,,,,,
490.2,1e-06,2e-05,7.7e-05,0.98985,4.9e-05,8e-06,,,,,,,
490.3,1e-06,2.1e-05,7.8e-05,0.989592,5e-05,8e-06,,,,,,,
490.4,2.00031e-06,2.10003e-05,7.8e-05,0.989079,5.10006e-05,8e-06,,,,,,,
490.5,3e-06,2.2e-05,7.8e-05,0.983547,5.3e-05,8e-06,,,,,,,
490.6,4e-06,2.2e-05,7.9e-05,0.982835,5.4e-05,8e-06,,,,,,,
490.7,6e-06,2.2e-05,8e-05,0.989278,5.6e-05,8e-06,,,,,,,
490.8,7e-06,2.2e-05,8.1e-05,0.993545,5.7e-05,8e-06,,,,,,,
490.9,9e-06,2.19997e-05,8.20003e-05,0.986632,5.90006e-05,8e-06,,,,,,,
491.0,9e-06,2.1e-05,8.3e-05,0.981025,6.1e-05,8e-06,,,,,,,
491.1,9e-06,2.1e-05,8.4e-05,0.983256,6.3e-05,8e-06,,,,,,,
491.2,9e-06,2.1e-05,8.5e-05,0.980303,6.5e-05,8e-06,,,,,,,
491.3,9e-06,2e-05,8.6e-05,0.978028,6.6e-05,8e-06,,,,,,,
491.4,8.99969e-06,1.9e-05,8.70003e-05,0.977232,6.80006e-05,8e-06,,,,,,,
491.5,8e-06,1.9e-05,8.8e-05,0.973024,7e-05,8e-06,,,,,,,
491.6,6e-06,1.8e-05,8.8e-05,0.966356,7.1e-05,8e-06,,,,,,,
491.7,5e-06,1.7e-05,8.8e-05,0.965558,7.3e-05,8e-06,,,,,,,
491.8,3e-06,1.6e-05,8.8e-05,0.967046,7.4e-05,8e-06,,,,,,,
491.9,2.00031e-06,1.39994e-05,8.7e-05,0.96681,7.60003e-05,8e-06,,,,,,,
492.0,3e-06,1.2e-05,8.7e-05,0.968082,7.7e-05,8e-06,,,,,,,
492.1,5e-06,1.1e-05,8.7e-05,0.963944,7.9e-05,8e-06,,,,,,,
492.2,7e-06,9e-06,8.6e-05,0.95786,8.1e-05,8e-06,,,,,,,
492.3,9e-06,8e-06,8.6e-05,0.958111,8.3e-05,8e-06,,,,,,,
492.4,9.99969e-06,5.9997e-06,8.6e-05,0.956842,8.50009e-05,8e-06,,,,,,,
492.5,9e-06,5e-06,8.6e-05,0.952606,8.8e-05,8e-06,,,,,,,
492.6,7e-06,3e-06,8.6e-05,0.950523,9e-05,8e-06,,,,,,,
492.7,5e-06,1e-06,8.7e-05,0.946638,9.2e-05,8e-06,,,,,,,
492.8,4e-06,1e-06,8.7e-05,0.937879,9.4e-05,8e-06,,,,,,,
492.9,2e-06,1e-06,8.80003e-05,0.934377,9.70006e-05,8e-06,,,,,,,
493.0,2e-06,1e-06,8.9e-05,0.925507,9.9e-05,8e-06,,,,,,,
493.1,3e-06,1e-06,8.9e-05,0.918259,0.000102,8e-06,,,,,,,
493.2,3e-06,2e-06,9e-05,0.908288,0.000105,8e-06,,,,,,,
493.3,3e-06,3e-06,9e-05,0.897913,0.000107,8e-06,,,,,,,
493.4,3.99969e-06,4.00031e-06,9.1e-05,0.888547,0.000110001,8e-06,,,,,,,
493.5,3e-06,5e-06,9.1e-05,0.877275,0.000113,8e-06,,,,,,,
493.6,3e-06,6e-06,9.1e-05,0.862319,0.000117,8e-06,,,,,,,
493.7,2e-06,7e-06,9.2e-05,0.843771,0.00012,8e-06,,,,,,,
493.8,1e-06,8e-06,9.2e-05,0.823925,0.000123,8e-06,,,,,,,
493.9,1.00061e-06,8e-06,9.20003e-05,0.806909,0.000126001,8e-06,,,,,,,
494.0,3e-06,8e-06,9.3e-05,0.786835,0.00013,8e-06,,,,,,,
494.1,6e-06,8e-06,9.3e-05,0.765012,0.000133,8e-06,,,,,,,
494.2,8e-06,8e-06,9.4e-05,0.739899,0.000136,8e-06,,,,,,,
494.3,1.1e-05,8e-06,9.5e-05,0.711257,0.000139,8e-06,,,,,,,
494.4,1.29994e-05,8e-06,9.6e-05,0.681421,0.000142001,8e-06,,,,,,,
494.5,1.1e-05,8e-06,9.6e-05,0.6512,0.000146,8e-06,,,,,,,
494.6,8e-06,8e-06,9.7e-05,0.622166,0.000149,8e-06,,,,,,,
494.7,6e-06,9e-06,9.7e-05,0.591192,0.000153,8e-06,,,,,,,
494.8,3e-06,9e-06,9.8e-05,0.560058,0.000156,8e-06,,,,,,,
494.9,1.00061e-06,9e-06,9.80003e-05,0.526105,0.000160001,8e-06,,,,,,,
495.0,3e-06,9e-06,9.9e-05,0.491767,0.000163,8e-06,,,,,,,
495.1,5e-06,9e-06,9.9e-05,0.461117,0.000167,8e-06,,,,,,,
495.2,8e-06,9e-06,9.8e-05,0.430196,0.00017,8e-06,,,,,,,
495.3,1e-05,9e-06,9.8e-05,0.40038,0.000174,9e-06,,,,,,,
495.4,1.3e-05,9e-06,9.79997e-05,0.369583,0.000177002,9e-06,,,,,,,
495.5,1.3e-05,9e-06,9.7e-05,0.340313,0.000182,9e-06,,,,,,,
495.6,1.3e-05,9e-06,9.7e-05,0.315955,0.000187,9e-06,,,,,,,
495.7,1.3e-05,9e-06,9.8e-05,0.291145,0.000192,9e-06,,,,,,,
495.8,1.3e-05,9e-06,9.8e-05,0.266704,0.000198,9e-06,,,,,,,
495.9,1.3e-05,9e-06,9.8e-05,0.242656,0.000203002,9e-06,,,,,,,
496.0,1.3e-05,9e-06,9.8e-05,0.220829,0.000208,9e-06,,,,,,,
496.1,1.3e-05,9e-06,9.7e-05,0.202347,0.000212,9e-06,,,,,,,
496.2,1.3e-05,9e-06,9.6e-05,0.184895,0.000216,9e-06,,,,,,,
496.3,1.3e-05,9e-06,9.5e-05,0.16842,0.000221,9e-06,,,,,,,
496.4,1.3e-05,9e-06,9.4e-05,0.152667,0.000225002,9e-06,,,,,,,
496.5,1.3e-05,9e-06,9.4e-05,0.138789,0.00023,9e-06,,,,,,,
496.6,1.3e-05,9e-06,9.4e-05,0.12677,0.000235,9e-06,,,,,,,
496.7,1.3e-05,9e-06,9.4e-05,0.115405,0.00024,9e-06,,,,,,,
496.8,1.3e-05,9e-06,9.4e-05,0.105492,0.000244,9e-06,,,,,,,
496.9,1.3e-05,9e-06,9.4e-05,0.0954863,0.000249002,9e-06,,,,,,,
497.0,1.3e-05,9e-06,9.4e-05,0.086677,0.000255,9e-06,,,,,,,
497.1,1.3e-05,9e-06,9.4e-05,0.079355,0.000262,9e-06,,,,,,,
497.2,1.3e-05,9e-06,9.3e-05,0.073001,0.000269,9e-06,,,,,,,
497.3,1.3e-05,9e-06,9.2e-05,0.066997,0.000276,9e-06,,,,,,,
497.4,1.3e-05,9e-06,8.99997e-05,0.0614245,0.000282002,9e-06,,,,,,,
497.5,1.3e-05,9e-06,8.9e-05,0.056504,0.000288,9e-06,,,,,,,
497.6,1.3e-05,9e-06,8.9e-05,0.051951,0.000294,9e-06,,,,,,,
497.7,1.3e-05,9e-06,8.8e-05,0.047782,0.000299,9e-06,,,,,,,
497.8,1.3e-05,9e-06,8.7e-05,0.044424,0.000305,9e-06,,,,,,,
497.9,1.2e-05,9e-06,8.69997e-05,0.041599,0.000310002,9e-06,,,,,,,
498.0,1.2e-05,9e-06,8.6e-05,0.038435,0.000317,9e-06,,,,,,,
498.1,1.2e-05,9e-06,8.5e-05,0.035509,0.000325,9e-06,,,,,,,
498.2,1.2e-05,9e-06,8.4e-05,0.032766,0.000333,9e-06,,,,,,,
498.3,1.2e-05,9e-06,8.2e-05,0.030354,0.000341,9e-06,,,,,,,
498.4,1.19997e-05,9e-06,8.09994e-05,0.0283424,0.000349002,9e-06,,,,,,,
498.5,1.1e-05,9e-06,7.9e-05,0.026309,0.000356,9e-06,,,,,,,
498.6,1.1e-05,9e-06,7.9e-05,0.024379,0.000363,9e-06,,,,,,,
498.7,1.1e-05,9e-06,7.9e-05,0.022827,0.00037,9e-06,,,,,,,
498.8,1.1e-05,9e-06,7.9e-05,0.021364,0.000377,9e-06,,,,,,,
498.9,1.09994e-05,9e-06,7.9e-05,0.0198486,0.000383003,9e-06,,,,,,,
499.0,9e-06,9e-06,7.9e-05,0.018535,0.000392,9e-06,,,,,,,
499.1,8e-06,9e-06,7.7e-05,0.017413,0.000401,9e-06,,,,,,,
499.2,7e-06,9e-06,7.5e-05,0.016274,0.000411,9e-06,,,,,,,
499.3,5e-06,9e-06,7.3e-05,0.015241,0.00042,9e-06,,,,,,,
499.4,3.99969e-06,8e-06,7.09994e-05,0.0142218,0.000429003,9e-06,,,,,,,
499.5,3e-06,8e-06,6.9e-05,0.013442,0.000439,9e-06,,,,,,,
499.6,3e-06,8e-06,6.8e-05,0.01275,0.000448,9e-06,,,,,,,
499.7,2e-06,8e-06,6.7e-05,0.011912,0.000457,9e-06,,,,,,,
499.8,2e-06,8e-06,6.6e-05,0.011274,0.000468,9e-06,,,,,,,
499.9,1.00031e-06,8e-06,6.49997e-05,0.0106508,0.000478004,9e-06,,,,,,,
500.0,2e-06,8e-06,6.4e-05,0.010038,0.00049,9e-06,,,,,,,
500.1,4e-06,7e-06,6.2e-05,0.009515,0.000502,9e-06,,,,,,,
500.2,5e-06,7e-06,6.1e-05,0.009046,0.000515,9e-06,,,,,,,
500.3,7e-06,7e-06,5.9e-05,0.008608,0.000525,9e-06,,,,,,,
500.4,7.99969e-06,7e-06,5.79994e-05,0.00819386,0.000537005,9e-06,,,,,,,
500.5,7e-06,7e-06,5.6e-05,0.00773,0.000553,9e-06,,,,,,,
500.6,5e-06,7e-06,5.5e-05,0.007349,0.000567,9e-06,,,,,,,
500.7,4e-06,7e-06,5.5e-05,0.007002,0.000579,9e-06,,,,,,,
500.8,2e-06,7e-06,5.4e-05,0.006636,0.000591,9e-06,,,,,,,
500.9,1.00031e-06,6.99969e-06,5.29997e-05,0.00630591,0.000605005,9e-06,,,,,,,
501.0,2e-06,6e-06,5.2e-05,0.006006,0.000623,9e-06,,,,,,,
501.1,3e-06,6e-06,5.2e-05,0.005728,0.00064,9e-06,,,,,,,
501.2,5e-06,6e-06,5.2e-05,0.005507,0.000653,9e-06,,,,,,,
501.3,6e-06,6e-06,5.2e-05,0.005265,0.000668,9e-06,,,,,,,
501.4,7.99969e-06,6e-06,5.20003e-05,0.00501692,0.000683005,9e-06,,,,,,,
501.5,7e-06,6e-06,5.3e-05,0.004754,0.000699,9e-06,,,,,,,
501.6,5e-06,6e-06,5.2e-05,0.004538,0.00072,9e-06,,,,,,,
501.7,4e-06,6e-06,5.1e-05,0.004327,0.000738,9e-06,,,,,,,
501.8,2e-06,6e-06,5e-05,0.004142,0.000751,9e-06,,,,,,,
501.9,1e-06,6e-06,4.89997e-05,0.00396794,0.000771006,9e-06,,,,,,,
502.0,1e-06,6e-06,4.8e-05,0.00378,0.000792,9e-06,,,,,,,
502.1,1e-06,6e-06,4.7e-05,0.00362,0.000804,9e-06,,,,,,,
502.2,2e-06,6e-06,4.5e-05,0.003456,0.000817,9e-06,,,,,,,
502.3,2e-06,6e-06,4.4e-05,0.003292,0.000844,9e-06,,,,,,,
502.4,2e-06,6e-06,4.19997e-05,0.00314796,0.000873008,9e-06,,,,,,,
502.5,2e-06,6e-06,4.1e-05,0.003027,0.0009,9e-06,,,,,,,
502.6,2e-06,6e-06,4e-05,0.002905,0.000916,9e-06,,,,,,,
502.7,1e-06,6e-06,4.1e-05,0.002767,0.000935,9e-06,,,,,,,
502.8,1e-06,6e-06,4.1e-05,0.002651,0.000965,9e-06,,,,,,,
502.9,9.15471e-10,6e-06,4.1e-05,0.00255097,0.000992003,9e-06,,,,,,,
503.0,3e-06,6e-06,4.1e-05,0.002446,0.001002,9e-06,,,,,,,
503.1,5e-06,6e-06,4.1e-05,0.002344,0.001023,9e-06,,,,,,,
503.2,7e-06,6e-06,4e-05,0.002237,0.001053,9e-06,,,,,,,
503.3,1e-05,6e-06,3.9e-05,0.002143,0.001078,9e-06,,,,,,,
503.4,1.2e-05,6e-06,3.89997e-05,0.00206098,0.00109601,9e-06,,,,,,,
503.5,1.2e-05,6e-06,3.8e-05,0.001979,0.001115,9e-06,,,,,,,
503.6,1.2e-05,7e-06,3.8e-05,0.001897,0.001147,9e-06,,,,,,,
503.7,1.2e-05,7e-06,3.7e-05,0.001817,0.001192,9e-06,,,,,,,
503.8,1.3e-05,7e-06,3.7e-05,0.001746,0.00123,9e-06,,,,,,,
503.9,1.29994e-05,7e-06,3.69997e-05,0.00168098,0.00126701,9e-06,,,,,,,
504.0,1.1e-05,7e-06,3.6e-05,0.001616,0.001312,9e-06,,,,,,,
504.1,9e-06,7e-06,3.5e-05,0.001552,0.00134,9e-06,,,,,,,
504.2,7e-06,8e-06,3.4e-05,0.001487,0.001363,9e-06,,,,,,,
504.3,5e-06,7e-06,3.3e-05,0.001431,0.001385,9e-06,,,,,,,
504.4,3e-06,6.99969e-06,3.09997e-05,0.00138099,0.00141901,9e-06,,,,,,,
504.5,3e-06,6e-06,3e-05,0.001332,0.001456,9e-06,,,,,,,
504.6,3e-06,6e-06,3e-05,0.001282,0.001492,9e-06,,,,,,,
504.7,4e-06,5e-06,2.9e-05,0.001233,0.001543,9e-06,,,,,,,
504.8,4e-06,6e-06,2.9e-05,0.001188,0.001588,9e-06,,,,,,,
504.9,3.99969e-06,7.00031e-06,2.8e-05,0.00114599,0.00161101,9e-06,,,,,,,
505.0,3e-06,8e-06,2.8e-05,0.001105,0.001637,9e-06,,,,,,,
505.1,3e-06,9e-06,2.8e-05,0.001064,0.001693,9e-06,,,,,,,
505.2,3e-06,1e-05,2.8e-05,0.001022,0.001751,9e-06,,,,,,,
505.3,2e-06,1.2e-05,2.8e-05,0.000987,0.001804,9e-06,,,,,,,
505.4,1.99969e-06,1.40009e-05,2.8e-05,0.00095599,0.00183801,9e-06,,,,,,,
505.5,1e-06,1.7e-05,2.8e-05,0.000924,0.001886,9e-06,,,,,,,
505.6,1e-06,1.9e-05,2.7e-05,0.000893,0.001948,9e-06,,,,,,,
505.7,1e-06,2.2e-05,2.7e-05,0.000862,0.001977,9e-06,,,,,,,
505.8,1e-06,2.3e-05,2.6e-05,0.000834,0.002009,9e-06,,,,,,,
505.9,1e-06,2.40003e-05,2.59997e-05,0.000806992,0.00207102,9e-06,,,,,,,
506.0,1e-06,2.5e-05,2.5e-05,0.000781,0.00214,9e-06,,,,,,,
506.1,1e-06,2.5e-05,2.5e-05,0.000755,0.002209,9e-06,,,,,,,
506.2,,2.6e-05,2.5e-05,0.000729,0.002259,9e-06,,,,,,,
506.3,,2.7e-05,2.6e-05,0.000706,0.002338,9e-06,,,,,,,
506.4,,2.7e-05,2.6e-05,0.000684994,0.00239902,9e-06,,,,,,,
506.5,,2.7e-05,2.6e-05,0.000664,0.002462,9e-06,,,,,,,
506.6,,2.7e-05,2.6e-05,0.000643,0.002503,9e-06,,,,,,,
506.7,,2.8e-05,2.7e-05,0.000622,0.002547,9e-06,,,,,,,
506.8,,2.8e-05,2.8e-05,0.000603,0.002638,9e-06,,,,,,,
506.9,,2.8e-05,2.80003e-05,0.000583995,0.00271603,9e-06,,,,,,,
507.0,,2.8e-05,2.9e-05,0.000566,0.00282,9e-06,,,,,,,
507.1,,2.8e-05,2.8e-05,0.000548,0.002928,9e-06,,,,,,,
507.2,,2.8e-05,2.7e-05,0.000529,0.002992,9e-06,,,,,,,
507.3,,2.8e-05,2.6e-05,0.000513,0.003026,9e-06,,,,,,,
507.4,,2.80003e-05,2.49997e-05,0.000498996,0.00311303,9e-06,,,,,,,
507.5,,2.9e-05,2.4e-05,0.000486,0.003226,9e-06,,,,,,,
507.6,,2.9e-05,2.3e-05,0.000472,0.003321,9e-06,,,,,,,
507.7,,3e-05,2.3e-05,0.000458,0.003454,9e-06,,,,,,,
507.8,,3e-05,2.2e-05,0.000445,0.00354,9e-06,,,,,,,
507.9,3.05157e-10,3e-05,2.09997e-05,0.000433996,0.00365703,9e-06,,,,,,,
508.0,1e-06,3e-05,2e-05,0.000422,0.00377,9e-06,,,,,,,
508.1,2e-06,3e-05,2e-05,0.000411,0.003861,9e-06,,,,,,,
508.2,3e-06,3e-05,2e-05,0.000399,0.003963,9e-06,,,,,,,
508.3,5e-06,3e-05,2e-05,0.000389,0.004098,9e-06,,,,,,,
508.4,5.9997e-06,3e-05,2e-05,0.000378997,0.00420102,9e-06,,,,,,,
508.5,5e-06,3e-05,2e-05,0.000369,0.004278,9e-06,,,,,,,
508.6,4e-06,3e-05,2e-05,0.00036,0.004405,9e-06,,,,,,,
508.7,3e-06,3e-05,2e-05,0.00035,0.0046,9e-06,,,,,,,
508.8,2e-06,3.1e-05,2e-05,0.000341,0.004751,9e-06,,,,,,,
508.9,3.05157e-10,3.10003e-05,2e-05,0.000332998,0.00484404,9e-06,,,,,,,
509.0,1e-06,3.2e-05,2e-05,0.000325,0.004961,9e-06,,,,,,,
509.1,1e-06,3.2e-05,2e-05,0.000317,0.005127,9e-06,,,,,,,
509.2,1e-06,3.3e-05,2e-05,0.000309,0.005295,9e-06,,,,,,,
509.3,1e-06,3.3e-05,2.1e-05,0.000301,0.005487,9e-06,,,,,,,
509.4,1.00031e-06,3.4e-05,2.1e-05,0.000293998,0.00567504,9e-06,,,,,,,
509.5,2e-06,3.4e-05,2.1e-05,0.000287,0.005821,9e-06,,,,,,,
509.6,4e-06,3.4e-05,2.2e-05,0.00028,0.005969,9e-06,,,,,,,
509.7,5e-06,3.5e-05,2.3e-05,0.000273,0.006172,9e-06,,,,,,,
509.8,7e-06,3.5e-05,2.4e-05,0.000267,0.006358,9e-06,,,,,,,
509.9,7.99969e-06,3.60003e-05,2.50003e-05,0.000259998,0.00656606,9e-06,,,,,,,
510.0,7e-06,3.7e-05,2.6e-05,0.000254,0.006755,9e-06,,,,,,,
510.1,6e-06,3.8e-05,2.5e-05,0.000248,0.006999,9e-06,,,,,,,
510.2,5e-06,3.9e-05,2.4e-05,0.000242,0.007264,9e-06,,,,,,,
510.3,4e-06,4e-05,2.3e-05,0.000237,0.007447,9e-06,,,,,,,
510.4,2.99969e-06,4.20003e-05,2.19997e-05,0.000231999,0.00761811,9e-06,,,,,,,
510.5,2e-06,4.3e-05,2.1e-05,0.000228,0.007968,9e-06,,,,,,,
510.6,2e-06,4.4e-05,2e-05,0.000223,0.008219,9e-06,,,,,,,
510.7,2e-06,4.6e-05,1.9e-05,0.000219,0.008438,1e-05,,,,,,,
510.8,1e-06,4.7e-05,1.9e-05,0.000214,0.00875,1.5e-05,,,,,,,
510.9,1e-06,4.90003e-05,1.8e-05,0.000207998,0.00912011,1.90015e-05,,,,,,,
511.0,1e-06,5e-05,1.8e-05,0.000203,0.009474,2.4e-05,,,,,,,
511.1,1e-06,5.2e-05,1.8e-05,0.000197,0.009733,2.8e-05,,,,,,,
511.2,1e-06,5.4e-05,1.9e-05,0.000192,0.010019,3.3e-05,,,,,,,
511.3,1e-06,5.5e-05,2e-05,0.000188,0.010451,4e-05,,,,,,,
511.4,,5.70006e-05,2.1e-05,0.000184999,0.0108201,4.70018e-05,,,,,,,
511.5,,5.9e-05,2.1e-05,0.000182,0.011187,5.3e-05,,,,,,,
511.6,1e-06,6e-05,2.2e-05,0.000179,0.011572,6e-05,,,,,,,
511.7,1e-06,6.2e-05,2.2e-05,0.000176,0.011915,6.7e-05,,,,,,,
511.8,1e-06,6.3e-05,2.2e-05,0.000172,0.012276,7.6e-05,,,,,,,
511.9,1e-06,6.40003e-05,2.20003e-05,0.000168999,0.0127342,8.50024e-05,,,,,,,
512.0,1e-06,6.5e-05,2.3e-05,0.000166,0.013312,9.3e-05,,,,,,,
512.1,1e-06,6.5e-05,2.2e-05,0.000162,0.013823,0.000102,,,,,,,
512.2,1e-06,6.6e-05,2.1e-05,0.000159,0.014295,0.00011,,,,,,,
512.3,,6.7e-05,2e-05,0.000156,0.014858,0.000116,,,,,,,
512.4,,6.8e-05,2e-05,0.000154,0.015445,0.000123,,,,,,,
512.5,2e-06,6.9e-05,1.9e-05,0.000152,0.015939,0.000129,,,,,,,
512.6,3e-06,7e-05,1.9e-05,0.00015,0.016586,0.000135,,,,,,,
512.7,5e-06,7.1e-05,2e-05,0.000148,0.017247,0.00014,,,,,,,
512.8,6e-06,7.1e-05,2.1e-05,0.000146,0.017991,0.00014,,,,,,,
512.9,8e-06,7e-05,2.2e-05,0.000144,0.018765,0.00014,,,,,,,
513.0,8e-06,6.9e-05,2.3e-05,0.000141,0.019465,0.00014,,,,,,,
513.1,8e-06,6.8e-05,2.4e-05,0.000139,0.020326,0.00014,,,,,,,
513.2,8e-06,6.7e-05,2.4e-05,0.000136,0.021249,0.000139,,,,,,,
513.3,8e-06,6.7e-05,2.4e-05,0.000134,0.022019,0.000134,,,,,,,
513.4,8e-06,6.7e-05,2.4e-05,0.000133,0.022879,0.000129,,,,,,,
513.5,6e-06,6.7e-05,2.4e-05,0.000131,0.023801,0.000125,,,,,,,
513.6,5e-06,6.6e-05,2.4e-05,0.000129,0.02478,0.00012,,,,,,,
513.7,4e-06,6.6e-05,2.4e-05,0.000128,0.02586,0.000115,,,,,,,
513.8,2e-06,6.6e-05,2.4e-05,0.000125,0.02679,0.000109,,,,,,,
513.9,1e-06,6.6e-05,2.4e-05,0.000123,0.027923,0.000103,,,,,,,
514.0,2e-06,6.6e-05,2.4e-05,0.00012,0.029097,9.7e-05,,,,,,,
514.1,3e-06,6.6e-05,2.4e-05,0.000118,0.030388,9.1e-05,,,,,,,
514.2,4e-06,6.6e-05,2.4e-05,0.000115,0.031915,8.5e-05,,,,,,,
514.3,5e-06,6.6e-05,2.4e-05,0.000113,0.033406,8e-05,,,,,,,
514.4,7e-06,6.6e-05,2.5e-05,0.000112,0.034905,7.5e-05,,,,,,,
514.5,6e-06,6.6e-05,2.5e-05,0.00011,0.036354,7e-05,,,,,,,
514.6,6e-06,6.6e-05,2.6e-05,0.000108,0.037704,6.5e-05,,,,,,,
514.7,6e-06,6.6e-05,2.6e-05,0.000107,0.039629,6e-05,,,,,,,
514.8,6e-06,6.5e-05,2.7e-05,0.000105,0.04182,5.6e-05,,,,,,,
514.9,5e-06,6.5e-05,2.8e-05,0.000102,0.043658,5.2e-05,,,,,,,
515.0,5e-06,6.4e-05,2.9e-05,1e-04,0.045717,4.9e-05,,,,,,,
515.1,3e-06,6.3e-05,2.9e-05,9.8e-05,0.047891,4.5e-05,,,,,,,
515.2,2e-06,6.3e-05,2.9e-05,9.5e-05,0.050412,4.2e-05,,,,,,,
515.3,1e-06,6.2e-05,2.9e-05,9.3e-05,0.05297,3.9e-05,,,,,,,
515.4,,6.1e-05,2.9e-05,9.2e-05,0.055728,3.6e-05,,,,,,,
515.5,,6e-05,2.9e-05,9e-05,0.058591,3.3e-05,,,,,,,
515.6,1e-06,6e-05,2.9e-05,8.9e-05,0.061738,3e-05,,,,,,,
515.7,1e-06,5.9e-05,2.9e-05,8.7e-05,0.064969,2.8e-05,,,,,,,
515.8,1e-06,5.7e-05,2.9e-05,8.6e-05,0.067882,2.7e-05,,,,,,,
515.9,1e-06,5.5e-05,3e-05,8.5e-05,0.071056,2.5e-05,,,,,,,
516.0,1e-06,5.3e-05,3e-05,8.4e-05,0.075063,2.4e-05,,,,,,,
516.1,1e-06,5.1e-05,3e-05,8.3e-05,0.078514,2.2e-05,,,,,,,
516.2,1e-06,4.9e-05,3.1e-05,8.2e-05,0.082522,2.1e-05,,,,,,,
516.3,1e-06,4.7e-05,3.2e-05,8.1e-05,0.087057,2.1e-05,,,,,,,
516.4,1e-06,4.5e-05,3.3e-05,8e-05,0.091642,2.1e-05,,,,,,,
516.5,1e-06,4.3e-05,3.4e-05,7.9e-05,0.095955,2e-05,,,,,,,
516.6,1e-06,4.1e-05,3.4e-05,7.8e-05,0.100843,2e-05,,,,,,,
516.7,1e-06,3.9e-05,3.3e-05,7.7e-05,0.106701,1.9e-05,,,,,,,
516.8,1e-06,3.7e-05,3.3e-05,7.6e-05,0.112932,1.8e-05,,,,,,,
516.9,2e-06,3.5e-05,3.2e-05,7.4e-05,0.118966,1.7e-05,,,,,,,
517.0,1e-06,3.3e-05,3.1e-05,7.2e-05,0.124478,1.5e-05,,,,,,,
517.1,1e-06,3.1e-05,3.2e-05,7.1e-05,0.13108,1.4e-05,,,,,,,
517.2,1e-06,2.9e-05,3.3e-05,6.9e-05,0.1381,1.3e-05,,,,,,,
517.3,1e-06,2.7e-05,3.4e-05,6.8e-05,0.145534,1.2e-05,,,,,,,
517.4,1e-06,2.6e-05,3.5e-05,6.7e-05,0.152847,1.2e-05,,,,,,,
517.5,1e-06,2.4e-05,3.7e-05,6.7e-05,0.161078,1.1e-05,,,,,,,
517.6,1e-06,2.3e-05,3.7e-05,6.6e-05,0.170529,1e-05,,,,,,,
517.7,,2.1e-05,3.7e-05,6.5e-05,0.179637,1e-05,,,,,,,
517.8,,2e-05,3.7e-05,6.5e-05,0.18923,1.1e-05,,,,,,,
517.9,,1.9e-05,3.7e-05,6.5e-05,0.200139,1.1e-05,,,,,,,
518.0,,1.8e-05,3.7e-05,6.4e-05,0.210344,1.2e-05,,,,,,,
518.1,,1.7e-05,3.8e-05,6.4e-05,0.221411,1.3e-05,,,,,,,
518.2,,1.6e-05,3.9e-05,6.4e-05,0.233148,1.3e-05,,,,,,,
518.3,1e-06,1.5e-05,4e-05,6.3e-05,0.245089,1.3e-05,,,,,,,
518.4,1e-06,1.4e-05,4.2e-05,6.2e-05,0.2564,1.3e-05,,,,,,,
518.5,1e-06,1.3e-05,4.3e-05,6.2e-05,0.268072,1.3e-05,,,,,,,
518.6,1e-06,1.2e-05,4.3e-05,6.1e-05,0.281596,1.3e-05,,,,,,,
518.7,1e-06,1.2e-05,4.2e-05,6e-05,0.29513,1.3e-05,,,,,,,
518.8,1e-06,1.1e-05,4.2e-05,5.9e-05,0.311559,1.4e-05,,,,,,,
518.9,1e-06,1.1e-05,4.2e-05,5.9e-05,0.327707,1.4e-05,,,,,,,
519.0,1e-06,1.1e-05,4.1e-05,5.9e-05,0.340225,1.5e-05,,,,,,,
519.1,,1e-05,4.2e-05,5.8e-05,0.357263,1.6e-05,,,,,,,
519.2,,1e-05,4.4e-05,5.8e-05,0.375192,1.7e-05,,,,,,,
519.3,,9e-06,4.5e-05,5.7e-05,0.391782,1.7e-05,,,,,,,
519.4,,9e-06,4.7e-05,5.7e-05,0.40868,1.7e-05,,,,,,,
519.5,,9e-06,4.9e-05,5.6e-05,0.425768,1.7e-05,,,,,,,
519.6,,9e-06,5e-05,5.6e-05,0.446874,1.7e-05,,,,,,,
519.7,,8e-06,5e-05,5.5e-05,0.465156,1.8e-05,,,,,,,
519.8,,8e-06,5.1e-05,5.5e-05,0.482525,1.8e-05,,,,,,,
519.9,,8e-06,5.2e-05,5.4e-05,0.50041,1.9e-05,,,,,,,
520.0,,8e-06,5.2e-05,5.3e-05,0.520767,2e-05,,,,,,,
520.1,,8e-06,5.2e-05,5.3e-05,0.540314,2.1e-05,,,,,,,
520.2,,8e-06,5.2e-05,5.2e-05,0.559025,2.2e-05,,,,,,,
520.3,,8e-06,5.1e-05,5.2e-05,0.57833,2.2e-05,,,,,,,
520.4,,8e-06,5e-05,5.2e-05,0.597991,2.3e-05,,,,,,,
520.5,,8e-06,5e-05,5.2e-05,0.617893,2.3e-05,,,,,,,
520.6,,8e-06,5e-05,5.2e-05,0.635867,2.4e-05,,,,,,,
520.7,,8e-06,5.1e-05,5.2e-05,0.654575,2.5e-05,,,,,,,
520.8,,9e-06,5.1e-05,5.1e-05,0.673282,2.6e-05,,,,,,,
520.9,,9e-06,5.2e-05,5e-05,0.691871,2.6e-05,,,,,,,
521.0,,9e-06,5.3e-05,4.9e-05,0.707069,2.7e-05,,,,,,,
521.1,,9e-06,5.4e-05,4.7e-05,0.72402,2.8e-05,,,,,,,
521.2,1e-06,9e-06,5.4e-05,4.6e-05,0.74302,2.9e-05,,,,,,,
521.3,1e-06,1e-05,5.5e-05,4.5e-05,0.758602,3.1e-05,,,,,,,
521.4,1e-06,1e-05,5.5e-05,4.5e-05,0.771709,3.2e-05,,,,,,,
521.5,1e-06,1e-05,5.6e-05,4.5e-05,0.787845,3.4e-05,,,,,,,
521.6,1e-06,1.1e-05,5.6e-05,4.4e-05,0.803718,3.6e-05,,,,,,,
521.7,1e-06,1.1e-05,5.6e-05,4.4e-05,0.813992,3.7e-05,,,,,,,
521.8,1e-06,1.1e-05,5.7e-05,4.3e-05,0.82603,4e-05,,,,,,,
521.9,1e-06,1.2e-05,5.7e-05,4.3e-05,0.837871,4.2e-05,,,,,,,
522.0,1e-06,1.2e-05,5.7e-05,4.2e-05,0.847113,4.4e-05,,,,,,,
522.1,,1.2e-05,5.7e-05,4.2e-05,0.859305,4.6e-05,,,,,,,
522.2,,1.3e-05,5.6e-05,4.1e-05,0.869747,4.9e-05,,,,,,,
522.3,,1.3e-05,5.5e-05,4.1e-05,0.872709,5.1e-05,,,,,,,
522.4,,1.3e-05,5.4e-05,4e-05,0.874428,5.4e-05,,,,,,,
522.5,,1.3e-05,5.2e-05,4e-05,0.884052,5.6e-05,,,,,,,
522.6,,1.4e-05,5.2e-05,3.9e-05,0.890969,5.9e-05,,,,,,,
522.7,,1.4e-05,5.1e-05,3.9e-05,0.891949,6.1e-05,,,,,,,
522.8,,1.4e-05,5e-05,3.9e-05,0.895548,6.4e-05,,,,,,,
522.9,,1.3e-05,4.9e-05,3.8e-05,0.902039,6.7e-05,,,,,,,
523.0,,1.3e-05,4.8e-05,3.8e-05,0.905725,6.9e-05,,,,,,,
523.1,,1.3e-05,4.8e-05,3.8e-05,0.906759,7.2e-05,,,,,,,
523.2,,1.3e-05,4.9e-05,3.7e-05,0.910247,7.5e-05,,,,,,,
523.3,,1.2e-05,4.9e-05,3.7e-05,0.917672,7.9e-05,,,,,,,
523.4,,1.1e-05,4.9e-05,3.7e-05,0.917984,8.3e-05,,,,,,,
523.5,,1.1e-05,5e-05,3.8e-05,0.916235,8.7e-05,,,,,,,
523.6,,1e-05,4.9e-05,3.8e-05,0.916905,9.2e-05,,,,,,,
523.7,,1e-05,4.7e-05,3.8e-05,0.91741,9.5e-05,,,,,,,
523.8,,9e-06,4.6e-05,3.8e-05,0.913104,9.8e-05,,,,,,,
523.9,,8e-06,4.4e-05,3.8e-05,0.907562,0.000101,,,,,,,
524.0,,8e-06,4.3e-05,3.9e-05,0.910541,0.000103,,,,,,,
524.1,,7e-06,4.3e-05,3.9e-05,0.912985,0.000106,,,,,,,
524.2,,7e-06,4.3e-05,3.9e-05,0.908945,0.00011,,,,,,,
524.3,,6e-06,4.4e-05,3.9e-05,0.910036,0.000115,,,,,,,
524.4,,6e-06,4.4e-05,3.9e-05,0.910029,0.000121,,,,,,,
524.5,,6e-06,4.5e-05,3.8e-05,0.912256,0.000126,,,,,,,
524.6,,5e-06,4.4e-05,3.8e-05,0.911277,0.000132,,,,,,,
524.7,,5e-06,4.3e-05,3.8e-05,0.913408,0.000137,,,,,,,
524.8,,5e-06,4.2e-05,3.7e-05,0.91421,0.00014,,,,,,,
524.9,,4e-06,4.2e-05,3.7e-05,0.911589,0.000144,,,,,,,
525.0,,4e-06,4.1e-05,3.7e-05,0.909495,0.000147,,,,,,,
525.1,,4e-06,4e-05,3.6e-05,0.908055,0.000151,,,,,,,
525.2,,4e-06,3.9e-05,3.6e-05,0.903926,0.000154,,,,,,,
525.3,,4e-06,3.8e-05,3.5e-05,0.906914,0.000159,,,,,,,
525.4,,3e-06,3.8e-05,3.4e-05,0.910831,0.000164,,,,,,,
525.5,,3e-06,3.7e-05,3.3e-05,0.914932,0.000169,,,,,,,
525.6,,3e-06,3.6e-05,3.2e-05,0.916664,0.000174,,,,,,,
525.7,,3e-06,3.6e-05,3.1e-05,0.913591,0.000178,,,,,,,
525.8,,3e-06,3.5e-05,3.1e-05,0.912894,0.000181,,,,,,,
525.9,,3e-06,3.5e-05,3.1e-05,0.910814,0.000184,,,,,,,
526.0,,3e-06,3.4e-05,3.1e-05,0.908557,0.000187,,,,,,,
526.1,,3e-06,3.3e-05,3.1e-05,0.909074,0.00019,,,,,,,
526.2,,3e-06,3.3e-05,3.1e-05,0.908539,0.000193,,,,,,,
526.3,,3e-06,3.2e-05,3.1e-05,0.910945,0.000197,,,,,,,
526.4,,3e-06,3.1e-05,3.1e-05,0.916306,0.000201,,,,,,,
526.5,,3e-06,3.1e-05,3e-05,0.91972,0.000205,,,,,,,
526.6,,2e-06,3e-05,3e-05,0.921994,0.000209,,,,,,,
526.7,,2e-06,3e-05,3e-05,0.91931,0.000212,,,,,,,
526.8,,2e-06,2.9e-05,3e-05,0.919675,0.000214,,,,,,,
526.9,,2e-06,2.9e-05,3.1e-05,0.923497,0.000216,,,,,,,
527.0,,2e-06,2.9e-05,3.2e-05,0.926719,0.000219,,,,,,,
527.1,,2e-06,2.8e-05,3.3e-05,0.931404,0.000221,,,,,,,
527.2,,2e-06,2.7e-05,3.4e-05,0.933264,0.000223,,,,,,,
527.3,,2e-06,2.7e-05,3.4e-05,0.937955,0.000224,,,,,,,
527.4,,2e-06,2.6e-05,3.3e-05,0.9375,0.000226,,,,,,,
527.5,,2e-06,2.5e-05,3.2e-05,0.943057,0.000228,,,,,,,
527.6,,2e-06,2.5e-05,3.2e-05,0.946194,0.000229,,,,,,,
527.7,,2e-06,2.5e-05,3.1e-05,0.944559,0.00023,,,,,,,
527.8,,2e-06,2.5e-05,3e-05,0.947228,0.000231,,,,,,,
527.9,,3e-06,2.5e-05,3e-05,0.951741,0.000231,,,,,,,
528.0,,3e-06,2.5e-05,2.9e-05,0.956484,0.000231,,,,,,,
528.1,,3e-06,2.5e-05,2.9e-05,0.958096,0.000231,,,,,,,
528.2,,3e-06,2.5e-05,2.9e-05,0.96104,0.000231,,,,,,,
528.3,,3e-06,2.4e-05,2.8e-05,0.965633,0.000231,,,,,,,
528.4,,3e-06,2.4e-05,2.8e-05,0.968038,0.00023,,,,,,,
528.5,,3e-06,2.4e-05,2.7e-05,0.971189,0.00023,,,,,,,
528.6,,3e-06,2.3e-05,2.7e-05,0.975341,0.00023,,,,,,,
528.7,,3e-06,2.3e-05,2.6e-05,0.985048,0.00023,,,,,,,
528.8,,3e-06,2.3e-05,2.6e-05,0.983091,0.000231,,,,,,,
528.9,,3e-06,2.3e-05,2.7e-05,0.980798,0.000232,,,,,,,
529.0,,3e-06,2.3e-05,2.8e-05,0.985064,0.000233,,,,,,,
529.1,,3e-06,2.4e-05,2.9e-05,0.987358,0.000234,,,,,,,
529.2,,3e-06,2.5e-05,3e-05,0.987355,0.000235,,,,,,,
529.3,,3e-06,2.6e-05,3e-05,0.989685,0.000234,,,,,,,
529.4,,3e-06,2.7e-05,2.9e-05,0.990821,0.000233,,,,,,,
529.5,,4e-06,2.8e-05,2.9e-05,0.990062,0.000233,,,,,,,
529.6,,4e-06,2.7e-05,2.8e-05,0.987523,0.000232,,,,,,,
529.7,,4e-06,2.4e-05,2.7e-05,0.993294,0.000231,,,,,,,
529.8,,4e-06,2.1e-05,2.7e-05,0.996031,0.000231,,,,,,,
529.9,,4e-06,1.9e-05,2.7e-05,0.998547,0.00023,,,,,,,
530.0,,4e-06,1.6e-05,2.8e-05,0.994503,0.000229,,,,,,,
530.1,,4e-06,1.5e-05,2.8e-05,0.991959,0.000229,,,,,,,
530.2,,4e-06,1.5e-05,2.8e-05,0.993212,0.000228,,,,,,,
530.3,,4e-06,1.5e-05,2.8e-05,0.996436,0.000228,,,,,,,
530.4,,5e-06,1.4e-05,2.8e-05,0.996175,0.000228,,,,,,,
530.5,,5e-06,1.4e-05,2.7e-05,0.998505,0.000228,,,,,,,
530.6,,5e-06,1.5e-05,2.7e-05,1.0,0.000228,,,,,,,
530.7,,5e-06,1.6e-05,2.7e-05,0.992999,0.000228,,,,,,,
530.8,,5e-06,1.6e-05,2.6e-05,0.992167,0.000228,,,,,,,
530.9,,5e-06,1.7e-05,2.6e-05,0.99039,0.000229,,,,,,,
531.0,,5e-06,1.8e-05,2.6e-05,0.990064,0.000229,,,,,,,
531.1,,5e-06,1.8e-05,2.6e-05,0.989482,0.000229,,,,,,,
531.2,,5e-06,1.8e-05,2.6e-05,0.990072,0.00023,,,,,,,
531.3,,5e-06,1.7e-05,2.5e-05,0.986881,0.000229,,,,,,,
531.4,,5e-06,1.7e-05,2.5e-05,0.987676,0.000229,,,,,,,
531.5,,5e-06,1.7e-05,2.5e-05,0.984263,0.000228,,,,,,,
531.6,,5e-06,1.7e-05,2.4e-05,0.979706,0.000228,,,,,,,
531.7,,5e-06,1.7e-05,2.4e-05,0.978421,0.000228,,,,,,,
531.8,,5e-06,1.7e-05,2.5e-05,0.979454,0.00023,,,,,,,
531.9,,5e-06,1.7e-05,2.5e-05,0.978531,0.000231,,,,,,,
532.0,,5e-06,1.8e-05,2.6e-05,0.976502,0.000233,,,,,,,
532.1,,5e-06,1.7e-05,2.7e-05,0.974039,0.000235,,,,,,,
532.2,,5e-06,1.7e-05,2.8e-05,0.972754,0.000237,,,,,,,
532.3,,5e-06,1.6e-05,2.8e-05,0.97301,0.000238,,,,,,,
532.4,,5e-06,1.5e-05,2.7e-05,0.96781,0.00024,,,,,,,
532.5,,5e-06,1.5e-05,2.7e-05,0.963884,0.000242,,,,,,,
532.6,,5e-06,1.4e-05,2.6e-05,0.963772,0.000243,,,,,,,
532.7,,5e-06,1.4e-05,2.6e-05,0.959624,0.000245,,,,,,,
532.8,,5e-06,1.3e-05,2.6e-05,0.957459,0.000247,,,,,,,
532.9,,5e-06,1.3e-05,2.6e-05,0.955811,0.00025,,,,,,,
533.0,,5e-06,1.3e-05,2.6e-05,0.954588,0.000252,,,,,,,
533.1,,5e-06,1.3e-05,2.6e-05,0.953923,0.000254,,,,,,,
533.2,,5e-06,1.3e-05,2.6e-05,0.95226,0.000257,,,,,,,
533.3,,4e-06,1.3e-05,2.7e-05,0.949867,0.000259,,,,,,,
533.4,,4e-06,1.4e-05,2.7e-05,0.954752,0.000261,,,,,,,
533.5,,4e-06,1.4e-05,2.7e-05,0.951667,0.000263,,,,,,,
533.6,,4e-06,1.4e-05,2.7e-05,0.949133,0.000266,,,,,,,
533.7,,4e-06,1.3e-05,2.7e-05,0.949958,0.000268,,,,,,,
533.8,,4e-06,1.3e-05,2.7e-05,0.947369,0.000273,,,,,,,
533.9,,4e-06,1.2e-05,2.7e-05,0.946119,0.000277,,,,,,,
534.0,,4e-06,1.1e-05,2.6e-05,0.950487,0.000281,,,,,,,
534.1,,4e-06,1.1e-05,2.6e-05,0.953448,0.000286,,,,,,,
534.2,,4e-06,1.1e-05,2.5e-05,0.94735,0.00029,,,,,,,
534.3,,4e-06,1.1e-05,2.5e-05,0.945671,0.000294,,,,,,,
534.4,,4e-06,1.1e-05,2.5e-05,0.944548,0.000299,,,,,,,
534.5,,4e-06,1.1e-05,2.6e-05,0.944244,0.000303,,,,,,,
534.6,,4e-06,1.1e-05,2.6e-05,0.942778,0.000308,,,,,,,
534.7,,4e-06,1.2e-05,2.6e-05,0.942416,0.000312,,,,,,,
534.8,,4e-06,1.2e-05,2.6e-05,0.934373,0.000318,,,,,,,
534.9,,4e-06,1.2e-05,2.6e-05,0.93463,0.000323,,,,,,,
535.0,,4e-06,1.3e-05,2.6e-05,0.934803,0.000329,,,,,,,
535.1,,4e-06,1.3e-05,2.5e-05,0.93868,0.000334,,,,,,,
535.2,,4e-06,1.3e-05,2.5e-05,0.934424,0.00034,,,,,,,
535.3,,3e-06,1.2e-05,2.5e-05,0.930808,0.000347,,,,,,,
535.4,,3e-06,1.2e-05,2.5e-05,0.932512,0.000354,,,,,,,
535.5,,3e-06,1.2e-05,2.5e-05,0.927895,0.000361,,,,,,,
535.6,,3e-06,1.2e-05,2.5e-05,0.924222,0.000368,,,,,,,
535.7,,3e-06,1.1e-05,2.5e-05,0.922452,0.000376,,,,,,,
535.8,,3e-06,1.1e-05,2.5e-05,0.917478,0.000384,,,,,,,
535.9,,3e-06,1e-05,2.5e-05,0.916445,0.000392,,,,,,,
536.0,,3e-06,1e-05,2.5e-05,0.911572,0.0004,,,,,,,
536.1,,3e-06,1e-05,2.5e-05,0.907139,0.000408,,,,,,,
536.2,,3e-06,1e-05,2.5e-05,0.901512,0.000416,,,,,,,
536.3,,4e-06,1e-05,2.5e-05,0.890597,0.000427,,,,,,,
536.4,,4e-06,1e-05,2.5e-05,0.884137,0.00044,,,,,,,
536.5,,4e-06,1e-05,2.6e-05,0.881564,0.000453,,,,,,,
536.6,,4e-06,9e-06,2.6e-05,0.875372,0.000466,,,,,,,
536.7,,4e-06,8e-06,2.6e-05,0.863271,0.00048,,,,,,,
536.8,,3e-06,7e-06,2.7e-05,0.855877,0.000494,,,,,,,
536.9,,3e-06,6e-06,2.7e-05,0.845976,0.000507,,,,,,,
537.0,,3e-06,4e-06,2.7e-05,0.835076,0.000519,,,,,,,
537.1,,3e-06,5e-06,2.7e-05,0.820798,0.000531,,,,,,,
537.2,,3e-06,6e-06,2.7e-05,0.80919,0.000547,,,,,,,
537.3,,3e-06,7e-06,2.7e-05,0.798598,0.000568,,,,,,,
537.4,,3e-06,8e-06,2.7e-05,0.7803,0.000583,,,,,,,
537.5,,3e-06,9e-06,2.8e-05,0.766042,0.000596,,,,,,,
537.6,,3e-06,1e-05,2.8e-05,0.753574,0.000615,,,,,,,
537.7,,3e-06,1e-05,2.8e-05,0.735566,0.000636,,,,,,,
537.8,,3e-06,1.1e-05,2.8e-05,0.719764,0.000655,,,,,,,
537.9,,3e-06,1.1e-05,2.8e-05,0.707024,0.000673,,,,,,,
538.0,,3e-06,1.1e-05,2.7e-05,0.692255,0.000694,,,,,,,
538.1,,3e-06,1.1e-05,2.7e-05,0.673725,0.000715,,,,,,,
538.2,,3e-06,1.1e-05,2.6e-05,0.655308,0.000735,,,,,,,
538.3,,3e-06,1.1e-05,2.6e-05,0.635323,0.000758,,,,,,,
538.4,,3e-06,1.1e-05,2.6e-05,0.615956,0.000779,,,,,,,
538.5,,3e-06,1e-05,2.7e-05,0.59785,0.000801,,,,,,,
538.6,,3e-06,1e-05,2.7e-05,0.579628,0.000833,,,,,,,
538.7,,3e-06,1.1e-05,2.7e-05,0.563798,0.000863,,,,,,,
538.8,,3e-06,1.1e-05,2.7e-05,0.544255,0.000886,,,,,,,
538.9,,3e-06,1.1e-05,2.7e-05,0.52511,0.000918,,,,,,,
539.0,,3e-06,1.1e-05,2.8e-05,0.509016,0.000939,,,,,,,
539.1,,2e-06,1.1e-05,2.8e-05,0.489542,0.000963,,,,,,,
539.2,,2e-06,1.1e-05,2.8e-05,0.469062,0.000997,,,,,,,
539.3,,2e-06,1.1e-05,2.8e-05,0.450396,0.001039,,,,,,,
539.4,,2e-06,1.1e-05,2.8e-05,0.433866,0.001066,,,,,,,
539.5,,2e-06,1.1e-05,2.8e-05,0.416685,0.001092,,,,,,,
539.6,,2e-06,1.1e-05,2.7e-05,0.400098,0.001125,,,,,,,
539.7,,2e-06,1.1e-05,2.7e-05,0.381796,0.001169,,,,,,,
539.8,,2e-06,1e-05,2.8e-05,0.367465,0.001213,,,,,,,
539.9,,2e-06,1e-05,2.9e-05,0.352224,0.001268,,,,,,,
540.0,,2e-06,1e-05,3e-05,0.336048,0.001306,,,,,,,
540.1,,2e-06,1e-05,3.1e-05,0.320157,0.001335,,,,,,,
540.2,,2e-06,9e-06,3.2e-05,0.307813,0.001376,,,,,,,
540.3,,2e-06,9e-06,3.2e-05,0.296614,0.001407,,,,,,,
540.4,,2e-06,9e-06,3.1e-05,0.282955,0.001443,,,,,,,
540.5,,1e-06,9e-06,3e-05,0.269163,0.001483,,,,,,,
540.6,,1e-06,9e-06,2.9e-05,0.255874,0.001532,,,,,,,
540.7,,1e-06,9e-06,2.9e-05,0.245704,0.001585,,,,,,,
540.8,,1e-06,9e-06,2.8e-05,0.234353,0.001635,,,,,,,
540.9,,1e-06,9e-06,2.8e-05,0.223731,0.001691,,,,,,,
541.0,,1e-06,1e-05,2.8e-05,0.213835,0.001755,,,,,,,
541.1,,1e-06,1e-05,2.8e-05,0.204386,0.001805,,,,,,,
541.2,,1e-06,1e-05,2.8e-05,0.195498,0.001848,,,,,,,
541.3,,1e-06,1.1e-05,2.8e-05,0.186556,0.001904,,,,,,,
541.4,,1e-06,1.1e-05,2.9e-05,0.177784,0.001997,,,,,,,
541.5,,1e-06,1.2e-05,2.9e-05,0.168818,0.002054,,,,,,,
541.6,,1e-06,1e-05,2.9e-05,0.161615,0.002096,,,,,,,
541.7,,1e-06,8e-06,3e-05,0.154945,0.002168,,,,,,,
541.8,,1e-06,6e-06,3e-05,0.147469,0.002227,,,,,,,
541.9,,1e-06,4e-06,2.9e-05,0.141305,0.002282,,,,,,,
542.0,,1e-06,2e-06,2.9e-05,0.134372,0.002374,,,,,,,
542.1,,1e-06,2e-06,2.8e-05,0.128675,0.002441,,,,,,,
542.2,,1e-06,3e-06,2.7e-05,0.123347,0.002503,,,,,,,
542.3,,1e-06,4e-06,2.7e-05,0.117302,0.002572,,,,,,,
542.4,,1e-06,4e-06,2.8e-05,0.111858,0.002657,,,,,,,
542.5,,1e-06,5e-06,2.8e-05,0.1075,0.002744,,,,,,,
542.6,,1e-06,5e-06,2.9e-05,0.1035,0.002819,,,,,,,
542.7,,1e-06,6e-06,2.9e-05,0.099215,0.002872,,,,,,,
542.8,,1e-06,6e-06,3e-05,0.094665,0.00294,,,,,,,
542.9,,1e-06,7e-06,2.9e-05,0.090659,0.003052,,,,,,,
543.0,,1e-06,7e-06,2.9e-05,0.086756,0.003156,,,,,,,
543.1,,1e-06,7e-06,2.8e-05,0.083136,0.003249,,,,,,,
543.2,,1e-06,7e-06,2.8e-05,0.079642,0.003329,,,,,,,
543.3,,1e-06,7e-06,2.8e-05,0.076535,0.003438,,,,,,,
543.4,,1e-06,6e-06,2.9e-05,0.073596,0.003512,,,,,,,
543.5,,1e-06,6e-06,3e-05,0.070395,0.003571,,,,,,,
543.6,,1e-06,6e-06,3e-05,0.067315,0.003723,,,,,,,
543.7,,1e-06,7e-06,3.1e-05,0.064722,0.003847,,,,,,,
543.8,,1e-06,7e-06,3.1e-05,0.062414,0.003957,,,,,,,
543.9,,1e-06,8e-06,3.1e-05,0.059888,0.004043,,,,,,,
544.0,,1e-06,8e-06,3e-05,0.057514,0.004151,,,,,,,
544.1,,1e-06,8e-06,3e-05,0.055157,0.004298,,,,,,,
544.2,,1e-06,8e-06,3e-05,0.053157,0.004434,,,,,,,
544.3,,1e-06,8e-06,3e-05,0.05131,0.004521,,,,,,,
544.4,,1e-06,9e-06,3.1e-05,0.049334,0.004632,,,,,,,
544.5,,1e-06,9e-06,3.3e-05,0.047462,0.004725,,,,,,,
544.6,,1e-06,8e-06,3.4e-05,0.04565,0.004871,,,,,,,
544.7,,1e-06,8e-06,3.5e-05,0.043951,0.00504,,,,,,,
544.8,,1e-06,7e-06,3.6e-05,0.042513,0.005176,,,,,,,
544.9,,1e-06,6e-06,3.6e-05,0.041139,0.005308,,,,,,,
545.0,,1e-06,6e-06,3.5e-05,0.03963,0.005407,,,,,,,
545.1,,1e-06,5e-06,3.5e-05,0.037895,0.005533,,,,,,,
545.2,,1e-06,5e-06,3.5e-05,0.036552,0.005671,,,,,,,
545.3,,1e-06,6e-06,3.5e-05,0.035192,0.005845,,,,,,,
545.4,,1e-06,6e-06,3.5e-05,0.034085,0.006029,,,,,,,
545.5,,1e-06,6e-06,3.5e-05,0.032847,0.006178,,,,,,,
545.6,,1e-06,6e-06,3.5e-05,0.031537,0.006321,,,,,,,
545.7,,1e-06,6e-06,3.5e-05,0.030277,0.006478,,,,,,,
545.8,,1e-06,6e-06,3.5e-05,0.029337,0.006656,,,,,,,
545.9,,1e-06,6e-06,3.6e-05,0.028521,0.006869,,,,,,,
546.0,,1e-06,6e-06,3.6e-05,0.027495,0.007035,,,,,,,
546.1,,1e-06,7e-06,3.7e-05,0.026518,0.007242,,,,,,,
546.2,,1e-06,7e-06,3.8e-05,0.025648,0.007462,,,,,,,
546.3,,1e-06,7e-06,3.8e-05,0.024844,0.007691,,,,,,,
546.4,,1e-06,7e-06,3.7e-05,0.024033,0.00789,,,,,,,
546.5,,1e-06,7e-06,3.7e-05,0.02316,0.008103,,,,,,,
546.6,,1e-06,7e-06,3.7e-05,0.022361,0.008306,,,,,,,
546.7,,1e-06,6e-06,3.6e-05,0.021654,0.008546,,,,,,,
546.8,,1e-06,5e-06,3.6e-05,0.020981,0.008835,,,,,,,
546.9,,1e-06,4e-06,3.6e-05,0.020254,0.009093,,,,,,,
547.0,,1e-06,3e-06,3.5e-05,0.019707,0.009378,,,,,,,
547.1,,2e-06,3e-06,3.5e-05,0.019189,0.009744,,,,,,,
547.2,,2e-06,3e-06,3.4e-05,0.018469,0.010001,,,,,,,
547.3,,2e-06,4e-06,3.4e-05,0.01791,0.010247,,,,,,,
547.4,,2e-06,4e-06,3.3e-05,0.017469,0.010591,,,,,,,
547.5,,2e-06,4e-06,3.3e-05,0.016944,0.01094,,,,,,,
547.6,,2e-06,5e-06,3.3e-05,0.016428,0.011314,,,,,,,
547.7,,2e-06,6e-06,3.2e-05,0.016004,0.011746,,,,,,,
547.8,,2e-06,7e-06,3.2e-05,0.015509,0.012029,,,,,,,
547.9,,2e-06,8e-06,3.1e-05,0.01506,0.012369,,,,,,,
548.0,,2e-06,9e-06,3e-05,0.014482,0.012827,,,,,,,
548.1,,2e-06,9e-06,3e-05,0.014062,0.01324,,,,,,,
548.2,,2e-06,9e-06,2.9e-05,0.013652,0.013699,,,,,,,
548.3,,3e-06,9e-06,2.9e-05,0.013245,0.01414,,,,,,,
548.4,,3e-06,9e-06,2.8e-05,0.012927,0.014616,,,,,,,
548.5,,3e-06,9e-06,2.8e-05,0.012582,0.015212,,,,,,,
548.6,,3e-06,8e-06,2.7e-05,0.012299,0.015741,,,,,,,
548.7,,3e-06,8e-06,2.7e-05,0.011962,0.016337,,,,,,,
548.8,,3e-06,8e-06,2.6e-05,0.011709,0.016977,,,,,,,
548.9,,3e-06,8e-06,2.5e-05,0.011334,0.017654,,,,,,,
549.0,,3e-06,7e-06,2.4e-05,0.010963,0.01825,,,,,,,
549.1,,4e-06,7e-06,2.3e-05,0.01071,0.018809,,,,,,,
549.2,,4e-06,6e-06,2.2e-05,0.010448,0.019595,,,,,,,
549.3,,4e-06,6e-06,2.1e-05,0.010173,0.020445,,,,,,,
549.4,,4e-06,6e-06,2e-05,0.00996,0.021182,,,,,,,
549.5,,4e-06,5e-06,1.9e-05,0.009724,0.021814,,,,,,,
549.6,,4e-06,5e-06,1.8e-05,0.009477,0.022751,,,,,,,
549.7,,4e-06,5e-06,1.7e-05,0.009236,0.023765,,,,,,,
549.8,,4e-06,4e-06,1.6e-05,0.008986,0.024755,,,,,,,
549.9,,4e-06,4e-06,1.5e-05,0.008829,0.025778,,,,,,,
550.0,,4e-06,4e-06,1.4e-05,0.008616,0.026836,,,,,,,
550.1,,5e-06,4e-06,1.4e-05,0.008389,0.028081,,,,,,,
550.2,,5e-06,4e-06,1.3e-05,0.008186,0.029119,,,,,,,
550.3,,4e-06,5e-06,1.3e-05,0.007965,0.030444,,,,,,,
550.4,,4e-06,5e-06,1.2e-05,0.007741,0.031839,,,,,,,
550.5,,4e-06,5e-06,1.2e-05,0.007477,0.033117,,,,,,,
550.6,,4e-06,5e-06,1.1e-05,0.007357,0.034466,,,,,,,
550.7,,4e-06,5e-06,1.1e-05,0.007256,0.035991,,,,,,,
550.8,,4e-06,5e-06,1.1e-05,0.007079,0.037827,,,,,,,
550.9,,3e-06,5e-06,1.1e-05,0.006918,0.039662,,,,,,,
551.0,,3e-06,5e-06,1.1e-05,0.006727,0.041549,,,,,,,
551.1,,3e-06,4e-06,1.1e-05,0.006577,0.043615,,,,,,,
551.2,,3e-06,4e-06,1.1e-05,0.006439,0.045808,,,,,,,
551.3,,3e-06,3e-06,1.1e-05,0.006276,0.047825,,,,,,,
551.4,,2e-06,2e-06,1e-05,0.006165,0.050115,,,,,,,
551.5,,2e-06,1e-06,9e-06,0.006062,0.05242,,,,,,,
551.6,,2e-06,2e-06,8e-06,0.005925,0.055342,,,,,,,
551.7,,2e-06,2e-06,7e-06,0.005771,0.058079,,,,,,,
551.8,,2e-06,3e-06,7e-06,0.005631,0.060821,,,,,,,
551.9,,2e-06,4e-06,7e-06,0.005567,0.063444,,,,,,,
552.0,,1e-06,4e-06,8e-06,0.005496,0.066738,,,,,,,
552.1,,1e-06,4e-06,8e-06,0.005335,0.070446,,,,,,,
552.2,,1e-06,3e-06,8e-06,0.005198,0.074358,,,,,,,
552.3,,1e-06,3e-06,8e-06,0.005063,0.078134,,,,,,,
552.4,,1e-06,2e-06,7e-06,0.005005,0.082281,,,,,,,
552.5,,1e-06,1e-06,6e-06,0.004899,0.086442,,,,,,,
552.6,,1e-06,2e-06,5e-06,0.004754,0.091476,,,,,,,
552.7,,1e-06,3e-06,4e-06,0.004637,0.096595,,,,,,,
552.8,,1e-06,4e-06,3e-06,0.004515,0.100868,,,,,,,
552.9,,1e-06,5e-06,3e-06,0.004402,0.105735,,,,,,,
553.0,,1e-06,7e-06,3e-06,0.004283,0.111363,,,,,,,
553.1,,1e-06,7e-06,3e-06,0.00423,0.118152,,,,,,,
553.2,,1e-06,6e-06,3e-06,0.004184,0.125132,,,,,,,
553.3,,1e-06,6e-06,3e-06,0.004066,0.131204,,,,,,,
553.4,,1e-06,6e-06,3e-06,0.004003,0.137908,,,,,,,
553.5,,1e-06,6e-06,3e-06,0.003911,0.146103,,,,,,,
553.6,,1e-06,6e-06,3e-06,0.003836,0.153865,,,,,,,
553.7,,1e-06,5e-06,3e-06,0.003775,0.163406,,,,,,,
553.8,,,5e-06,3e-06,0.003669,0.171522,,,,,,,
553.9,,,5e-06,2e-06,0.003592,0.180119,,,,,,,
554.0,,,5e-06,2e-06,0.003576,0.188982,,,,,,,
554.1,,,4e-06,1e-06,0.003501,0.198322,,,,,,,
554.2,,,4e-06,1e-06,0.003405,0.208536,,,,,,,
554.3,,,3e-06,1e-06,0.003334,0.219384,,,,,,,
554.4,,,3e-06,2e-06,0.003289,0.229574,,,,,,,
554.5,,,2e-06,3e-06,0.00325,0.2408,,,,,,,
554.6,,,3e-06,4e-06,0.003161,0.253996,,,,,,,
554.7,,,4e-06,5e-06,0.003097,0.265988,,,,,,,
554.8,,,4e-06,5e-06,0.003052,0.278216,,,,,,,
554.9,,,5e-06,4e-06,0.003007,0.291751,,,,,,,
555.0,,,6e-06,3e-06,0.002923,0.3044,,,,,,,
555.1,,,6e-06,3e-06,0.002875,0.31947,,,,,,,
555.2,,,5e-06,2e-06,0.002843,0.334984,,,,,,,
555.3,,,4e-06,2e-06,0.002807,0.349933,,,,,,,
555.4,,,3e-06,2e-06,0.00276,0.364453,,,,,,,
555.5,,,2e-06,2e-06,0.002695,0.377826,,,,,,,
555.6,,,3e-06,2e-06,0.002658,0.394632,,,,,,,
555.7,,,4e-06,2e-06,0.002615,0.413205,,,,,,,
555.8,,,5e-06,2e-06,0.002559,0.4271,,,,,,,
555.9,,,6e-06,1e-06,0.002525,0.444666,,,,,,,
556.0,,,7e-06,1e-06,0.002493,0.461659,,,,,,,
556.1,,,7e-06,1e-06,0.00244,0.479439,,,,,,,
556.2,,,7e-06,1e-06,0.002404,0.499986,,,,,,,
556.3,,,8e-06,1e-06,0.00236197,0.514028,,,,,,,
556.4,,,8e-06,1e-06,0.002309,0.531783,,,,,,,
556.5,,,8e-06,1e-06,0.002258,0.550047,,,,,,,
556.6,,,8e-06,,0.002227,0.57091,,,,,,,
556.7,,,7e-06,,0.002198,0.586685,,,,,,,
556.8,,,7e-06,2.00122e-06,0.00215898,0.604099,,,,,,,
556.9,,,7e-06,4e-06,0.002119,0.623417,,,,,,,
557.0,,,6e-06,7e-06,0.002094,0.639572,,,,,,,
557.1,,,6e-06,1e-05,0.002066,0.663006,,,,,,,
557.2,,,6e-06,1.2e-05,0.002025,0.680539,,,,,,,
557.3,,,6e-06,1.19982e-05,0.00199099,0.697293,,,,,,,
557.4,,,6e-06,9e-06,0.001969,0.714694,,,,,,,
557.5,,,6e-06,7e-06,0.001935,0.729059,,,,,,,
557.6,,,6e-06,4e-06,0.001899,0.742621,,,,,,,
557.7,,,6e-06,2e-06,0.001868,0.766017,,,,,,,
557.8,,,6e-06,,0.00184698,0.781135,,,,,,,
557.9,,,6e-06,,0.00182,0.796528,,,,,,,
558.0,,,6e-06,,0.001784,0.811632,,,,,,,
558.1,,,6e-06,,0.00175,0.827334,,,,,,,
558.2,,,5e-06,,0.001722,0.840061,,,,,,,
558.3,,,4.99939e-06,6.10128e-10,0.00169398,0.852615,,,,,,,
558.4,,,4e-06,1e-06,0.001666,0.864828,,,,,,,
558.5,,,4e-06,1e-06,0.001643,0.87237,,,,,,,
558.6,,,4e-06,1e-06,0.001621,0.881955,,,,,,,
558.7,,,3e-06,2e-06,0.001593,0.891558,,,,,,,
558.8,,,3e-06,1.99939e-06,0.00156398,0.902835,,,,,,,
558.9,,,3e-06,1e-06,0.001537,0.916925,,,,,,,
559.0,,,3e-06,1e-06,0.001515,0.919476,,,,,,,
559.1,,,3e-06,1e-06,0.001491,0.92289,,,,,,,
559.2,,,3e-06,1e-06,0.001467,0.932487,,,,,,,
559.3,,,3e-06,2.00183e-06,0.00144199,0.938104,,,,,,,
559.4,,,3e-06,5e-06,0.001418,0.940968,,,,,,,
559.5,,,3e-06,7e-06,0.001396,0.943347,,,,,,,
559.6,,,4e-06,1e-05,0.001375,0.950753,,,,,,,
559.7,,,4e-06,1.3e-05,0.001354,0.953116,,,,,,,
559.8,,,5e-06,1.19988e-05,0.00133499,0.951338,,,,,,,
559.9,,,5e-06,1e-05,0.001316,0.955308,,,,,,,
560.0,,,6e-06,8e-06,0.001298,0.96184,,,,,,,
560.1,,,5e-06,6e-06,0.00128,0.967952,,,,,,,
560.2,,,5e-06,4e-06,0.001262,0.966636,,,,,,,
560.3,,,4e-06,3e-06,0.00124399,0.962808,,,,,,,
560.4,,,4e-06,3e-06,0.001226,0.966401,,,,,,,
560.5,,,4e-06,3e-06,0.001211,0.96791,,,,,,,
560.6,,,4e-06,3e-06,0.001196,0.967735,,,,,,,
560.7,,,5e-06,3e-06,0.001181,0.965161,,,,,,,
560.8,,,5.00061e-06,2.99939e-06,0.00116699,0.962615,,,,,,,
560.9,,,6e-06,2e-06,0.001152,0.966261,,,,,,,
561.0,,,6e-06,2e-06,0.001138,0.965653,,,,,,,
561.1,,,6e-06,2e-06,0.001124,0.96443,,,,,,,
561.2,,,7e-06,2e-06,0.00111,0.969951,,,,,,,
561.3,,,7e-06,3.00122e-06,0.00109599,0.969797,,,,,,,
561.4,,,7e-06,5e-06,0.001082,0.970628,,,,,,,
561.5,,,7e-06,8e-06,0.00107,0.968461,,,,,,,
561.6,,,6e-06,1e-05,0.001059,0.969406,,,,,,,
561.7,,,5e-06,1.3e-05,0.001047,0.96992,,,,,,,
561.8,,,2.99939e-06,1.19988e-05,0.00103599,0.967329,,,,,,,
561.9,,,2e-06,1e-05,0.001025,0.968879,,,,,,,
562.0,,,1e-06,7e-06,0.001014,0.974161,,,,,,,
562.1,1e-06,,1e-06,4e-06,0.001004,0.976884,,,,,,,
562.2,1e-06,,2e-06,1e-06,0.000994,0.975288,,,,,,,
562.3,1e-06,,3.00061e-06,2.00122e-06,0.000983994,0.974445,,,,,,,
562.4,1e-06,,4e-06,4e-06,0.000974,0.978099,,,,,,,
562.5,1e-06,,5e-06,7e-06,0.000964,0.974539,,,,,,,
562.6,1e-06,,4e-06,1e-05,0.000955,0.976998,,,,,,,
562.7,1e-06,,3e-06,1.3e-05,0.000946,0.977656,,,,,,,
562.8,1e-06,,2e-06,1.29988e-05,0.000936995,0.978678,,,,,,,
562.9,1e-06,,2e-06,1.1e-05,0.000928,0.978026,,,,,,,
563.0,1e-06,,1e-06,9e-06,0.00092,0.980045,,,,,,,
563.1,1e-06,,1e-06,8e-06,0.000911,0.981442,,,,,,,
563.2,1e-06,,3e-06,6e-06,0.000902,0.978798,,,,,,,
563.3,1e-06,,4.00122e-06,4.99939e-06,0.000892995,0.982714,,,,,,,
563.4,1e-06,,6e-06,4e-06,0.000885,0.98538,,,,,,,
563.5,1e-06,,7e-06,3e-06,0.000876,0.987724,,,,,,,
563.6,1e-06,,7e-06,2e-06,0.000868,0.985543,,,,,,,
563.7,1e-06,1e-06,6e-06,2e-06,0.00086,0.9851,,,,,,,
563.8,1.00061e-06,1e-06,5.99939e-06,1.00061e-06,0.000851995,0.990348,,,,,,,
563.9,2e-06,1e-06,5e-06,2e-06,0.000844,0.987496,,,,,,,
564.0,2e-06,1e-06,4e-06,2e-06,0.000836,0.986771,,,,,,,
564.1,2e-06,1e-06,4e-06,2e-06,0.000828,0.990571,,,,,,,
564.2,2e-06,1e-06,5e-06,2e-06,0.00082,0.989051,,,,,,,
564.3,2e-06,1e-06,5e-06,4.00122e-06,0.000811995,0.992305,,,,,,,
564.4,2e-06,1e-06,5e-06,6e-06,0.000804,0.99243,,,,,,,
564.5,2e-06,1e-06,5e-06,8e-06,0.000798,0.989121,,,,,,,
564.6,2e-06,1e-06,5e-06,1.1e-05,0.000792,0.989758,,,,,,,
564.7,2e-06,1e-06,4e-06,1.3e-05,0.000786,0.988658,,,,,,,
564.8,2e-06,1e-06,3e-06,1.4e-05,0.000779996,0.988168,,,,,,,
564.9,2e-06,1e-06,3e-06,1.4e-05,0.000774,0.990695,,,,,,,
565.0,2e-06,1e-06,2e-06,1.4e-05,0.000767,0.989564,,,,,,,
565.1,2e-06,1e-06,3e-06,1.4e-05,0.000759,0.990525,,,,,,,
565.2,2e-06,1e-06,4e-06,1.4e-05,0.000752,0.995387,,,,,,,
565.3,2e-06,1e-06,4.00061e-06,1.29982e-05,0.000743995,0.996053,,,,,,,
565.4,2e-06,1e-06,5e-06,1e-05,0.000736,0.994122,,,,,,,
565.5,2e-06,1e-06,6e-06,8e-06,0.000729,0.991877,,,,,,,
565.6,2e-06,1e-06,6e-06,5e-06,0.000721,0.994928,,,,,,,
565.7,3e-06,1e-06,5e-06,3e-06,0.000714,0.992491,,,,,,,
565.8,3e-06,1e-06,4.99939e-06,2e-06,0.000706995,0.992909,,,,,,,
565.9,3e-06,1e-06,4e-06,2e-06,0.000699,0.994901,,,,,,,
566.0,3e-06,1e-06,3e-06,1e-06,0.000692,0.993508,,,,,,,
566.1,3e-06,1e-06,3e-06,1e-06,0.000686,0.993001,,,,,,,
566.2,3e-06,1e-06,3e-06,,0.000679,0.991676,,,,,,,
566.3,3e-06,1e-06,3e-06,2.00122e-06,0.000671996,0.993981,,,,,,,
566.4,3e-06,1e-06,3e-06,4e-06,0.000665,0.994295,,,,,,,
566.5,3e-06,1e-06,4e-06,7e-06,0.000659,1.0,,,,,,,
566.6,3e-06,2e-06,4e-06,1e-05,0.000653,0.997264,,,,,,,
566.7,3e-06,2e-06,4e-06,1.3e-05,0.000647,0.990975,,,,,,,
566.8,3e-06,2e-06,4e-06,1.29982e-05,0.000640996,0.986149,,,,,,,
566.9,3e-06,2e-06,4e-06,1e-05,0.000634,0.987403,,,,,,,
567.0,3e-06,2e-06,5e-06,8e-06,0.000628,0.991216,,,,,,,
567.1,3e-06,2e-06,4e-06,6e-06,0.000623,0.989809,,,,,,,
567.2,2e-06,2e-06,4e-06,4e-06,0.000617,0.985049,,,,,,,
567.3,2e-06,2e-06,3e-06,4.00122e-06,0.000610997,0.985581,,,,,,,
567.4,2e-06,2e-06,3e-06,6e-06,0.000606,0.98332,,,,,,,
567.5,2e-06,3e-06,2e-06,9e-06,0.0006,0.978279,,,,,,,
567.6,2e-06,3e-06,4e-06,1.1e-05,0.000595,0.979672,,,,,,,
567.7,2e-06,3e-06,7e-06,1.3e-05,0.00059,0.975593,,,,,,,
567.8,2e-06,3e-06,1.00012e-05,1.19988e-05,0.000584997,0.980623,,,,,,,
567.9,2e-06,3e-06,1.2e-05,1e-05,0.00058,0.980672,,,,,,,
568.0,2e-06,3e-06,1.5e-05,8e-06,0.000576,0.981397,,,,,,,
568.1,2e-06,4e-06,1.4e-05,5e-06,0.000572,0.977598,,,,,,,
568.2,2e-06,4e-06,1.2e-05,3e-06,0.000568,0.972707,,,,,,,
568.3,2e-06,4e-06,9.99878e-06,2e-06,0.000562998,0.973932,,,,,,,
568.4,2e-06,4e-06,8e-06,2e-06,0.000559,0.974773,,,,,,,
568.5,2e-06,4e-06,6e-06,2e-06,0.000555,0.974885,,,,,,,
568.6,2e-06,4e-06,6e-06,3e-06,0.000552,0.973085,,,,,,,
568.7,2e-06,5e-06,6e-06,3e-06,0.000548,0.976064,,,,,,,
568.8,2e-06,5e-06,6e-06,4.00183e-06,0.000544998,0.974348,,,,,,,
568.9,2e-06,5e-06,6e-06,7e-06,0.000541,0.970333,,,,,,,
569.0,2e-06,5e-06,5e-06,9e-06,0.000538,0.969308,,,,,,,
569.1,2e-06,5e-06,7e-06,1.1e-05,0.000536,0.973895,,,,,,,
569.2,2e-06,5e-06,9e-06,1.3e-05,0.000533,0.976513,,,,,,,
569.3,2e-06,5e-06,1.10012e-05,1.4e-05,0.000530998,0.972659,,,,,,,
569.4,2e-06,5e-06,1.3e-05,1.4e-05,0.000528,0.975368,,,,,,,
569.5,2e-06,5e-06,1.5e-05,1.4e-05,0.000526,0.975151,,,,,,,
569.6,2e-06,6e-06,1.4e-05,1.4e-05,0.000523,0.971434,,,,,,,
569.7,2e-06,6e-06,1.2e-05,1.4e-05,0.000521,0.970529,,,,,,,
569.8,2e-06,6e-06,9.99878e-06,1.29982e-05,0.000518998,0.975049,,,,,,,
569.9,2e-06,6e-06,8e-06,1e-05,0.000516,0.973469,,,,,,,
570.0,2e-06,6e-06,6e-06,8e-06,0.000515,0.971968,,,,,,,
570.1,2e-06,6e-06,5e-06,6e-06,0.000514,0.974649,,,,,,,
570.2,2e-06,6e-06,4e-06,3e-06,0.000513,0.972769,,,,,,,
570.3,2e-06,6e-06,3.99939e-06,2e-06,0.000511999,0.97525,,,,,,,
570.4,2e-06,6e-06,3e-06,2e-06,0.000511,0.979909,,,,,,,
570.5,2e-06,6e-06,2e-06,2e-06,0.000508,0.977943,,,,,,,
570.6,2e-06,5e-06,3e-06,2e-06,0.000505,0.977172,,,,,,,
570.7,2e-06,5e-06,4e-06,2e-06,0.000501,0.976054,,,,,,,
570.8,2e-06,5e-06,5.00061e-06,3.00183e-06,0.000496998,0.971809,,,,,,,
570.9,2e-06,5e-06,6e-06,6e-06,0.000493,0.971693,,,,,,,
571.0,2e-06,5e-06,7e-06,8e-06,0.000492,0.974345,,,,,,,
571.1,2e-06,5e-06,7e-06,1.1e-05,0.000491,0.972189,,,,,,,
571.2,2e-06,5e-06,6e-06,1.3e-05,0.00049,0.975984,,,,,,,
571.3,2e-06,5e-06,4.99939e-06,1.29988e-05,0.000488999,0.977715,,,,,,,
571.4,2e-06,5e-06,4e-06,1.1e-05,0.000488,0.974522,,,,,,,
571.5,2e-06,5e-06,3e-06,9e-06,0.000487,0.972779,,,,,,,
571.6,2e-06,5e-06,4e-06,7e-06,0.000485,0.975733,,,,,,,
571.7,3e-06,5e-06,4e-06,4e-06,0.000483,0.970968,,,,,,,
571.8,3e-06,5e-06,5.00061e-06,3e-06,0.000480999,0.969399,,,,,,,
571.9,3e-06,5e-06,6e-06,3e-06,0.000479,0.967985,,,,,,,
572.0,3e-06,5e-06,6e-06,2e-06,0.000477,0.965914,,,,,,,
572.1,3e-06,5e-06,6e-06,2e-06,0.000474,0.962416,,,,,,,
572.2,3e-06,5e-06,6e-06,1e-06,0.000471,0.96002,,,,,,,
572.3,3e-06,5e-06,6e-06,3.00122e-06,0.000467998,0.951606,,,,,,,
572.4,3e-06,5e-06,6e-06,5e-06,0.000465,0.950256,,,,,,,
572.5,4e-06,5e-06,6e-06,8e-06,0.000463,0.943962,,,,,,,
572.6,4e-06,5e-06,6e-06,1e-05,0.000461,0.938374,,,,,,,
572.7,4e-06,5e-06,5e-06,1.3e-05,0.00046,0.938268,,,,,,,
572.8,4.00061e-06,5e-06,3.99939e-06,1.4e-05,0.000457999,0.931619,,,,,,,
572.9,5e-06,5e-06,3e-06,1.4e-05,0.000457,0.922071,,,,,,,
573.0,5e-06,5e-06,3e-06,1.4e-05,0.000455,0.917328,,,,,,,
573.1,6e-06,5e-06,3e-06,1.4e-05,0.000452,0.911872,,,,,,,
573.2,6e-06,5e-06,3e-06,1.4e-05,0.00045,0.906102,,,,,,,
573.3,6.00061e-06,6e-06,4e-06,1.29982e-05,0.000446999,0.902193,,,,,,,
573.4,7e-06,6e-06,4e-06,1e-05,0.000445,0.890504,,,,,,,
573.5,8e-06,6e-06,4e-06,8e-06,0.000443,0.880589,,,,,,,
573.6,8e-06,6e-06,5e-06,5e-06,0.000442,0.872251,,,,,,,
573.7,9e-06,6e-06,5e-06,3e-06,0.00044,0.858343,,,,,,,
573.8,1.00006e-05,7e-06,5.00061e-06,3.00183e-06,0.000438999,0.846513,,,,,,,
573.9,1.1e-05,7e-06,6e-06,6e-06,0.000437,0.837066,,,,,,,
574.0,1.2e-05,7e-06,6e-06,8e-06,0.000435,0.820755,,,,,,,
574.1,1.4e-05,8e-06,6e-06,1.1e-05,0.000433,0.811954,,,,,,,
574.2,1.6e-05,8e-06,6e-06,1.3e-05,0.000431,0.799708,,,,,,,
574.3,1.70012e-05,9e-06,6e-06,1.4e-05,0.000428999,0.782264,,,,,,,
574.4,1.9e-05,9e-06,6e-06,1.4e-05,0.000427,0.768546,,,,,,,
574.5,2.1e-05,1e-05,6e-06,1.4e-05,0.000424,0.753975,,,,,,,
574.6,2.4e-05,1.1e-05,5e-06,1.4e-05,0.000422,0.738974,,,,,,,
574.7,2.7e-05,1.2e-05,5e-06,1.4e-05,0.000419,0.722131,,,,,,,
574.8,2.90018e-05,1.30006e-05,4e-06,1.29982e-05,0.000416999,0.707823,,,,,,,
574.9,3.2e-05,1.4e-05,4e-06,1e-05,0.000415,0.691413,,,,,,,
575.0,3.2e-05,1.5e-05,3e-06,8e-06,0.000412,0.673518,,,,,,,
575.1,3.1e-05,1.7e-05,4e-06,5e-06,0.00041,0.655206,,,,,,,
575.2,3.1e-05,1.8e-05,4e-06,3e-06,0.000408,0.639152,,,,,,,
575.3,3e-05,2.00018e-05,5.00061e-06,3.00183e-06,0.000405999,0.620618,,,,,,,
575.4,3e-05,2.3e-05,6e-06,6e-06,0.000404,0.601788,,,,,,,
575.5,2.8e-05,2.6e-05,6e-06,8e-06,0.000402,0.583209,,,,,,,
575.6,2.6e-05,2.9e-05,7e-06,1.1e-05,0.0004,0.565317,,,,,,,
575.7,2.4e-05,3.1e-05,7e-06,1.3e-05,0.000398,0.548118,,,,,,,
575.8,2.19988e-05,3.50024e-05,7e-06,1.29988e-05,0.000395999,0.531727,,,,,,,
575.9,2e-05,3.9e-05,7e-06,1.1e-05,0.000394,0.51353,,,,,,,
576.0,1.8e-05,4.4e-05,8e-06,9e-06,0.000393,0.492331,,,,,,,
576.1,1.6e-05,4.8e-05,8e-06,7e-06,0.000392,0.47456,,,,,,,
576.2,1.4e-05,5.2e-05,8e-06,5e-06,0.000391,0.458767,,,,,,,
576.3,1.19988e-05,5.2e-05,8e-06,5.00122e-06,0.000389999,0.441395,,,,,,,
576.4,1e-05,5.2e-05,8e-06,7e-06,0.000389,0.424233,,,,,,,
576.5,9e-06,5.1e-05,8e-06,9e-06,0.000387,0.409716,,,,,,,
576.6,8e-06,5.1e-05,8e-06,1.1e-05,0.000385,0.393165,,,,,,,
576.7,7e-06,5e-05,9e-06,1.3e-05,0.000382,0.376151,,,,,,,
576.8,6e-06,4.69982e-05,9e-06,1.4e-05,0.000379999,0.363083,,,,,,,
576.9,6e-06,4.4e-05,9e-06,1.4e-05,0.000378,0.348477,,,,,,,
577.0,5e-06,4e-05,9e-06,1.4e-05,0.000377,0.334317,,,,,,,
577.1,5e-06,3.6e-05,9e-06,1.4e-05,0.000376,0.321252,,,,,,,
577.2,4e-06,3.3e-05,9e-06,1.4e-05,0.000375,0.307165,,,,,,,
577.3,4e-06,2.89982e-05,8.99939e-06,1.29982e-05,0.000372999,0.293071,,,,,,,
577.4,4e-06,2.6e-05,8e-06,1e-05,0.000372,0.281766,,,,,,,
577.5,3e-06,2.3e-05,8e-06,8e-06,0.000371,0.268064,,,,,,,
577.6,3e-06,2e-05,8e-06,5e-06,0.00037,0.255737,,,,,,,
577.7,3e-06,1.7e-05,7e-06,3e-06,0.000369,0.244605,,,,,,,
577.8,3e-06,1.49994e-05,7e-06,3.00183e-06,0.000367999,0.234209,,,,,,,
577.9,3e-06,1.4e-05,7e-06,6e-06,0.000367,0.225309,,,,,,,
578.0,3e-06,1.2e-05,7e-06,8e-06,0.000365,0.214703,,,,,,,
578.1,3e-06,1.1e-05,7e-06,1.1e-05,0.000364,0.203544,,,,,,,
578.2,2e-06,9e-06,6e-06,1.3e-05,0.000363,0.194504,,,,,,,
578.3,2e-06,8.99939e-06,6e-06,1.29982e-05,0.000361999,0.18691,,,,,,,
578.4,2e-06,8e-06,6e-06,1e-05,0.00036,0.178965,,,,,,,
578.5,2e-06,8e-06,6e-06,7e-06,0.00036,0.170897,,,,,,,
578.6,2e-06,7e-06,6e-06,4e-06,0.000359,0.162664,,,,,,,
578.7,2e-06,7e-06,6e-06,2e-06,0.000359,0.154944,,,,,,,
578.8,2e-06,6e-06,5e-06,1e-06,0.000358999,0.148369,,,,,,,
578.9,2e-06,6e-06,5e-06,1e-06,0.000358,0.141679,,,,,,,
579.0,2e-06,6e-06,5e-06,1e-06,0.000357,0.135249,,,,,,,
579.1,2e-06,5e-06,5e-06,1e-06,0.000356,0.129876,,,,,,,
579.2,2e-06,5e-06,5e-06,2e-06,0.000354,0.124305,,,,,,,
579.3,2e-06,4.99939e-06,6e-06,2e-06,0.000352999,0.119245,,,,,,,
579.4,2e-06,4e-06,6e-06,2e-06,0.000351,0.11423,,,,,,,
579.5,2e-06,4e-06,6e-06,2e-06,0.000349,0.10907,,,,,,,
579.6,2e-06,4e-06,6e-06,2e-06,0.000347,0.104082,,,,,,,
579.7,2e-06,4e-06,6e-06,2e-06,0.000345,0.099888,,,,,,,
579.8,2e-06,3e-06,6e-06,3.00183e-06,0.000341999,0.0955935,,,,,,,
579.9,2e-06,3e-06,6e-06,6e-06,0.00034,0.091536,,,,,,,
580.0,1e-06,3e-06,6e-06,8e-06,0.000339,0.087202,,,,,,,
580.1,1e-06,3e-06,7e-06,1.1e-05,0.000338,0.082814,,,,,,,
580.2,1e-06,3e-06,7e-06,1.3e-05,0.000337,0.078944,,,,,,,
580.3,1e-06,3e-06,8.00061e-06,1.29982e-05,0.000336,0.0760273,,,,,,,
580.4,1e-06,3e-06,9e-06,1e-05,0.000336,0.073299,,,,,,,
580.5,1e-06,3e-06,9e-06,8e-06,0.000335,0.070189,,,,,,,
580.6,1e-06,3e-06,1e-05,5e-06,0.000334,0.067065,,,,,,,
580.7,1e-06,3e-06,1e-05,3e-06,0.000333,0.064327,,,,,,,
580.8,1e-06,3e-06,9.99939e-06,3.00183e-06,0.000331999,0.0617565,,,,,,,
580.9,1e-06,3e-06,9e-06,6e-06,0.000331,0.059238,,,,,,,
581.0,1e-06,3e-06,9e-06,8e-06,0.000329,0.056507,,,,,,,
581.1,1e-06,3e-06,9e-06,1.1e-05,0.000327,0.05449,,,,,,,
581.2,1e-06,3e-06,9e-06,1.3e-05,0.000324,0.051851,,,,,,,
581.3,1.00061e-06,3e-06,1e-05,1.29988e-05,0.000321998,0.049784,,,,,,,
581.4,2e-06,3e-06,1e-05,1.1e-05,0.000319,0.048108,,,,,,,
581.5,2e-06,3e-06,1e-05,9e-06,0.000319,0.04639,,,,,,,
581.6,2e-06,2e-06,9e-06,6e-06,0.000319,0.0445,,,,,,,
581.7,2e-06,2e-06,9e-06,4e-06,0.000319,0.042663,,,,,,,
581.8,2e-06,2e-06,8e-06,2.99939e-06,0.00032,0.0410851,,,,,,,
581.9,2e-06,2e-06,8e-06,2e-06,0.00032,0.039539,,,,,,,
582.0,2e-06,2e-06,7e-06,2e-06,0.00032,0.037775,,,,,,,
582.1,2e-06,2e-06,7e-06,1e-06,0.000319,0.036111,,,,,,,
582.2,2e-06,2e-06,8e-06,1e-06,0.000319,0.034909,,,,,,,
582.3,2e-06,2.00061e-06,8.00061e-06,1.00061e-06,0.000319,0.0336652,,,,,,,
582.4,2e-06,3e-06,9e-06,2e-06,0.000319,0.032338,,,,,,,
582.5,2e-06,3e-06,1e-05,2e-06,0.000318,0.030974,,,,,,,
582.6,1e-06,3e-06,1e-05,3e-06,0.000317,0.029817,,,,,,,
582.7,1e-06,3e-06,9e-06,4e-06,0.000315,0.028751,,,,,,,
582.8,9.9939e-07,3e-06,8.99939e-06,3.99939e-06,0.000313999,0.0276273,,,,,,,
582.9,,3e-06,8e-06,3e-06,0.000313,0.026483,,,,,,,
583.0,1e-06,3e-06,8e-06,2e-06,0.000314,0.025565,,,,,,,
583.1,1e-06,3e-06,8e-06,1e-06,0.000315,0.02455,,,,,,,
583.2,2e-06,3e-06,8e-06,,0.000317,0.023481,,,,,,,
583.3,3e-06,4e-06,8e-06,,0.000318001,0.0226246,,,,,,,
583.4,3e-06,4e-06,8e-06,,0.000319,0.0219,,,,,,,
583.5,3e-06,4e-06,8e-06,,0.00032,0.021083,,,,,,,
583.6,3e-06,4e-06,8e-06,,0.000321,0.020347,,,,,,,
583.7,3e-06,4e-06,9e-06,1e-06,0.000322,0.01973,,,,,,,
583.8,2e-06,4e-06,9.00061e-06,2.00183e-06,0.000323001,0.0189536,,,,,,,
583.9,2e-06,4e-06,1e-05,5e-06,0.000324,0.01828,,,,,,,
584.0,2e-06,4e-06,1e-05,7e-06,0.000325,0.017601,,,,,,,
584.1,2e-06,4e-06,1.1e-05,1e-05,0.000326,0.017015,,,,,,,
584.2,2e-06,4e-06,1.1e-05,1.3e-05,0.000327,0.016351,,,,,,,
584.3,2e-06,4.00061e-06,1.1e-05,1.29982e-05,0.000328001,0.0157827,,,,,,,
584.4,2e-06,5e-06,1.1e-05,1e-05,0.000329,0.015323,,,,,,,
584.5,2e-06,5e-06,1.1e-05,8e-06,0.000329,0.014832,,,,,,,
584.6,1e-06,5e-06,1.1e-05,5e-06,0.00033,0.014313,,,,,,,
584.7,1e-06,6e-06,1.1e-05,3e-06,0.000331,0.013795,,,,,,,
584.8,9.9939e-07,6e-06,1e-05,1.00061e-06,0.000332001,0.0133067,,,,,,,
584.9,,6e-06,1e-05,2e-06,0.000333,0.012873,,,,,,,
585.0,1e-06,6e-06,9e-06,2e-06,0.000333,0.012519,,,,,,,
585.1,1e-06,6e-06,1e-05,2e-06,0.000333,0.012079,,,,,,,
585.2,2e-06,6e-06,1e-05,2e-06,0.000333,0.011641,,,,,,,
585.3,2e-06,7e-06,1.1e-05,1.99939e-06,0.000333,0.0112338,,,,,,,
585.4,2e-06,7e-06,1.1e-05,1e-06,0.000333,0.010877,,,,,,,
585.5,2e-06,7e-06,1.2e-05,1e-06,0.000334,0.010513,,,,,,,
585.6,3e-06,7e-06,1.2e-05,1e-06,0.000335,0.010189,,,,,,,
585.7,3e-06,8e-06,1.2e-05,1e-06,0.000336,0.009835,,,,,,,
585.8,3e-06,8.00061e-06,1.2e-05,1e-06,0.000338001,0.00950987,,,,,,,
585.9,3e-06,9e-06,1.2e-05,1e-06,0.000339,0.009295,,,,,,,
586.0,3e-06,9e-06,1.2e-05,1e-06,0.00034,0.008982,,,,,,,
586.1,3e-06,9e-06,1.3e-05,1e-06,0.000341,0.008673,,,,,,,
586.2,2e-06,1e-05,1.4e-05,2e-06,0.000342,0.008417,,,,,,,
586.3,2e-06,1.00006e-05,1.5e-05,2e-06,0.000343001,0.00815283,,,,,,,
586.4,2e-06,1.1e-05,1.5e-05,2e-06,0.000345,0.007873,,,,,,,
586.5,2e-06,1.1e-05,1.6e-05,2e-06,0.000346,0.007623,,,,,,,
586.6,2e-06,1.2e-05,1.6e-05,2e-06,0.000347,0.007395,,,,,,,
586.7,2e-06,1.3e-05,1.6e-05,2e-06,0.000349,0.007252,,,,,,,
586.8,3e-06,1.30006e-05,1.5e-05,3.00183e-06,0.000350001,0.00704788,,,,,,,
586.9,3e-06,1.4e-05,1.5e-05,6e-06,0.000351,0.006853,,,,,,,
587.0,3e-06,1.5e-05,1.4e-05,8e-06,0.000352,0.006676,,,,,,,
587.1,4e-06,1.6e-05,1.5e-05,1.1e-05,0.000352,0.006414,,,,,,,
587.2,4e-06,1.7e-05,1.5e-05,1.3e-05,0.000353,0.006193,,,,,,,
587.3,5e-06,1.80006e-05,1.50006e-05,1.29988e-05,0.000353001,0.00605587,,,,,,,
587.4,5e-06,1.9e-05,1.6e-05,1.1e-05,0.000354,0.005846,,,,,,,
587.5,5e-06,2e-05,1.6e-05,8e-06,0.000354,0.005686,,,,,,,
587.6,4e-06,2.1e-05,1.5e-05,6e-06,0.000355,0.005521,,,,,,,
587.7,3e-06,2.2e-05,1.4e-05,4e-06,0.000355,0.005375,,,,,,,
587.8,1.99939e-06,2.3e-05,1.29994e-05,3e-06,0.000356,0.00523591,,,,,,,
587.9,1e-06,2.3e-05,1.2e-05,3e-06,0.000356,0.005094,,,,,,,
588.0,1e-06,2.3e-05,1.2e-05,3e-06,0.000357,0.004948,,,,,,,
588.1,1e-06,2.4e-05,1.2e-05,3e-06,0.000357,0.004878,,,,,,,
588.2,2e-06,2.4e-05,1.3e-05,4e-06,0.000358,0.004786,,,,,,,
588.3,2e-06,2.50012e-05,1.4e-05,3e-06,0.000359,0.0046359,,,,,,,
588.4,2e-06,2.7e-05,1.4e-05,3e-06,0.000359,0.004477,,,,,,,
588.5,2e-06,2.9e-05,1.5e-05,2e-06,0.00036,0.004399,,,,,,,
588.6,2e-06,3.1e-05,1.5e-05,2e-06,0.000361,0.004318,,,,,,,
588.7,2e-06,3.2e-05,1.5e-05,1e-06,0.000362,0.004178,,,,,,,
588.8,2e-06,3.2e-05,1.5e-05,2.00183e-06,0.000363,0.00407795,,,,,,,
588.9,2e-06,3.2e-05,1.5e-05,5e-06,0.000363,0.003998,,,,,,,
589.0,2e-06,3.2e-05,1.4e-05,8e-06,0.000363,0.003901,,,,,,,
589.1,2e-06,3.2e-05,1.4e-05,1e-05,0.000363,0.003799,,,,,,,
589.2,2e-06,3.2e-05,1.4e-05,1.3e-05,0.000362,0.003716,,,,,,,
589.3,3e-06,3.20006e-05,1.40006e-05,1.29982e-05,0.000361,0.00364894,,,,,,,
589.4,3e-06,3.3e-05,1.5e-05,1e-05,0.000361,0.003556,,,,,,,
589.5,2e-06,3.4e-05,1.5e-05,8e-06,0.000358,0.003456,,,,,,,
589.6,2e-06,3.4e-05,1.5e-05,5e-06,0.000354,0.003383,,,,,,,
589.7,2e-06,3.5e-05,1.5e-05,3e-06,0.00035,0.003327,,,,,,,
589.8,1e-06,3.5e-05,1.6e-05,3.00183e-06,0.000345998,0.00326594,,,,,,,
589.9,1e-06,3.5e-05,1.6e-05,6e-06,0.000342,0.003168,,,,,,,
590.0,1e-06,3.5e-05,1.7e-05,8e-06,0.000336,0.003074,,,,,,,
590.1,1e-06,3.6e-05,1.6e-05,1.1e-05,0.000331,0.003017,,,,,,,
590.2,1e-06,3.6e-05,1.6e-05,1.3e-05,0.000325,0.002952,,,,,,,
590.3,1.00061e-06,3.6e-05,1.5e-05,1.29982e-05,0.000318997,0.00287497,,,,,,,
590.4,2e-06,3.6e-05,1.5e-05,1e-05,0.000314,0.00282,,,,,,,
590.5,2e-06,3.6e-05,1.4e-05,7e-06,0.000306,0.002754,,,,,,,
590.6,2e-06,3.7e-05,1.4e-05,5e-06,0.000298,0.002701,,,,,,,
590.7,2e-06,3.7e-05,1.4e-05,2e-06,0.000289,0.002672,,,,,,,
590.8,2e-06,3.7e-05,1.3e-05,1e-06,0.000280994,0.00262696,,,,,,,
590.9,2e-06,3.7e-05,1.3e-05,1e-06,0.000272,0.002568,,,,,,,
591.0,1e-06,3.7e-05,1.2e-05,1e-06,0.000262,0.002533,,,,,,,
591.1,1e-06,3.7e-05,1.2e-05,1e-06,0.00025,0.002475,,,,,,,
591.2,1e-06,3.7e-05,1.1e-05,2e-06,0.000239,0.002421,,,,,,,
591.3,1e-06,3.80006e-05,9.99939e-06,2e-06,0.000226993,0.00235298,,,,,,,
591.4,1e-06,3.9e-05,9e-06,2e-06,0.000216,0.002321,,,,,,,
591.5,1e-06,4e-05,9e-06,2e-06,0.000205,0.002299,,,,,,,
591.6,1e-06,4.1e-05,8e-06,3e-06,0.000195,0.002241,,,,,,,
591.7,1e-06,4.2e-05,8e-06,3e-06,0.000185,0.002197,,,,,,,
591.8,1e-06,4.20006e-05,8e-06,3e-06,0.000173994,0.00216297,,,,,,,
591.9,1e-06,4.3e-05,8e-06,3e-06,0.000164,0.002119,,,,,,,
592.0,1e-06,4.3e-05,8e-06,3e-06,0.000155,0.002082,,,,,,,
592.1,1e-06,4.3e-05,8e-06,3e-06,0.000145,0.002035,,,,,,,
592.2,1e-06,4.4e-05,8e-06,4e-06,0.000136,0.001998,,,,,,,
592.3,1e-06,4.40006e-05,7.99939e-06,5.00122e-06,0.000125995,0.00196999,,,,,,,
592.4,1e-06,4.5e-05,7e-06,7e-06,0.000117,0.001948,,,,,,,
592.5,1e-06,4.6e-05,7e-06,9e-06,0.000109,0.001904,,,,,,,
592.6,,4.6e-05,7e-06,1.1e-05,0.000102,0.001858,,,,,,,
592.7,,4.7e-05,6e-06,1.3e-05,9.6e-05,0.001832,,,,,,,
592.8,,4.8e-05,5.99939e-06,1.4e-05,8.89957e-05,0.00181098,,,,,,,
592.9,,4.8e-05,5e-06,1.4e-05,8.2e-05,0.001776,,,,,,,
593.0,,4.9e-05,5e-06,1.4e-05,7.7e-05,0.00175,,,,,,,
593.1,,5e-05,5e-06,1.4e-05,7.2e-05,0.001725,,,,,,,
593.2,1e-06,5.1e-05,4e-06,1.4e-05,6.7e-05,0.001696,,,,,,,
593.3,1e-06,5.10006e-05,4e-06,1.29988e-05,6.2997e-05,0.00166799,,,,,,,
593.4,1e-06,5.2e-05,4e-06,1.1e-05,5.8e-05,0.001646,,,,,,,
593.5,1e-06,5.3e-05,4e-06,8e-06,5.4e-05,0.001632,,,,,,,
593.6,1e-06,5.4e-05,3e-06,6e-06,5.1e-05,0.001609,,,,,,,
593.7,1e-06,5.4e-05,3e-06,3e-06,4.8e-05,0.001572,,,,,,,
593.8,1e-06,5.50006e-05,3e-06,3.00183e-06,4.49982e-05,0.00155999,,,,,,,
593.9,1e-06,5.6e-05,3e-06,6e-06,4.2e-05,0.001545,,,,,,,
594.0,1e-06,5.6e-05,2e-06,8e-06,3.9e-05,0.001512,,,,,,,
594.1,1e-06,5.7e-05,2e-06,1.1e-05,3.7e-05,0.001482,,,,,,,
594.2,1e-06,5.8e-05,2e-06,1.3e-05,3.5e-05,0.001465,,,,,,,
594.3,1e-06,5.8e-05,2e-06,1.29988e-05,3.29982e-05,0.00144399,,,,,,,
594.4,1e-06,5.8e-05,2e-06,1.1e-05,3e-05,0.00142,,,,,,,
594.5,1e-06,5.9e-05,2e-06,8e-06,2.9e-05,0.001405,,,,,,,
594.6,1e-06,5.9e-05,2e-06,6e-06,2.7e-05,0.001386,,,,,,,
594.7,1e-06,5.9e-05,2e-06,4e-06,2.6e-05,0.001368,,,,,,,
594.8,1.00061e-06,5.9e-05,2e-06,4.00122e-06,2.39994e-05,0.00135099,,,,,,,
594.9,2e-06,5.9e-05,2e-06,6e-06,2.3e-05,0.001333,,,,,,,
595.0,1e-06,5.9e-05,1e-06,9e-06,2.1e-05,0.001317,,,,,,,
595.1,1e-06,5.9e-05,1e-06,1.1e-05,2e-05,0.0013,,,,,,,
595.2,1e-06,5.9e-05,1e-06,1.3e-05,1.9e-05,0.001281,,,,,,,
595.3,1e-06,5.8e-05,1e-06,1.4e-05,1.79994e-05,0.00125799,,,,,,,
595.4,1e-06,5.8e-05,1e-06,1.4e-05,1.7e-05,0.001238,,,,,,,
595.5,1e-06,5.7e-05,1e-06,1.4e-05,1.6e-05,0.00122,,,,,,,
595.6,1e-06,5.7e-05,1e-06,1.4e-05,1.6e-05,0.001205,,,,,,,
595.7,1e-06,5.6e-05,1e-06,1.4e-05,1.5e-05,0.001189,,,,,,,
595.8,1e-06,5.49994e-05,1e-06,1.4e-05,1.4e-05,0.00117499,,,,,,,
595.9,1e-06,5.4e-05,1e-06,1.4e-05,1.4e-05,0.001162,,,,,,,
596.0,1e-06,5.3e-05,1e-06,1.4e-05,1.3e-05,0.001147,,,,,,,
596.1,1e-06,5.2e-05,1e-06,1.4e-05,1.3e-05,0.001132,,,,,,,
596.2,1e-06,5.1e-05,1e-06,1.4e-05,1.2e-05,0.001117,,,,,,,
596.3,1e-06,4.99994e-05,1e-06,1.29982e-05,1.19994e-05,0.00110199,,,6.10128e-10,,,,
596.4,1e-06,4.9e-05,1e-06,1e-05,1.1e-05,0.001088,,,1e-06,,,,
596.5,1e-06,4.8e-05,1e-06,7e-06,1.1e-05,0.001075,,,1e-06,,,,
596.6,1e-06,4.7e-05,1e-06,5e-06,1e-05,0.001061,,,1e-06,,,,
596.7,1e-06,4.6e-05,1e-06,2e-06,1e-05,0.001048,,,1e-06,,,,
596.8,1e-06,4.49994e-05,1e-06,2.00183e-06,9.99939e-06,0.00103599,,,1e-06,,,,
596.9,1e-06,4.4e-05,1e-06,5e-06,9e-06,0.001024,,,1e-06,,,,
597.0,1e-06,4.3e-05,1e-06,7e-06,9e-06,0.001012,,,1e-06,,,,
597.1,1e-06,4.1e-05,1e-06,1e-05,9e-06,0.001,,,1e-06,,,,
597.2,2e-06,4e-05,1e-06,1.3e-05,8e-06,0.000988,,,1e-06,,,,
597.3,2e-06,3.99994e-05,1e-06,1.4e-05,8e-06,0.000977993,,1e-06,1e-06,,,,
597.4,2e-06,3.9e-05,1e-06,1.4e-05,8e-06,0.000967,,1e-06,1e-06,,,,
597.5,2e-06,3.8e-05,,1.4e-05,8e-06,0.000956,,1e-06,1e-06,,,,
597.6,2e-06,3.7e-05,,1.4e-05,7e-06,0.000945,,1e-06,1e-06,,,,
597.7,1e-06,3.7e-05,,1.4e-05,7e-06,0.000934,,1e-06,1e-06,,,,
597.8,1e-06,3.49994e-05,,1.29982e-05,7e-06,0.000922993,,1e-06,1e-06,,,,
597.9,1e-06,3.4e-05,,1e-05,7e-06,0.000912,,1e-06,1e-06,,,,
598.0,1e-06,3.3e-05,,8e-06,6e-06,0.000901,,1e-06,1e-06,,,,
598.1,1e-06,3.2e-05,,6e-06,6e-06,0.00089,,1e-06,1e-06,,,,
598.2,1e-06,3.1e-05,,4e-06,6e-06,0.00088,,1e-06,1e-06,,,,
598.3,1e-06,2.99994e-05,,4.00122e-06,6e-06,0.000869995,,1e-06,1e-06,,,,
598.4,1e-06,2.9e-05,,6e-06,6e-06,0.000861,,1e-06,1e-06,,,,
598.5,1e-06,2.8e-05,,8e-06,6e-06,0.000851,,1e-06,1e-06,,,,
598.6,1e-06,2.8e-05,,1e-05,5e-06,0.000842,,1e-06,1e-06,,,,
598.7,1e-06,2.7e-05,,1.2e-05,5e-06,0.000832,,1e-06,1e-06,,,,
598.8,,2.59994e-05,,1.3e-05,5e-06,0.000821994,,1e-06,1e-06,,,,
598.9,,2.5e-05,,1.3e-05,5e-06,0.000812,,1e-06,1e-06,,,,
599.0,1e-06,2.5e-05,,1.3e-05,5e-06,0.000802,,1e-06,1e-06,,,,
599.1,1e-06,2.4e-05,,1.3e-05,5e-06,0.000791,,1e-06,1e-06,,,,
599.2,1e-06,2.4e-05,,1.3e-05,5e-06,0.000782,,1e-06,1e-06,,,,
599.3,1e-06,2.29994e-05,,1.19988e-05,4.99939e-06,0.000772995,,1e-06,1e-06,,,,
599.4,1e-06,2.2e-05,,1e-05,4e-06,0.000765,,1e-06,1e-06,,,,
599.5,1e-06,2.1e-05,,7e-06,4e-06,0.000756,,1e-06,1e-06,,,,
599.6,1e-06,2e-05,,5e-06,4e-06,0.000748,,1e-06,1e-06,,,,
599.7,1e-06,2e-05,,3e-06,4e-06,0.00074,,1e-06,1e-06,,,,
599.8,1.00061e-06,1.89994e-05,,2e-06,4e-06,0.000730995,,1e-06,1e-06,,,,
599.9,2e-06,1.8e-05,,2e-06,4e-06,0.000723,,1e-06,1e-06,,,,
600.0,1e-06,1.8e-05,,2e-06,4e-06,0.000715,,1e-06,1e-06,,,,
600.1,1e-06,1.7e-05,,2e-06,4e-06,0.000707,,1e-06,1e-06,,,,
600.2,1e-06,1.7e-05,,2e-06,4e-06,0.000698,,1e-06,1e-06,,,,
600.3,,1.59994e-05,,3.00122e-06,3.99939e-06,0.000689995,,1e-06,1e-06,,,,
600.4,,1.5e-05,,5e-06,3e-06,0.000681,,1e-06,1e-06,,,,
600.5,,1.5e-05,,7e-06,3e-06,0.000672,,1e-06,1e-06,,,,
600.6,,1.4e-05,,9e-06,3e-06,0.000664,,1e-06,1e-06,,,,
600.7,1e-06,1.4e-05,,1.1e-05,3e-06,0.000656,,1e-06,1e-06,,,,
600.8,1e-06,1.3e-05,,1.09988e-05,3e-06,0.000647995,,1e-06,1e-06,,,,
600.9,1e-06,1.3e-05,,9e-06,3e-06,0.00064,,1e-06,1e-06,,,,
601.0,1e-06,1.2e-05,,7e-06,3e-06,0.000633,,1e-06,1e-06,,,,
601.1,1e-06,1.1e-05,,5e-06,3e-06,0.000625,,1e-06,1e-06,,,,
601.2,1e-06,1.1e-05,,2e-06,3e-06,0.000617,,1e-06,1e-06,,,,
601.3,9.9939e-07,1e-05,,2.00061e-06,3e-06,0.000608995,,1e-06,1e-06,,,,
601.4,,1e-05,,3e-06,3e-06,0.0006,,1e-06,1e-06,,,,
601.5,,9e-06,,4e-06,3e-06,0.000592,,1e-06,1e-06,,,,
601.6,1e-06,9e-06,,4e-06,2e-06,0.000583,,1e-06,1e-06,,,,
601.7,1e-06,9e-06,,5e-06,2e-06,0.000575,,1e-06,1e-06,,,,
601.8,1e-06,8e-06,,4.99939e-06,2e-06,0.000568996,,1e-06,1e-06,,,,
601.9,1e-06,8e-06,,4e-06,2e-06,0.000562,,1e-06,1e-06,,,,
602.0,1e-06,7e-06,,3e-06,2e-06,0.000555,,1e-06,1e-06,,,,
602.1,1e-06,7e-06,,2e-06,2e-06,0.000549,,1e-06,1e-06,,,,
602.2,1e-06,6e-06,,,2e-06,0.000542,,1e-06,1e-06,,,,
602.3,1e-06,6e-06,,1.00183e-06,2e-06,0.000535996,,1e-06,1.00061e-06,,,,
602.4,1e-06,6e-06,,4e-06,2e-06,0.00053,,1e-06,2e-06,,,,
602.5,1e-06,5e-06,,6e-06,2e-06,0.000523,,1e-06,2e-06,,,,
602.6,2e-06,5e-06,,8e-06,2e-06,0.000517,,1e-06,2e-06,,,,
602.7,2e-06,5e-06,,1e-05,2e-06,0.000511,,1e-06,2e-06,,,,
602.8,2.00061e-06,4e-06,,9.99878e-06,2e-06,0.000504996,,1e-06,2e-06,,,,
602.9,3e-06,4e-06,,8e-06,2e-06,0.000498,,1e-06,2e-06,,,,
603.0,2e-06,4e-06,,6e-06,2e-06,0.000492,,1e-06,2e-06,,,,
603.1,2e-06,4e-06,,4e-06,1e-06,0.000486,,1e-06,2e-06,,,,
603.2,1e-06,4e-06,,2e-06,1e-06,0.00048,,1e-06,2e-06,,,,
603.3,9.9939e-07,3e-06,,2.00122e-06,1e-06,0.000473997,,1e-06,2e-06,,,,
603.4,,3e-06,,4e-06,1e-06,0.000469,,1e-06,2e-06,,,,
603.5,,3e-06,,6e-06,1e-06,0.000463,,1e-06,2e-06,,,,
603.6,,3e-06,,8e-06,1e-06,0.000458,,1e-06,2e-06,,,,
603.7,,2e-06,,1e-05,1e-06,0.000452,,1e-06,2e-06,,,,
603.8,,2e-06,,9.99878e-06,1e-06,0.000445997,,1e-06,2e-06,,,,
603.9,,2e-06,,8e-06,1e-06,0.000441,,1e-06,2e-06,,,,
604.0,,2e-06,,6e-06,1e-06,0.000435,,1e-06,2e-06,,,,
604.1,,1e-06,,4e-06,1e-06,0.00043,,1e-06,2e-06,,,,
604.2,,1e-06,,2e-06,1e-06,0.000424,,2e-06,2e-06,,,,
604.3,,1e-06,,2.00122e-06,1e-06,0.000418996,,2e-06,2e-06,,,,
604.4,,1e-06,,4e-06,1e-06,0.000413,,2e-06,2e-06,,,,
604.5,,1e-06,,6e-06,1e-06,0.000408,,2e-06,2e-06,,,,
604.6,,1e-06,,8e-06,1e-06,0.000402,,2e-06,2e-06,,,,
604.7,,1e-06,,1e-05,1e-06,0.000397,,2e-06,2e-06,,,,
604.8,,1e-06,,1.1e-05,1e-06,0.000392997,,2e-06,2e-06,,,,
604.9,,1e-06,,1.1e-05,1e-06,0.000388,,2e-06,2e-06,,,,
605.0,,1e-06,,1.1e-05,1e-06,0.000384,,2e-06,2e-06,,,,
605.1,1e-06,1e-06,,1.1e-05,1e-06,0.00038,,2e-06,2e-06,,,,
605.2,1e-06,1e-06,,1.1e-05,1e-06,0.000376,,2e-06,2e-06,,,,
605.3,1e-06,1e-06,,1.2e-05,1e-06,0.000370998,,2e-06,2e-06,,,,
605.4,1e-06,1e-06,,1.2e-05,1e-06,0.000367,,2e-06,2e-06,,,,
605.5,1e-06,1e-06,,1.2e-05,1e-06,0.000362,,2e-06,2e-06,,,,
605.6,1e-06,1e-06,,1.2e-05,1e-06,0.000358,,2e-06,2e-06,,,,
605.7,1e-06,2e-06,,1.2e-05,1e-06,0.000354,1e-06,2e-06,2e-06,,,,
605.8,,1e-06,,1.09982e-05,1e-06,0.000348998,1e-06,2e-06,2.00061e-06,,,,
605.9,,1e-06,,8e-06,1e-06,0.000345,1e-06,2e-06,3e-06,,,,
606.0,,1e-06,,6e-06,1e-06,0.000341,1e-06,2e-06,3e-06,,,,
606.1,,1e-06,,4e-06,1e-06,0.000337,1e-06,2e-06,3e-06,,,,
606.2,,,,2e-06,1e-06,0.000332,1e-06,2e-06,3e-06,,,,
606.3,,6.10128e-10,,2.00122e-06,1e-06,0.000327998,1e-06,2e-06,3e-06,,,,
606.4,,1e-06,,4e-06,1e-06,0.000324,1e-06,2e-06,3e-06,,,,
606.5,,1e-06,,7e-06,1e-06,0.00032,1e-06,2e-06,3e-06,,,,
606.6,,1e-06,,9e-06,1e-06,0.000316,,2e-06,3e-06,,,,
606.7,,1e-06,,1.1e-05,1e-06,0.000312,,2e-06,3e-06,,,,
606.8,,1e-06,,1.09988e-05,1e-06,0.000308998,,2e-06,3e-06,,,,
606.9,,1e-06,,9e-06,1e-06,0.000305,,2e-06,3e-06,,,,
607.0,,1e-06,,8e-06,1e-06,0.000302,,2e-06,3e-06,,,,
607.1,1e-06,1e-06,,6e-06,1e-06,0.000298,,2e-06,3e-06,,,,
607.2,1e-06,1e-06,,4e-06,1e-06,0.000295,,2e-06,3e-06,,,,
607.3,1e-06,1e-06,,3e-06,1e-06,0.000290998,,2e-06,3e-06,,,,
607.4,1e-06,1e-06,,3e-06,1e-06,0.000287,,2e-06,3e-06,,,,
607.5,1e-06,1e-06,,3e-06,,0.000284,,2e-06,3e-06,,,,
607.6,1e-06,1e-06,,3e-06,,0.00028,,2e-06,3e-06,,,,
607.7,1e-06,1e-06,,3e-06,,0.000277,,2e-06,3e-06,,,,
607.8,1e-06,1e-06,,4.00122e-06,,0.000273998,,2e-06,3e-06,,,,
607.9,1e-06,1e-06,,6e-06,,0.00027,,2e-06,3e-06,,,,
608.0,1e-06,1e-06,,8e-06,,0.000267,,3e-06,3e-06,,,,
608.1,1e-06,1e-06,,1e-05,,0.000264,,3e-06,3e-06,,,,
608.2,1e-06,1e-06,,1.2e-05,,0.000261,,3e-06,3e-06,,,,
608.3,1e-06,1e-06,,1.19988e-05,,0.000256998,,3e-06,3e-06,,,,
608.4,1e-06,1e-06,,1e-05,,0.000254,,3e-06,3e-06,,,,
608.5,1e-06,1e-06,,7e-06,,0.000251,,3e-06,3e-06,,,,
608.6,1e-06,1e-06,,5e-06,,0.000248,,3e-06,4e-06,,,,
608.7,1e-06,1e-06,,3e-06,,0.000244,,3e-06,4e-06,,,,
608.8,1e-06,1e-06,,3.00183e-06,,0.000239998,,3e-06,4e-06,,,,
608.9,1e-06,1e-06,,6e-06,,0.000236,,3e-06,4e-06,,,,
609.0,1e-06,1e-06,,8e-06,,0.000231,,3e-06,4e-06,,,,
609.1,2e-06,2e-06,,1e-05,,0.000227,,3e-06,4e-06,,,,
609.2,2e-06,2e-06,,1.3e-05,,0.000223,,3e-06,4e-06,,,,
609.3,3e-06,2e-06,,1.4e-05,,0.000218998,,3e-06,4e-06,,,,
609.4,3e-06,2e-06,,1.4e-05,,0.000216,,3e-06,4e-06,,,,
609.5,3e-06,2e-06,,1.4e-05,,0.000212,,3e-06,4e-06,,,,
609.6,3e-06,2e-06,,1.4e-05,,0.000208,,3e-06,4e-06,,,,
609.7,2e-06,2e-06,,1.4e-05,,0.000205,,3e-06,4e-06,,,,
609.8,2e-06,2e-06,,1.4e-05,,0.000201998,,3e-06,4e-06,,,,
609.9,2e-06,2e-06,,1.4e-05,,0.000199,,3e-06,4e-06,,,,
610.0,2e-06,2e-06,,1.4e-05,,0.000196,,3e-06,4e-06,,,,
610.1,2e-06,2e-06,,1.4e-05,,0.000193,,3e-06,4e-06,,,,
610.2,2e-06,2e-06,,1.4e-05,,0.000189,,3e-06,4e-06,,,,
610.3,2e-06,2e-06,,1.4e-05,,0.000184998,,3e-06,4e-06,,,,
610.4,2e-06,2e-06,,1.4e-05,,0.000181,,3e-06,4e-06,,,,
610.5,2e-06,2e-06,,1.4e-05,,0.000177,,3e-06,4e-06,,,,
610.6,2e-06,2e-06,,1.4e-05,,0.000173,,3e-06,4e-06,,,,
610.7,2e-06,2e-06,,1.4e-05,,0.000169,,3e-06,4e-06,,,,
610.8,3e-06,1.99939e-06,,1.19988e-05,,0.000162997,,3e-06,4e-06,,,,
610.9,3e-06,1e-06,,1e-05,,0.000158,,3e-06,4e-06,,,,
611.0,3e-06,1e-06,,8e-06,,0.000153,,3e-06,4e-06,,,,
611.1,3e-06,1e-06,,6e-06,,0.000147,,4e-06,4e-06,,,,
611.2,3e-06,,,3e-06,,0.000142,,4e-06,5e-06,,,,
611.3,4e-06,,,3.00122e-06,,0.000138998,,4e-06,5e-06,,,,
611.4,4e-06,,,5e-06,,0.000136,,4e-06,5e-06,,,,
611.5,3e-06,,,7e-06,,0.000132,,4e-06,5e-06,,,,
611.6,3e-06,,,9e-06,,0.000129,,4e-06,5e-06,,,,
611.7,2e-06,,,1.1e-05,,0.000125,,4e-06,5e-06,,,,
611.8,1.99939e-06,1e-06,,1.2e-05,,0.000120998,,4e-06,5e-06,,,,
611.9,1e-06,1e-06,,1.2e-05,,0.000118,,4e-06,5e-06,,,,
612.0,1e-06,2e-06,,1.2e-05,,0.000114,1e-06,4e-06,5e-06,,,,
612.1,1e-06,3e-06,,1.2e-05,,0.00011,1e-06,4e-06,5e-06,,,,
612.2,1e-06,4e-06,,1.2e-05,,0.000106,1e-06,4e-06,5e-06,,,,
612.3,1.00061e-06,4e-06,,1.1e-05,,0.000101998,,4e-06,5e-06,,,,
612.4,2e-06,4e-06,,1.1e-05,,9.8e-05,,4e-06,5e-06,,,,
612.5,2e-06,4e-06,,1.1e-05,,9.4e-05,,4e-06,5e-06,,,,
612.6,2e-06,4e-06,,1.1e-05,,9e-05,,4e-06,5e-06,,,,
612.7,2e-06,5e-06,,1e-05,,8.6e-05,,4e-06,5e-06,,,,
612.8,2.00061e-06,4e-06,,8.99878e-06,,8.19982e-05,,4e-06,5e-06,,,,
612.9,3e-06,4e-06,,7e-06,,7.9e-05,,4e-06,5e-06,,,,
613.0,2e-06,3e-06,,5e-06,,7.5e-05,,4e-06,5e-06,,,,
613.1,2e-06,3e-06,,3e-06,,7.2e-05,,4e-06,5e-06,,,,
613.2,2e-06,2e-06,,1e-06,,6.8e-05,,4e-06,5e-06,,,,
613.3,1e-06,2e-06,,1.00061e-06,,6.49982e-05,,4e-06,5e-06,,,,
613.4,1e-06,2e-06,,2e-06,,6.2e-05,,4e-06,5e-06,,,,
613.5,1e-06,2e-06,,4e-06,,5.9e-05,,4e-06,6e-06,,,,
613.6,1e-06,1e-06,,5e-06,,5.6e-05,,4e-06,6e-06,,,,
613.7,1e-06,1e-06,,7e-06,,5.3e-05,,4e-06,6e-06,,,,
613.8,1e-06,2e-06,,7e-06,,4.99988e-05,,4e-06,6e-06,,,,
613.9,1e-06,2e-06,,7e-06,,4.8e-05,,4e-06,6e-06,,,,
614.0,1e-06,2e-06,,7e-06,,4.5e-05,,4e-06,6e-06,,,,
614.1,1e-06,2e-06,,6e-06,,4.3e-05,,5e-06,6e-06,,,,
614.2,1e-06,2e-06,,6e-06,,4e-05,,5e-06,6e-06,,,,
614.3,1e-06,2e-06,,4.99939e-06,,3.79988e-05,,5e-06,6e-06,,,,
614.4,1e-06,2e-06,,4e-06,,3.6e-05,,5e-06,6e-06,,,,
614.5,1e-06,2e-06,,3e-06,,3.4e-05,,5e-06,6e-06,,,,
614.6,1e-06,2e-06,,2e-06,,3.2e-05,1e-06,5e-06,6e-06,,,,
614.7,1e-06,2e-06,,1e-06,,3e-05,1e-06,5e-06,6e-06,,,,
614.8,1e-06,2e-06,,,,2.79994e-05,2e-06,5e-06,6e-06,,,,
614.9,1e-06,2e-06,,,,2.7e-05,2e-06,5e-06,6e-06,,,,
615.0,1e-06,2e-06,,,,2.5e-05,3e-06,5e-06,6e-06,,,,
615.1,1e-06,2e-06,,,,2.4e-05,4e-06,5e-06,6e-06,,,,
615.2,1e-06,2e-06,,,,2.3e-05,4e-06,5e-06,6e-06,,,,
615.3,1e-06,2e-06,,6.10128e-10,,2.09994e-05,3e-06,5e-06,6e-06,,,,
615.4,1e-06,2e-06,,1e-06,,2e-05,3e-06,5e-06,6e-06,,,,
615.5,1e-06,2e-06,,2e-06,,1.9e-05,2e-06,5e-06,6e-06,,,,
615.6,1e-06,1e-06,,2e-06,,1.8e-05,1e-06,5e-06,6e-06,,,,
615.7,1e-06,1e-06,,3e-06,,1.7e-05,1e-06,5e-06,6e-06,,,,
615.8,,1.00061e-06,,2.99939e-06,,1.59994e-05,1e-06,5e-06,7e-06,,,,
615.9,,2e-06,,2e-06,,1.5e-05,1e-06,5e-06,7e-06,,,,
616.0,,2e-06,,2e-06,,1.4e-05,1e-06,5e-06,7e-06,,,,
616.1,,2e-06,,1e-06,,1.3e-05,1e-06,5e-06,7e-06,,,,
616.2,,2e-06,,1e-06,,1.3e-05,1e-06,5e-06,7e-06,,,,
616.3,,2e-06,,,,1.19994e-05,1e-06,5e-06,7e-06,,,,
616.4,,2e-06,,,,1.1e-05,1e-06,5e-06,7e-06,,,,
616.5,,2e-06,,,,1.1e-05,1e-06,5e-06,7e-06,,,,
616.6,,1e-06,,,,1e-05,1e-06,5e-06,7e-06,,,,
616.7,,1e-06,,,,1e-05,1e-06,5e-06,7e-06,,,,
616.8,,1e-06,,,,9e-06,1e-06,5e-06,7e-06,,,,
616.9,,1e-06,,,,9e-06,1e-06,5e-06,7e-06,,,,
617.0,,1e-06,,,,9e-06,1e-06,6e-06,7e-06,,,,
617.1,,1e-06,,,,8e-06,1e-06,6e-06,7e-06,,,,
617.2,,1e-06,,,,8e-06,1e-06,6e-06,7e-06,,,,
617.3,,1e-06,,,,7.99939e-06,1e-06,6e-06,7e-06,,,,
617.4,,1e-06,,,,7e-06,1e-06,6e-06,7e-06,,,,
617.5,,1e-06,,1e-06,,7e-06,2e-06,6e-06,7e-06,,,,
617.6,,1e-06,,1e-06,,7e-06,2e-06,6e-06,7e-06,,,,
617.7,,1e-06,,1e-06,,6e-06,2e-06,6e-06,7e-06,,,,
617.8,,1e-06,,1e-06,,6e-06,2e-06,6e-06,7.00061e-06,,,,
617.9,,1e-06,,1e-06,,6e-06,2e-06,6e-06,8e-06,,,,
618.0,,1e-06,,1e-06,,5e-06,2e-06,6e-06,8e-06,,,,
618.1,,1e-06,,,,5e-06,2e-06,6e-06,8e-06,,,,
618.2,,1e-06,,,,5e-06,1e-06,6e-06,8e-06,,,,
618.3,,1e-06,,,,5e-06,1e-06,6e-06,8e-06,,,,
618.4,,1e-06,,,,5e-06,1e-06,6e-06,8e-06,,,,
618.5,,1e-06,,,,4e-06,1e-06,6e-06,8e-06,,,,
618.6,,1e-06,,,,4e-06,1e-06,6e-06,8e-06,,,,
618.7,,1e-06,,,,4e-06,1e-06,6e-06,8e-06,,,,
618.8,,1e-06,,,,4e-06,1e-06,6e-06,8e-06,,,,
618.9,,1e-06,,,,4e-06,1e-06,6e-06,8e-06,,,,
619.0,,1e-06,,,,4e-06,2e-06,6e-06,8e-06,,,,
619.1,,1e-06,,,,4e-06,2e-06,6e-06,8e-06,,,,
619.2,,1e-06,,,,3e-06,2e-06,6e-06,8e-06,,,,
619.3,,1e-06,,,,3e-06,2e-06,6e-06,8e-06,,,,
619.4,,1e-06,,,,3e-06,2e-06,6e-06,8e-06,,,,
619.5,,1e-06,,,,3e-06,2e-06,6e-06,8e-06,,,,
619.6,,1e-06,,,,3e-06,2e-06,6e-06,8e-06,,,,
619.7,,1e-06,,,,3e-06,2e-06,7e-06,8e-06,,,,
619.8,,1e-06,,,,3e-06,2e-06,7e-06,8e-06,,,,
619.9,,1e-06,,,,3e-06,2e-06,7e-06,8e-06,,,,
620.0,,1e-06,,,,3e-06,2e-06,7e-06,9e-06,,,,
620.1,,1e-06,,,,3e-06,3e-06,7e-06,9e-06,,,,
620.2,,1e-06,,,,3e-06,3e-06,7e-06,9e-06,,,,
620.3,,1e-06,,,,2e-06,3e-06,7e-06,9e-06,,,,
620.4,,1e-06,,,,2e-06,3e-06,7e-06,9e-06,,,,
620.5,,1e-06,,,,2e-06,3e-06,7e-06,9e-06,,,,
620.6,,1e-06,,,,2e-06,2e-06,7e-06,9e-06,,,,
620.7,,1e-06,,,,2e-06,2e-06,7e-06,9e-06,,,,
620.8,,1e-06,,,,2e-06,2e-06,7e-06,9e-06,,,,
620.9,,1e-06,,,,2e-06,2e-06,7e-06,9e-06,,,,
621.0,,1e-06,,,,2e-06,2e-06,7e-06,9e-06,,,,
621.1,,1e-06,,,,2e-06,2e-06,7e-06,9e-06,,,,
621.2,,1e-06,,,,2e-06,2e-06,7e-06,9e-06,,,,
621.3,,1e-06,,,,2e-06,2.00061e-06,7e-06,9e-06,,,,
621.4,,1e-06,,,,2e-06,3e-06,7e-06,9e-06,,,,
621.5,,1e-06,,,,2e-06,3e-06,7e-06,9e-06,,,,
621.6,,1e-06,,,,2e-06,3e-06,7e-06,9e-06,,,,
621.7,,1e-06,,,,2e-06,3e-06,7e-06,9e-06,,,,
621.8,,1e-06,,,,2e-06,3e-06,7e-06,9e-06,,,,
621.9,,1e-06,,,,2e-06,3e-06,7e-06,9e-06,,,,
622.0,,1e-06,,,,2e-06,2e-06,7e-06,9e-06,,,,
622.1,,1e-06,,,,2e-06,2e-06,7e-06,9e-06,,,,
622.2,,1e-06,,,,2e-06,2e-06,7e-06,9e-06,,,,
622.3,,1e-06,,,,2e-06,2e-06,7e-06,9.00061e-06,,,,
622.4,,1e-06,,,,2e-06,2e-06,7e-06,1e-05,,,,
622.5,,1e-06,,,,2e-06,2e-06,7e-06,1e-05,,,,
622.6,,1e-06,,,,2e-06,2e-06,7e-06,1e-05,,,,
622.7,,1e-06,,,,2e-06,2e-06,7e-06,1e-05,,,,
622.8,,1e-06,,,,2e-06,3e-06,8e-06,1e-05,,,,
622.9,,1e-06,,,,2e-06,3e-06,8e-06,1e-05,,,,
623.0,,1e-06,,,,1e-06,4e-06,8e-06,1e-05,,,,
623.1,,1e-06,,,,1e-06,4e-06,8e-06,1e-05,,,,
623.2,,1e-06,,,,1e-06,4e-06,8e-06,1e-05,,,,
623.3,,1e-06,,,,1e-06,4e-06,8e-06,1e-05,,,,
623.4,,1e-06,,,,1e-06,4e-06,8e-06,1e-05,,,,
623.5,,1e-06,,,,1e-06,3e-06,8e-06,1e-05,,,,
623.6,,1e-06,,,,1e-06,3e-06,8e-06,1e-05,,,,
623.7,,1e-06,,,,1e-06,3e-06,8e-06,1e-05,,,,
623.8,,1e-06,,,,1e-06,4e-06,8e-06,1e-05,,,,
623.9,,1e-06,,,,1e-06,4e-06,8e-06,1e-05,,,,
624.0,,1e-06,,,,1e-06,5e-06,8e-06,1e-05,,,,
624.1,,1e-06,,,,1e-06,5e-06,8e-06,1e-05,,,,
624.2,,1e-06,,,,1e-06,5e-06,8e-06,1e-05,,,,
624.3,,1e-06,,,,1e-06,6e-06,8e-06,1e-05,,,,
624.4,,1e-06,,,,1e-06,6e-06,8e-06,1e-05,,,,
624.5,,1e-06,,,,1e-06,6e-06,8e-06,1e-05,,,,
624.6,,1e-06,1e-06,,,1e-06,7e-06,8e-06,1e-05,,,,
624.7,,1e-06,1e-06,,,1e-06,7e-06,8e-06,1e-05,,,,
624.8,,1e-06,1e-06,,,1e-06,7e-06,8e-06,1e-05,,,,
624.9,,1e-06,1e-06,,,1e-06,7e-06,8e-06,1e-05,,,,
625.0,,1e-06,1e-06,,,1e-06,7e-06,8e-06,1e-05,,,,
625.1,,1e-06,1e-06,,,1e-06,7e-06,8e-06,1.1e-05,,,,
625.2,,1e-06,1e-06,,,1e-06,7e-06,8e-06,1.1e-05,,,,
625.3,,1e-06,1e-06,,,1e-06,7e-06,8e-06,1.1e-05,,,,
625.4,,1e-06,1e-06,,,1e-06,7e-06,8e-06,1.1e-05,,,,
625.5,,1e-06,1e-06,,,1e-06,7e-06,8e-06,1.1e-05,,,,
625.6,,1e-06,1e-06,,,1e-06,7e-06,8e-06,1.1e-05,,,,
625.7,,1e-06,1e-06,,,1e-06,8e-06,8e-06,1.1e-05,,,,
625.8,,1e-06,1.00061e-06,,,1e-06,8.00061e-06,8e-06,1.1e-05,,,,
625.9,,1e-06,2e-06,,,1e-06,9e-06,8e-06,1.1e-05,,,,
626.0,,1e-06,2e-06,,,1e-06,9e-06,8e-06,1.1e-05,,,,
626.1,,1e-06,2e-06,,,1e-06,9e-06,8e-06,1.1e-05,,,,
626.2,,1e-06,2e-06,,,1e-06,1e-05,8e-06,1.1e-05,,,,
626.3,,1e-06,2e-06,,,1e-06,1.00006e-05,8e-06,1.1e-05,,,,
626.4,,1e-06,2e-06,,,1e-06,1.1e-05,8e-06,1.1e-05,,,,
626.5,,1e-06,2e-06,,,1e-06,1.1e-05,8e-06,1.1e-05,,,,
626.6,,1e-06,2e-06,,,1e-06,1.1e-05,8e-06,1.1e-05,,,,
626.7,,1e-06,3e-06,,,1e-06,1.2e-05,8e-06,1.1e-05,,,,
626.8,,1e-06,4e-06,,,1e-06,1.3e-05,8e-06,1.1e-05,,,,
626.9,,1e-06,4e-06,,,1e-06,1.3e-05,8e-06,1.1e-05,,,,
627.0,,1e-06,5e-06,,,1e-06,1.4e-05,8e-06,1.1e-05,,,,
627.1,,1e-06,5e-06,,,1e-06,1.4e-05,8e-06,1.1e-05,,,,
627.2,,1e-06,5e-06,,,1e-06,1.5e-05,9e-06,1.1e-05,,,,
627.3,,,5e-06,,,1e-06,1.6e-05,9e-06,1.1e-05,,,,
627.4,,,5e-06,,,1e-06,1.6e-05,9e-06,1.1e-05,,,,
627.5,,,5e-06,,,1e-06,1.7e-05,9e-06,1.1e-05,,,,
627.6,,,6e-06,,,1e-06,1.8e-05,9e-06,1.1e-05,,,,
627.7,,,6e-06,,,1e-06,1.8e-05,9e-06,1.1e-05,,,,
627.8,,,7e-06,,6.10128e-10,1e-06,1.90006e-05,9e-06,1.1e-05,,,,
627.9,,,7e-06,,1e-06,1e-06,2e-05,9e-06,1.1e-05,,,,
628.0,,,8e-06,,1e-06,1e-06,2.1e-05,9e-06,1.1e-05,,,,
628.1,,,8e-06,,1e-06,1e-06,2.2e-05,9e-06,1.1e-05,,,,
628.2,,,8e-06,,1e-06,1e-06,2.3e-05,9e-06,1.1e-05,,,,
628.3,,,8e-06,,1e-06,1e-06,2.40006e-05,9e-06,1.1e-05,,,,
628.4,,,8e-06,,1e-06,1e-06,2.5e-05,9e-06,1.1e-05,,,,
628.5,,,8e-06,,1e-06,1e-06,2.6e-05,9e-06,1.1e-05,,,,
628.6,,,7e-06,,1e-06,1e-06,2.7e-05,9e-06,1.1e-05,,,,
628.7,,,6e-06,,1e-06,1e-06,2.8e-05,9e-06,1.1e-05,,,,
628.8,,,4.99939e-06,,,1e-06,2.90006e-05,9e-06,1.1e-05,,,,
628.9,,,4e-06,,,1e-06,3e-05,9e-06,1.1e-05,,,,
629.0,,,3e-06,,,1e-06,3.2e-05,9e-06,1.1e-05,,,,
629.1,,,3e-06,,1e-06,1e-06,3.3e-05,9e-06,1.1e-05,,,,
629.2,,,4e-06,,1e-06,,3.5e-05,9e-06,1.1e-05,,,,
629.3,,,5e-06,,1e-06,,3.70006e-05,9e-06,1.1e-05,,,,
629.4,,,5e-06,,1e-06,,3.8e-05,9e-06,1.1e-05,,,,
629.5,,,6e-06,,1e-06,,4e-05,9e-06,1.1e-05,,,,
629.6,,,5e-06,,1e-06,,4.2e-05,9e-06,1.1e-05,,,,
629.7,,,4e-06,,1e-06,,4.4e-05,9e-06,1.2e-05,,,,
629.8,,,2.99939e-06,,,,4.70012e-05,9e-06,1.2e-05,,,,
629.9,,,2e-06,,,,4.9e-05,9e-06,1.2e-05,,,,
630.0,,,1e-06,,,,5.1e-05,9e-06,1.2e-05,,,,
630.1,,,1e-06,,1e-06,,5.3e-05,9e-06,1.2e-05,,,,
630.2,,,1e-06,,1e-06,,5.6e-05,9e-06,1.2e-05,,,,
630.3,,,1e-06,,1e-06,,5.90018e-05,9e-06,1.2e-05,,,,
630.4,,,1e-06,,1e-06,,6.2e-05,9e-06,1.2e-05,,,,
630.5,,,2e-06,,1e-06,,6.5e-05,9e-06,1.2e-05,,,,
630.6,,,2e-06,,2e-06,,6.8e-05,9e-06,1.2e-05,,,,
630.7,,,2e-06,,2e-06,,7.1e-05,9e-06,1.2e-05,,,,
630.8,,,2e-06,,2e-06,,7.40024e-05,9e-06,1.2e-05,,,,
630.9,,,2e-06,,2e-06,,7.8e-05,9e-06,1.2e-05,,,,
631.0,,,2e-06,,2e-06,,8.1e-05,9e-06,1.2e-05,,,,
631.1,,,2e-06,,2e-06,,8.4e-05,9e-06,1.2e-05,,,,
631.2,,,2e-06,,2e-06,,8.8e-05,9e-06,1.2e-05,,,,
631.3,,,1e-06,,1.99939e-06,,9.30031e-05,9e-06,1.2e-05,,,,
631.4,,,1e-06,,1e-06,,9.8e-05,9e-06,1.2e-05,,,,
631.5,,,1e-06,,1e-06,,0.000102,9e-06,1.2e-05,,,,
631.6,,,1e-06,,2e-06,,0.000107,9e-06,1.2e-05,,,,
631.7,,,1e-06,,2e-06,,0.000113,9e-06,1.2e-05,,,,
631.8,,,1e-06,,2e-06,,0.000119004,9e-06,1.2e-05,,,,
631.9,,,1e-06,,2e-06,,0.000125,9e-06,1.2e-05,,,,
632.0,,,1e-06,,2e-06,,0.000132,9e-06,1.2e-05,,,,
632.1,,,1e-06,,2e-06,,0.000138,9e-06,1.2e-05,,,,
632.2,,,1e-06,,2e-06,,0.000146,9e-06,1.2e-05,,,,
632.3,,,1e-06,,1.99939e-06,,0.000154005,9e-06,1.2e-05,,,,
632.4,,,1e-06,,1e-06,,0.000162,9e-06,1.2e-05,,,,
632.5,,,,,2e-06,,0.000171,9e-06,1.2e-05,,,,
632.6,,,1e-06,,2e-06,,0.000179,9e-06,1.2e-05,,,,
632.7,,,1e-06,,2e-06,,0.000188,9e-06,1.2e-05,,,,
632.8,,,1e-06,,3e-06,,0.000198005,9e-06,1.2e-05,,,,
632.9,,,1e-06,,3e-06,,0.000207,9e-06,1.2e-05,,,,
633.0,,,1e-06,,3e-06,,0.000217,9e-06,1.2e-05,,,,
633.1,,,1e-06,,3e-06,,0.000226,9e-06,1.2e-05,,,,
633.2,,,1e-06,,3e-06,,0.000238,9e-06,1.2e-05,,,,
633.3,,,1e-06,,3e-06,,0.000251008,9e-06,1.2e-05,,,,
633.4,,,1e-06,,3e-06,,0.000264,9e-06,1.2e-05,,,,
633.5,,,,,3e-06,,0.000277,9e-06,1.2e-05,,,,
633.6,,,,,3e-06,,0.000289,9e-06,1.2e-05,,,,
633.7,,,,,3e-06,,0.000303,9e-06,1.2e-05,,,,
633.8,,,,,3e-06,,0.000317008,9e-06,1.2e-05,,,,
633.9,,,,,3e-06,,0.00033,9e-06,1.2e-05,,,,
634.0,,,,,3e-06,,0.000344,9e-06,1.2e-05,,,,
634.1,,,,,2e-06,,0.000358,9e-06,1.2e-05,,,,
634.2,,,,,2e-06,,0.000372,9e-06,1.2e-05,,,,
634.3,,,,,1.99939e-06,,0.00038801,9e-06,1.2e-05,,,,
634.4,,,,,1e-06,,0.000404,9e-06,1.2e-05,,,,
634.5,,,,,1e-06,,0.00042,9e-06,1.2e-05,,,,
634.6,,,,,1e-06,,0.000435,9e-06,1.2e-05,,,,
634.7,,,,,1e-06,,0.000451,9e-06,1.2e-05,,,,
634.8,,,,,1e-06,,0.00046701,9e-06,1.2e-05,,,,
634.9,,,,,1e-06,,0.000483,9e-06,1.2e-05,,,,
635.0,,,,,1e-06,,0.000499,1e-05,1.2e-05,,,,
635.1,,,,,1e-06,,0.000515,1e-05,1.2e-05,,,,
635.2,,,,,1e-06,,0.000529,1e-05,1.2e-05,,,,
635.3,,,,,2e-06,,0.000542008,1e-05,1.2e-05,,,,
635.4,,,,,2e-06,,0.000555,1e-05,1.2e-05,,,,
635.5,,,,,2e-06,,0.000567,1e-05,1.2e-05,,,,
635.6,,,,,3e-06,,0.00058,1e-05,1.2e-05,,,,
635.7,,,,,3e-06,,0.000592,1e-05,1.2e-05,,,,
635.8,,,,,4.00061e-06,,0.000603007,1e-05,1.2e-05,,,,
635.9,,,,,5e-06,,0.000614,1e-05,1.2e-05,,,,
636.0,,,,,5e-06,,0.000625,1e-05,1.2e-05,,,,
636.1,,,,,4e-06,,0.000636,1e-05,1.2e-05,,,,
636.2,,,,,4e-06,,0.000645,1e-05,1.2e-05,,,,
636.3,,,,,3e-06,,0.000654005,1e-05,1.2e-05,,,,
636.4,,,,,3e-06,,0.000663,1e-05,1.2e-05,,,,
636.5,,,,,3e-06,,0.000671,1e-05,1.2e-05,,,,
636.6,,,,,2e-06,,0.00068,1e-05,1.2e-05,,,,
636.7,,,,,2e-06,,0.000686,1e-05,1.2e-05,,,,
636.8,,,,,2e-06,,0.000690003,1e-05,1.3e-05,,,,
636.9,,,,,2e-06,,0.000695,1e-05,1.3e-05,,,,
637.0,,,,,2e-06,,0.000699,1e-05,1.3e-05,,,,
637.1,,,,,2e-06,,0.000703,1e-05,1.3e-05,,,,
637.2,,,,,2e-06,,0.000706,1e-05,1.3e-05,,,,
637.3,,,,,2.00061e-06,,0.000708001,1e-05,1.3e-05,,,,
637.4,,,,,3e-06,,0.000709,1e-05,1.3e-05,,,,
637.5,,,,,2e-06,,0.000711,1e-05,1.3e-05,,,,
637.6,,,,,2e-06,,0.000713,1e-05,1.3e-05,,,,
637.7,,,,,2e-06,,0.000714,1e-05,1.3e-05,,,,
637.8,,,,,1e-06,,0.000715,1e-05,1.3e-05,,,,
637.9,,,,,1e-06,,0.000715,1e-05,1.3e-05,,,,
638.0,,,,,2e-06,,0.000716,1e-05,1.3e-05,,,,
638.1,,,,,3e-06,,0.000717,1e-05,1.3e-05,,,,
638.2,,,1e-06,,4e-06,,0.000719,1e-05,1.3e-05,,,,
638.3,,,1e-06,,5.00061e-06,,0.000721001,1e-05,1.3e-05,,,,
638.4,,,1e-06,,6e-06,,0.000723,1e-05,1.3e-05,,,,
638.5,,,1e-06,,6e-06,,0.000725,1e-05,1.3e-05,,,,
638.6,,,1e-06,,5e-06,,0.000727,1e-05,1.3e-05,,,,
638.7,,,1e-06,,4e-06,,0.000728,1e-05,1.3e-05,,,,
638.8,,,1e-06,,2.99939e-06,,0.000729,1e-05,1.3e-05,,,,
638.9,,,1e-06,,2e-06,,0.000729,1e-05,1.3e-05,,,,
639.0,,,,,1e-06,,0.000729,1e-05,1.3e-05,,,,
639.1,,,,,1e-06,,0.00073,1e-05,1.3e-05,,,,
639.2,,,,,1e-06,,0.000731,1e-05,1.3e-05,,,,
639.3,,,,,1e-06,,0.000733001,1e-05,1.3e-05,,,,
639.4,,,,,1e-06,,0.000735,1e-05,1.3e-05,,,,
639.5,,,,,1e-06,,0.000737,1e-05,1.3e-05,,,,
639.6,,,,,1e-06,,0.000739,1e-05,1.3e-05,,,,
639.7,,,,,1e-06,,0.000742,1e-05,1.3e-05,,,,
639.8,,,,,1.00061e-06,,0.000746002,1e-05,1.3e-05,,,,
639.9,,,,,2e-06,,0.00075,1e-05,1.3e-05,,,,
640.0,,,,,2e-06,,0.000753,1e-05,1.3e-05,,,,
640.1,,,,,1e-06,,0.000757,1e-05,1.3e-05,,,,
640.2,,,,,1e-06,,0.000761,1e-05,1.3e-05,,,,
640.3,,,,,1e-06,,0.000766002,1e-05,1.3e-05,,,,
640.4,,,,,1e-06,,0.00077,1e-05,1.3e-05,,,,
640.5,,,,,1e-06,,0.000775,1e-05,1.3e-05,,,,
640.6,,,,,1e-06,,0.00078,1e-05,1.3e-05,,,,
640.7,,,,,1e-06,,0.000786,1e-05,1.3e-05,,,,
640.8,,,6.10128e-10,,1e-06,,0.000792004,1e-05,1.3e-05,,,,
640.9,,,1e-06,,1e-06,,0.000799,1e-05,1.3e-05,,,,
641.0,,,1e-06,,2e-06,,0.000806,1e-05,1.3e-05,,,,
641.1,,,1e-06,,3e-06,,0.000812,1e-05,1.3e-05,,,,
641.2,,,1e-06,,3e-06,,0.00082,1e-05,1.3e-05,,,,
641.3,,,1.00061e-06,,4e-06,,0.000827004,1e-05,1.3e-05,,,,
641.4,,,2e-06,,4e-06,,0.000834,1e-05,1.3e-05,,,,
641.5,,,2e-06,,4e-06,,0.000842,1e-05,1.3e-05,,,,
641.6,,,2e-06,,4e-06,,0.000849,1e-05,1.3e-05,,,,
641.7,,,2e-06,,3e-06,,0.000858,1e-05,1.3e-05,,,,
641.8,,,1e-06,,2.99939e-06,,0.000867005,1e-05,1.3e-05,,,,
641.9,,,1e-06,,2e-06,,0.000876,1e-05,1.3e-05,,,,
642.0,,,1e-06,,2e-06,,0.000886,1e-05,1.3e-05,,,,
642.1,,,1e-06,,1e-06,,0.000895,1e-05,1.3e-05,,,,
642.2,,,1e-06,,1e-06,,0.000906,1e-05,1.3e-05,,,,
642.3,,,9.9939e-07,,1e-06,,0.000919008,1e-05,1.3e-05,,,,
642.4,,,,,1e-06,,0.000932,1e-05,1.3e-05,,,,
642.5,,,,,1e-06,,0.000945,1e-05,1.3e-05,,,,
642.6,,,1e-06,,2e-06,,0.000957,1e-05,1.3e-05,,,,
642.7,,,1e-06,,2e-06,,0.000971,1e-05,1.3e-05,,,,
642.8,,,2e-06,,3.00061e-06,,0.000986009,1e-05,1.3e-05,,,,
642.9,,,2e-06,,4e-06,,0.001,1e-05,1.3e-05,,,,
643.0,,,2e-06,,4e-06,,0.001015,1e-05,1.3e-05,,,,
643.1,,,3e-06,,4e-06,,0.001029,1e-05,1.3e-05,,,,
643.2,,,3e-06,,4e-06,,0.001046,1e-05,1.3e-05,,,,
643.3,,,3e-06,,4e-06,,0.00106401,1e-05,1.3e-05,,,,
643.4,,,3e-06,,4e-06,,0.001083,1e-05,1.3e-05,,,,
643.5,,,3e-06,,3e-06,,0.001101,1e-05,1.3e-05,,,,
643.6,,,3e-06,,3e-06,,0.001119,1e-05,1.3e-05,,,,
643.7,,,2e-06,,2e-06,,0.001139,1e-05,1.3e-05,,,,
643.8,,,1.99939e-06,,9.9939e-07,,0.00116001,1e-05,1.3e-05,,,,
643.9,,,1e-06,,,,0.001181,1e-05,1.3e-05,,,,
644.0,,,,,,,0.001201,1e-05,1.3e-05,,,,
644.1,,,,,,,0.001222,1e-05,1.3e-05,,,,
644.2,,,,,,,0.001246,1e-05,1.3e-05,,,,
644.3,,,,,,,0.00127102,1e-05,1.3e-05,,,,
644.4,,,,,,,0.001296,1e-05,1.3e-05,,,,
644.5,,,,,,,0.001321,1e-05,1.3e-05,,,,
644.6,,,,,1e-06,,0.001347,1e-05,1.3e-05,,,,
644.7,,,,,1e-06,,0.001376,1e-05,1.3e-05,,,,
644.8,,,1e-06,,1e-06,,0.00140802,1e-05,1.3e-05,,,,
644.9,,,1e-06,,1e-06,,0.00144,1e-05,1.3e-05,,,,
645.0,,,1e-06,,1e-06,,0.001473,1e-05,1.3e-05,,,,
645.1,,,1e-06,,1e-06,,0.001505,1e-05,1.3e-05,,,,
645.2,,,1e-06,,1e-06,,0.001538,1e-05,1.3e-05,,,,
645.3,,,1e-06,,,,0.00157603,1e-05,1.3e-05,,,,
645.4,,,1e-06,,,,0.001617,1e-05,1.3e-05,,,,
645.5,,,,,,,0.001654,1e-05,1.3e-05,,,,
645.6,,,1e-06,,,,0.001692,1e-05,1.3e-05,,,,
645.7,,,1e-06,,1e-06,,0.001737,1e-05,1.3e-05,,,,
645.8,,,1e-06,,1e-06,,0.00178003,1e-05,1.3e-05,,,,
645.9,,,1e-06,,1e-06,,0.001826,1e-05,1.3e-05,,,,
646.0,,,1e-06,,1e-06,,0.001872,1e-05,1.3e-05,,,,
646.1,,,1e-06,,1e-06,,0.001917,1e-05,1.3e-05,,,,
646.2,,,1e-06,,1e-06,,0.001973,1e-05,1.3e-05,,,,
646.3,,,1.00061e-06,,1e-06,,0.00202803,1e-05,1.3e-05,,,,
646.4,,,2e-06,,1e-06,,0.002085,1e-05,1.3e-05,,,,
646.5,,,2e-06,,1e-06,,0.002148,1e-05,1.3e-05,,,,
646.6,,,2e-06,,1e-06,,0.002201,1e-05,1.3e-05,,,,
646.7,,,1e-06,,1e-06,,0.002261,1e-05,1.3e-05,,,,
646.8,,,1e-06,,1e-06,,0.00232905,1e-05,1.3e-05,,,,
646.9,,,1e-06,,1e-06,,0.002404,1e-05,1.3e-05,,,,
647.0,,,1e-06,,,,0.002479,1e-05,1.3e-05,,,,
647.1,,,1e-06,,,,0.00254,1e-05,1.3e-05,,,,
647.2,,,1e-06,,,,0.002611,1e-05,1.3e-05,,,,
647.3,,,9.9939e-07,,,,0.00269005,1e-05,1.3e-05,,,,
647.4,,,,,,,0.00277,1e-05,1.3e-05,,,,
647.5,,,,,1e-06,,0.002842,1e-05,1.3e-05,,,,
647.6,,,2e-06,,1e-06,,0.002918,1e-05,1.3e-05,,,,
647.7,,,4e-06,,2e-06,,0.00299,1e-05,1.3e-05,,,,
647.8,,,7.00122e-06,,3.00061e-06,,0.00308806,1e-05,1.3e-05,,,,
647.9,,,9e-06,,4e-06,,0.003192,1e-05,1.3e-05,,,,
648.0,,,1.1e-05,,4e-06,,0.003292,1e-05,1.3e-05,,,,
648.1,,,1.2e-05,,4e-06,,0.003402,1e-05,1.3e-05,,,,
648.2,,,1.3e-05,,4e-06,,0.003503,1e-05,1.3e-05,,,,
648.3,,,1.3e-05,,4e-06,,0.00360207,1e-05,1.3e-05,,,,
648.4,,,1.3e-05,,4e-06,,0.003725,1e-05,1.3e-05,,,,
648.5,,,1.4e-05,,4e-06,,0.003846,1e-05,1.3e-05,,,,
648.6,,,1.2e-05,,3e-06,,0.003952,1e-05,1.3e-05,,,,
648.7,,,1e-05,,2e-06,,0.004077,1e-05,1.3e-05,,,,
648.8,,,7.99878e-06,,1.99939e-06,,0.00418908,1e-05,1.3e-05,,,,
648.9,,,6e-06,,1e-06,,0.004313,1e-05,1.3e-05,,,,
649.0,,,4e-06,,1e-06,,0.004458,1e-05,1.3e-05,,,,
649.1,,,5e-06,,2e-06,,0.004618,1e-05,1.3e-05,,,,
649.2,,,8e-06,,3e-06,,0.00472,1e-05,1.3e-05,,,,
649.3,,,1.10018e-05,,4e-06,,0.00485011,1e-05,1.3e-05,,,,
649.4,,,1.4e-05,,4e-06,,0.005029,1e-05,1.3e-05,,,,
649.5,,,1.7e-05,,4e-06,,0.005212,1e-05,1.3e-05,,,,
649.6,,,1.8e-05,,5e-06,,0.005378,1e-05,1.3e-05,,,,
649.7,,,1.8e-05,,5e-06,,0.005573,1e-05,1.3e-05,,,,
649.8,,,1.8e-05,,5e-06,,0.00578412,1e-05,1.3e-05,,,,
649.9,,,1.8e-05,,5e-06,,0.005988,1e-05,1.3e-05,,,,
650.0,,,1.9e-05,,4e-06,,0.006177,1e-05,1.3e-05,,,,
650.1,,,1.6e-05,,3e-06,,0.006329,1e-05,1.3e-05,,,,
650.2,,,1.2e-05,,2e-06,,0.006483,1e-05,1.3e-05,,,,
650.3,,,8.99756e-06,,9.9939e-07,,0.00669915,9.99939e-06,1.3e-05,,,,
650.4,,,5e-06,,,,0.006941,9e-06,1.3e-05,,,,
650.5,,,1e-06,,,,0.007226,8e-06,1.3e-05,,,,
650.6,,,1e-06,,1e-06,,0.007431,6e-06,1.3e-05,,,,
650.7,,,2e-06,,1e-06,,0.00768,5e-06,1.3e-05,,,,
650.8,,,3e-06,,1e-06,,0.00795115,3.00061e-06,1.3e-05,,,,
650.9,,,3e-06,,1e-06,,0.008205,4e-06,1.3e-05,,,,
651.0,,,4e-06,,1e-06,,0.008536,6e-06,1.3e-05,,,,
651.1,,,4e-06,,1e-06,,0.008824,8e-06,1.3e-05,,,,
651.2,,,3e-06,,1e-06,,0.009031,1e-05,1.3e-05,,,,
651.3,,,2e-06,,9.9939e-07,,0.0093282,1.20006e-05,1.3e-05,,,,
651.4,,,2e-06,,,,0.009649,1.3e-05,1.3e-05,,,,
651.5,,,1e-06,1e-06,1e-06,,0.00998,1.5e-05,1.3e-05,,,,
651.6,,,1e-06,1e-06,1e-06,,0.010309,1.6e-05,1.3e-05,,,,
651.7,,,2e-06,1e-06,1e-06,,0.01069,1.7e-05,1.3e-05,,,,
651.8,,,3.00061e-06,1e-06,1.00061e-06,,0.0111042,1.8e-05,1.3e-05,,,,
651.9,,,4e-06,1e-06,2e-06,,0.011511,1.8e-05,1.3e-05,,,,
652.0,,,5e-06,1e-06,2e-06,,0.011838,1.6e-05,1.3e-05,,,,
652.1,,,6e-06,1e-06,3e-06,,0.012201,1.5e-05,1.3e-05,,,,
652.2,,,8e-06,1e-06,4e-06,,0.012574,1.4e-05,1.3e-05,,,,
652.3,,,1.00012e-05,1e-06,5.00061e-06,,0.0131533,1.19988e-05,1.3e-05,,,,
652.4,,,1.2e-05,1e-06,6e-06,,0.013701,1e-05,1.3e-05,,,,
652.5,,,1.3e-05,1e-06,5e-06,,0.014104,8e-06,1.3e-05,,,,
652.6,,,1.2e-05,1e-06,4e-06,,0.0145,7e-06,1.3e-05,,,,
652.7,,,1e-05,1e-06,3e-06,,0.014961,5e-06,1.3e-05,,,,
652.8,,,6.99878e-06,1e-06,1.99939e-06,,0.0155474,3e-06,1.3e-05,,,,
652.9,,,5e-06,1e-06,1e-06,,0.016211,3e-06,1.3e-05,,,,
653.0,,,3e-06,2e-06,2e-06,,0.016856,5e-06,1.3e-05,,,,
653.1,,,3e-06,2e-06,3e-06,,0.017502,6e-06,1.3e-05,,,,
653.2,,,5e-06,2e-06,4e-06,,0.018076,8e-06,1.3e-05,,,,
653.3,,,7.00122e-06,2e-06,5.00061e-06,,0.0186625,1e-05,1.3e-05,,,,
653.4,,,9e-06,2e-06,6e-06,,0.019412,1e-05,1.3e-05,,,,
653.5,,,1e-05,3e-06,6e-06,,0.02019,1e-05,1.3e-05,,,,
653.6,,,1e-05,3e-06,5e-06,,0.020913,1e-05,1.3e-05,,,,
653.7,,,8e-06,3e-06,4e-06,,0.021634,1e-05,1.3e-05,,,,
653.8,,,5.99878e-06,4e-06,2.99939e-06,,0.0224635,1e-05,1.3e-05,,,,
653.9,,,4e-06,4e-06,2e-06,,0.023303,1e-05,1.3e-05,,,,
654.0,,,3e-06,5e-06,2e-06,,0.024153,1e-05,1.3e-05,,,,
654.1,,,3e-06,6e-06,4e-06,,0.025242,1e-05,1.3e-05,,,,
654.2,,,4e-06,6e-06,5e-06,,0.026139,1e-05,1.3e-05,,,,
654.3,,,6.00061e-06,7.00122e-06,6.00061e-06,,0.0271996,1e-05,1.3e-05,,,,
654.4,,,7e-06,9e-06,7e-06,,0.028242,1e-05,1.3e-05,,,,
654.5,,,8e-06,1e-05,7e-06,,0.029209,1e-05,1.3e-05,,,,
654.6,,,8e-06,1.2e-05,8e-06,,0.030534,1e-05,1.3e-05,,,,
654.7,,,8e-06,1.3e-05,8e-06,,0.031792,1e-05,1.3e-05,,,,
654.8,,,8e-06,1.50018e-05,8e-06,,0.0329929,1e-05,1.3e-05,,,,
654.9,,,8e-06,1.8e-05,8e-06,,0.034431,1e-05,1.3e-05,,,,
655.0,,,8e-06,2e-05,7e-06,,0.035895,8e-06,1.3e-05,,,,
655.1,,,7e-06,2.3e-05,7e-06,,0.037508,7e-06,1.3e-05,,,,
655.2,,,6e-06,2.5e-05,6e-06,,0.038949,5e-06,1.3e-05,,,,
655.3,,,5.99939e-06,2.80012e-05,5.99939e-06,,0.0406369,4e-06,1.30006e-05,,,,
655.4,,,5e-06,3e-05,5e-06,,0.042146,4e-06,1.4e-05,,,,
655.5,,,4e-06,3.2e-05,4e-06,,0.043762,7e-06,1.4e-05,,,,
655.6,,,4e-06,3.4e-05,4e-06,,0.045683,9e-06,1.4e-05,,,,
655.7,,,3e-06,3.6e-05,3e-06,,0.047654,1.1e-05,1.4e-05,,,,
655.8,,,2.99939e-06,3.59988e-05,2.99939e-06,,0.0498424,1.30018e-05,1.4e-05,,,,
655.9,,,2e-06,3.4e-05,2e-06,,0.052072,1.6e-05,1.4e-05,,,,
656.0,,,2e-06,3.3e-05,2e-06,,0.054169,1.9e-05,1.4e-05,,,,
656.1,,,1e-06,3.1e-05,1e-06,,0.056687,2.3e-05,1.4e-05,,,,
656.2,,,1e-06,3e-05,1e-06,,0.059259,2.6e-05,1.4e-05,,,,
656.3,,,1e-06,2.79982e-05,1e-06,,0.0618518,3.00018e-05,1.4e-05,,,,
656.4,,,1e-06,2.5e-05,1e-06,,0.064857,3.3e-05,1.4e-05,,,,
656.5,,,,2.3e-05,2e-06,,0.067894,3.6e-05,1.4e-05,,,,
656.6,,,1e-06,2e-05,4e-06,,0.071284,4e-05,1.4e-05,,,,
656.7,,,2e-06,1.8e-05,6e-06,,0.074401,4.3e-05,1.4e-05,,,,
656.8,,,3.00061e-06,1.59994e-05,7.00122e-06,,0.0778604,4.60012e-05,1.4e-05,,,,
656.9,,,4e-06,1.5e-05,9e-06,,0.08174,4.8e-05,1.4e-05,,,,
657.0,,,5e-06,1.3e-05,9e-06,,0.085769,4.8e-05,1.4e-05,,,,
657.1,,,5e-06,1.2e-05,8e-06,,0.089701,4.9e-05,1.4e-05,,,,
657.2,,,4e-06,1e-05,6e-06,,0.094086,5e-05,1.4e-05,,,,
657.3,,,2.99939e-06,9e-06,4.99878e-06,,0.0986979,5.09982e-05,1.4e-05,,,,
657.4,,,2e-06,9e-06,3e-06,,0.103489,4.8e-05,1.4e-05,,,,
657.5,,,1e-06,8e-06,3e-06,,0.108137,4.3e-05,1.4e-05,,,,
657.6,,,1e-06,7e-06,3e-06,,0.113321,3.9e-05,1.4e-05,,,,
657.7,,,1e-06,7e-06,3e-06,,0.118135,3.4e-05,1.4e-05,,,,
657.8,,,1e-06,6e-06,3e-06,,0.12374,2.89976e-05,1.4e-05,,,,
657.9,,,1e-06,6e-06,3e-06,,0.130047,2.5e-05,1.4e-05,,,,
658.0,,,1e-06,5e-06,4e-06,,0.136676,2e-05,1.4e-05,,,,
658.1,,,2e-06,5e-06,6e-06,,0.14319,1.6e-05,1.4e-05,,,,
658.2,,,2e-06,5e-06,8e-06,,0.14948,1.2e-05,1.4e-05,,,,
658.3,,,3.00061e-06,4e-06,9.00122e-06,,0.156422,6.99939e-06,1.4e-05,,,,
658.4,,,4e-06,4e-06,1.1e-05,,0.164028,6e-06,1.4e-05,,,,
658.5,,,4e-06,4e-06,1.2e-05,,0.172092,7e-06,1.4e-05,,,,
658.6,,,4e-06,4e-06,1.2e-05,,0.180697,8e-06,1.4e-05,,,,
658.7,,,4e-06,3e-06,1.2e-05,,0.189475,9e-06,1.4e-05,,,,
658.8,,,4e-06,3e-06,1.2e-05,,0.198645,1e-05,1.4e-05,,,,
658.9,,,4e-06,3e-06,1.2e-05,,0.208529,1e-05,1.4e-05,,,,
659.0,,,4e-06,3e-06,1.1e-05,,0.218095,1e-05,1.4e-05,,,,
659.1,,,4e-06,3e-06,9e-06,,0.228081,1e-05,1.4e-05,,,,
659.2,,,3e-06,3e-06,7e-06,,0.239055,1e-05,1.4e-05,,,,
659.3,,,2.99939e-06,3e-06,5.99878e-06,,0.251017,1e-05,1.4e-05,,,,
659.4,,,2e-06,3e-06,4e-06,,0.262455,1e-05,1.4e-05,,,,
659.5,,,1e-06,3e-06,3e-06,,0.274436,1e-05,1.4e-05,,,,
659.6,,,1e-06,2e-06,2e-06,,0.286969,1e-05,1.4e-05,,,,
659.7,,,1e-06,2e-06,2e-06,,0.299559,1e-05,1.4e-05,,,,
659.8,,,9.9939e-07,2e-06,1e-06,,0.313285,1e-05,1.4e-05,,,,
659.9,,,,2e-06,1e-06,,0.327401,1e-05,1.4e-05,,,,
660.0,,,,2e-06,1e-06,,0.338866,1e-05,1.4e-05,,,,
660.1,,,,2e-06,1e-06,,0.352595,1e-05,1.4e-05,,,,
660.2,,,,2e-06,1e-06,,0.367585,1e-05,1.4e-05,,,,
660.3,,,6.10128e-10,2e-06,2e-06,,0.383692,1e-05,1.4e-05,,,,
660.4,,,1e-06,2e-06,2e-06,,0.399861,1e-05,1.4e-05,,,,
660.5,,,1e-06,2e-06,4e-06,,0.415621,1e-05,1.4e-05,,,,
660.6,,,1e-06,2e-06,6e-06,,0.431314,1e-05,1.4e-05,,,,
660.7,,,2e-06,2e-06,8e-06,,0.447694,1e-05,1.4e-05,,,,
660.8,,,2.00061e-06,2e-06,1.00018e-05,,0.465404,1e-05,1.4e-05,,,,
660.9,,,3e-06,2e-06,1.3e-05,,0.482971,1e-05,1.4e-05,,,,
661.0,,,3e-06,2e-06,1.2e-05,,0.499545,1e-05,1.4e-05,,,,
661.1,,,3e-06,2e-06,1.1e-05,,0.515885,1e-05,1.4e-05,,,,
661.2,,,3e-06,2e-06,9e-06,,0.534499,1e-05,1.4e-05,,,,
661.3,,,2e-06,2e-06,7.99939e-06,,0.555042,1e-05,1.4e-05,,,,
661.4,,,2e-06,2e-06,7e-06,,0.574275,1e-05,1.4e-05,,,,
661.5,,,2e-06,2e-06,6e-06,,0.593357,1e-05,1.4e-05,,,,
661.6,,,2e-06,2e-06,5e-06,,0.610607,1e-05,1.4e-05,,,,
661.7,,,1e-06,2e-06,4e-06,,0.628553,1e-05,1.4e-05,,,,
661.8,,,1e-06,2e-06,3.99939e-06,,0.64804,1e-05,1.4e-05,,,,
661.9,,,1e-06,2e-06,3e-06,,0.667662,1e-05,1.4e-05,,,,
662.0,,,1e-06,2e-06,4e-06,,0.684436,1e-05,1.4e-05,,,,
662.1,,,1e-06,2e-06,6e-06,,0.701307,1e-05,1.4e-05,,,,
662.2,,,2e-06,2e-06,8e-06,,0.71824,1e-05,1.4e-05,,,,
662.3,,,2.00061e-06,2e-06,1.00012e-05,,0.732972,1e-05,1.4e-05,,,,
662.4,,,3e-06,2e-06,1.2e-05,,0.749706,1e-05,1.4e-05,,,,
662.5,,,3e-06,2e-06,1.1e-05,,0.76649,1e-05,1.4e-05,,,,
662.6,,,3e-06,2e-06,9e-06,,0.782749,1e-05,1.4e-05,,,,
662.7,,,2e-06,2e-06,6e-06,,0.797386,1e-05,1.4e-05,,,,
662.8,,,1.99939e-06,1.00061e-06,3.99817e-06,,0.810243,1e-05,1.4e-05,,,,
662.9,,,1e-06,2e-06,1e-06,,0.823878,1e-05,1.4e-05,,,,
663.0,,,,2e-06,2e-06,,0.838105,1e-05,1.4e-05,,,,
663.1,,,1e-06,2e-06,5e-06,,0.852109,1e-05,1.4e-05,,,,
663.2,,,1e-06,2e-06,7e-06,,0.864989,1e-05,1.4e-05,,,,
663.3,,,2.00061e-06,2e-06,9.00183e-06,,0.877149,1e-05,1.4e-05,,,,
663.4,,,3e-06,2e-06,1.2e-05,,0.886096,1e-05,1.4e-05,,,,
663.5,,,3e-06,2e-06,1.1e-05,,0.897625,1e-05,1.4e-05,,,,
663.6,,,3e-06,2e-06,8e-06,,0.906718,1e-05,1.4e-05,,,,
663.7,,,2e-06,2e-06,6e-06,,0.914924,1e-05,1.4e-05,,,,
663.8,,,1e-06,2e-06,3.99817e-06,,0.923184,1e-05,1.4e-05,,,,
663.9,,,1e-06,2e-06,1e-06,,0.931493,1e-05,1.4e-05,,,,
664.0,,,,2e-06,2e-06,,0.937897,1e-05,1.4e-05,,,,
664.1,,,,3e-06,4e-06,,0.944058,1e-05,1.4e-05,,,,
664.2,,,1e-06,3e-06,7e-06,,0.948865,1e-05,1.4e-05,,,,
664.3,,,2e-06,3e-06,9.00122e-06,,0.952998,1.00006e-05,1.4e-05,,,,
664.4,,,2e-06,3e-06,1.1e-05,,0.958557,1.1e-05,1.4e-05,,,,
664.5,,,3e-06,3e-06,1.2e-05,,0.963967,1.1e-05,1.4e-05,,,,
664.6,,,3e-06,3e-06,1.2e-05,,0.966523,1.1e-05,1.4e-05,,,,
664.7,,,3e-06,3e-06,1.2e-05,,0.967324,1.1e-05,1.4e-05,,,,
664.8,,,3e-06,3e-06,1.2e-05,,0.969469,1.1e-05,1.4e-05,,,,
664.9,,,3e-06,3e-06,1.2e-05,,0.971905,1.1e-05,1.4e-05,,,,
665.0,,,3e-06,4e-06,1e-05,,0.972777,1.1e-05,1.4e-05,,,,
665.1,,,3e-06,4e-06,9e-06,,0.973799,1.1e-05,1.4e-05,,,,
665.2,,,2e-06,4e-06,7e-06,,0.974927,1.1e-05,1.4e-05,,,,
665.3,,,2e-06,4e-06,4.99878e-06,,0.976961,1.1e-05,1.4e-05,,,,
665.4,,,2e-06,4e-06,3e-06,,0.979927,1.1e-05,1.4e-05,,,,
665.5,,,1e-06,4e-06,4e-06,,0.978515,1.1e-05,1.4e-05,,,,
665.6,,,1e-06,4e-06,5e-06,,0.977527,1.1e-05,1.4e-05,,,,
665.7,,,2e-06,4e-06,7e-06,,0.977416,1.1e-05,1.4e-05,,,,
665.8,,,2.00061e-06,4.00061e-06,9.00061e-06,,0.978145,1.1e-05,1.4e-05,,,,
665.9,,,3e-06,5e-06,1e-05,,0.978023,1.1e-05,1.4e-05,,,,
666.0,,,3e-06,6e-06,9e-06,,0.978334,1.1e-05,1.4e-05,,,,
666.1,,,3e-06,6e-06,7e-06,,0.979152,1.1e-05,1.4e-05,,,,
666.2,,,2e-06,7e-06,5e-06,,0.977693,1.1e-05,1.4e-05,,,,
666.3,,,1.99939e-06,7e-06,2.99878e-06,,0.977011,1.1e-05,1.4e-05,,,,
666.4,,,1e-06,7e-06,1e-06,,0.975257,1.1e-05,1.4e-05,,,,
666.5,,,,7e-06,2e-06,,0.974584,1.1e-05,1.4e-05,,,,
666.6,,,1e-06,7e-06,3e-06,,0.974877,1.1e-05,1.4e-05,,,,
666.7,,,1e-06,7e-06,5e-06,,0.975751,1.1e-05,1.4e-05,,,,
666.8,,,2.00061e-06,7e-06,7.00122e-06,,0.977111,1.1e-05,1.4e-05,,,,
666.9,,,3e-06,7e-06,9e-06,,0.977305,1.1e-05,1.4e-05,,,,
667.0,,,3e-06,7e-06,1e-05,,0.976743,1.1e-05,1.4e-05,,,,
667.1,,,4e-06,7e-06,1e-05,,0.975446,1.1e-05,1.4e-05,,,,
667.2,,,4e-06,7e-06,1e-05,,0.974074,1.1e-05,1.4e-05,,,,
667.3,,,4e-06,8.00061e-06,9.99939e-06,,0.976182,1.1e-05,1.4e-05,,,,
667.4,,,4e-06,9e-06,9e-06,,0.975837,1.1e-05,1.4e-05,,,,
667.5,,,4e-06,1e-05,8e-06,,0.974795,1.1e-05,1.4e-05,,,,
667.6,,,3e-06,1.1e-05,7e-06,,0.976718,1.1e-05,1.4e-05,,,,
667.7,,,3e-06,1.2e-05,5e-06,,0.977444,1.1e-05,1.4e-05,,,,
667.8,,,2e-06,1.2e-05,3.99939e-06,,0.979027,1.1e-05,1.4e-05,,,,
667.9,,,2e-06,1.2e-05,3e-06,,0.979172,1.1e-05,1.4e-05,,,,
668.0,,,1e-06,1.2e-05,3e-06,,0.97838,1.1e-05,1.4e-05,,,,
668.1,,,1e-06,1.2e-05,4e-06,,0.978487,1.1e-05,1.4e-05,,,,
668.2,,,2e-06,1.2e-05,6e-06,,0.978729,1.1e-05,1.4e-05,,,,
668.3,,,3e-06,1.09994e-05,7.00061e-06,,0.979155,1.1e-05,1.4e-05,,,,
668.4,,,3e-06,1e-05,8e-06,,0.980072,1.1e-05,1.4e-05,,,,
668.5,,,4e-06,9e-06,8e-06,,0.980056,1.1e-05,1.4e-05,,,,
668.6,,,4e-06,9e-06,7e-06,,0.979621,1.1e-05,1.4e-05,,,,
668.7,,,3e-06,8e-06,6e-06,,0.979933,1.1e-05,1.4e-05,,,,
668.8,,,2.99939e-06,8e-06,3.99939e-06,,0.981864,1.1e-05,1.4e-05,,,,
668.9,,,2e-06,8e-06,3e-06,,0.981582,1.1e-05,1.4e-05,,,,
669.0,,,2e-06,9e-06,3e-06,,0.979446,1.1e-05,1.4e-05,,,,
669.1,,,1e-06,1e-05,2e-06,,0.980235,1.1e-05,1.4e-05,,,,
669.2,,,1e-06,1e-05,2e-06,,0.982879,1.1e-05,1.4e-05,,,,
669.3,,,1e-06,9.99939e-06,1e-06,,0.984608,1.10043e-05,1.4e-05,,,,
669.4,,,1e-06,9e-06,1e-06,,0.985023,1.8e-05,1.4e-05,,,,
669.5,,,1e-06,8e-06,1e-06,,0.98433,2.9e-05,1.4e-05,,,,
669.6,,,,8e-06,1e-06,,0.986251,3.9e-05,1.4e-05,,,,
669.7,,,,7e-06,1e-06,,0.98627,5e-05,1.4e-05,,,,
669.8,,,,6e-06,,,0.98426,6.10031e-05,1.4e-05,,,,
669.9,,,,6e-06,,,0.983208,6.6e-05,1.4e-05,,,,
670.0,,,,6e-06,,,0.981556,6.8e-05,1.4e-05,,,,
670.1,,,,5e-06,,,0.98402,7e-05,1.4e-05,,,,
670.2,,,,5e-06,,,0.984603,7.1e-05,1.4e-05,,,,
670.3,,,,5e-06,,,0.984731,7.29963e-05,1.4e-05,,,,
670.4,,,,5e-06,,,0.986026,6.7e-05,1.4e-05,,,,
670.5,,,,5e-06,,,0.9873,5.6e-05,1.4e-05,,,,
670.6,,,,5e-06,,,0.986621,4.5e-05,1.4e-05,,,,
670.7,,,,5e-06,,,0.983133,3.4e-05,1.4e-05,,,,
670.8,,,,5e-06,,,0.983378,2.2997e-05,1.4e-05,,,,
670.9,,,,5e-06,,,0.982721,1.8e-05,1.4e-05,,,,
671.0,,,,5e-06,,,0.983338,1.7e-05,1.4e-05,,,,
671.1,,,,5e-06,,,0.984403,1.5e-05,1.4e-05,,,,
671.2,,,,5e-06,,,0.982954,1.3e-05,1.4e-05,,,,
671.3,,,,5e-06,1e-06,,0.984506,1.1e-05,1.4e-05,,,,
671.4,,,,5e-06,1e-06,,0.986971,1.1e-05,1.4e-05,,,,
671.5,,,,5e-06,2e-06,,0.984671,1.1e-05,1.4e-05,,,,
671.6,,,1e-06,5e-06,3e-06,,0.98479,1.1e-05,1.4e-05,,,,
671.7,,,2e-06,5e-06,4e-06,,0.984193,1.1e-05,1.4e-05,,,,
671.8,,,3.00061e-06,4e-06,5.00061e-06,,0.98293,1.1e-05,1.4e-05,,,,
671.9,,,4e-06,4e-06,6e-06,,0.984506,1.1e-05,1.4e-05,,,,
672.0,,,5e-06,4e-06,6e-06,,0.984795,1.1e-05,1.4e-05,,,,
672.1,,,5e-06,4e-06,5e-06,,0.983693,1.1e-05,1.4e-05,,,,
672.2,,,4e-06,3e-06,3e-06,,0.985229,1.1e-05,1.4e-05,,,,
672.3,,,2.99939e-06,3.00061e-06,1.99939e-06,,0.984183,1.1e-05,1.4e-05,,,,
672.4,,,2e-06,4e-06,1e-06,,0.983976,1.1e-05,1.4e-05,,,,
672.5,,,1e-06,4e-06,1e-06,,0.983869,1.1e-05,1.4e-05,,,,
672.6,,,1e-06,4e-06,2e-06,,0.985075,1.1e-05,1.4e-05,,,,
672.7,,,2e-06,4e-06,4e-06,,0.986416,1.1e-05,1.4e-05,,,,
672.8,,,3.00061e-06,4e-06,5.00061e-06,,0.984864,1.1e-05,1.4e-05,,,,
672.9,,,4e-06,4e-06,6e-06,,0.985741,1.1e-05,1.4e-05,,,,
673.0,,,6e-06,3e-06,6e-06,,0.986037,1.1e-05,1.4e-05,,,,
673.1,,,6e-06,3e-06,6e-06,,0.985004,1.1e-05,1.4e-05,,,,
673.2,,,6e-06,3e-06,6e-06,,0.985532,1.1e-05,1.4e-05,,,,
673.3,,,6e-06,3e-06,6e-06,,0.985461,1.1e-05,1.4e-05,,,,
673.4,,,6e-06,3e-06,6e-06,,0.983525,1.1e-05,1.4e-05,,,,
673.5,,,6e-06,3e-06,6e-06,,0.982904,1.1e-05,1.4e-05,,,,
673.6,,,6e-06,3e-06,5e-06,,0.985866,1.1e-05,1.4e-05,,,,
673.7,,,5e-06,3e-06,4e-06,,0.987811,1.1e-05,1.4e-05,,,,
673.8,,,3.99878e-06,4e-06,2.99939e-06,,0.989103,1.1e-05,1.4e-05,,,,
673.9,,,2e-06,4e-06,2e-06,,0.989376,1.1e-05,1.4e-05,,,,
674.0,,,1e-06,4e-06,1e-06,,0.989799,1.1e-05,1.4e-05,,,,
674.1,,,1e-06,4e-06,1e-06,,0.988878,1.1e-05,1.4e-05,,,,
674.2,,,1e-06,4e-06,1e-06,,0.988833,1.1e-05,1.4e-05,,,,
674.3,,,1e-06,4e-06,9.9939e-07,,0.989601,1.1e-05,1.4e-05,,,,
674.4,,,1e-06,4e-06,,,0.98925,1.1e-05,1.4e-05,,,,
674.5,,,1e-06,4e-06,1e-06,,0.99044,1.1e-05,1.4e-05,,,,
674.6,,,2e-06,3e-06,2e-06,,0.991193,1.1e-05,1.4e-05,,,,
674.7,,,3e-06,3e-06,3e-06,,0.989506,1.1e-05,1.4e-05,,,,
674.8,,,4.00122e-06,3e-06,5.00061e-06,,0.990048,1.1e-05,1.4e-05,,,,
674.9,,,6e-06,3e-06,6e-06,,0.991447,1.1e-05,1.4e-05,,,,
675.0,,,7e-06,3e-06,5e-06,,0.994264,1.1e-05,1.4e-05,,,,
675.1,,,7e-06,3e-06,4e-06,,0.995665,1.1e-05,1.4e-05,,,,
675.2,,,5e-06,3e-06,3e-06,,0.995294,1.1e-05,1.4e-05,,,,
675.3,,,3.99878e-06,3.00061e-06,1.99878e-06,,0.99508,1.1e-05,1.4e-05,,,,
675.4,,,2e-06,4e-06,,,0.995193,1.1e-05,1.4e-05,,,,
675.5,,,,4e-06,1e-06,,0.9962,1.1e-05,1.4e-05,,,,
675.6,,,1e-06,4e-06,2e-06,,0.997649,1.1e-05,1.4e-05,,,,
675.7,,,3e-06,4e-06,3e-06,,0.996417,1.1e-05,1.4e-05,,,,
675.8,,,5.00122e-06,4e-06,4.00061e-06,,0.996281,1.1e-05,1.4e-05,,,,
675.9,,,7e-06,4e-06,5e-06,,0.995088,1.1e-05,1.4e-05,,,,
676.0,,,8e-06,4e-06,6e-06,,0.994836,1.1e-05,1.4e-05,,,,
676.1,,,9e-06,4e-06,6e-06,,0.997314,1.1e-05,1.4e-05,,,,
676.2,,,9e-06,4e-06,6e-06,,0.996426,1.1e-05,1.4e-05,,,,
676.3,,,9e-06,4e-06,6e-06,,0.998076,1.1e-05,1.4e-05,,,,
676.4,,,9e-06,4e-06,6e-06,,1.0,1.1e-05,1.4e-05,,,,
676.5,,,1e-05,4e-06,5e-06,,0.998485,1.1e-05,1.4e-05,,,,
676.6,,,8e-06,4e-06,4e-06,,0.996833,1.1e-05,1.4e-05,,,,
676.7,,,7e-06,4e-06,3e-06,,0.997289,1.1e-05,1.4e-05,,,,
676.8,,,4.99878e-06,4e-06,1.99939e-06,,0.99576,1.1e-05,1.4e-05,,,,
676.9,,,3e-06,4e-06,1e-06,,0.994843,1.1e-05,1.4e-05,,,,
677.0,,,2e-06,4e-06,1e-06,,0.995641,1.1e-05,1.4e-05,,,,
677.1,,,3e-06,5e-06,2e-06,,0.99612,1.1e-05,1.4e-05,,,,
677.2,,,5e-06,5e-06,3e-06,,0.995302,1.1e-05,1.4e-05,,,,
677.3,,,7.00122e-06,5e-06,4.00061e-06,,0.994217,1.1e-05,1.4e-05,,,,
677.4,,,9e-06,5e-06,5e-06,,0.994022,1.1e-05,1.4e-05,,,,
677.5,,,1.1e-05,5e-06,6e-06,,0.99219,1.1e-05,1.4e-05,,,,
677.6,,,1.1e-05,5e-06,6e-06,,0.990418,1.1e-05,1.4e-05,,,,
677.7,,1e-06,1.1e-05,5e-06,6e-06,,0.98871,1.1e-05,1.4e-05,,,,
677.8,,,1.10006e-05,5e-06,6e-06,,0.986226,1.1e-05,1.4e-05,,,,
677.9,,,1.2e-05,5e-06,6e-06,,0.98396,1.1e-05,1.4e-05,,,,
678.0,,,1.2e-05,5e-06,5e-06,,0.982236,1.1e-05,1.4e-05,,,,
678.1,,,1.1e-05,5e-06,5e-06,,0.979716,1.1e-05,1.4e-05,,,,
678.2,,,1e-05,6e-06,4e-06,,0.977012,1.1e-05,1.4e-05,,,,
678.3,,,8.99939e-06,6e-06,3.99939e-06,,0.97462,1.1e-05,1.4e-05,,,,
678.4,,,8e-06,6e-06,3e-06,,0.971745,1.1e-05,1.4e-05,,,,
678.5,,,6e-06,6e-06,3e-06,,0.966836,1.1e-05,1.4e-05,,,,
678.6,,,7e-06,6e-06,4e-06,,0.964501,1.1e-05,1.4e-05,,,,
678.7,,1e-06,9e-06,6e-06,4e-06,,0.961068,1.1e-05,1.4e-05,,,,
678.8,,1e-06,1.00012e-05,6e-06,5e-06,,0.957555,1.1e-05,1.4e-05,,,,
678.9,,1e-06,1.2e-05,6e-06,5e-06,,0.952606,1.1e-05,1.4e-05,,,,
679.0,,1e-06,1.3e-05,6e-06,6e-06,,0.947599,1.1e-05,1.4e-05,,,,
679.1,,1e-06,1.4e-05,6e-06,6e-06,,0.942142,1.1e-05,1.4e-05,,,,
679.2,,1e-06,1.4e-05,6e-06,6e-06,,0.934396,1.1e-05,1.4e-05,,,,
679.3,,,1.4e-05,6.00061e-06,6e-06,,0.931039,1.1e-05,1.4e-05,,,,
679.4,,,1.4e-05,7e-06,6e-06,,0.926314,1.1e-05,1.4e-05,,,,
679.5,,,1.4e-05,7e-06,6e-06,,0.920363,1.1e-05,1.4e-05,,,,
679.6,,,1.4e-05,7e-06,6e-06,,0.913719,1.1e-05,1.4e-05,,,,
679.7,,,1.5e-05,7e-06,6e-06,,0.906392,1.1e-05,1.4e-05,,,,
679.8,,,1.5e-05,7e-06,6e-06,,0.898412,1.1e-05,1.4e-05,,,,
679.9,,,1.5e-05,7e-06,6e-06,,0.890852,1.1e-05,1.4e-05,,,,
680.0,,1e-06,1.5e-05,7e-06,5e-06,,0.883259,1.1e-05,1.4e-05,,,,
680.1,,1e-06,1.3e-05,7e-06,4e-06,,0.874312,1.1e-05,1.4e-05,,,,
680.2,,1e-06,1e-05,7e-06,3e-06,,0.863802,1.1e-05,1.4e-05,,,,
680.3,,1e-06,6.99817e-06,7e-06,9.9939e-07,,0.854429,1.1e-05,1.4e-05,,,,
680.4,,1e-06,4e-06,7e-06,,,0.845183,1.1e-05,1.4e-05,,,,
680.5,,1e-06,1e-06,7e-06,1e-06,,0.835885,1.1e-05,1.4e-05,,,,
680.6,,1e-06,3e-06,8e-06,2e-06,,0.827449,1.1e-05,1.4e-05,,,,
680.7,,1e-06,6e-06,8e-06,3e-06,,0.817779,1.1e-05,1.4e-05,,,,
680.8,,1e-06,9.00183e-06,8e-06,4.00061e-06,,0.805785,1.1e-05,1.4e-05,,,,
680.9,,1e-06,1.2e-05,8e-06,5e-06,,0.795187,1.1e-05,1.4e-05,,,,
681.0,,1e-06,1.5e-05,9e-06,6e-06,,0.784347,1.1e-05,1.4e-05,,,,
681.1,,1e-06,1.6e-05,9e-06,6e-06,,0.772973,1.1e-05,1.4e-05,,,,
681.2,,1e-06,1.6e-05,9e-06,6e-06,,0.760413,1.1e-05,1.4e-05,,,,
681.3,,1e-06,1.60006e-05,9.99939e-06,6e-06,,0.747042,1.1e-05,1.4e-05,,,,
681.4,,1e-06,1.7e-05,9e-06,6e-06,,0.733312,1.1e-05,1.4e-05,,,,
681.5,,1e-06,1.7e-05,9e-06,5e-06,,0.720297,1.1e-05,1.4e-05,,,,
681.6,,1e-06,1.5e-05,9e-06,4e-06,,0.706481,1.1e-05,1.4e-05,,,,
681.7,,1e-06,1.2e-05,9e-06,3e-06,,0.692856,1.1e-05,1.4e-05,,,,
681.8,,1e-06,8.99817e-06,9.00061e-06,1.99939e-06,,0.678729,1.1e-05,1.4e-05,,,,
681.9,,1e-06,6e-06,1e-05,1e-06,,0.663722,1.1e-05,1.4e-05,,,,
682.0,,1e-06,4e-06,1.1e-05,2e-06,,0.648715,1.1e-05,1.4e-05,,,,
682.1,,1e-06,5e-06,1.1e-05,2e-06,,0.634378,1.1e-05,1.4e-05,,,,
682.2,,1e-06,8e-06,1.2e-05,3e-06,,0.621026,1.1e-05,1.4e-05,,,,
682.3,,1e-06,1.10018e-05,1.19994e-05,4.00061e-06,,0.604423,1.1e-05,1.4e-05,,,,
682.4,,1e-06,1.4e-05,1.1e-05,5e-06,,0.58774,1.1e-05,1.4e-05,,,,
682.5,,1e-06,1.6e-05,1.1e-05,6e-06,,0.572406,1.1e-05,1.4e-05,,,,
682.6,,,1.7e-05,1.1e-05,6e-06,,0.558052,1.1e-05,1.4e-05,,,,
682.7,,,1.7e-05,1e-05,6e-06,,0.544566,1.1e-05,1.4e-05,,,,
682.8,,6.10128e-10,1.7e-05,1.1e-05,6e-06,,0.528826,1.1e-05,1.4e-05,,,,
682.9,,1e-06,1.7e-05,1.1e-05,6e-06,,0.512964,1.1e-05,1.4e-05,,,,
683.0,,1e-06,1.7e-05,1.2e-05,5e-06,,0.496808,1.1e-05,1.4e-05,,,,
683.1,,1e-06,1.5e-05,1.3e-05,4e-06,,0.481196,1.1e-05,1.4e-05,,,,
683.2,,1e-06,1.3e-05,1.4e-05,4e-06,,0.465603,1.1e-05,1.4e-05,,,,
683.3,,1.00061e-06,9.99878e-06,1.39994e-05,2.99939e-06,,0.450431,1.1e-05,1.4e-05,,,,
683.4,,2e-06,8e-06,1.3e-05,2e-06,,0.435383,1.1e-05,1.4e-05,,,,
683.5,,2e-06,6e-06,1.2e-05,1e-06,,0.420764,1.1e-05,1.4e-05,,,,
683.6,,2e-06,4e-06,1.1e-05,1e-06,,0.405461,1.1e-05,1.4e-05,,,,
683.7,,3e-06,3e-06,9e-06,1e-06,,0.390788,1.1e-05,1.4e-05,,,,
683.8,,3e-06,1.99939e-06,9e-06,9.9939e-07,,0.376212,1.1e-05,1.4e-05,,,,
683.9,,3e-06,1e-06,9e-06,,,0.361493,1.1e-05,1.4e-05,,,,
684.0,,3e-06,,9e-06,1e-06,,0.347308,1.1e-05,1.4e-05,,,,
684.1,,3e-06,1e-06,9e-06,1e-06,,0.333792,1.1e-05,1.4e-05,,,,
684.2,,3e-06,3e-06,9e-06,1e-06,,0.321544,1.1e-05,1.4e-05,,,,
684.3,,3.00061e-06,4.00061e-06,9e-06,2e-06,,0.3087,1.1e-05,1.4e-05,,,,
684.4,,4e-06,5e-06,9e-06,2e-06,,0.294149,1.1e-05,1.4e-05,,,,
684.5,,4e-06,7e-06,1e-05,2e-06,,0.281928,1.1e-05,1.4e-05,,,,
684.6,,5e-06,6e-06,1e-05,2e-06,,0.270939,1.1e-05,1.4e-05,,,,
684.7,,5e-06,5e-06,1e-05,2e-06,,0.25963,1.1e-05,1.4e-05,,,,
684.8,,5e-06,4e-06,1e-05,1e-06,,0.248186,1.1e-05,1.4e-05,,,,
684.9,,5e-06,4e-06,1e-05,1e-06,,0.236824,1.1e-05,1.4e-05,,,,
685.0,,5e-06,3e-06,9e-06,2e-06,,0.227559,1.1e-05,1.4e-05,,,,
685.1,1e-06,4e-06,4e-06,9e-06,3e-06,,0.218296,1.1e-05,1.4e-05,,,,
685.2,1e-06,4e-06,7e-06,9e-06,4e-06,,0.208985,1.1e-05,1.4e-05,,,,
685.3,1e-06,4.00061e-06,1.00012e-05,8e-06,5.00061e-06,,0.199567,1.1e-05,1.4e-05,,,,
685.4,1e-06,5e-06,1.2e-05,8e-06,6e-06,,0.190308,1.1e-05,1.4e-05,,,,
685.5,1e-06,5e-06,1.5e-05,8e-06,6e-06,,0.181729,1.1e-05,1.4e-05,,,,
685.6,1e-06,6e-06,1.5e-05,7e-06,6e-06,,0.174257,1.1e-05,1.4e-05,,,,
685.7,1e-06,6e-06,1.5e-05,7e-06,6e-06,,0.166853,1.1e-05,1.4e-05,,,,
685.8,,6e-06,1.5e-05,6.99939e-06,6e-06,,0.158786,1.1e-05,1.4e-05,,,,
685.9,,6e-06,1.5e-05,6e-06,6e-06,,0.150832,1.1e-05,1.4e-05,,,,
686.0,,6e-06,1.5e-05,6e-06,5e-06,,0.143815,1.1e-05,1.4e-05,,,,
686.1,1e-06,6e-06,1.3e-05,6e-06,4e-06,,0.137198,1.1e-05,1.4e-05,,,,
686.2,1e-06,5e-06,1e-05,6e-06,3e-06,,0.131082,1.1e-05,1.4e-05,,,,
686.3,1e-06,7.00122e-06,6.99817e-06,6e-06,1.99939e-06,,0.125228,1.1e-05,1.4e-05,,,,
686.4,1e-06,9e-06,4e-06,6e-06,1e-06,,0.119609,1.1e-05,1.4e-05,,,,
686.5,1e-06,1.1e-05,1e-06,7e-06,1e-06,,0.114055,1.1e-05,1.4e-05,,,,
686.6,1e-06,1.4e-05,2e-06,7e-06,2e-06,,0.108584,1.1e-05,1.4e-05,,,,
686.7,1e-06,1.6e-05,5e-06,7e-06,3e-06,,0.103708,1.1e-05,1.4e-05,,,,
686.8,1e-06,1.49988e-05,8.00122e-06,7e-06,5.00061e-06,,0.0990091,1.1e-05,1.4e-05,,,,
686.9,1e-06,1.3e-05,1e-05,7e-06,6e-06,,0.094262,1.1e-05,1.4e-05,,,,
687.0,1e-06,1.2e-05,1.3e-05,7e-06,6e-06,,0.090044,1.1e-05,1.4e-05,,,,
687.1,1e-06,1e-05,1.2e-05,7e-06,5e-06,,0.086076,1.1e-05,1.4e-05,,,,
687.2,1e-06,8e-06,1e-05,7e-06,4e-06,,0.082288,1.1e-05,1.4e-05,,,,
687.3,,9e-06,8.99878e-06,6.99939e-06,2.99939e-06,,0.0787259,1.1e-05,1.4e-05,,,,
687.4,,9e-06,7e-06,6e-06,2e-06,,0.075319,1.1e-05,1.4e-05,,,,
687.5,,1e-05,5e-06,5e-06,2e-06,,0.071965,1.1e-05,1.4e-05,,,,
687.6,1e-06,1.1e-05,4e-06,5e-06,2e-06,,0.068818,1.1e-05,1.4e-05,,,,
687.7,1e-06,1.2e-05,3e-06,4e-06,1e-06,,0.065801,1.1e-05,1.4e-05,,,,
687.8,1e-06,1.09994e-05,1.99939e-06,4e-06,9.9939e-07,,0.0627974,1.1e-05,1.4e-05,,,,
687.9,1e-06,1e-05,1e-06,4e-06,,,0.06011,1.1e-05,1.4e-05,,,,
688.0,1e-06,9e-06,1e-06,4e-06,1e-06,,0.057674,1.1e-05,1.4e-05,,,,
688.1,2e-06,9e-06,1e-06,4e-06,1e-06,,0.05518,1.1e-05,1.4e-05,,,,
688.2,2e-06,8e-06,2e-06,4e-06,2e-06,,0.052664,1.1e-05,1.4e-05,,,,
688.3,2.00061e-06,6.99939e-06,3.00122e-06,4e-06,2.00061e-06,,0.0504257,1.1e-05,1.4e-05,,,,
688.4,3e-06,6e-06,5e-06,4e-06,3e-06,,0.048324,1.1e-05,1.4e-05,,,,
688.5,3e-06,6e-06,6e-06,4e-06,3e-06,,0.046206,1.1e-05,1.4e-05,,,,
688.6,2e-06,5e-06,5e-06,4e-06,2e-06,,0.044116,1.1e-05,1.4e-05,,,,
688.7,2e-06,5e-06,4e-06,4e-06,2e-06,,0.042387,1.1e-05,1.4e-05,,,,
688.8,2e-06,5e-06,3e-06,3.99939e-06,1e-06,,0.0406069,1.1e-05,1.4e-05,,,,
688.9,2e-06,5e-06,3e-06,3e-06,1e-06,,0.038817,1.1e-05,1.4e-05,,,,
689.0,2e-06,5e-06,2e-06,3e-06,2e-06,,0.037193,1.1e-05,1.4e-05,,,,
689.1,2e-06,6e-06,3e-06,3e-06,3e-06,,0.035633,1.1e-05,1.4e-05,,,,
689.2,2e-06,6e-06,5e-06,3e-06,4e-06,,0.034225,1.1e-05,1.4e-05,,,,
689.3,2e-06,7.00122e-06,7.00122e-06,3e-06,5.00122e-06,,0.0328102,1.1e-05,1.4e-05,,,,
689.4,2e-06,9e-06,9e-06,3e-06,7e-06,,0.031417,1.1e-05,1.4e-05,,,,
689.5,2e-06,1e-05,1.1e-05,3e-06,7e-06,,0.030225,1.1e-05,1.4e-05,,,,
689.6,3e-06,1.2e-05,1.1e-05,3e-06,7e-06,,0.029125,1.1e-05,1.4e-05,,,,
689.7,3e-06,1.3e-05,1.1e-05,3e-06,7e-06,,0.02813,1.1e-05,1.4e-05,,,,
689.8,3e-06,1.29988e-05,1.1e-05,4e-06,7e-06,,0.0270363,1.1e-05,1.4e-05,,,,
689.9,3e-06,1.1e-05,1.1e-05,4e-06,7e-06,,0.025928,1.1e-05,1.4e-05,,,,
690.0,3e-06,1e-05,1.1e-05,5e-06,7e-06,,0.025022,1.1e-05,1.4e-05,,,,
690.1,3e-06,9e-06,1e-05,5e-06,6e-06,,0.024081,1.1e-05,1.4e-05,,,,
690.2,3e-06,8e-06,9e-06,5e-06,6e-06,,0.023238,1.1e-05,1.4e-05,,,,
690.3,2e-06,8e-06,7.99939e-06,4.99939e-06,5e-06,,0.0223465,1.1e-05,1.4e-05,,,,
690.4,2e-06,8e-06,7e-06,4e-06,5e-06,,0.02146,1.1e-05,1.4e-05,,,,
690.5,2e-06,8e-06,7e-06,4e-06,4e-06,,0.020712,1.1e-05,1.4e-05,,,,
690.6,2e-06,8e-06,6e-06,3e-06,3e-06,,0.019937,1.1e-05,1.4e-05,,,,
690.7,2e-06,8e-06,5e-06,2e-06,3e-06,,0.019161,1.1e-05,1.4e-05,,,,
690.8,1e-06,8e-06,3.99939e-06,2e-06,1.99939e-06,,0.0184706,1.1e-05,1.4e-05,,,,
690.9,1e-06,8e-06,3e-06,2e-06,1e-06,,0.017851,1.1e-05,1.4e-05,,,,
691.0,2e-06,8e-06,2e-06,2e-06,1e-06,,0.017189,1.1e-05,1.4e-05,,,,
691.1,3e-06,8e-06,2e-06,1e-06,1e-06,,0.016524,1.1e-05,1.4e-05,,,,
691.2,4e-06,9e-06,2e-06,1e-06,2e-06,,0.016,1.1e-05,1.4e-05,,,,
691.3,5.00061e-06,7.99939e-06,2e-06,1e-06,2e-06,,0.0154986,1.1e-05,1.4e-05,,,,
691.4,6e-06,7e-06,2e-06,1e-06,2e-06,,0.014918,1.1e-05,1.4e-05,,,,
691.5,6e-06,7e-06,3e-06,1e-06,2e-06,,0.014412,1.1e-05,1.4e-05,,,,
691.6,6e-06,6e-06,3e-06,1e-06,3e-06,,0.013916,1.1e-05,1.4e-05,,,,
691.7,6e-06,6e-06,3e-06,1e-06,3e-06,,0.013443,1.1e-05,1.4e-05,,,,
691.8,6e-06,4.99939e-06,3.00061e-06,1e-06,3e-06,,0.0130488,1.1e-05,1.4e-05,,,,
691.9,6e-06,4e-06,4e-06,1e-06,3e-06,,0.012688,1.1e-05,1.4e-05,,,,
692.0,6e-06,4e-06,4e-06,2e-06,3e-06,,0.012263,1.1e-05,1.4e-05,,,,
692.1,6e-06,3e-06,4e-06,2e-06,2e-06,,0.011897,1.1e-05,1.4e-05,,,,
692.2,6e-06,3e-06,3e-06,3e-06,2e-06,,0.011588,1.1e-05,1.4e-05,,,,
692.3,5.99939e-06,4.00061e-06,2e-06,2.99939e-06,1e-06,,0.0111928,1.1e-05,1.4e-05,,,,
692.4,5e-06,5e-06,2e-06,2e-06,1e-06,,0.01082,1.1e-05,1.4e-05,,,,
692.5,6e-06,7e-06,1e-06,2e-06,2e-06,,0.010498,1.1e-05,1.4e-05,,,,
692.6,6e-06,8e-06,2e-06,2e-06,3e-06,,0.010172,1.1e-05,1.4e-05,,,,
692.7,6e-06,1e-05,4e-06,2e-06,5e-06,,0.009829,1.1e-05,1.4e-05,,,,
692.8,6e-06,9.99939e-06,5.00122e-06,2e-06,6.00122e-06,,0.00949882,1.1e-05,1.4e-05,,,,
692.9,6e-06,9e-06,7e-06,2e-06,8e-06,,0.009203,1.1e-05,1.4e-05,,,,
693.0,6e-06,9e-06,8e-06,2e-06,7e-06,,0.008963,1.1e-05,1.4e-05,,,,
693.1,6e-06,9e-06,8e-06,2e-06,6e-06,,0.00872,1.1e-05,1.4e-05,,,,
693.2,6e-06,8e-06,6e-06,2e-06,5e-06,,0.00846,1.1e-05,1.4e-05,,,,
693.3,6e-06,8e-06,4.99878e-06,2e-06,2.99939e-06,,0.00815485,1.1e-05,1.4e-05,,,,
693.4,6e-06,8e-06,3e-06,2e-06,2e-06,,0.007907,1.1e-05,1.4e-05,,,,
693.5,6e-06,8e-06,2e-06,2e-06,3e-06,,0.007679,1.1e-05,1.4e-05,,,,
693.6,6e-06,7e-06,3e-06,3e-06,4e-06,,0.007419,1.1e-05,1.4e-05,,,,
693.7,5e-06,7e-06,4e-06,3e-06,5e-06,,0.007236,1.1e-05,1.4e-05,,,,
693.8,5e-06,7e-06,5.00122e-06,3e-06,7.00061e-06,,0.00707787,1.1e-05,1.4e-05,,,,
693.9,5e-06,7e-06,7e-06,3e-06,8e-06,,0.006865,1.1e-05,1.4e-05,,,,
694.0,5e-06,7e-06,8e-06,3e-06,8e-06,,0.006649,1.1e-05,1.4e-05,,,,
694.1,5e-06,7e-06,7e-06,3e-06,7e-06,,0.00648,1.1e-05,1.4e-05,,,,
694.2,5e-06,7e-06,6e-06,3e-06,6e-06,,0.006263,1.1e-05,1.4e-05,,,,
694.3,5e-06,7e-06,4.99939e-06,2e-06,3.99939e-06,,0.00606589,1.1e-05,1.4e-05,,,,
694.4,5e-06,7e-06,4e-06,2e-06,3e-06,,0.005887,1.1e-05,1.4e-05,,,,
694.5,6e-06,7e-06,3e-06,2e-06,3e-06,,0.005796,1.1e-05,1.4e-05,,,,
694.6,6e-06,7e-06,3e-06,1e-06,3e-06,,0.005667,1.1e-05,1.4e-05,,,,
694.7,7e-06,6e-06,3e-06,1e-06,4e-06,,0.005554,1.1e-05,1.4e-05,,,,
694.8,7.00061e-06,6e-06,3e-06,1e-06,4e-06,,0.00541591,1.1e-05,1.4e-05,,,,
694.9,8e-06,6e-06,3e-06,1e-06,4e-06,,0.00527,1.1e-05,1.4e-05,,,,
695.0,8e-06,6e-06,3e-06,1e-06,4e-06,,0.005135,1.1e-05,1.4e-05,,,,
695.1,7e-06,5e-06,4e-06,1e-06,4e-06,,0.005025,1.1e-05,1.4e-05,,,,
695.2,7e-06,5e-06,4e-06,1e-06,4e-06,,0.004905,1.1e-05,1.4e-05,,,,
695.3,7e-06,5e-06,4e-06,1.00061e-06,4e-06,,0.00479495,1.1e-05,1.4e-05,,,,
695.4,7e-06,5e-06,4e-06,2e-06,4e-06,,0.004717,1.1e-05,1.4e-05,,,,
695.5,7e-06,5e-06,4e-06,2e-06,5e-06,,0.004574,1.1e-05,1.4e-05,,,,
695.6,6e-06,5e-06,4e-06,2e-06,6e-06,,0.004424,1.1e-05,1.4e-05,,,,
695.7,6e-06,5e-06,5e-06,2e-06,7e-06,,0.004306,1.1e-05,1.4e-05,,,,
695.8,6e-06,6e-06,6.00061e-06,2e-06,8.00061e-06,,0.00421392,1.1e-05,1.4e-05,,,,
695.9,6e-06,6e-06,7e-06,2e-06,9e-06,,0.004086,1.1e-05,1.4e-05,,,,
696.0,6e-06,6e-06,8e-06,2e-06,8e-06,,0.003985,1.1e-05,1.4e-05,,,,
696.1,7e-06,7e-06,7e-06,2e-06,7e-06,,0.003944,1.1e-05,1.4e-05,,,,
696.2,7e-06,7e-06,6e-06,3e-06,6e-06,,0.003846,1.1e-05,1.4e-05,,,,
696.3,7e-06,7e-06,4.99939e-06,3.00061e-06,4.99939e-06,,0.00377394,1.1e-05,1.4e-05,,,,
696.4,7e-06,7e-06,4e-06,4e-06,4e-06,,0.00368,1.1e-05,1.4e-05,,,,
696.5,7e-06,6e-06,3e-06,4e-06,3e-06,,0.003608,1.1e-05,1.4e-05,,,,
696.6,6e-06,6e-06,3e-06,5e-06,3e-06,,0.003553,1.1e-05,1.4e-05,,,,
696.7,6e-06,6e-06,3e-06,5e-06,3e-06,,0.003467,1.1e-05,1.4e-05,,,,
696.8,5.99939e-06,6e-06,3e-06,4.99939e-06,3e-06,,0.00336797,1.1e-05,1.4e-05,,,,
696.9,5e-06,6e-06,3e-06,4e-06,3e-06,,0.003326,1.1e-05,1.4e-05,,,,
697.0,5e-06,6e-06,2e-06,4e-06,3e-06,,0.003237,1.1e-05,1.4e-05,,,,
697.1,5e-06,5e-06,2e-06,3e-06,2e-06,,0.003134,1.1e-05,1.4e-05,,,,
697.2,6e-06,5e-06,2e-06,3e-06,2e-06,,0.003095,1.1e-05,1.4e-05,,,,
697.3,6e-06,6e-06,2e-06,3e-06,2e-06,,0.00301797,1.1e-05,1.4e-05,,,,
697.4,6e-06,6e-06,2e-06,3e-06,2e-06,,0.002966,1.1e-05,1.4e-05,,,,
697.5,5e-06,6e-06,1e-06,2e-06,2e-06,,0.002915,1.1e-05,1.4e-05,,,,
697.6,5e-06,6e-06,1e-06,2e-06,2e-06,,0.002837,1.1e-05,1.4e-05,,,,
697.7,4e-06,6e-06,1e-06,2e-06,2e-06,,0.002762,1.1e-05,1.4e-05,,,,
697.8,2.99939e-06,5.99939e-06,1e-06,2.00061e-06,2e-06,,0.00267697,1.1e-05,1.4e-05,,,,
697.9,2e-06,5e-06,1e-06,3e-06,2e-06,,0.002634,1.1e-05,1.4e-05,,,,
698.0,3e-06,5e-06,1e-06,3e-06,1e-06,,0.002565,1.1e-05,1.4e-05,,,,
698.1,3e-06,5e-06,1e-06,4e-06,1e-06,,0.002494,1.1e-05,1.4e-05,,,,
698.2,4e-06,4e-06,1e-06,4e-06,1e-06,,0.00245,1.1e-05,1.4e-05,,,,
698.3,5e-06,4e-06,1e-06,4e-06,1e-06,,0.00242297,1.1e-05,1.4e-05,,,,
698.4,5e-06,4e-06,1e-06,4e-06,1e-06,,0.002377,1.1e-05,1.4e-05,,,,
698.5,6e-06,5e-06,1e-06,4e-06,2e-06,,0.002341,1.1e-05,1.4e-05,,,,
698.6,6e-06,5e-06,2e-06,3e-06,4e-06,,0.002259,1.1e-05,1.4e-05,,,,
698.7,6e-06,5e-06,3e-06,3e-06,6e-06,,0.002193,1.1e-05,1.4e-05,,,,
698.8,7e-06,4.99939e-06,4.00122e-06,3e-06,8.00061e-06,,0.00216997,1.1e-05,1.4e-05,,,,
698.9,7e-06,4e-06,6e-06,3e-06,9e-06,,0.002115,1.1e-05,1.4e-05,,,,
699.0,7e-06,3e-06,7e-06,3e-06,9e-06,,0.002063,1.1e-05,1.4e-05,,,,
699.1,7e-06,2e-06,7e-06,3e-06,8e-06,,0.002043,1.1e-05,1.4e-05,,,,
699.2,7e-06,2e-06,6e-06,3e-06,7e-06,,0.002035,1.1e-05,1.4e-05,,,,
699.3,7e-06,2.00061e-06,4.99939e-06,3e-06,4.99939e-06,,0.00196496,1.1e-05,1.4e-05,,,,
699.4,7e-06,3e-06,4e-06,3e-06,4e-06,,0.001894,1.1e-05,1.4e-05,,,,
699.5,7e-06,3e-06,3e-06,3e-06,5e-06,,0.001881,1.1e-05,1.4e-05,,,,
699.6,8e-06,4e-06,3e-06,3e-06,6e-06,,0.001876,1.1e-05,1.4e-05,,,,
699.7,8e-06,4e-06,4e-06,3e-06,7e-06,,0.001864,1.1e-05,1.4e-05,,,,
699.8,9e-06,4.00061e-06,5.00061e-06,2.99939e-06,9.00061e-06,,0.00180197,1.1e-05,1.4e-05,,,,
699.9,9e-06,5e-06,6e-06,2e-06,1e-05,,0.001761,1.1e-05,1.4e-05,,,,
700.0,9e-06,5e-06,7e-06,2e-06,1e-05,,0.001748,1.1e-05,1.4e-05,,,,
700.1,9e-06,5e-06,8e-06,2e-06,1e-05,,0.001719,1.1e-05,1.4e-05,,,,
700.2,8e-06,5e-06,8e-06,1e-06,1e-05,,0.001673,1.1e-05,1.4e-05,,,,
700.3,7.99939e-06,5e-06,8e-06,1.00061e-06,1e-05,,0.00163498,1.1e-05,1.4e-05,,,,
700.4,7e-06,5e-06,8e-06,2e-06,1e-05,,0.001608,1.1e-05,1.4e-05,,,,
700.5,7e-06,5e-06,8e-06,2e-06,9e-06,,0.001575,1.1e-05,1.4e-05,,,,
700.6,7e-06,5e-06,7e-06,3e-06,7e-06,,0.001538,1.1e-05,1.4e-05,,,,
700.7,7e-06,5e-06,5e-06,3e-06,6e-06,,0.001512,1.1e-05,1.4e-05,,,,
700.8,7e-06,6e-06,3.99939e-06,3.00061e-06,3.99878e-06,,0.00149798,1.1e-05,1.4e-05,,,,
700.9,7e-06,6e-06,3e-06,4e-06,2e-06,,0.001472,1.1e-05,1.4e-05,,,,
701.0,7e-06,7e-06,2e-06,4e-06,2e-06,,0.001455,1.1e-05,1.4e-05,,,,
701.1,7e-06,7e-06,2e-06,4e-06,3e-06,,0.00143,1.1e-05,1.4e-05,,,,
701.2,7e-06,7e-06,2e-06,4e-06,4e-06,,0.001401,1.1e-05,1.4e-05,,,,
701.3,7e-06,7e-06,3.00061e-06,4e-06,5.00061e-06,,0.00136999,1.1e-05,1.4e-05,,,,
701.4,7e-06,7e-06,4e-06,4e-06,6e-06,,0.001349,1.1e-05,1.4e-05,,,,
701.5,8e-06,6e-06,4e-06,4e-06,7e-06,,0.001338,1.1e-05,1.4e-05,,,,
701.6,8e-06,6e-06,5e-06,3e-06,8e-06,,0.001314,1.1e-05,1.4e-05,,,,
701.7,9e-06,6e-06,6e-06,3e-06,9e-06,,0.001288,1.1e-05,1.4e-05,,,,
701.8,1.00006e-05,6e-06,6.00061e-06,3e-06,1e-05,,0.00126699,1.1e-05,1.4e-05,,,,
701.9,1.1e-05,6e-06,7e-06,3e-06,1e-05,,0.001247,1.1e-05,1.4e-05,,,,
702.0,1e-05,6e-06,8e-06,4e-06,9e-06,,0.001225,1.1e-05,1.4e-05,,,,
702.1,9e-06,6e-06,7e-06,4e-06,8e-06,,0.001204,1.1e-05,1.4e-05,,,,
702.2,8e-06,6e-06,6e-06,4e-06,6e-06,,0.001182,1.1e-05,1.4e-05,,,,
702.3,6.99939e-06,6e-06,3.99939e-06,5e-06,3.99939e-06,,0.00115999,1.1e-05,1.4e-05,,,,
702.4,6e-06,6e-06,3e-06,5e-06,3e-06,,0.00114,1.1e-05,1.4e-05,,,,
702.5,5e-06,6e-06,2e-06,6e-06,3e-06,,0.001121,1.1e-05,1.4e-05,,,,
702.6,4e-06,6e-06,3e-06,6e-06,5e-06,,0.001106,1.1e-05,1.4e-05,,,,
702.7,4e-06,5e-06,4e-06,7e-06,7e-06,,0.001091,1.1e-05,1.4e-05,,,,
702.8,2.99939e-06,6.00061e-06,5.00061e-06,8e-06,9.00061e-06,,0.00107699,1.1e-05,1.4e-05,,,,
702.9,2e-06,7e-06,6e-06,8e-06,1e-05,,0.001064,1.1e-05,1.4e-05,,,,
703.0,5e-06,7e-06,8e-06,9e-06,1e-05,,0.001046,1.1e-05,1.4e-05,,,,
703.1,7e-06,8e-06,7e-06,9e-06,8e-06,,0.001024,1.1e-05,1.4e-05,,,,
703.2,1e-05,8e-06,6e-06,9e-06,6e-06,,0.001008,1.1e-05,1.4e-05,,,,
703.3,1.20018e-05,7.99939e-06,4.99939e-06,9e-06,4.99878e-06,,0.000994993,1.1e-05,1.4e-05,,,,
703.4,1.5e-05,7e-06,4e-06,9e-06,3e-06,,0.000984,1.1e-05,1.4e-05,,,,
703.5,1.5e-05,6e-06,2e-06,8e-06,3e-06,,0.00097,1.1e-05,1.4e-05,,,,
703.6,1.6e-05,6e-06,2e-06,8e-06,3e-06,,0.000958,1.1e-05,1.4e-05,,,,
703.7,1.6e-05,5e-06,2e-06,7e-06,3e-06,,0.000945,1.1e-05,1.4e-05,,,,
703.8,1.60006e-05,4e-06,2e-06,7.00061e-06,3e-06,,0.00092599,1.1e-05,1.4e-05,,,,
703.9,1.7e-05,4e-06,2e-06,8e-06,3e-06,,0.00091,1.1e-05,1.4e-05,,,,
704.0,1.5e-05,3e-06,2e-06,9e-06,4e-06,,0.000897,1.1e-05,1.4e-05,,,,
704.1,1.4e-05,3e-06,3e-06,1e-05,5e-06,,0.000883,1.1e-05,1.4e-05,,,,
704.2,1.2e-05,2e-06,4e-06,1.1e-05,7e-06,,0.000869,1.1e-05,1.4e-05,,,,
704.3,1.09988e-05,3.00122e-06,6.00061e-06,1.09994e-05,9.00122e-06,,0.000855992,1.1e-05,1.4e-05,,,,
704.4,9e-06,5e-06,7e-06,1e-05,1.1e-05,,0.000843,1.1e-05,1.4e-05,,,,
704.5,9e-06,7e-06,8e-06,9e-06,1.1e-05,,0.000831,1.1e-05,1.4e-05,,,,
704.6,8e-06,9e-06,8e-06,8e-06,1.1e-05,,0.000823,1.1e-05,1.4e-05,,,,
704.7,8e-06,1.1e-05,9e-06,8e-06,1.1e-05,,0.000816,1.1e-05,1.4e-05,,,,
704.8,7.99939e-06,1.10006e-05,9e-06,8.00122e-06,1.1e-05,,0.000809996,1.1e-05,1.4e-05,,,,
704.9,7e-06,1.2e-05,9e-06,1e-05,1.1e-05,,0.000803,1.1e-05,1.4e-05,,,,
705.0,8e-06,1.2e-05,9e-06,1.2e-05,1e-05,,0.000797,1.1e-05,1.4e-05,,,,
705.1,8e-06,1.2e-05,8e-06,1.4e-05,9e-06,,0.00079,1.1e-05,1.4e-05,,,,
705.2,9e-06,1.2e-05,7e-06,1.6e-05,8e-06,,0.000786,1.1e-05,1.4e-05,,,,
705.3,9.00061e-06,1.09994e-05,6e-06,1.6e-05,6.99939e-06,,0.000781998,1.1e-05,1.4e-05,,,,
705.4,1e-05,1e-05,6e-06,1.6e-05,6e-06,,0.000778,1.1e-05,1.4e-05,,,,
705.5,1.1e-05,9e-06,5e-06,1.5e-05,5e-06,,0.000775,1.1e-05,1.4e-05,,,,
705.6,1.3e-05,8e-06,4e-06,1.4e-05,5e-06,,0.000771,1.1e-05,1.4e-05,,,,
705.7,1.4e-05,7e-06,4e-06,1.3e-05,5e-06,,0.000766,1.1e-05,1.4e-05,,,,
705.8,1.60012e-05,6e-06,4e-06,1.30006e-05,5e-06,,0.000759996,1.1e-05,1.4e-05,,,,
705.9,1.8e-05,6e-06,4e-06,1.4e-05,5e-06,,0.000754,1.1e-05,1.4e-05,,,,
706.0,1.6e-05,6e-06,4e-06,1.6e-05,5e-06,,0.000748,1.1e-05,1.4e-05,,,,
706.1,1.5e-05,5e-06,4e-06,1.7e-05,4e-06,,0.000742,1.1e-05,1.4e-05,,,,
706.2,1.3e-05,5e-06,3e-06,1.8e-05,3e-06,,0.000737,1.1e-05,1.4e-05,,,,
706.3,1.19988e-05,5.00061e-06,1.99939e-06,1.90012e-05,1.99939e-06,,0.000731997,1.1e-05,1.39982e-05,,,,
706.4,1e-05,6e-06,1e-06,2.1e-05,1e-06,,0.000727,1.1e-05,1.1e-05,,,,
706.5,1.2e-05,6e-06,1e-06,2.2e-05,1e-06,,0.000722,1.1e-05,9e-06,,,,
706.6,1.3e-05,6e-06,1e-06,2.4e-05,1e-06,,0.000718,1.1e-05,7e-06,,,,
706.7,1.5e-05,6e-06,1e-06,2.5e-05,1e-06,,0.000713,1.1e-05,5e-06,,,,
706.8,1.60012e-05,7.00061e-06,1e-06,2.59994e-05,1e-06,,0.000709998,1.1e-05,4.00122e-06,,,,
706.9,1.8e-05,8e-06,1e-06,2.5e-05,1e-06,,0.000706,1.1e-05,6e-06,,,,
707.0,1.8e-05,9e-06,1e-06,2.5e-05,1e-06,,0.000703,1.1e-05,8e-06,,,,
707.1,1.9e-05,1e-05,1e-06,2.4e-05,2e-06,,0.000699,1.1e-05,1e-05,,,,
707.2,1.9e-05,1.1e-05,2e-06,2.4e-05,3e-06,,0.000695,1.1e-05,1.3e-05,,,,
707.3,2.00006e-05,1.09994e-05,2.00061e-06,2.29988e-05,3.00061e-06,,0.000690998,1.1e-05,1.4e-05,,,,
707.4,2.1e-05,1e-05,3e-06,2.1e-05,4e-06,,0.000688,1.1e-05,1.4e-05,,,,
707.5,2e-05,9e-06,3e-06,1.9e-05,3e-06,,0.000684,1.1e-05,1.4e-05,,,,
707.6,1.9e-05,7e-06,3e-06,1.8e-05,3e-06,,0.00068,1.1e-05,1.4e-05,,,,
707.7,1.9e-05,6e-06,2e-06,1.6e-05,2e-06,,0.000678,1.1e-05,1.4e-05,,,,
707.8,1.8e-05,7.00061e-06,1.99939e-06,1.50006e-05,1.99939e-06,,0.000676999,1.1e-05,1.4e-05,,,,
707.9,1.8e-05,8e-06,1e-06,1.6e-05,1e-06,,0.000676,1.1e-05,1.4e-05,,,,
708.0,1.9e-05,9e-06,1e-06,1.6e-05,1e-06,,0.000675,1.1e-05,1.4e-05,,,,
708.1,2e-05,9e-06,1e-06,1.7e-05,2e-06,,0.000674,1.1e-05,1.4e-05,,,,
708.2,2.1e-05,1e-05,2e-06,1.7e-05,3e-06,,0.000673,1.1e-05,1.4e-05,,,,
708.3,2.20012e-05,1.1e-05,2.00061e-06,1.69994e-05,3.00061e-06,,0.000671999,1.1e-05,1.4e-05,,,,
708.4,2.4e-05,1.1e-05,3e-06,1.6e-05,4e-06,,0.000671,1.1e-05,1.4e-05,,,,
708.5,2.3e-05,1.1e-05,3e-06,1.5e-05,4e-06,,0.00067,1.1e-05,1.4e-05,,,,
708.6,2.2e-05,1.2e-05,4e-06,1.4e-05,4e-06,,0.000669,1.1e-05,1.4e-05,,,,
708.7,2.1e-05,1.2e-05,4e-06,1.3e-05,5e-06,,0.000667,1.1e-05,1.4e-05,,,,
708.8,1.89994e-05,1.19994e-05,4.00061e-06,1.3e-05,5e-06,,0.000664999,1.1e-05,1.4e-05,,,,
708.9,1.8e-05,1.1e-05,5e-06,1.3e-05,5e-06,,0.000663,1.1e-05,1.4e-05,,,,
709.0,2.1e-05,1.1e-05,5e-06,1.3e-05,4e-06,,0.000661,1.1e-05,1.4e-05,,,,
709.1,2.5e-05,1e-05,4e-06,1.3e-05,4e-06,,0.000659,1.1e-05,1.4e-05,,,,
709.2,2.8e-05,1e-05,3e-06,1.4e-05,3e-06,,0.000657,1.1e-05,1.4e-05,,,,
709.3,3.10024e-05,1.00006e-05,2e-06,1.39994e-05,1.99939e-06,,0.000656999,1.1e-05,1.4e-05,,,,
709.4,3.5e-05,1.1e-05,2e-06,1.3e-05,1e-06,,0.000656,1.1e-05,1.4e-05,,,,
709.5,3.4e-05,1.1e-05,1e-06,1.3e-05,1e-06,,0.000655,1.1e-05,1.4e-05,,,,
709.6,3.4e-05,1.2e-05,1e-06,1.3e-05,2e-06,,0.000654,1.1e-05,1.4e-05,,,,
709.7,3.3e-05,1.3e-05,2e-06,1.3e-05,3e-06,,0.000655,1.1e-05,1.4e-05,,,,
709.8,3.2e-05,1.19994e-05,3e-06,1.3e-05,3.00061e-06,,0.000656001,1.1e-05,1.4e-05,,,,
709.9,3.2e-05,1.1e-05,3e-06,1.3e-05,4e-06,,0.000657,1.1e-05,1.4e-05,,,,
710.0,3.2e-05,1.1e-05,4e-06,1.2e-05,5e-06,,0.000658,1.1e-05,1.4e-05,,,,
710.1,3.2e-05,1e-05,6e-06,1.2e-05,7e-06,,0.000659,1.1e-05,1.4e-05,,,,
710.2,3.2e-05,1e-05,7e-06,1.2e-05,8e-06,,0.000658,1.1e-05,1.4e-05,,,,
710.3,3.2e-05,1.10006e-05,9.00061e-06,1.19994e-05,1.00006e-05,,0.000655998,1.1e-05,1.4e-05,,,,
710.4,3.2e-05,1.2e-05,1e-05,1.1e-05,1.1e-05,,0.000653,1.1e-05,1.4e-05,,,,
710.5,3.3e-05,1.4e-05,1.2e-05,1e-05,1.1e-05,,0.000651,1.1e-05,1.4e-05,,,,
710.6,3.3e-05,1.6e-05,1.1e-05,1e-05,1e-05,,0.000649,1.1e-05,1.4e-05,,,,
710.7,3.3e-05,1.7e-05,1e-05,9e-06,9e-06,,0.000647,1.1e-05,1.4e-05,,,,
710.8,3.30006e-05,1.7e-05,8.99939e-06,9e-06,7.99878e-06,,0.000644999,1.1e-05,1.4e-05,,,,
710.9,3.4e-05,1.7e-05,8e-06,9e-06,6e-06,,0.000644,1.1e-05,1.4e-05,,,,
711.0,3.5e-05,1.6e-05,7e-06,1e-05,6e-06,,0.000642,1.1e-05,1.4e-05,,,,
711.1,3.5e-05,1.6e-05,6e-06,1e-05,5e-06,,0.000641,1.1e-05,1.4e-05,,,,
711.2,3.6e-05,1.6e-05,6e-06,1.1e-05,5e-06,,0.00064,1.1e-05,1.4e-05,,,,
711.3,3.70006e-05,1.6e-05,4.99939e-06,9.99939e-06,3.99939e-06,,0.00064,1.1e-05,1.4e-05,,,,
711.4,3.8e-05,1.6e-05,4e-06,9e-06,3e-06,,0.00064,1.1e-05,1.4e-05,,,,
711.5,3.5e-05,1.6e-05,4e-06,9e-06,3e-06,,0.000639,1.1e-05,1.4e-05,,,,
711.6,3.3e-05,1.6e-05,4e-06,8e-06,3e-06,,0.000639,1.1e-05,1.4e-05,,,,
711.7,3.1e-05,1.6e-05,4e-06,7e-06,4e-06,,0.00064,1.1e-05,1.4e-05,,,,
711.8,2.79988e-05,1.6e-05,4e-06,6e-06,4e-06,,0.000641001,1.1e-05,1.4e-05,,,,
711.9,2.6e-05,1.6e-05,4e-06,6e-06,4e-06,,0.000642,1.1e-05,1.4e-05,,,,
712.0,2.8e-05,1.6e-05,5e-06,6e-06,4e-06,,0.000643,1.1e-05,1.4e-05,,,,
712.1,3e-05,1.6e-05,5e-06,6e-06,4e-06,,0.000645,1.1e-05,1.4e-05,,,,
712.2,3.2e-05,1.6e-05,5e-06,6e-06,4e-06,,0.000643,1.1e-05,1.4e-05,,,,
712.3,3.40012e-05,1.60006e-05,5e-06,5.99939e-06,4e-06,,0.000638998,1.1e-05,1.4e-05,,,,
712.4,3.6e-05,1.7e-05,5e-06,5e-06,4e-06,,0.000636,1.1e-05,1.4e-05,,,,
712.5,3.3e-05,1.7e-05,5e-06,5e-06,5e-06,,0.000632,1.1e-05,1.4e-05,,,,
712.6,2.9e-05,1.8e-05,6e-06,5e-06,5e-06,,0.000629,1.1e-05,1.4e-05,,,,
712.7,2.5e-05,1.8e-05,6e-06,4e-06,5e-06,,0.000626,1.1e-05,1.4e-05,,,,
712.8,2.19976e-05,1.69994e-05,6e-06,4e-06,5e-06,,0.000622998,1.1e-05,1.4e-05,,,,
712.9,1.8e-05,1.6e-05,6e-06,4e-06,5e-06,,0.00062,1.1e-05,1.4e-05,,,,
713.0,1.7e-05,1.5e-05,6e-06,4e-06,5e-06,,0.000618,1.1e-05,1.4e-05,,,,
713.1,1.7e-05,1.4e-05,6e-06,4e-06,5e-06,,0.000615,1.1e-05,1.4e-05,,,,
713.2,1.6e-05,1.3e-05,6e-06,4e-06,5e-06,,0.000612,1.1e-05,1.4e-05,,,,
713.3,1.49994e-05,1.30006e-05,6e-06,4e-06,5e-06,,0.000608998,1.1e-05,1.4e-05,,,,
713.4,1.4e-05,1.4e-05,6e-06,4e-06,5e-06,,0.000606,1.1e-05,1.4e-05,,,,
713.5,1.3e-05,1.5e-05,7e-06,4e-06,5e-06,,0.000603,1.1e-05,1.4e-05,,,,
713.6,1.2e-05,1.6e-05,6e-06,5e-06,4e-06,,0.0006,1.1e-05,1.4e-05,,,,
713.7,1.1e-05,1.7e-05,6e-06,5e-06,4e-06,,0.000597,1.1e-05,1.4e-05,,,,
713.8,9.99939e-06,1.59988e-05,5e-06,5e-06,4e-06,,0.000592998,1.1e-05,1.4e-05,,,,
713.9,9e-06,1.4e-05,5e-06,5e-06,4e-06,,0.000589,1.1e-05,1.4e-05,,,,
714.0,1e-05,1.3e-05,5e-06,5e-06,5e-06,,0.000585,1.1e-05,1.4e-05,,,,
714.1,1e-05,1.1e-05,6e-06,5e-06,6e-06,,0.00058,1.1e-05,1.4e-05,,,,
714.2,1.1e-05,9e-06,8e-06,6e-06,8e-06,,0.000574,1.1e-05,1.4e-05,,,,
714.3,1.10006e-05,8e-06,1.10012e-05,5e-06,9.00122e-06,,0.000565996,1.1e-05,1.4e-05,,,,
714.4,1.2e-05,8e-06,1.3e-05,5e-06,1.1e-05,,0.000559,1.1e-05,1.4e-05,,,,
714.5,1.1e-05,8e-06,1.5e-05,4e-06,1.1e-05,,0.000551,1.1e-05,1.4e-05,,,,
714.6,1.1e-05,7e-06,1.5e-05,3e-06,1e-05,,0.000543,1.1e-05,1.4e-05,,,,
714.7,1e-05,7e-06,1.4e-05,3e-06,9e-06,,0.000535,1.1e-05,1.4e-05,,,,
714.8,8.99939e-06,6.99939e-06,1.19994e-05,3e-06,7.99939e-06,,0.000527995,1.1e-05,1.4e-05,,,,
714.9,8e-06,6e-06,1.1e-05,3e-06,7e-06,,0.00052,1.1e-05,1.4e-05,,,,
715.0,7e-06,6e-06,1e-05,3e-06,7e-06,,0.000513,1.1e-05,1.4e-05,,,,
715.1,5e-06,5e-06,1e-05,3e-06,8e-06,,0.000505,1.1e-05,1.4e-05,,,,
715.2,4e-06,5e-06,1.2e-05,4e-06,9e-06,,0.000498,1.1e-05,1.4e-05,,,,
715.3,1.99939e-06,5e-06,1.30012e-05,3.99939e-06,1.00006e-05,,0.000489995,1.1e-05,1.4e-05,,,,
715.4,1e-06,5e-06,1.5e-05,3e-06,1.1e-05,,0.000481,1.1e-05,1.4e-05,,,,
715.5,3e-06,6e-06,1.6e-05,3e-06,1.2e-05,,0.000473,1.1e-05,1.4e-05,,,,
715.6,5e-06,6e-06,1.7e-05,2e-06,1.2e-05,,0.000465,1.1e-05,1.4e-05,,,,
715.7,8e-06,6e-06,1.7e-05,2e-06,1.2e-05,,0.000457,1.1e-05,1.4e-05,,,,
715.8,1.00012e-05,6e-06,1.7e-05,1.00061e-06,1.2e-05,,0.000447994,1.1e-05,1.4e-05,,,,
715.9,1.2e-05,6e-06,1.7e-05,2e-06,1.2e-05,,0.000438,1.1e-05,1.4e-05,,,,
716.0,1.1e-05,5e-06,1.7e-05,2e-06,1.1e-05,,0.000429,1.1e-05,1.4e-05,,,,
716.1,1e-05,5e-06,1.5e-05,2e-06,9e-06,,0.00042,1.1e-05,1.4e-05,,,,
716.2,9e-06,4e-06,1.3e-05,2e-06,7e-06,,0.00041,1.1e-05,1.4e-05,,,,
716.3,7.99939e-06,3.99939e-06,1.09982e-05,2e-06,5.99878e-06,,0.000399994,1.1e-05,1.4e-05,,,,
716.4,7e-06,3e-06,8e-06,2e-06,4e-06,,0.00039,1.1e-05,1.4e-05,,,,
716.5,6e-06,2e-06,6e-06,3e-06,4e-06,,0.00038,1.1e-05,1.4e-05,,,,
716.6,5e-06,1e-06,6e-06,3e-06,4e-06,,0.00037,1.1e-05,1.4e-05,,,,
716.7,3e-06,,6e-06,3e-06,4e-06,,0.000361,1.1e-05,1.4e-05,,,,
716.8,1.99939e-06,1.00122e-06,7e-06,3e-06,5e-06,,0.000351995,1.1e-05,1.4e-05,,,,
716.9,1e-06,3e-06,7e-06,3e-06,5e-06,,0.000344,1.1e-05,1.4e-05,,,,
717.0,5e-06,4e-06,8e-06,2e-06,6e-06,,0.000336,1.1e-05,1.4e-05,,,,
717.1,9e-06,5e-06,9e-06,1e-06,7e-06,,0.000328,1.1e-05,1.4e-05,,,,
717.2,1.3e-05,7e-06,1.1e-05,1e-06,9e-06,,0.000319,1.1e-05,1.4e-05,,,,
717.3,1.70024e-05,6.99939e-06,1.30012e-05,1.00061e-06,1.00006e-05,,0.000310995,1.1e-05,1.4e-05,,,,
717.4,2.1e-05,6e-06,1.5e-05,2e-06,1.1e-05,,0.000302,1.1e-05,1.4e-05,,,,
717.5,1.9e-05,5e-06,1.8e-05,2e-06,1.1e-05,,0.000294,1.1e-05,1.4e-05,,,,
717.6,1.6e-05,5e-06,1.6e-05,3e-06,9e-06,,0.000285,1.1e-05,1.4e-05,,,,
717.7,1.3e-05,4e-06,1.4e-05,3e-06,8e-06,,0.000277,1.1e-05,1.4e-05,,,,
717.8,9.99878e-06,3e-06,1.19982e-05,3e-06,5.99878e-06,,0.000267995,1.1e-05,1.4e-05,,,,
717.9,8e-06,3e-06,9e-06,3e-06,4e-06,,0.00026,1.1e-05,1.4e-05,,,,
718.0,7e-06,2e-06,7e-06,2e-06,4e-06,,0.000251,1.1e-05,1.4e-05,,,,
718.1,6e-06,1e-06,6e-06,2e-06,3e-06,,0.000243,1.1e-05,1.4e-05,,,,
718.2,6e-06,1e-06,5e-06,1e-06,3e-06,,0.000236,1.1e-05,1.4e-05,,,,
718.3,5e-06,3.00122e-06,3.99939e-06,1e-06,2e-06,,0.000228996,1.1e-05,1.4e-05,,,,
718.4,5e-06,5e-06,3e-06,1e-06,2e-06,,0.000223,1.1e-05,1.4e-05,,,,
718.5,5e-06,8e-06,3e-06,1e-06,1e-06,,0.000217,1.1e-05,1.4e-05,,,,
718.6,5e-06,1.1e-05,2e-06,1e-06,1e-06,,0.000211,1.1e-05,1.4e-05,,,,
718.7,4e-06,1.3e-05,2e-06,1e-06,1e-06,,0.000204,1.1e-05,1.4e-05,,,,
718.8,4e-06,1.19994e-05,2e-06,1e-06,1e-06,,0.000195995,1.1e-05,1.4e-05,,,,
718.9,4e-06,1.1e-05,2e-06,1e-06,1e-06,,0.000188,1.1e-05,1.4e-05,,,,
719.0,5e-06,9e-06,2e-06,1e-06,1e-06,,0.000181,1.1e-05,1.4e-05,,,,
719.1,5e-06,7e-06,2e-06,1e-06,2e-06,,0.000173,1.1e-05,1.4e-05,,,,
719.2,5e-06,5e-06,3e-06,1e-06,2e-06,,0.000167,1.1e-05,1.4e-05,,,,
719.3,5.00061e-06,4.99939e-06,3.00061e-06,1.00061e-06,3e-06,,0.000162997,1.1e-05,1.4e-05,,,,
719.4,6e-06,4e-06,4e-06,2e-06,3e-06,,0.000158,1.1e-05,1.4e-05,,,,
719.5,5e-06,4e-06,5e-06,2e-06,3e-06,,0.000154,1.1e-05,1.4e-05,,,,
719.6,5e-06,4e-06,4e-06,2e-06,2e-06,,0.000149,1.1e-05,1.4e-05,,,,
719.7,5e-06,3e-06,4e-06,2e-06,2e-06,,0.000145,1.1e-05,1.4e-05,,,,
719.8,4e-06,3e-06,2.99939e-06,2e-06,1.99939e-06,,0.000139998,1.1e-05,1.4e-05,,,,
719.9,4e-06,3e-06,2e-06,2e-06,1e-06,,0.000136,1.1e-05,1.4e-05,,,,
720.0,4e-06,3e-06,2e-06,2e-06,2e-06,,0.000131,1.1e-05,1.4e-05,,,,
720.1,4e-06,3e-06,2e-06,2e-06,2e-06,,0.000127,1.1e-05,1.4e-05,,,,
720.2,4e-06,3e-06,3e-06,2e-06,3e-06,,0.000123,1.1e-05,1.4e-05,,,,
720.3,4e-06,3.00061e-06,4.00061e-06,2e-06,3.00061e-06,,0.000119998,1.1e-05,1.4e-05,,,,
720.4,4e-06,4e-06,5e-06,2e-06,4e-06,,0.000116,1.1e-05,1.4e-05,,,,
720.5,7e-06,4e-06,6e-06,2e-06,5e-06,,0.000112,1.1e-05,1.4e-05,,,,
720.6,1e-05,4e-06,8e-06,2e-06,7e-06,,0.000109,1.1e-05,1.4e-05,,,,
720.7,1.4e-05,5e-06,1e-05,2e-06,8e-06,,0.000105,1.1e-05,1.4e-05,,,,
720.8,1.70024e-05,4e-06,1.30012e-05,2e-06,1.00012e-05,,0.000101998,1.1e-05,1.4e-05,,,,
720.9,2.1e-05,4e-06,1.5e-05,2e-06,1.2e-05,,9.8e-05,1.1e-05,1.4e-05,,,,
721.0,2.1e-05,4e-06,1.7e-05,2e-06,1.2e-05,,9.4e-05,1.1e-05,1.4e-05,,,,
721.1,2.1e-05,3e-06,1.8e-05,2e-06,1.2e-05,,9.1e-05,1.1e-05,1.4e-05,,,,
721.2,2.1e-05,3e-06,1.8e-05,2e-06,1.2e-05,,8.8e-05,1.1e-05,1.4e-05,,,,
721.3,2.1e-05,3e-06,1.8e-05,2e-06,1.2e-05,,8.59988e-05,1.1e-05,1.4e-05,,,,
721.4,2.1e-05,3e-06,1.8e-05,2e-06,1.2e-05,,8.4e-05,1.1e-05,1.4e-05,,,,
721.5,2.1e-05,3e-06,1.8e-05,3e-06,1.2e-05,,8.1e-05,1.1e-05,1.4e-05,,,,
721.6,2.1e-05,3e-06,1.8e-05,3e-06,1.3e-05,,7.9e-05,1.1e-05,1.4e-05,,,,
721.7,2.1e-05,3e-06,1.8e-05,4e-06,1.3e-05,,7.7e-05,1.1e-05,1.4e-05,,,,
721.8,2.1e-05,5.00183e-06,1.9e-05,3.99939e-06,1.3e-05,,7.39988e-05,1.1e-05,1.4e-05,,,,
721.9,2.1e-05,8e-06,1.9e-05,3e-06,1.3e-05,,7.2e-05,1.1e-05,1.4e-05,,,,
722.0,2.1e-05,1e-05,1.9e-05,3e-06,1.2e-05,,6.9e-05,1.1e-05,1.4e-05,,,,
722.1,2.1e-05,1.3e-05,1.7e-05,3e-06,9e-06,,6.7e-05,1.1e-05,1.4e-05,,,,
722.2,2.1e-05,1.6e-05,1.3e-05,3e-06,7e-06,,6.4e-05,1.1e-05,1.4e-05,,,,
722.3,2.1e-05,1.6e-05,9.99756e-06,3e-06,3.99878e-06,,6.09982e-05,1.1e-05,1.4e-05,,,,
722.4,2.1e-05,1.6e-05,6e-06,3e-06,2e-06,,5.8e-05,1.1e-05,1.4e-05,,,,
722.5,1.8e-05,1.6e-05,3e-06,3e-06,1e-06,,5.5e-05,1.1e-05,1.4e-05,,,,
722.6,1.6e-05,1.6e-05,2e-06,3e-06,1e-06,,5.2e-05,1.1e-05,1.4e-05,,,,
722.7,1.3e-05,1.6e-05,2e-06,3e-06,1e-06,,5e-05,1.1e-05,1.4e-05,,,,
722.8,1.09982e-05,1.6e-05,1e-06,3e-06,1e-06,,4.79994e-05,1.1e-05,1.4e-05,,,,
722.9,8e-06,1.6e-05,1e-06,3e-06,1e-06,,4.7e-05,1.1e-05,1.4e-05,,,,
723.0,7e-06,1.6e-05,1e-06,3e-06,1e-06,,4.5e-05,1.1e-05,1.4e-05,,,,
723.1,5e-06,1.6e-05,1e-06,3e-06,1e-06,,4.3e-05,1.1e-05,1.4e-05,,,,
723.2,4e-06,1.6e-05,1e-06,3e-06,1e-06,,4.2e-05,1.1e-05,1.4e-05,,,,
723.3,2.99878e-06,1.6e-05,1e-06,4e-06,,,3.99994e-05,1.1e-05,1.4e-05,,,,
723.4,1e-06,1.6e-05,1e-06,4e-06,,,3.9e-05,1.1e-05,1.4e-05,,,,
723.5,1e-06,1.6e-05,1e-06,4e-06,1e-06,,3.7e-05,1.1e-05,1.4e-05,,,,
723.6,2e-06,1.6e-05,1e-06,4e-06,2e-06,,3.6e-05,1.1e-05,1.4e-05,,,,
723.7,2e-06,1.6e-05,2e-06,5e-06,3e-06,,3.5e-05,1.1e-05,1.4e-05,,,,
723.8,2.00061e-06,1.49988e-05,3.00122e-06,5e-06,3.00061e-06,,3.39994e-05,1.1e-05,1.4e-05,,,,
723.9,3e-06,1.3e-05,5e-06,5e-06,4e-06,,3.3e-05,1.1e-05,1.4e-05,,,,
724.0,6e-06,1.1e-05,6e-06,6e-06,6e-06,,3.3e-05,1.1e-05,1.4e-05,,,,
724.1,1e-05,9e-06,7e-06,6e-06,7e-06,,3.2e-05,1.1e-05,1.4e-05,,,,
724.2,1.3e-05,7e-06,9e-06,7e-06,9e-06,,3.1e-05,1.1e-05,1.4e-05,,,,
724.3,1.70018e-05,4.99939e-06,1.20012e-05,6.99939e-06,1.10006e-05,,2.99994e-05,1.1e-05,1.4e-05,,,,
724.4,2e-05,4e-06,1.4e-05,6e-06,1.2e-05,,2.9e-05,1.1e-05,1.4e-05,,,,
724.5,2.1e-05,3e-06,1.6e-05,6e-06,1.1e-05,,2.8e-05,1.1e-05,1.4e-05,,,,
724.6,2e-05,2e-06,1.4e-05,6e-06,9e-06,,2.7e-05,1.1e-05,1.4e-05,,,,
724.7,2e-05,1e-06,1.2e-05,5e-06,7e-06,,2.7e-05,1.1e-05,1.4e-05,,,,
724.8,2e-05,1e-06,8.99878e-06,5e-06,4.99939e-06,,2.59994e-05,1.1e-05,1.4e-05,,,,
724.9,2e-05,1e-06,7e-06,5e-06,4e-06,,2.5e-05,1.1e-05,1.4e-05,,,,
725.0,1.7e-05,1e-06,4e-06,5e-06,3e-06,,2.4e-05,1.1e-05,1.4e-05,,,,
725.1,1.3e-05,2e-06,3e-06,5e-06,3e-06,,2.4e-05,1.1e-05,1.4e-05,,,,
725.2,9e-06,2e-06,3e-06,5e-06,3e-06,,2.2e-05,1.1e-05,1.4e-05,,,,
725.3,4.99756e-06,4.00122e-06,3e-06,5.00061e-06,2e-06,,1.99988e-05,1.1e-05,1.4e-05,,,,
725.4,1e-06,6e-06,3e-06,6e-06,2e-06,,1.8e-05,1.1e-05,1.4e-05,,,,
725.5,1e-06,9e-06,3e-06,7e-06,4e-06,,1.6e-05,1.1e-05,1.4e-05,,,,
725.6,1e-06,1.1e-05,4e-06,8e-06,6e-06,,1.4e-05,1.1e-05,1.4e-05,,,,
725.7,1e-06,1.4e-05,7e-06,9e-06,8e-06,,1.3e-05,1.1e-05,1.4e-05,,,,
725.8,1e-06,1.4e-05,9.00183e-06,9e-06,1.00012e-05,,1.30006e-05,1.1e-05,1.4e-05,,,,
725.9,1e-06,1.4e-05,1.2e-05,9e-06,1.2e-05,,1.4e-05,1.1e-05,1.4e-05,,,,
726.0,2e-06,1.4e-05,1.4e-05,8e-06,1.1e-05,,1.4e-05,1.1e-05,1.4e-05,,,,
726.1,2e-06,1.4e-05,1.3e-05,7e-06,9e-06,,1.5e-05,1.1e-05,1.4e-05,,,,
726.2,3e-06,1.3e-05,1e-05,7e-06,7e-06,,1.5e-05,1.1e-05,1.4e-05,,,,
726.3,4e-06,1.09988e-05,6.99878e-06,6.00061e-06,3.99878e-06,,1.4e-05,1.1e-05,1.4e-05,,,,
726.4,4e-06,9e-06,5e-06,7e-06,2e-06,,1.4e-05,1.1e-05,1.4e-05,,,,
726.5,4e-06,6e-06,2e-06,7e-06,3e-06,,1.4e-05,1.1e-05,1.4e-05,,,,
726.6,3e-06,4e-06,3e-06,7e-06,5e-06,,1.3e-05,1.1e-05,1.4e-05,,,,
726.7,2e-06,1e-06,6e-06,7e-06,8e-06,,1.4e-05,1.1e-05,1.4e-05,,,,
726.8,9.9939e-07,1e-06,8.00183e-06,8e-06,1.00012e-05,,1.40006e-05,1.1e-05,1.4e-05,,,,
726.9,,1e-06,1.1e-05,8e-06,1.2e-05,,1.5e-05,1.1e-05,1.4e-05,,,,
727.0,1e-06,1e-06,1.4e-05,9e-06,1.2e-05,,1.6e-05,1.1e-05,1.4e-05,,,,
727.1,1e-06,1e-06,1.3e-05,1e-05,1.1e-05,,1.6e-05,1.1e-05,1.4e-05,,,,
727.2,1e-06,1e-06,1.2e-05,1.1e-05,9e-06,,1.6e-05,1.1e-05,1.4e-05,,,,
727.3,1e-06,1e-06,9.99878e-06,1.1e-05,7.99878e-06,,1.39988e-05,1.1e-05,1.4e-05,,,,
727.4,1e-06,1e-06,8e-06,1.1e-05,6e-06,,1.2e-05,1.1e-05,1.4e-05,,,,
727.5,5e-06,2e-06,7e-06,1.1e-05,6e-06,,1.1e-05,1.1e-05,1.4e-05,,,,
727.6,8e-06,2e-06,6e-06,1.1e-05,6e-06,,9e-06,1.1e-05,1.4e-05,,,,
727.7,1.2e-05,2e-06,6e-06,1.1e-05,5e-06,,9e-06,1.1e-05,1.4e-05,,,,
727.8,1.60024e-05,2e-06,5e-06,1.10006e-05,5e-06,,9e-06,1.1e-05,1.4e-05,,,,
727.9,2e-05,2e-06,5e-06,1.2e-05,5e-06,,9e-06,1.1e-05,1.4e-05,,,,
728.0,2e-05,1e-06,5e-06,1.3e-05,5e-06,,9e-06,1.1e-05,1.4e-05,,,,
728.1,2e-05,1e-06,5e-06,1.4e-05,5e-06,,9e-06,1.1e-05,1.4e-05,,,,
728.2,2e-05,,5e-06,1.5e-05,5e-06,,8e-06,1.1e-05,1.4e-05,,,,
728.3,2e-05,,5.00061e-06,1.5e-05,6e-06,,6.99939e-06,1.1e-05,1.4e-05,,,,
728.4,2e-05,,6e-06,1.5e-05,6e-06,,6e-06,1.1e-05,1.4e-05,,,,
728.5,2e-05,,6e-06,1.5e-05,6e-06,,5e-06,1.1e-05,1.4e-05,,,,
728.6,2e-05,,6e-06,1.5e-05,6e-06,,5e-06,1.1e-05,1.4e-05,,,,
728.7,2e-05,1e-06,6e-06,1.4e-05,6e-06,,4e-06,1.1e-05,1.4e-05,,,,
728.8,2e-05,2.00122e-06,5e-06,1.4e-05,5e-06,,3.99939e-06,1.1e-05,1.4e-05,,,,
728.9,2e-05,4e-06,5e-06,1.4e-05,5e-06,,3e-06,1.1e-05,1.4e-05,,,,
729.0,1.6e-05,6e-06,5e-06,1.4e-05,6e-06,,3e-06,1.1e-05,1.4e-05,,,,
729.1,1.3e-05,8e-06,6e-06,1.3e-05,8e-06,,3e-06,1.1e-05,1.4e-05,,,,
729.2,9e-06,1e-05,7e-06,1.3e-05,1e-05,,4e-06,1.1e-05,1.4e-05,,,,
729.3,4.99756e-06,1e-05,9.00122e-06,1.40006e-05,1.10012e-05,,5.00122e-06,1.1e-05,1.4e-05,,,,
729.4,1e-06,1e-05,1.1e-05,1.5e-05,1.3e-05,,7e-06,1.1e-05,1.4e-05,,,,
729.5,3e-06,1e-05,1.2e-05,1.6e-05,1.2e-05,,8e-06,1.1e-05,1.4e-05,,,,
729.6,4e-06,1e-05,1.1e-05,1.7e-05,1e-05,,1e-05,1.1e-05,1.4e-05,,,,
729.7,5e-06,1e-05,9e-06,1.8e-05,7e-06,,9e-06,1.1e-05,1.4e-05,,,,
729.8,7.00061e-06,9.99939e-06,6.99817e-06,1.8e-05,4.99878e-06,,7.99878e-06,1.1e-05,1.29988e-05,,,,
729.9,8e-06,9e-06,4e-06,1.8e-05,3e-06,,6e-06,1.1e-05,1.1e-05,,,,
730.0,9e-06,9e-06,2e-06,1.8e-05,2e-06,,5e-06,1.1e-05,8e-06,,,,
730.1,9e-06,9e-06,2e-06,1.9e-05,2e-06,,3e-06,1.1e-05,5e-06,,,,
730.2,9e-06,9e-06,2e-06,1.9e-05,3e-06,,3e-06,1.1e-05,2e-06,,,,
730.3,9.00061e-06,7.99878e-06,2.00061e-06,1.9e-05,3e-06,,3.00061e-06,1.1e-05,1e-06,,,,
730.4,1e-05,6e-06,3e-06,1.9e-05,3e-06,,4e-06,1.1e-05,1e-06,,,,
730.5,1e-05,4e-06,3e-06,1.9e-05,5e-06,,4e-06,1.1e-05,1e-06,,,,
730.6,1.1e-05,3e-06,4e-06,1.9e-05,7e-06,,5e-06,1.1e-05,2e-06,,,,
730.7,1.2e-05,1e-06,6e-06,1.9e-05,9e-06,,6e-06,1.1e-05,2e-06,,,,
730.8,1.30006e-05,1.00061e-06,8.00122e-06,1.9e-05,1.10012e-05,,7.00061e-06,1.1e-05,3e-06,,,,
730.9,1.4e-05,2e-06,1e-05,1.9e-05,1.3e-05,,8e-06,1.1e-05,3e-06,,,,
731.0,1.5e-05,2e-06,1.2e-05,1.9e-05,1.2e-05,,9e-06,1.1e-05,4e-06,,,,
731.1,1.6e-05,3e-06,1e-05,1.9e-05,1e-05,,1e-05,1.1e-05,5e-06,,,,
731.2,1.7e-05,3e-06,8e-06,1.9e-05,7e-06,,1e-05,1.1e-05,6e-06,,,,
731.3,1.80012e-05,4e-06,5.99878e-06,1.79994e-05,3.99878e-06,,8.99939e-06,1.1e-05,6.00122e-06,,,,
731.4,2e-05,4e-06,4e-06,1.7e-05,2e-06,,8e-06,1.1e-05,8e-06,,,,
731.5,2e-05,4e-06,2e-06,1.6e-05,2e-06,,7e-06,1.1e-05,9e-06,,,,
731.6,2.1e-05,4e-06,1e-06,1.5e-05,2e-06,,6e-06,1.1e-05,1e-05,,,,
731.7,2.1e-05,4e-06,2e-06,1.4e-05,3e-06,,5e-06,1.1e-05,1.1e-05,,,,
731.8,2.10006e-05,4.00061e-06,3e-06,1.50006e-05,4.00061e-06,,4e-06,1.1e-05,1.30006e-05,,,,
731.9,2.2e-05,5e-06,3e-06,1.6e-05,5e-06,,4e-06,1.1e-05,1.4e-05,,,,
732.0,2e-05,5e-06,4e-06,1.8e-05,5e-06,,3e-06,1.1e-05,1.6e-05,,,,
732.1,1.8e-05,5e-06,4e-06,1.9e-05,5e-06,,2e-06,1.1e-05,1.8e-05,,,,
732.2,1.7e-05,5e-06,4e-06,2.1e-05,5e-06,,3e-06,1.1e-05,1.9e-05,,,,
732.3,1.49988e-05,6e-06,4e-06,2.09994e-05,5e-06,,3.00061e-06,1.1e-05,2.10018e-05,,,,
732.4,1.3e-05,6e-06,4e-06,2e-05,5e-06,,4e-06,1.1e-05,2.4e-05,,,,
732.5,1.1e-05,7e-06,4e-06,1.9e-05,4e-06,,5e-06,1.1e-05,2.6e-05,,,,
732.6,9e-06,7e-06,4e-06,1.8e-05,3e-06,,6e-06,1.1e-05,2.8e-05,,,,
732.7,7e-06,8e-06,3e-06,1.7e-05,3e-06,,7e-06,1.1e-05,3e-05,,,,
732.8,4.99878e-06,8e-06,2e-06,1.60006e-05,1.99939e-06,,8.00061e-06,1.1e-05,3.19994e-05,,,,
732.9,3e-06,8e-06,2e-06,1.7e-05,1e-06,,9e-06,1.1e-05,3.1e-05,,,,
733.0,3e-06,8e-06,1e-06,1.8e-05,1e-06,,9e-06,1.1e-05,3.1e-05,,,,
733.1,3e-06,8e-06,1e-06,1.8e-05,2e-06,,1e-05,1.1e-05,3e-05,,,,
733.2,3e-06,8e-06,1e-06,1.9e-05,2e-06,,1e-05,1.1e-05,3e-05,,,,
733.3,3e-06,7.99939e-06,2e-06,1.89994e-05,3e-06,,7.99939e-06,1.1e-05,3.00018e-05,,,,
733.4,3e-06,7e-06,2e-06,1.8e-05,3e-06,,7e-06,1.1e-05,3.3e-05,,,,
733.5,4e-06,6e-06,2e-06,1.8e-05,5e-06,,6e-06,1.1e-05,3.5e-05,,,,
733.6,4e-06,6e-06,4e-06,1.8e-05,7e-06,,5e-06,1.1e-05,3.8e-05,,,,
733.7,4e-06,5e-06,6e-06,1.7e-05,9e-06,,4e-06,1.1e-05,4e-05,,,,
733.8,5e-06,3.99939e-06,7.00122e-06,1.80006e-05,1.20012e-05,,3e-06,1.1e-05,4.30012e-05,,,,
733.9,5e-06,3e-06,9e-06,1.9e-05,1.4e-05,,3e-06,1.1e-05,4.5e-05,,,,
734.0,5e-06,3e-06,1.1e-05,2e-05,1.3e-05,,2e-06,1.1e-05,4.7e-05,,,,
734.1,5e-06,2e-06,1e-05,2.1e-05,1e-05,,2e-06,1.1e-05,5e-05,,,,
734.2,4e-06,1e-06,8e-06,2.2e-05,8e-06,,1e-06,1.1e-05,5.2e-05,,,,
734.3,4e-06,1e-06,5.99878e-06,2.09994e-05,5.99817e-06,,1e-06,1.1e-05,5.4e-05,,,,
734.4,4e-06,1e-06,4e-06,2e-05,3e-06,,1e-06,1.1e-05,5.4e-05,,,,
734.5,7e-06,1e-06,3e-06,1.9e-05,3e-06,,,1.1e-05,5.4e-05,,,,
734.6,1e-05,1e-06,2e-06,1.8e-05,4e-06,,,1.1e-05,5.4e-05,,,,
734.7,1.3e-05,1e-06,3e-06,1.6e-05,4e-06,,1e-06,1.1e-05,5.4e-05,,,,
734.8,1.70018e-05,1.00061e-06,3.00061e-06,1.60006e-05,5e-06,,3.00122e-06,1.1e-05,5.4e-05,,,,
734.9,2e-05,2e-06,4e-06,1.7e-05,5e-06,,5e-06,1.1e-05,5.4e-05,,,,
735.0,1.7e-05,2e-06,4e-06,1.8e-05,6e-06,,7e-06,1.1e-05,5.4e-05,,,,
735.1,1.3e-05,2e-06,4e-06,1.9e-05,6e-06,,9e-06,1.1e-05,5.3e-05,,,,
735.2,1e-05,2e-06,4e-06,2e-05,6e-06,,1e-05,1.1e-05,5.3e-05,,,,
735.3,5.99756e-06,2e-06,4.00061e-06,2e-05,6e-06,,1e-05,1.1e-05,5.30018e-05,,,,
735.4,2e-06,2e-06,5e-06,2e-05,6e-06,,1e-05,1.1e-05,5.6e-05,,,,
735.5,5e-06,2e-06,5e-06,2e-05,7e-06,,1e-05,1.1e-05,5.8e-05,,,,
735.6,9e-06,1e-06,5e-06,2e-05,9e-06,,1e-05,1.1e-05,6.1e-05,,,,
735.7,1.3e-05,1e-06,6e-06,2e-05,1e-05,,9e-06,1.1e-05,6.3e-05,,,,
735.8,1.70018e-05,2.00061e-06,7.00061e-06,2.00006e-05,1.10006e-05,,6.99939e-06,1.1e-05,6.60012e-05,,,,
735.9,2e-05,3e-06,8e-06,2.1e-05,1.2e-05,,6e-06,1.1e-05,6.8e-05,,,,
736.0,1.9e-05,5e-06,9e-06,2.1e-05,1.1e-05,,4e-06,1.1e-05,7.1e-05,,,,
736.1,1.6e-05,6e-06,8e-06,2.2e-05,1e-05,,2e-06,1.1e-05,7.3e-05,,,,
736.2,1.4e-05,7e-06,7e-06,2.2e-05,8e-06,,1e-06,1.1e-05,7.6e-05,,,,
736.3,1.19988e-05,5.99939e-06,5.99939e-06,2.3e-05,6.99878e-06,,1e-06,1.1e-05,7.69988e-05,,,,
736.4,1e-05,5e-06,5e-06,2.3e-05,5e-06,,1e-06,1.1e-05,7.5e-05,,,,
736.5,9e-06,3e-06,4e-06,2.3e-05,6e-06,,1e-06,1.1e-05,7.3e-05,,,,
736.6,8e-06,2e-06,4e-06,2.3e-05,7e-06,,1e-06,1.1e-05,7.1e-05,,,,
736.7,7e-06,1e-06,5e-06,2.3e-05,8e-06,,1e-06,1.1e-05,6.9e-05,,,,
736.8,4.99939e-06,2.00061e-06,6e-06,2.29994e-05,9.00061e-06,,1e-06,1.1e-05,6.90006e-05,,,,
736.9,4e-06,3e-06,6e-06,2.2e-05,1e-05,,1e-06,1.1e-05,7e-05,,,,
737.0,7e-06,4e-06,7e-06,2.2e-05,1.1e-05,,2e-06,1.1e-05,7.2e-05,,,,
737.1,1.1e-05,5e-06,8e-06,2.1e-05,1.2e-05,,2e-06,1.1e-05,7.3e-05,,,,
737.2,1.4e-05,7e-06,8e-06,2e-05,1.2e-05,,3e-06,1.1e-05,7.5e-05,,,,
737.3,1.70018e-05,6e-06,9.00061e-06,2.00006e-05,1.30006e-05,,5.00061e-06,1.1e-05,7.59994e-05,,,,
737.4,2e-05,6e-06,1e-05,2.1e-05,1.4e-05,,6e-06,1.1e-05,7.5e-05,,,,
737.5,2.1e-05,5e-06,1e-05,2.2e-05,1.4e-05,,8e-06,1.1e-05,7.5e-05,,,,
737.6,2.1e-05,4e-06,1e-05,2.3e-05,1.3e-05,,1e-05,1.1e-05,7.4e-05,,,,
737.7,2.1e-05,4e-06,9e-06,2.4e-05,1.2e-05,,1e-05,1.1e-05,7.4e-05,,,,
737.8,2.1e-05,3e-06,8.99939e-06,2.40006e-05,1.1e-05,,1e-05,1.1e-05,7.4e-05,,,,
737.9,2.1e-05,3e-06,8e-06,2.5e-05,1.1e-05,,1e-05,1.1e-05,7.4e-05,,,,
738.0,1.9e-05,2e-06,7e-06,2.5e-05,1e-05,,1e-05,1.1e-05,7.4e-05,,,,
738.1,1.6e-05,2e-06,7e-06,2.6e-05,1e-05,,1e-05,1.1e-05,7.3e-05,,,,
738.2,1.4e-05,2e-06,7e-06,2.6e-05,9e-06,,9e-06,1.1e-05,7.3e-05,,,,
738.3,1.09988e-05,3.00061e-06,6.99939e-06,2.59994e-05,9e-06,,6.99878e-06,1.1e-05,7.40006e-05,,,,
738.4,9e-06,4e-06,6e-06,2.5e-05,9e-06,,5e-06,1.1e-05,7.5e-05,,,,
738.5,8e-06,5e-06,6e-06,2.5e-05,8e-06,,3e-06,1.1e-05,7.6e-05,,,,
738.6,7e-06,6e-06,6e-06,2.4e-05,8e-06,,1e-06,1.1e-05,7.8e-05,,,,
738.7,7e-06,7e-06,6e-06,2.4e-05,7e-06,,1e-06,1.1e-05,7.9e-05,,,,
738.8,5.99939e-06,7e-06,5e-06,2.4e-05,6.99939e-06,,1e-06,1.1e-05,8e-05,,,,
738.9,5e-06,7e-06,5e-06,2.4e-05,6e-06,,1e-06,1.1e-05,8e-05,,,,
739.0,5e-06,7e-06,5e-06,2.5e-05,7e-06,,2e-06,1.1e-05,8e-05,,,,
739.1,4e-06,7e-06,5e-06,2.5e-05,9e-06,,2e-06,1.1e-05,8e-05,,,,
739.2,4e-06,8e-06,6e-06,2.6e-05,1e-05,,2e-06,1.1e-05,8e-05,,,,
739.3,3.99939e-06,6.99939e-06,8.00061e-06,2.60006e-05,1.20012e-05,,3e-06,1.1e-05,8.00012e-05,,,,
739.4,3e-06,6e-06,9e-06,2.7e-05,1.4e-05,,3e-06,1.1e-05,8.2e-05,,,,
739.5,6e-06,5e-06,1e-05,2.8e-05,1.4e-05,,3e-06,1.1e-05,8.4e-05,,,,
739.6,1e-05,4e-06,1e-05,2.9e-05,1.5e-05,,4e-06,1.1e-05,8.5e-05,,,,
739.7,1.4e-05,3e-06,1.1e-05,3e-05,1.5e-05,,4e-06,1.1e-05,8.7e-05,,,,
739.8,1.70024e-05,3e-06,1.1e-05,3.09994e-05,1.6e-05,,3.99939e-06,1.1e-05,8.79982e-05,,,,
739.9,2.1e-05,3e-06,1.1e-05,3e-05,1.6e-05,,3e-06,1.1e-05,8.5e-05,,,,
740.0,2.1e-05,2e-06,1.2e-05,3e-05,1.6e-05,,3e-06,1.1e-05,8.3e-05,,,,
740.1,2.1e-05,2e-06,1.1e-05,3e-05,1.5e-05,,3e-06,1.1e-05,8e-05,,,,
740.2,2.1e-05,2e-06,1.1e-05,2.9e-05,1.4e-05,,4e-06,1.1e-05,7.8e-05,,,,
740.3,2.1e-05,2e-06,9.99939e-06,2.89994e-05,1.19994e-05,,5.00122e-06,1.1e-05,7.70024e-05,,,,
740.4,2.1e-05,2e-06,9e-06,2.8e-05,1.1e-05,,7e-06,1.1e-05,8.1e-05,,,,
740.5,2.1e-05,1e-06,8e-06,2.8e-05,1.1e-05,,8e-06,1.1e-05,8.4e-05,,,,
740.6,2.2e-05,1e-06,8e-06,2.8e-05,1.1e-05,,1e-05,1.1e-05,8.8e-05,,,,
740.7,2.2e-05,1e-06,8e-06,2.7e-05,1.1e-05,,9e-06,1.1e-05,9.1e-05,,,,
740.8,2.2e-05,2.00122e-06,8e-06,2.70006e-05,1.1e-05,,7.99939e-06,1.1e-05,9.29994e-05,,,,
740.9,2.2e-05,4e-06,8e-06,2.8e-05,1.1e-05,,7e-06,1.1e-05,9.2e-05,,,,
741.0,2.2e-05,5e-06,8e-06,2.9e-05,1.2e-05,,5e-06,1.1e-05,9e-05,,,,
741.1,2.2e-05,6e-06,8e-06,2.9e-05,1.2e-05,,4e-06,1.1e-05,8.8e-05,,,,
741.2,2.2e-05,8e-06,9e-06,3e-05,1.3e-05,,4e-06,1.1e-05,8.6e-05,,,,
741.3,2.2e-05,8e-06,1e-05,3e-05,1.40006e-05,,6.00061e-06,1.1e-05,8.39982e-05,,,,
741.4,2.2e-05,8e-06,1e-05,3e-05,1.5e-05,,7e-06,1.1e-05,8.1e-05,,,,
741.5,2e-05,8e-06,1.1e-05,3.1e-05,1.6e-05,,8e-06,1.1e-05,7.9e-05,,,,
741.6,1.9e-05,8e-06,1.2e-05,3.1e-05,1.7e-05,,1e-05,1.1e-05,7.6e-05,,,,
741.7,1.7e-05,8e-06,1.3e-05,3.1e-05,1.8e-05,,9e-06,1.1e-05,7.4e-05,,,,
741.8,1.49994e-05,8e-06,1.40006e-05,3.10006e-05,2.00006e-05,,6.99878e-06,1.1e-05,7.30018e-05,,,,
741.9,1.4e-05,8e-06,1.5e-05,3.2e-05,2.1e-05,,5e-06,1.1e-05,7.6e-05,,,,
742.0,1.5e-05,8e-06,1.6e-05,3.2e-05,2.2e-05,,3e-06,1.1e-05,8e-05,,,,
742.1,1.7e-05,9e-06,1.6e-05,3.3e-05,2.2e-05,,1e-06,1.1e-05,8.3e-05,,,,
742.2,1.9e-05,9e-06,1.7e-05,3.3e-05,2.2e-05,,,1.1e-05,8.7e-05,,,,
742.3,2.00012e-05,9e-06,1.70006e-05,3.4e-05,2.3e-05,,6.10128e-10,1.1e-05,8.9e-05,,,,
742.4,2.2e-05,9e-06,1.8e-05,3.4e-05,2.3e-05,,1e-06,1.1e-05,8.9e-05,,,,
742.5,2.2e-05,9e-06,1.8e-05,3.4e-05,2.5e-05,,1e-06,1.1e-05,8.8e-05,,,,
742.6,2.2e-05,9e-06,1.9e-05,3.4e-05,2.7e-05,,1e-06,1.1e-05,8.8e-05,,,,
742.7,2.2e-05,9e-06,2.1e-05,3.4e-05,2.9e-05,,2e-06,1.1e-05,8.8e-05,,,,
742.8,2.2e-05,8.99939e-06,2.20012e-05,3.4e-05,3.00012e-05,,2.00061e-06,1.1e-05,8.59982e-05,,,,
742.9,2.2e-05,8e-06,2.4e-05,3.4e-05,3.2e-05,,3e-06,1.1e-05,8.3e-05,,,,
743.0,2.2e-05,7e-06,2.5e-05,3.4e-05,3.2e-05,,4e-06,1.1e-05,8e-05,,,,
743.1,2.2e-05,7e-06,2.5e-05,3.4e-05,3e-05,,4e-06,1.1e-05,7.6e-05,,,,
743.2,2.2e-05,6e-06,2.4e-05,3.3e-05,2.9e-05,,4e-06,1.1e-05,7.3e-05,,,,
743.3,2.2e-05,7e-06,2.19994e-05,3.3e-05,2.69994e-05,,3e-06,1.1e-05,7.10018e-05,,,,
743.4,2.2e-05,7e-06,2.1e-05,3.3e-05,2.6e-05,,3e-06,1.1e-05,7.4e-05,,,,
743.5,2e-05,8e-06,2e-05,3.3e-05,2.6e-05,,2e-06,1.1e-05,7.8e-05,,,,
743.6,1.7e-05,9e-06,2.1e-05,3.3e-05,2.8e-05,,1e-06,1.1e-05,8.1e-05,,,,
743.7,1.4e-05,1e-05,2.2e-05,3.3e-05,3e-05,,1e-06,1.1e-05,8.4e-05,,,,
743.8,1.19982e-05,1e-05,2.40006e-05,3.3e-05,3.20006e-05,,2e-06,1.1e-05,8.6e-05,,,,
743.9,9e-06,1e-05,2.5e-05,3.3e-05,3.3e-05,,2e-06,1.1e-05,8.6e-05,,,,
744.0,8e-06,1e-05,2.7e-05,3.3e-05,3.4e-05,,3e-06,1.1e-05,8.6e-05,,,,
744.1,7e-06,1e-05,2.7e-05,3.3e-05,3.4e-05,,4e-06,1.1e-05,8.5e-05,,,,
744.2,6e-06,1e-05,2.7e-05,3.3e-05,3.4e-05,,3e-06,1.1e-05,8.5e-05,,,,
744.3,3.99939e-06,1e-05,2.7e-05,3.4e-05,3.39994e-05,,2.99939e-06,1.1e-05,8.5e-05,,,,
744.4,3e-06,1e-05,2.7e-05,3.4e-05,3.3e-05,,2e-06,1.1e-05,8.5e-05,,,,
744.5,5e-06,1.1e-05,2.7e-05,3.4e-05,3.6e-05,,2e-06,1.1e-05,8.4e-05,,,,
744.6,6e-06,1.1e-05,2.9e-05,3.5e-05,3.9e-05,,1e-06,1.1e-05,8.4e-05,,,,
744.7,8e-06,1.1e-05,3.2e-05,3.5e-05,4.3e-05,,1e-06,1.1e-05,8.3e-05,,,,
744.8,1.00006e-05,9.99939e-06,3.50018e-05,3.49994e-05,4.60018e-05,,2e-06,1.1e-05,8.29994e-05,,,,
744.9,1.1e-05,9e-06,3.8e-05,3.4e-05,4.9e-05,,2e-06,1.1e-05,8.2e-05,,,,
745.0,1e-05,7e-06,4.1e-05,3.4e-05,4.9e-05,,3e-06,1.1e-05,8.1e-05,,,,
745.1,8e-06,6e-06,4.1e-05,3.4e-05,4.8e-05,,3e-06,1.1e-05,8.1e-05,,,,
745.2,6e-06,5e-06,4e-05,3.3e-05,4.6e-05,,3e-06,1.1e-05,8e-05,,,,
745.3,4.99878e-06,4e-06,3.89994e-05,3.3e-05,4.49988e-05,,3e-06,1.1e-05,8.10024e-05,,,,
745.4,3e-06,4e-06,3.8e-05,3.3e-05,4.3e-05,,3e-06,1.1e-05,8.5e-05,,,,
745.5,3e-06,3e-06,3.7e-05,3.4e-05,4.2e-05,,2e-06,1.1e-05,8.9e-05,,,,
745.6,3e-06,2e-06,3.6e-05,3.4e-05,4e-05,,2e-06,1.1e-05,9.3e-05,,,,
745.7,3e-06,2e-06,3.5e-05,3.4e-05,3.9e-05,,3e-06,1.1e-05,9.7e-05,,,,
745.8,3e-06,2.00061e-06,3.29994e-05,3.4e-05,3.69988e-05,,5.00061e-06,1.1e-05,0.000100001,,,,
745.9,3e-06,3e-06,3.2e-05,3.4e-05,3.5e-05,,6e-06,1.1e-05,0.000101,,,,
746.0,7e-06,4e-06,3.1e-05,3.4e-05,3.5e-05,,8e-06,1.1e-05,0.000102,,,,
746.1,1.1e-05,5e-06,3.1e-05,3.4e-05,3.5e-05,,1e-05,1.1e-05,0.000103,,,,
746.2,1.5e-05,6e-06,3.1e-05,3.3e-05,3.5e-05,,1e-05,1.1e-05,0.000104,,,,
746.3,1.90024e-05,5.99939e-06,3.1e-05,3.3e-05,3.5e-05,,7.99939e-06,1.10006e-05,0.000105001,,,,
746.4,2.3e-05,5e-06,3.1e-05,3.3e-05,3.5e-05,,7e-06,1.2e-05,0.000106,,,,
746.5,2.3e-05,4e-06,3.1e-05,3.3e-05,3.6e-05,,6e-06,1.3e-05,0.000107,,,,
746.6,2.3e-05,3e-06,3.3e-05,3.2e-05,3.8e-05,,5e-06,1.4e-05,0.000108,,,,
746.7,2.3e-05,2e-06,3.4e-05,3.2e-05,3.9e-05,,5e-06,1.6e-05,0.000109,,,,
746.8,2.3e-05,2e-06,3.50012e-05,3.19994e-05,4.00012e-05,,7.00061e-06,1.70018e-05,0.00011,,,,
746.9,2.3e-05,2e-06,3.7e-05,3.1e-05,4.2e-05,,8e-06,2e-05,0.00011,,,,
747.0,2.3e-05,2e-06,3.8e-05,3.1e-05,4.1e-05,,9e-06,2.2e-05,0.000111,,,,
747.1,2.3e-05,2e-06,3.8e-05,3e-05,4e-05,,1e-05,2.5e-05,0.000111,,,,
747.2,2.3e-05,2e-06,3.7e-05,3e-05,3.9e-05,,9e-06,2.8e-05,0.000112,,,,
747.3,2.3e-05,4.00122e-06,3.59994e-05,2.89994e-05,3.79994e-05,,6.99878e-06,3.10024e-05,0.000113001,,,,
747.4,2.3e-05,6e-06,3.5e-05,2.8e-05,3.7e-05,,5e-06,3.5e-05,0.000114,,,,
747.5,2e-05,9e-06,3.4e-05,2.7e-05,3.7e-05,,3e-06,3.9e-05,0.000115,,,,
747.6,1.7e-05,1.1e-05,3.5e-05,2.7e-05,3.7e-05,,1e-06,4.3e-05,0.000115,,,,
747.7,1.4e-05,1.4e-05,3.5e-05,2.6e-05,3.7e-05,,1e-06,4.8e-05,0.000116,,,,
747.8,9.99817e-06,1.5e-05,3.6e-05,2.50006e-05,3.8e-05,,9.9939e-07,5.20024e-05,0.000117,,,,
747.9,7e-06,1.5e-05,3.6e-05,2.6e-05,3.8e-05,,,5.6e-05,0.000117,,,,
748.0,7e-06,1.5e-05,3.7e-05,2.6e-05,3.7e-05,,,6e-05,0.000117,,,,
748.1,7e-06,1.5e-05,3.6e-05,2.6e-05,3.6e-05,,,6.4e-05,0.000116,,,,
748.2,8e-06,1.5e-05,3.5e-05,2.6e-05,3.4e-05,,,6.7e-05,0.000116,,,,
748.3,8.00061e-06,1.50006e-05,3.29994e-05,2.59994e-05,3.19994e-05,,1e-06,7.10037e-05,0.000117002,,,,
748.4,9e-06,1.6e-05,3.2e-05,2.5e-05,3.1e-05,,1e-06,7.7e-05,0.000121,,,,
748.5,8e-06,1.6e-05,3e-05,2.4e-05,3e-05,,2e-06,8.3e-05,0.000125,,,,
748.6,8e-06,1.6e-05,3e-05,2.3e-05,3.1e-05,,2e-06,8.9e-05,0.000129,,,,
748.7,7e-06,1.6e-05,3.1e-05,2.2e-05,3.1e-05,,3e-06,9.6e-05,0.000133,,,,
748.8,6e-06,1.39988e-05,3.1e-05,2.09994e-05,3.1e-05,,5.00122e-06,0.000102004,0.000136001,,,,
748.9,6e-06,1.2e-05,3.1e-05,2e-05,3.1e-05,,7e-06,0.000109,0.000137,,,,
749.0,5e-06,1e-05,3.2e-05,1.9e-05,2.9e-05,,8e-06,0.000116,0.000139,,,,
749.1,5e-06,8e-06,3e-05,1.8e-05,2.6e-05,,1e-05,0.000122,0.00014,,,,
749.2,4e-06,5e-06,2.7e-05,1.7e-05,2.3e-05,,9e-06,0.000129,0.000141,,,,
749.3,4e-06,5e-06,2.39982e-05,1.7e-05,2.09982e-05,,7.99878e-06,0.000136007,0.000142001,,,,
749.4,4e-06,5e-06,2.1e-05,1.7e-05,1.8e-05,,6e-06,0.000147,0.000143,,,,
749.5,3e-06,6e-06,1.8e-05,1.6e-05,1.7e-05,,4e-06,0.000161,0.000143,,,,
749.6,2e-06,6e-06,1.8e-05,1.6e-05,1.8e-05,,3e-06,0.000197,0.000144,,,,
749.7,2e-06,6e-06,1.9e-05,1.6e-05,1.8e-05,,3e-06,0.000236,0.000145,,,,
749.8,1e-06,6e-06,2e-05,1.49994e-05,1.90006e-05,,5.00061e-06,0.000280031,0.000146003,,,,
749.9,1e-06,6e-06,2e-05,1.4e-05,2e-05,,6e-06,0.00033,0.000151,,,,
750.0,2e-06,5e-06,2.1e-05,1.3e-05,1.8e-05,,8e-06,0.000383,0.000156,,,,
750.1,4e-06,5e-06,2e-05,1.1e-05,1.6e-05,,1e-05,0.000449,0.000161,,,,
750.2,6e-06,5e-06,1.7e-05,1e-05,1.3e-05,,9e-06,0.000522,0.000166,,,,
750.3,7.00122e-06,4e-06,1.39988e-05,1e-05,1.09982e-05,,6.99878e-06,0.000595051,0.000168999,,,,
750.4,9e-06,4e-06,1.2e-05,1e-05,8e-06,,5e-06,0.000679,0.000168,,,,
750.5,9e-06,4e-06,9e-06,9e-06,9e-06,,3e-06,0.000775,0.000167,,,,
750.6,9e-06,3e-06,1e-05,9e-06,1.1e-05,,1e-06,0.000899,0.000166,,,,
750.7,8e-06,3e-06,1.3e-05,9e-06,1.3e-05,,2e-06,0.001021,0.000165,,,,
750.8,8e-06,2e-06,1.50012e-05,8.99939e-06,1.50012e-05,,4.00122e-06,0.0011441,0.000165001,,,,
750.9,8e-06,2e-06,1.7e-05,8e-06,1.7e-05,,6e-06,0.001309,0.000166,,,,
751.0,1.2e-05,2e-06,2e-05,8e-06,1.7e-05,,8e-06,0.001494,0.000167,,,,
751.1,1.6e-05,1e-06,2e-05,8e-06,1.6e-05,,9e-06,0.0017,0.000168,,,,
751.2,2e-05,1e-06,1.8e-05,7e-06,1.5e-05,,1e-05,0.001929,0.000169,,,,
751.3,2.40024e-05,2.00061e-06,1.69994e-05,6.99939e-06,1.39994e-05,,7.99939e-06,0.00222021,0.00017,,,,
751.4,2.8e-05,3e-06,1.6e-05,6e-06,1.3e-05,,7e-06,0.002563,0.00017,,,,
751.5,2.6e-05,5e-06,1.5e-05,5e-06,1.4e-05,,6e-06,0.002899,0.000171,,,,
751.6,2.4e-05,6e-06,1.6e-05,5e-06,1.5e-05,,5e-06,0.00325,0.000171,,,,
751.7,2.1e-05,8e-06,1.8e-05,4e-06,1.7e-05,,4e-06,0.003691,0.000171,,,,
751.8,1.79982e-05,7.99939e-06,2.10012e-05,4e-06,1.90012e-05,,3.99939e-06,0.00423437,0.000172002,,,,
751.9,1.5e-05,7e-06,2.3e-05,4e-06,2.1e-05,,3e-06,0.004841,0.000175,,,,
752.0,1.7e-05,7e-06,2.5e-05,4e-06,2e-05,,2e-06,0.005533,0.000178,,,,
752.1,1.8e-05,7e-06,2.4e-05,4e-06,1.9e-05,,2e-06,0.006287,0.000181,,,,
752.2,2e-05,7e-06,2.3e-05,4e-06,1.8e-05,,2e-06,0.007104,0.000184,,,,
752.3,2.20012e-05,1.00024e-05,2.09994e-05,4e-06,1.59994e-05,,3.00061e-06,0.00823383,0.000187002,,,,
752.4,2.4e-05,1.4e-05,2e-05,4e-06,1.5e-05,,4e-06,0.009593,0.00019,,,,
752.5,2.1e-05,1.7e-05,1.8e-05,3e-06,1.4e-05,,4e-06,0.010931,0.000194,,,,
752.6,1.9e-05,2.1e-05,1.7e-05,3e-06,1.3e-05,,5e-06,0.012216,0.000198,,,,
752.7,1.6e-05,2.5e-05,1.6e-05,2e-06,1.2e-05,,6e-06,0.013932,0.000201,,,,
752.8,1.39982e-05,2.39982e-05,1.49994e-05,2.00061e-06,1.09994e-05,,7.00061e-06,0.0161184,0.000204,,,,
752.9,1.1e-05,2.1e-05,1.4e-05,3e-06,1e-05,,8e-06,0.018348,0.000204,,,,
753.0,9e-06,1.9e-05,1.3e-05,3e-06,1e-05,,9e-06,0.020567,0.000204,,,,
753.1,8e-06,1.7e-05,1.3e-05,3e-06,1.1e-05,,1e-05,0.02322,0.000204,,,,
753.2,6e-06,1.4e-05,1.4e-05,3e-06,1.1e-05,,9e-06,0.02614,0.000204,,,,
753.3,3.99878e-06,1.50012e-05,1.5e-05,3e-06,1.2e-05,,6.99878e-06,0.0289208,0.000202998,,,,
753.4,2e-06,1.7e-05,1.5e-05,3e-06,1.2e-05,,5e-06,0.031949,0.0002,,,,
753.5,6e-06,1.8e-05,1.6e-05,2e-06,1.3e-05,,3e-06,0.035302,0.000197,,,,
753.6,1e-05,2e-05,1.7e-05,2e-06,1.3e-05,,1e-06,0.038872,0.000195,,,,
753.7,1.5e-05,2.1e-05,1.7e-05,1e-06,1.4e-05,,,0.041913,0.000192,,,,
753.8,1.90024e-05,1.99988e-05,1.80006e-05,1.00061e-06,1.4e-05,,,0.0452036,0.00019,,,,
753.9,2.3e-05,1.8e-05,1.9e-05,2e-06,1.4e-05,,,0.049503,0.00019,,,,
754.0,2.4e-05,1.5e-05,1.9e-05,4e-06,1.3e-05,,,0.054727,0.00019,,,,
754.1,2.4e-05,1.3e-05,1.7e-05,5e-06,1e-05,,,0.060011,0.00019,,,,
754.2,2.4e-05,1.1e-05,1.3e-05,6e-06,7e-06,,1e-06,0.064942,0.00019,,,,
754.3,2.4e-05,8.99878e-06,9.99756e-06,5.99939e-06,4.99817e-06,,3.00122e-06,0.070835,0.000189999,,,,
754.4,2.4e-05,7e-06,6e-06,5e-06,2e-06,,5e-06,0.077334,0.000188,,,,
754.5,2.4e-05,5e-06,3e-06,4e-06,3e-06,,7e-06,0.08289,0.000186,,,,
754.6,2.4e-05,4e-06,4e-06,4e-06,5e-06,,9e-06,0.088604,0.000184,,,,
754.7,2.3e-05,2e-06,7e-06,3e-06,7e-06,,9e-06,0.095685,0.000182,,,,
754.8,2.3e-05,5.00244e-06,1.10018e-05,3.00061e-06,1.00012e-05,,7.99939e-06,0.102695,0.000181,,,,
754.9,2.3e-05,9e-06,1.4e-05,4e-06,1.2e-05,,7e-06,0.111262,0.000181,,,,
755.0,2.3e-05,1.3e-05,1.7e-05,5e-06,1.1e-05,,6e-06,0.119371,0.000181,,,,
755.1,2.2e-05,1.7e-05,1.6e-05,6e-06,9e-06,,4e-06,0.126325,0.000182,,,,
755.2,2.1e-05,2.1e-05,1.3e-05,7e-06,7e-06,,4e-06,0.135596,0.000182,,,,
755.3,2.09994e-05,2.2e-05,1.09982e-05,7e-06,5.99878e-06,,4e-06,0.144782,0.000180997,,,,
755.4,2e-05,2.2e-05,8e-06,7e-06,4e-06,,4e-06,0.154075,0.000176,,,,
755.5,2.3e-05,2.2e-05,5e-06,7e-06,3e-06,,4e-06,0.164254,0.000171,,,,
755.6,2.7e-05,2.2e-05,4e-06,7e-06,3e-06,,4e-06,0.173521,0.000166,,,,
755.7,3e-05,2.2e-05,4e-06,7e-06,3e-06,,3e-06,0.184341,0.000161,,,,
755.8,3.30024e-05,2.2e-05,4e-06,5.99939e-06,3e-06,,2.99939e-06,0.194992,0.000156998,,,,
755.9,3.7e-05,2.2e-05,4e-06,5e-06,3e-06,,2e-06,0.207575,0.000154,,,,
756.0,3.3e-05,2.2e-05,4e-06,4e-06,3e-06,,1e-06,0.220304,0.000152,,,,
756.1,2.8e-05,2.2e-05,5e-06,3e-06,3e-06,,1e-06,0.231951,0.000149,,,,
756.2,2.4e-05,2.2e-05,5e-06,2e-06,3e-06,,2e-06,0.242587,0.000147,,,,
756.3,1.89976e-05,2.1e-05,5e-06,2.00061e-06,3.00061e-06,,4.00122e-06,0.257988,0.000143998,,,,
756.4,1.5e-05,2.1e-05,5e-06,3e-06,4e-06,,6e-06,0.275154,0.000141,,,,
756.5,1.6e-05,2e-05,6e-06,4e-06,5e-06,,7e-06,0.289674,0.000138,,,,
756.6,1.8e-05,1.9e-05,7e-06,5e-06,6e-06,,9e-06,0.302928,0.000135,,,,
756.7,1.9e-05,1.9e-05,9e-06,6e-06,7e-06,,9e-06,0.321112,0.000132,,,,
756.8,2.10012e-05,2.10018e-05,1.20012e-05,7e-06,9.00061e-06,,6.99878e-06,0.342116,0.000128998,,,,
756.9,2.3e-05,2.4e-05,1.4e-05,7e-06,1e-05,,5e-06,0.358909,0.000126,,,,
757.0,2.3e-05,2.7e-05,1.6e-05,7e-06,1.1e-05,,3e-06,0.379724,0.000123,,,,
757.1,2.3e-05,3e-05,1.7e-05,7e-06,1e-05,,1e-06,0.397996,0.000121,,,,
757.2,2.3e-05,3.3e-05,1.6e-05,7e-06,1e-05,,2e-06,0.413553,0.000118,,,,
757.3,2.3e-05,3.09976e-05,1.6e-05,6e-06,1e-05,,4.00061e-06,0.434212,0.000113998,,,,
757.4,2.3e-05,2.7e-05,1.6e-05,6e-06,1e-05,,5e-06,0.455278,0.00011,,,,
757.5,2.1e-05,2.2e-05,1.6e-05,5e-06,1e-05,,7e-06,0.474874,0.000107,,,,
757.6,1.9e-05,1.8e-05,1.6e-05,4e-06,1e-05,,9e-06,0.49843,0.000103,,,,
757.7,1.7e-05,1.4e-05,1.6e-05,3e-06,1e-05,,9e-06,0.522908,9.9e-05,,,,
757.8,1.59988e-05,1.50006e-05,1.6e-05,3.00061e-06,1e-05,,7.99939e-06,0.545049,9.4997e-05,,,,
757.9,1.4e-05,1.6e-05,1.6e-05,4e-06,1e-05,,7e-06,0.565194,9e-05,,,,
758.0,1.1e-05,1.8e-05,1.6e-05,4e-06,1e-05,,6e-06,0.588346,8.6e-05,,,,
758.1,9e-06,1.9e-05,1.7e-05,5e-06,1e-05,,5e-06,0.615714,8.2e-05,,,,
758.2,6e-06,2.1e-05,1.7e-05,5e-06,1e-05,,6e-06,0.635227,7.7e-05,,,,
758.3,3.99817e-06,2.1e-05,1.7e-05,5e-06,1e-05,,7.00061e-06,0.663973,7.50006e-05,,,,
758.4,1e-06,2.1e-05,1.7e-05,5e-06,1e-05,,8e-06,0.682595,7.6e-05,,,,
758.5,5e-06,2.1e-05,1.7e-05,5e-06,1e-05,,1e-05,0.703842,7.7e-05,,,,
758.6,9e-06,2.1e-05,1.6e-05,4e-06,9e-06,,1.1e-05,0.727594,7.9e-05,,,,
758.7,1.3e-05,2.1e-05,1.5e-05,4e-06,8e-06,,1.2e-05,0.743864,8e-05,,,,
758.8,1.80024e-05,1.89994e-05,1.29988e-05,4e-06,6.99939e-06,,1.1e-05,0.773399,7.99982e-05,,,,
758.9,2.2e-05,1.8e-05,1.1e-05,4e-06,6e-06,,1.1e-05,0.794318,7.7e-05,,,,
759.0,2.2e-05,1.6e-05,1e-05,4e-06,5e-06,,1.1e-05,0.810073,7.3e-05,,,,
759.1,2.2e-05,1.4e-05,9e-06,4e-06,5e-06,,1e-05,0.846288,6.9e-05,,,,
759.2,2.2e-05,1.3e-05,8e-06,4e-06,4e-06,,1e-05,0.865077,6.5e-05,,,,
759.3,2.2e-05,1.09982e-05,6.99939e-06,4.00061e-06,3.99939e-06,,1e-05,0.879485,6.3e-05,,,,
759.4,2.2e-05,8e-06,6e-06,5e-06,3e-06,,1e-05,0.888774,6.3e-05,,,,
759.5,2e-05,6e-06,5e-06,6e-06,4e-06,,1e-05,0.893828,6.4e-05,,,,
759.6,1.7e-05,4e-06,7e-06,6e-06,5e-06,,1e-05,0.915123,6.4e-05,,,,
759.7,1.4e-05,2e-06,1e-05,7e-06,7e-06,,1e-05,0.923539,6.4e-05,,,,
759.8,1.19982e-05,4.00244e-06,1.20018e-05,6.99878e-06,8.00122e-06,,1e-05,0.931243,6.2997e-05,,,,
759.9,9e-06,8e-06,1.5e-05,5e-06,1e-05,,1e-05,0.943525,5.8e-05,,,,
760.0,9e-06,1.2e-05,1.7e-05,4e-06,1e-05,,1e-05,0.942825,5.2e-05,,,,
760.1,9e-06,1.6e-05,1.7e-05,3e-06,1e-05,,1e-05,0.949719,4.7e-05,,,,
760.2,9e-06,1.9e-05,1.6e-05,1e-06,9e-06,,1e-05,0.951573,4.1e-05,,,,
760.3,9e-06,2e-05,1.59994e-05,2.00061e-06,8.99939e-06,,1e-05,0.954178,3.69994e-05,,,,
760.4,9e-06,2e-05,1.5e-05,3e-06,8e-06,,1e-05,0.964749,3.6e-05,,,,
760.5,1.2e-05,2e-05,1.4e-05,4e-06,8e-06,,1e-05,0.968159,3.5e-05,,,,
760.6,1.4e-05,2e-05,1.5e-05,6e-06,9e-06,,1e-05,0.979456,3.4e-05,,,,
760.7,1.6e-05,2e-05,1.5e-05,7e-06,9e-06,,1e-05,0.986805,3.2e-05,,,,
760.8,1.90012e-05,1.79988e-05,1.60006e-05,6.99939e-06,1e-05,,1e-05,0.976985,3.09982e-05,,,,
760.9,2.1e-05,1.6e-05,1.7e-05,6e-06,1e-05,,1e-05,0.977649,2.8e-05,,,,
761.0,1.9e-05,1.3e-05,1.8e-05,5e-06,9e-06,,1e-05,0.97862,2.5e-05,,,,
761.1,1.7e-05,1.1e-05,1.7e-05,3e-06,8e-06,,1e-05,0.974332,2.3e-05,,,,
761.2,1.5e-05,9e-06,1.4e-05,2e-06,7e-06,,9e-06,0.982279,2e-05,,,,
761.3,1.29988e-05,8e-06,1.19982e-05,2.00122e-06,4.99939e-06,,7.99878e-06,0.987183,1.8e-05,,,,
761.4,1.1e-05,8e-06,9e-06,4e-06,4e-06,,6e-06,0.978945,1.8e-05,,,,
761.5,9e-06,8e-06,7e-06,5e-06,3e-06,,5e-06,0.992408,1.9e-05,,,,
761.6,8e-06,8e-06,6e-06,6e-06,3e-06,,4e-06,0.995638,1.9e-05,,,,
761.7,7e-06,9e-06,5e-06,7e-06,3e-06,,4e-06,0.971632,2e-05,,,,
761.8,4.99939e-06,1.00012e-05,5e-06,7.99939e-06,2.99939e-06,,5.00122e-06,0.967496,1.99988e-05,,,,
761.9,4e-06,1.2e-05,5e-06,7e-06,2e-06,,7e-06,0.968565,1.8e-05,,,,
762.0,7e-06,1.5e-05,4e-06,7e-06,4e-06,,8e-06,0.975781,1.7e-05,,,,
762.1,1e-05,1.7e-05,7e-06,7e-06,6e-06,,1e-05,0.983492,1.5e-05,,,,
762.2,1.4e-05,1.9e-05,1.1e-05,7e-06,8e-06,,9e-06,0.979182,1.4e-05,,,,
762.3,1.70018e-05,1.79988e-05,1.50024e-05,6.99939e-06,1.00018e-05,,7.99878e-06,0.992667,1.19988e-05,,,,
762.4,2e-05,1.6e-05,1.9e-05,6e-06,1.3e-05,,6e-06,1.0,1e-05,,,,
762.5,2.1e-05,1.4e-05,2.2e-05,5e-06,1.2e-05,,5e-06,0.987624,7e-06,,,,
762.6,2.1e-05,1.2e-05,2.1e-05,4e-06,1e-05,,3e-06,0.978921,5e-06,,,,
762.7,2.1e-05,1e-05,1.7e-05,4e-06,8e-06,,3e-06,0.978293,3e-06,,,,
762.8,2.1e-05,7.99939e-06,1.39976e-05,4.00061e-06,5.99878e-06,,5.00122e-06,0.985892,2.00061e-06,,,,
762.9,2.1e-05,7e-06,1e-05,5e-06,4e-06,,7e-06,0.982163,3e-06,,,,
763.0,1.7e-05,6e-06,7e-06,5e-06,3e-06,,8e-06,0.979888,5e-06,,,,
763.1,1.3e-05,5e-06,6e-06,6e-06,4e-06,,1e-05,0.980686,7e-06,,,,
763.2,9e-06,4e-06,7e-06,7e-06,4e-06,,9e-06,0.98966,9e-06,,,,
763.3,4.99756e-06,6.00183e-06,7.00061e-06,7e-06,4.00061e-06,,6.99878e-06,0.98957,1.00006e-05,,,,
763.4,1e-06,9e-06,8e-06,7e-06,5e-06,,5e-06,0.975788,1.1e-05,,,,
763.5,3e-06,1.2e-05,8e-06,7e-06,4e-06,,4e-06,0.960381,1.2e-05,,,,
763.6,6e-06,1.6e-05,8e-06,7e-06,4e-06,,2e-06,0.968141,1.2e-05,,,,
763.7,8e-06,1.9e-05,6e-06,7e-06,3e-06,,2e-06,0.968472,1.3e-05,,,,
763.8,1.00018e-05,1.9e-05,4.99939e-06,6.99878e-06,2e-06,,3.00061e-06,0.963996,1.29994e-05,,,,
763.9,1.3e-05,1.9e-05,4e-06,5e-06,2e-06,,4e-06,0.979402,1.2e-05,,,,
764.0,1.1e-05,1.9e-05,3e-06,4e-06,3e-06,,5e-06,0.981774,1.1e-05,,,,
764.1,9e-06,1.9e-05,6e-06,3e-06,6e-06,,6e-06,0.974779,1e-05,,,,
764.2,7e-06,1.9e-05,1.1e-05,1e-06,8e-06,,7e-06,0.972396,8e-06,,,,
764.3,4.99878e-06,1.59982e-05,1.50031e-05,2.00061e-06,1.10018e-05,,8.00061e-06,0.966524,8.00061e-06,,,,
764.4,3e-06,1.3e-05,2e-05,3e-06,1.4e-05,,9e-06,0.967656,9e-06,,,,
764.5,6e-06,9e-06,2.5e-05,4e-06,1.4e-05,,9e-06,0.973203,1e-05,,,,
764.6,8e-06,6e-06,2.5e-05,5e-06,1.3e-05,,1e-05,0.97848,1.2e-05,,,,
764.7,1.1e-05,2e-06,2.4e-05,7e-06,1.3e-05,,9e-06,0.968287,1.3e-05,,,,
764.8,1.40018e-05,3.00122e-06,2.29994e-05,7e-06,1.19994e-05,,6.99939e-06,0.958825,1.4e-05,,,,
764.9,1.7e-05,5e-06,2.2e-05,7e-06,1.1e-05,,6e-06,0.957896,1.4e-05,,,,
765.0,1.6e-05,8e-06,2e-05,7e-06,1.1e-05,,4e-06,0.951529,1.4e-05,,,,
765.1,1.5e-05,1e-05,2e-05,7e-06,1.1e-05,,2e-06,0.943402,1.4e-05,,,,
765.2,1.3e-05,1.2e-05,1.9e-05,7e-06,1.1e-05,,3e-06,0.939838,1.4e-05,,,,
765.3,1.19994e-05,1.09988e-05,1.89994e-05,5.99939e-06,1e-05,,4.00122e-06,0.939415,1.4e-05,,,,
765.4,1.1e-05,9e-06,1.8e-05,5e-06,1e-05,,6e-06,0.940492,1.4e-05,,,,
765.5,1.2e-05,7e-06,1.8e-05,4e-06,9e-06,,8e-06,0.936263,1.4e-05,,,,
765.6,1.3e-05,5e-06,1.6e-05,2e-06,8e-06,,9e-06,0.940001,1.4e-05,,,,
765.7,1.3e-05,3e-06,1.4e-05,1e-06,7e-06,,9e-06,0.94021,1.4e-05,,,,
765.8,1.40006e-05,5.00183e-06,1.19988e-05,,5.99939e-06,,7.99878e-06,0.923709,1.4e-05,,,,
765.9,1.5e-05,8e-06,1e-05,,5e-06,,6e-06,0.902568,1.4e-05,,,,
766.0,1.3e-05,1.1e-05,8e-06,1e-06,5e-06,,4e-06,0.894563,1.4e-05,,,,
766.1,1e-05,1.4e-05,9e-06,1e-06,6e-06,,3e-06,0.891668,1.4e-05,,,,
766.2,8e-06,1.6e-05,1.1e-05,1e-06,7e-06,,3e-06,0.894036,1.4e-05,,,,
766.3,4.99878e-06,1.59994e-05,1.30012e-05,2.00061e-06,8.00061e-06,,5.00061e-06,0.89364,1.4e-05,,,,
766.4,3e-06,1.5e-05,1.5e-05,3e-06,9e-06,,6e-06,0.875536,1.4e-05,,,,
766.5,2e-06,1.3e-05,1.6e-05,4e-06,9e-06,,8e-06,0.859752,1.4e-05,,,,
766.6,2e-06,1.2e-05,1.5e-05,5e-06,8e-06,,9e-06,0.846199,1.4e-05,,,,
766.7,1e-06,1.1e-05,1.3e-05,6e-06,7e-06,,1e-05,0.843943,1.4e-05,,,,
766.8,9.9939e-07,1.20006e-05,1.09988e-05,5.99939e-06,4.99939e-06,,1e-05,0.854447,1.4e-05,,,,
766.9,,1.3e-05,9e-06,5e-06,4e-06,,1e-05,0.849949,1.4e-05,,,,
767.0,4e-06,1.3e-05,7e-06,4e-06,5e-06,,1e-05,0.817622,1.4e-05,,,,
767.1,7e-06,1.4e-05,9e-06,3e-06,7e-06,,1e-05,0.8137,1.4e-05,,,,
767.2,1.1e-05,1.5e-05,1.1e-05,3e-06,8e-06,,1e-05,0.804464,1.4e-05,,,,
767.3,1.40024e-05,1.39982e-05,1.40018e-05,2e-06,1.00006e-05,,1e-05,0.791089,1.4e-05,,,,
767.4,1.8e-05,1.1e-05,1.7e-05,2e-06,1.1e-05,,1e-05,0.776998,1.4e-05,,,,
767.5,1.5e-05,8e-06,2e-05,2e-06,1.2e-05,,1e-05,0.764583,1.4e-05,,,,
767.6,1.2e-05,6e-06,2e-05,2e-06,1.2e-05,,1e-05,0.754146,1.4e-05,,,,
767.7,8e-06,3e-06,2e-05,2e-06,1.2e-05,,9e-06,0.741976,1.4e-05,,,,
767.8,4.99817e-06,2e-06,2e-05,3.00061e-06,1.2e-05,,6.99878e-06,0.727181,1.4e-05,,,,
767.9,2e-06,2e-06,2e-05,4e-06,1.2e-05,,5e-06,0.717149,1.4e-05,,,,
768.0,6e-06,1e-06,2e-05,5e-06,1.2e-05,,3e-06,0.698677,1.4e-05,,,,
768.1,1e-05,1e-06,2e-05,5e-06,1.1e-05,,1e-06,0.678846,1.4e-05,,,,
768.2,1.5e-05,1e-06,1.9e-05,6e-06,1e-05,,2e-06,0.654233,1.4e-05,,,,
768.3,1.90024e-05,3.00244e-06,1.69994e-05,7e-06,9.99939e-06,,3.00122e-06,0.634457,1.4e-05,,,,
768.4,2.3e-05,7e-06,1.6e-05,7e-06,9e-06,,5e-06,0.61684,1.4e-05,,,,
768.5,2.3e-05,1.1e-05,1.5e-05,7e-06,8e-06,,7e-06,0.599044,1.4e-05,,,,
768.6,2.1e-05,1.5e-05,1.4e-05,7e-06,7e-06,,9e-06,0.584657,1.4e-05,,,,
768.7,2e-05,1.8e-05,1.2e-05,7e-06,7e-06,,9e-06,0.561759,1.4e-05,,,,
768.8,1.89994e-05,1.59982e-05,1.09988e-05,5.99939e-06,5.99939e-06,,7.99939e-06,0.541524,1.4e-05,,,,
768.9,1.8e-05,1.3e-05,9e-06,5e-06,5e-06,,7e-06,0.517705,1.4e-05,,,,
769.0,1.6e-05,9e-06,7e-06,4e-06,4e-06,,6e-06,0.491374,1.4e-05,,,,
769.1,1.5e-05,6e-06,6e-06,2e-06,4e-06,,5e-06,0.471971,1.4e-05,,,,
769.2,1.3e-05,2e-06,6e-06,1e-06,3e-06,,5e-06,0.44844,1.4e-05,,,,
769.3,1.19988e-05,5.00305e-06,4.99939e-06,1e-06,2e-06,,6.00061e-06,0.420411,1.4e-05,,,,
769.4,1e-05,1e-05,4e-06,1e-06,2e-06,,7e-06,0.399238,1.4e-05,,,,
769.5,1.1e-05,1.5e-05,3e-06,1e-06,3e-06,,8e-06,0.37842,1.4e-05,,,,
769.6,1.1e-05,1.9e-05,6e-06,2e-06,6e-06,,1e-05,0.352951,1.4e-05,,,,
769.7,1.1e-05,2.4e-05,1e-05,2e-06,8e-06,,9e-06,0.328233,1.4e-05,,,,
769.8,1.2e-05,2.39994e-05,1.40024e-05,3.00061e-06,1.10012e-05,,7.99939e-06,0.303146,1.4e-05,,,,
769.9,1.2e-05,2.3e-05,1.8e-05,4e-06,1.3e-05,,7e-06,0.279361,1.4e-05,,,,
770.0,1.3e-05,2.2e-05,2.2e-05,5e-06,1.3e-05,,6e-06,0.256859,1.4e-05,,,,
770.1,1.5e-05,2.1e-05,2.1e-05,5e-06,1.2e-05,,5e-06,0.236325,1.4e-05,,,,
770.2,1.6e-05,1.9e-05,1.9e-05,6e-06,1.1e-05,,5e-06,0.218379,1.4e-05,,,,
770.3,1.70006e-05,1.79988e-05,1.69988e-05,7e-06,9.99878e-06,,4e-06,0.196047,1.4e-05,,,,
770.4,1.8e-05,1.6e-05,1.5e-05,7e-06,8e-06,,4e-06,0.174716,1.4e-05,,,,
770.5,1.6e-05,1.4e-05,1.3e-05,7e-06,7e-06,,4e-06,0.158737,1.4e-05,,,,
770.6,1.5e-05,1.3e-05,1.1e-05,7e-06,6e-06,,3e-06,0.142987,1.4e-05,,,,
770.7,1.3e-05,1.1e-05,9e-06,7e-06,4e-06,,3e-06,0.129867,1.4e-05,,,,
770.8,1.09994e-05,1.10006e-05,5.99878e-06,7e-06,2.99878e-06,,2e-06,0.116567,1.4e-05,,,,
770.9,1e-05,1.2e-05,4e-06,7e-06,1e-06,,2e-06,0.102568,1.4e-05,,,,
771.0,9e-06,1.2e-05,2e-06,7e-06,2e-06,,1e-06,0.09229,1.4e-05,,,,
771.1,8e-06,1.3e-05,3e-06,7e-06,3e-06,,1e-06,0.083705,1.4e-05,,,,
771.2,7e-06,1.3e-05,5e-06,7e-06,5e-06,,2e-06,0.075442,1.4e-05,,,,
771.3,6.99939e-06,1.40006e-05,7.00122e-06,7e-06,6.00061e-06,,4.00122e-06,0.0670895,1.4e-05,,,,
771.4,6e-06,1.5e-05,9e-06,7e-06,7e-06,,6e-06,0.059693,1.4e-05,,,,
771.5,8e-06,1.7e-05,1.1e-05,7e-06,8e-06,,7e-06,0.053565,1.4e-05,,,,
771.6,1e-05,1.8e-05,1.2e-05,7e-06,9e-06,,9e-06,0.047799,1.4e-05,,,,
771.7,1.2e-05,1.9e-05,1.3e-05,7e-06,9e-06,,1e-05,0.042812,1.4e-05,,,,
771.8,1.40018e-05,1.79988e-05,1.4e-05,6e-06,1e-05,,1e-05,0.0392315,1.4e-05,,,,
771.9,1.7e-05,1.6e-05,1.4e-05,6e-06,1e-05,,1e-05,0.035108,1.4e-05,,,,
772.0,1.5e-05,1.4e-05,1.5e-05,5e-06,9e-06,,1e-05,0.031281,1.4e-05,,,,
772.1,1.4e-05,1.2e-05,1.3e-05,4e-06,7e-06,,1e-05,0.028418,1.4e-05,,,,
772.2,1.2e-05,1.1e-05,1e-05,3e-06,5e-06,,9e-06,0.025569,1.4e-05,,,,
772.3,1.09988e-05,9.99939e-06,6.99817e-06,3e-06,2.99878e-06,,7.99878e-06,0.0229956,1.4e-05,,,,
772.4,9e-06,9e-06,4e-06,3e-06,1e-06,,6e-06,0.020767,1.4e-05,,,,
772.5,7e-06,8e-06,2e-06,4e-06,1e-06,,5e-06,0.01843,1.4e-05,,,,
772.6,6e-06,7e-06,2e-06,4e-06,2e-06,,4e-06,0.016807,1.4e-05,,,,
772.7,4e-06,6e-06,2e-06,4e-06,2e-06,,4e-06,0.015474,1.4e-05,,,,
772.8,2.99878e-06,8.00122e-06,3.00061e-06,4e-06,3e-06,,5.00122e-06,0.0141652,1.4e-05,,,,
772.9,1e-06,1e-05,4e-06,4e-06,3e-06,,7e-06,0.012868,1.4e-05,,,,
773.0,1e-06,1.2e-05,5e-06,4e-06,4e-06,,8e-06,0.011555,1.4e-05,,,,
773.1,1e-06,1.5e-05,6e-06,3e-06,5e-06,,9e-06,0.010557,1.4e-05,,,,
773.2,1e-06,1.7e-05,7e-06,3e-06,6e-06,,1e-05,0.009753,1.4e-05,,,,
773.3,1e-06,1.59994e-05,8.00061e-06,3e-06,7e-06,,1e-05,0.00895155,1.4e-05,,,,
773.4,1e-06,1.5e-05,9e-06,3e-06,7e-06,,1e-05,0.008209,1.4e-05,,,,
773.5,3e-06,1.3e-05,1.1e-05,2e-06,8e-06,,1e-05,0.007446,1.4e-05,,,,
773.6,5e-06,1.1e-05,1.1e-05,2e-06,9e-06,,1e-05,0.006874,1.4e-05,,,,
773.7,7e-06,9e-06,1.2e-05,2e-06,9e-06,,1e-05,0.006503,1.4e-05,,,,
773.8,9.00122e-06,7.99878e-06,1.3e-05,2e-06,1e-05,,1e-05,0.00599168,1.4e-05,,,,
773.9,1.1e-05,6e-06,1.3e-05,2e-06,1e-05,,1e-05,0.005467,1.4e-05,,,,
774.0,1.2e-05,4e-06,1.4e-05,2e-06,9e-06,,1e-05,0.005061,1.4e-05,,,,
774.1,1.3e-05,3e-06,1.2e-05,2e-06,7e-06,,1e-05,0.004756,1.4e-05,,,,
774.2,1.4e-05,1e-06,1e-05,2e-06,6e-06,,9e-06,0.004378,1.4e-05,,,,
774.3,1.50006e-05,1e-06,7.99878e-06,2.00061e-06,3.99878e-06,,6.99939e-06,0.00391481,1.3e-05,,,,
774.4,1.6e-05,1e-06,6e-06,3e-06,2e-06,,6e-06,0.003601,1.3e-05,,,,
774.5,1.6e-05,1e-06,3e-06,4e-06,2e-06,,4e-06,0.003454,1.3e-05,,,,
774.6,1.6e-05,1e-06,3e-06,5e-06,3e-06,,3e-06,0.003242,1.3e-05,,,,
774.7,1.6e-05,1e-06,4e-06,7e-06,4e-06,,2e-06,0.002962,1.3e-05,,,,
774.8,1.6e-05,3.00122e-06,5.00061e-06,7e-06,5e-06,,2e-06,0.00275088,1.3e-05,,,,
774.9,1.6e-05,5e-06,6e-06,7e-06,5e-06,,2e-06,0.002549,1.3e-05,,,,
775.0,1.5e-05,6e-06,7e-06,7e-06,5e-06,,2e-06,0.002384,1.3e-05,,,,
775.1,1.3e-05,8e-06,7e-06,7e-06,4e-06,,2e-06,0.002252,1.3e-05,,,,
775.2,1.2e-05,1e-05,6e-06,7e-06,4e-06,,3e-06,0.002129,1.3e-05,,,,
775.3,1.09988e-05,1.20006e-05,4.99939e-06,7e-06,3e-06,,4.00122e-06,0.00200591,1.3e-05,,,,
775.4,9e-06,1.3e-05,4e-06,7e-06,3e-06,,6e-06,0.001852,1.3e-05,,,,
775.5,1.2e-05,1.3e-05,3e-06,6e-06,2e-06,,8e-06,0.001781,1.3e-05,,,,
775.6,1.4e-05,1.4e-05,3e-06,6e-06,2e-06,,9e-06,0.001693,1.3e-05,,,,
775.7,1.6e-05,1.5e-05,2e-06,5e-06,1e-06,,1e-05,0.001606,1.3e-05,,,,
775.8,1.90012e-05,1.59994e-05,1.99939e-06,5e-06,1e-06,,1e-05,0.00150694,1.3e-05,,,,
775.9,2.1e-05,1.5e-05,1e-06,5e-06,1e-06,,1e-05,0.001414,1.3e-05,,,,
776.0,2e-05,1.5e-05,1e-06,4e-06,2e-06,,1e-05,0.001364,1.3e-05,,,,
776.1,1.9e-05,1.5e-05,2e-06,4e-06,4e-06,,1e-05,0.001324,1.3e-05,,,,
776.2,1.7e-05,1.5e-05,5e-06,4e-06,6e-06,,1e-05,0.001234,1.3e-05,,,,
776.3,1.59988e-05,1.39994e-05,7.00183e-06,4.00061e-06,8.00122e-06,,1e-05,0.00116895,1.3e-05,,,,
776.4,1.4e-05,1.3e-05,1e-05,5e-06,1e-05,,1e-05,0.001095,1.3e-05,,,,
776.5,1.3e-05,1.1e-05,1.2e-05,6e-06,1e-05,,1e-05,0.001029,1.3e-05,,,,
776.6,1.3e-05,1e-05,1.3e-05,7e-06,1e-05,,1e-05,0.001012,1.3e-05,,,,
776.7,1.2e-05,9e-06,1.3e-05,7e-06,1e-05,,9e-06,0.00096,1.3e-05,,,,
776.8,1.1e-05,1.00012e-05,1.3e-05,8e-06,1e-05,,7.99939e-06,0.000884995,1.3e-05,,,,
776.9,1.1e-05,1.2e-05,1.3e-05,8e-06,1e-05,,7e-06,0.000877,1.3e-05,,,,
777.0,1.1e-05,1.4e-05,1.3e-05,8e-06,9e-06,,6e-06,0.000841,1.3e-05,,,,
777.1,1.1e-05,1.7e-05,1.1e-05,8e-06,8e-06,,5e-06,0.00077,1.3e-05,,,,
777.2,1.2e-05,1.9e-05,9e-06,8e-06,6e-06,,4e-06,0.000737,1.3e-05,,,,
777.3,1.20006e-05,1.79994e-05,6.99878e-06,6.99939e-06,3.99939e-06,,2.99939e-06,0.000699976,1.3e-05,,,,
777.4,1.3e-05,1.7e-05,5e-06,6e-06,3e-06,,2e-06,0.00066,1.3e-05,,,,
777.5,1.3e-05,1.5e-05,3e-06,4e-06,3e-06,,1e-06,0.000628,1.3e-05,,,,
777.6,1.3e-05,1.4e-05,3e-06,3e-06,3e-06,,1e-06,0.000588,1.3e-05,,,,
777.7,1.3e-05,1.2e-05,4e-06,1e-06,4e-06,,1e-06,0.00057,1.3e-05,,,,
777.8,1.3e-05,1.19994e-05,5.00061e-06,1.00122e-06,5e-06,,1e-06,0.000528969,1.3e-05,,,,
777.9,1.3e-05,1.1e-05,6e-06,3e-06,5e-06,,1e-06,0.000478,1.3e-05,,,,
778.0,1.3e-05,1e-05,6e-06,5e-06,6e-06,,2e-06,0.000463,1.3e-05,,,,
778.1,1.3e-05,1e-05,7e-06,6e-06,7e-06,,2e-06,0.000462,1.3e-05,,,,
778.2,1.4e-05,9e-06,9e-06,8e-06,8e-06,,3e-06,0.00044,1.3e-05,,,,
778.3,1.4e-05,9e-06,1.00006e-05,7.99939e-06,9.00061e-06,,5.00061e-06,0.000410984,1.3e-05,,,,
778.4,1.4e-05,9e-06,1.1e-05,7e-06,1e-05,,6e-06,0.000385,1.3e-05,,,,
778.5,1.9e-05,1e-05,1.2e-05,5e-06,9e-06,,8e-06,0.000365,1.3e-05,,,,
778.6,2.3e-05,1e-05,1.1e-05,4e-06,8e-06,,9e-06,0.000339,1.3e-05,,,,
778.7,2.8e-05,1e-05,9e-06,3e-06,6e-06,,1e-05,0.000313,1.3e-05,,,,
778.8,3.20031e-05,1e-05,6.99878e-06,3.00122e-06,4.99878e-06,,1e-05,0.000292991,1.3e-05,,,,
778.9,3.7e-05,1e-05,5e-06,5e-06,3e-06,,1e-05,0.000278,1.3e-05,,,,
779.0,3.2e-05,1e-05,4e-06,6e-06,2e-06,,1e-05,0.000266,1.3e-05,,,,
779.1,2.5e-05,1e-05,3e-06,7e-06,2e-06,,1e-05,0.000247,1.3e-05,,,,
779.2,1.9e-05,1e-05,2e-06,8e-06,2e-06,,1e-05,0.000229,1.3e-05,,,,
779.3,1.29963e-05,1.00006e-05,1.99939e-06,7.99878e-06,1e-06,,9e-06,0.000213989,1.3e-05,,,,
779.4,7e-06,1.1e-05,1e-06,6e-06,1e-06,,9e-06,0.000196,1.3e-05,,,,
779.5,8e-06,1.1e-05,1e-06,5e-06,2e-06,,8e-06,0.000178,1.3e-05,,,,
779.6,9e-06,1.1e-05,3e-06,3e-06,4e-06,,8e-06,0.000164,1.3e-05,,,,
779.7,1.1e-05,1.1e-05,5e-06,1e-06,6e-06,,7e-06,0.000151,1.3e-05,,,,
779.8,1.20006e-05,1.40018e-05,7.00122e-06,1.00061e-06,8.00122e-06,,5.99878e-06,0.000136995,1.3e-05,,,,
779.9,1.3e-05,1.7e-05,9e-06,2e-06,1e-05,,4e-06,0.000129,1.3e-05,,,,
780.0,1.7e-05,2.1e-05,1.1e-05,3e-06,1.1e-05,,3e-06,0.000124,1.3e-05,,,,
780.1,2.2e-05,2.4e-05,1.2e-05,5e-06,1.1e-05,,1e-06,0.00012,1.3e-05,,,,
780.2,2.6e-05,2.7e-05,1.2e-05,6e-06,1.1e-05,,2e-06,0.000115,1.3e-05,,,,
780.3,3.00024e-05,2.39976e-05,1.2e-05,5.99878e-06,1.1e-05,,4.00122e-06,0.000109995,1.3e-05,,,,
780.4,3.4e-05,2e-05,1.2e-05,4e-06,1.1e-05,,6e-06,0.000101,1.3e-05,,,,
780.5,3.2e-05,1.5e-05,1.2e-05,3e-06,9e-06,,7e-06,9e-05,1.3e-05,,,,
780.6,3e-05,1e-05,1.1e-05,2e-06,8e-06,,9e-06,7.9e-05,1.3e-05,,,,
780.7,2.8e-05,6e-06,8e-06,1e-06,6e-06,,9e-06,6.8e-05,1.3e-05,,,,
780.8,2.59982e-05,5.00061e-06,5.99878e-06,1e-06,3.99878e-06,,9e-06,5.59988e-05,1.3e-05,,,,
780.9,2.3e-05,6e-06,4e-06,1e-06,2e-06,,9e-06,5.4e-05,1.3e-05,,,,
781.0,2.2e-05,7e-06,2e-06,2e-06,3e-06,,8e-06,5.7e-05,1.3e-05,,,,
781.1,2.1e-05,8e-06,3e-06,2e-06,5e-06,,8e-06,5.9e-05,1.3e-05,,,,
781.2,2e-05,9e-06,5e-06,3e-06,7e-06,,7e-06,6.2e-05,1.3e-05,,,,
781.3,1.89994e-05,1.20018e-05,7.00122e-06,2.99939e-06,8.00122e-06,,6e-06,6.39994e-05,1.3e-05,,,,
781.4,1.8e-05,1.5e-05,9e-06,2e-06,1e-05,,6e-06,6.3e-05,1.3e-05,,,,
781.5,2e-05,1.7e-05,1.1e-05,2e-06,1.1e-05,,5e-06,6e-05,1.3e-05,,,,
781.6,2.3e-05,2e-05,1.2e-05,1e-06,1.1e-05,,4e-06,5.7e-05,1.3e-05,,,,
781.7,2.6e-05,2.3e-05,1.2e-05,1e-06,1.1e-05,,4e-06,5.4e-05,1.3e-05,,,,
781.8,2.80018e-05,2.19994e-05,1.2e-05,1.00122e-06,1.1e-05,,6.00061e-06,4.99976e-05,1.3e-05,,,,
781.9,3.1e-05,2.1e-05,1.2e-05,3e-06,1.1e-05,,7e-06,4.6e-05,1.3e-05,,,,
782.0,2.7e-05,1.9e-05,1.2e-05,4e-06,1e-05,,8e-06,4.1e-05,1.3e-05,,,,
782.1,2.2e-05,1.7e-05,1.1e-05,6e-06,9e-06,,9e-06,3.6e-05,1.3e-05,,,,
782.2,1.7e-05,1.6e-05,1e-05,7e-06,8e-06,,1e-05,3e-05,1.3e-05,,,,
782.3,1.29969e-05,1.49994e-05,7.99939e-06,7.99939e-06,6.99939e-06,,1e-05,2.49982e-05,1.3e-05,,,,
782.4,8e-06,1.4e-05,7e-06,7e-06,6e-06,,1e-05,2.2e-05,1.3e-05,,,,
782.5,1e-05,1.3e-05,6e-06,7e-06,5e-06,,1e-05,2e-05,1.3e-05,,,,
782.6,1.4e-05,1.2e-05,5e-06,7e-06,5e-06,,1e-05,1.8e-05,1.3e-05,,,,
782.7,1.7e-05,1.1e-05,5e-06,6e-06,4e-06,,9e-06,1.6e-05,1.3e-05,,,,
782.8,2.00018e-05,1.30006e-05,4.99939e-06,7.00061e-06,4e-06,,6.99878e-06,1.4e-05,1.3e-05,,,,
782.9,2.3e-05,1.4e-05,4e-06,8e-06,4e-06,,5e-06,1.4e-05,1.3e-05,,,,
783.0,2.4e-05,1.6e-05,4e-06,9e-06,5e-06,,4e-06,1.5e-05,1.3e-05,,,,
783.1,2.4e-05,1.8e-05,5e-06,1e-05,6e-06,,2e-06,1.6e-05,1.3e-05,,,,
783.2,2.4e-05,2e-05,6e-06,1.2e-05,7e-06,,2e-06,1.7e-05,1.3e-05,,,,
783.3,2.4e-05,1.69982e-05,8.00061e-06,1.09988e-05,9.00061e-06,,4.00122e-06,1.79994e-05,1.3e-05,,,,
783.4,2.4e-05,1.4e-05,9e-06,9e-06,1e-05,,6e-06,1.7e-05,1.3e-05,,,,
783.5,2e-05,1.1e-05,1.1e-05,7e-06,1.1e-05,,7e-06,1.5e-05,1.3e-05,,,,
783.6,1.7e-05,8e-06,1.1e-05,5e-06,1.1e-05,,9e-06,1.4e-05,1.3e-05,,,,
783.7,1.3e-05,5e-06,1.1e-05,2e-06,1.1e-05,,9e-06,1.2e-05,1.3e-05,,,,
783.8,8.99756e-06,6.00122e-06,1.1e-05,1e-06,1.1e-05,,6.99878e-06,1.09994e-05,1.3e-05,,,,
783.9,5e-06,8e-06,1.1e-05,1e-06,1.1e-05,,5e-06,1e-05,1.3e-05,,,,
784.0,5e-06,1e-05,1.1e-05,1e-06,1.1e-05,,3e-06,1e-05,1.3e-05,,,,
784.1,6e-06,1.2e-05,1.1e-05,1e-06,1.1e-05,,2e-06,1e-05,1.3e-05,,,,
784.2,6e-06,1.4e-05,1.1e-05,1e-06,1.1e-05,,2e-06,1e-05,1.3e-05,,,,
784.3,7.00061e-06,1.4e-05,1.1e-05,2.00061e-06,1.1e-05,,4.00122e-06,1e-05,1.3e-05,,,,
784.4,8e-06,1.4e-05,1.1e-05,3e-06,1.1e-05,,6e-06,1e-05,1.3e-05,,,,
784.5,1e-05,1.4e-05,1.1e-05,5e-06,1.1e-05,,7e-06,1e-05,1.3e-05,,,,
784.6,1.2e-05,1.4e-05,1.1e-05,6e-06,1.1e-05,,9e-06,1e-05,1.3e-05,,,,
784.7,1.3e-05,1.4e-05,1.1e-05,8e-06,1.1e-05,,9e-06,1e-05,1.3e-05,,,,
784.8,1.50012e-05,1.19988e-05,1.1e-05,7.99939e-06,1.1e-05,,6.99939e-06,1e-05,1.3e-05,,,,
784.9,1.7e-05,1e-05,1.1e-05,7e-06,1.1e-05,,6e-06,1e-05,1.3e-05,,,,
785.0,1.7e-05,8e-06,1.1e-05,6e-06,1e-05,,4e-06,1e-05,1.3e-05,,,,
785.1,1.7e-05,5e-06,1e-05,5e-06,7e-06,,3e-06,1e-05,1.3e-05,,,,
785.2,1.6e-05,3e-06,7e-06,4e-06,5e-06,,3e-06,1e-05,1.3e-05,,,,
785.3,1.6e-05,3e-06,4.99878e-06,4.00061e-06,2.99878e-06,,5.00061e-06,1e-05,1.3e-05,,,,
785.4,1.6e-05,3e-06,3e-06,5e-06,1e-06,,6e-06,1e-05,1.3e-05,,,,
785.5,1.4e-05,4e-06,1e-06,6e-06,1e-06,,8e-06,1e-05,1.3e-05,,,,
785.6,1.2e-05,4e-06,1e-06,7e-06,1e-06,,9e-06,1e-05,1.3e-05,,,,
785.7,1e-05,4e-06,1e-06,7e-06,1e-06,,1e-05,1e-05,1.3e-05,,,,
785.8,7.99878e-06,5.00061e-06,2e-06,7e-06,2e-06,6.10128e-10,1.10006e-05,1e-05,1.3e-05,,,,
785.9,6e-06,6e-06,2e-06,7e-06,2e-06,1e-06,1.2e-05,1e-05,1.3e-05,,,,
786.0,7e-06,7e-06,2e-06,6e-06,3e-06,1e-06,1.2e-05,1e-05,1.3e-05,,,,
786.1,7e-06,8e-06,3e-06,6e-06,4e-06,1e-06,1.3e-05,1e-05,1.3e-05,,,,
786.2,8e-06,9e-06,4e-06,5e-06,5e-06,1e-06,1.2e-05,1e-05,1.3e-05,,,,
786.3,8.00061e-06,9e-06,5.00061e-06,6.00122e-06,6.00061e-06,1e-06,1.19994e-05,1e-05,1.3e-05,,,,
786.4,9e-06,9e-06,6e-06,8e-06,7e-06,1e-06,1.1e-05,1e-05,1.3e-05,,,,
786.5,8e-06,9e-06,7e-06,1e-05,8e-06,1e-06,1e-05,1e-05,1.3e-05,,,,
786.6,8e-06,9e-06,8e-06,1.2e-05,9e-06,1e-06,9e-06,1e-05,1.3e-05,,,,
786.7,7e-06,8e-06,9e-06,1.4e-05,9e-06,,9e-06,1e-05,1.3e-05,,,,
786.8,5.99939e-06,7.99939e-06,1e-05,1.39994e-05,1.00006e-05,,9e-06,1e-05,1.3e-05,,,,
786.9,5e-06,7e-06,1e-05,1.3e-05,1.1e-05,,9e-06,1e-05,1.3e-05,,,,
787.0,6e-06,5e-06,1.1e-05,1.1e-05,1e-05,,9e-06,1e-05,1.3e-05,,,,
787.1,6e-06,4e-06,1e-05,9e-06,8e-06,,1e-05,1e-05,1.3e-05,,,,
787.2,6e-06,3e-06,8e-06,8e-06,7e-06,,9e-06,1e-05,1.3e-05,,,,
787.3,7e-06,3.00061e-06,6.99878e-06,5.99939e-06,4.99878e-06,,7.99939e-06,1e-05,1.3e-05,,,,
787.4,7e-06,4e-06,5e-06,5e-06,3e-06,,7e-06,1e-05,1.3e-05,,,,
787.5,6e-06,4e-06,3e-06,4e-06,3e-06,,5e-06,1e-05,1.3e-05,,,,
787.6,5e-06,4e-06,3e-06,3e-06,2e-06,,4e-06,1e-05,1.3e-05,,,,
787.7,5e-06,5e-06,2e-06,2e-06,2e-06,,4e-06,1e-05,1.3e-05,,,,
787.8,3.99939e-06,4e-06,2e-06,2e-06,1.99939e-06,,3e-06,1e-05,1.3e-05,,,,
787.9,3e-06,4e-06,2e-06,2e-06,1e-06,,3e-06,1e-05,1.3e-05,,,,
788.0,4e-06,4e-06,1e-06,2e-06,3e-06,,3e-06,1e-05,1.3e-05,,,,
788.1,4e-06,3e-06,3e-06,2e-06,5e-06,,2e-06,1e-05,1.3e-05,,,,
788.2,5e-06,3e-06,5e-06,2e-06,7e-06,1e-06,2e-06,1e-05,1.3e-05,,,,
788.3,6.00061e-06,3e-06,7.00122e-06,3e-06,9.00122e-06,1e-06,2e-06,1e-05,1.3e-05,,,,
788.4,7e-06,3e-06,9e-06,3e-06,1.1e-05,1e-06,2e-06,1e-05,1.3e-05,,,,
788.5,8e-06,3e-06,1.1e-05,4e-06,1.1e-05,1e-06,2e-06,1e-05,1.3e-05,,,,
788.6,9e-06,3e-06,1.1e-05,5e-06,1.1e-05,2e-06,3e-06,1e-05,1.3e-05,,,,
788.7,1e-05,3e-06,1.1e-05,5e-06,1.2e-05,2e-06,3e-06,1e-05,1.3e-05,,,,
788.8,1.10006e-05,3e-06,1.1e-05,7.00122e-06,1.2e-05,2e-06,2e-06,1e-05,1.3e-05,,,,
788.9,1.2e-05,3e-06,1.1e-05,9e-06,1.2e-05,2e-06,2e-06,1e-05,1.3e-05,,,,
789.0,1e-05,2e-06,1.1e-05,1.1e-05,1.1e-05,2e-06,2e-06,1e-05,1.3e-05,,,,
789.1,7e-06,2e-06,1.1e-05,1.3e-05,1.1e-05,2e-06,2e-06,1e-05,1.3e-05,,,,
789.2,5e-06,2e-06,1e-05,1.5e-05,1e-05,2e-06,3e-06,1e-05,1.3e-05,,,,
789.3,2.99878e-06,2e-06,9.99939e-06,1.6e-05,9e-06,2e-06,5.00061e-06,1e-05,1.3e-05,,,,
789.4,1e-06,2e-06,9e-06,1.6e-05,9e-06,2e-06,6e-06,1e-05,1.3e-05,,,,
789.5,4e-06,3e-06,8e-06,1.6e-05,9e-06,2e-06,8e-06,1e-05,1.3e-05,,,,
789.6,7e-06,3e-06,9e-06,1.6e-05,9e-06,2e-06,9e-06,1e-05,1.3e-05,,,,
789.7,1e-05,3e-06,9e-06,1.6e-05,1e-05,3e-06,1e-05,1e-05,1.3e-05,,,,
789.8,1.40018e-05,4e-06,1.00006e-05,1.6e-05,1.1e-05,3e-06,1e-05,1e-05,1.3e-05,,,,
789.9,1.7e-05,4e-06,1.1e-05,1.6e-05,1.1e-05,3e-06,1e-05,1e-05,1.3e-05,,,,
790.0,1.4e-05,5e-06,1.1e-05,1.6e-05,1.1e-05,3e-06,1e-05,1e-05,1.3e-05,,,,
790.1,1.1e-05,5e-06,1.1e-05,1.6e-05,1.1e-05,3e-06,1e-05,1e-05,1.3e-05,,,,
790.2,7e-06,6e-06,1.1e-05,1.6e-05,1.1e-05,3e-06,1e-05,1e-05,1.3e-05,,,,
790.3,3.99756e-06,4.99939e-06,1.1e-05,1.6e-05,1.1e-05,3e-06,1e-05,1e-05,1.3e-05,,,,
790.4,,4e-06,1.1e-05,1.6e-05,1.1e-05,3e-06,1e-05,1e-05,1.3e-05,,,,
790.5,1e-06,3e-06,1.1e-05,1.6e-05,1.1e-05,3e-06,1e-05,1e-05,1.3e-05,,,,
790.6,3e-06,2e-06,1e-05,1.6e-05,9e-06,3e-06,1e-05,1e-05,1.3e-05,,,,
790.7,4e-06,,9e-06,1.6e-05,8e-06,4e-06,9e-06,1e-05,1.3e-05,,,,
790.8,6.00061e-06,2.00061e-06,7.99939e-06,1.6e-05,6.99878e-06,4e-06,6.99878e-06,1e-05,1.3e-05,,,,
790.9,7e-06,3e-06,7e-06,1.6e-05,5e-06,4e-06,5e-06,1e-05,1.3e-05,,,,
791.0,6e-06,5e-06,5e-06,1.6e-05,5e-06,4e-06,3e-06,1e-05,1.3e-05,,,,
791.1,5e-06,6e-06,5e-06,1.6e-05,5e-06,4e-06,2e-06,1e-05,1.3e-05,,,,
791.2,4e-06,8e-06,5e-06,1.6e-05,4e-06,4e-06,1e-06,1e-05,1.3e-05,,,,
791.3,2.99939e-06,6.99878e-06,4e-06,1.6e-05,4e-06,5e-06,2e-06,1e-05,1.3e-05,,,,
791.4,2e-06,5e-06,4e-06,1.6e-05,4e-06,5e-06,2e-06,1e-05,1.3e-05,,,,
791.5,2e-06,4e-06,4e-06,1.6e-05,3e-06,5e-06,2e-06,1e-05,1.3e-05,,,,
791.6,2e-06,2e-06,3e-06,1.6e-05,3e-06,5e-06,3e-06,1e-05,1.3e-05,,,,
791.7,1e-06,,3e-06,1.6e-05,2e-06,5e-06,4e-06,1e-05,1.3e-05,,,,
791.8,9.9939e-07,1e-06,1.99939e-06,1.5e-05,1.99939e-06,4e-06,5.00061e-06,1e-05,1.3e-05,,,,
791.9,,1e-06,1e-06,1.5e-05,1e-06,4e-06,6e-06,1e-05,1.3e-05,,,,
792.0,4e-06,2e-06,1e-06,1.5e-05,1e-06,3e-06,8e-06,1e-05,1.3e-05,,,,
792.1,7e-06,3e-06,1e-06,1.5e-05,2e-06,2e-06,9e-06,1e-05,1.3e-05,,,,
792.2,1.1e-05,3e-06,2e-06,1.5e-05,3e-06,2e-06,1e-05,1e-05,1.3e-05,,,,
792.3,1.50018e-05,3e-06,3.00061e-06,1.39988e-05,4.00061e-06,2e-06,1e-05,1e-05,1.3e-05,,,,
792.4,1.8e-05,3e-06,4e-06,1.2e-05,5e-06,2e-06,1e-05,1e-05,1.3e-05,,,,
792.5,1.9e-05,2e-06,5e-06,1e-05,5e-06,1e-06,1e-05,1e-05,1.3e-05,,,,
792.6,1.9e-05,2e-06,5e-06,8e-06,4e-06,1e-06,1e-05,1e-05,1.3e-05,,,,
792.7,1.9e-05,1e-06,4e-06,6e-06,3e-06,2e-06,1e-05,1e-05,1.3e-05,,,,
792.8,1.9e-05,1e-06,2.99939e-06,4e-06,1.99939e-06,3.00061e-06,1e-05,1e-05,1.3e-05,,,,
792.9,1.9e-05,1e-06,2e-06,4e-06,1e-06,4e-06,1e-05,1e-05,1.3e-05,,,,
793.0,2e-05,1e-06,1e-06,4e-06,3e-06,6e-06,1e-05,1e-05,1.3e-05,,,,
793.1,2.1e-05,,3e-06,3e-06,6e-06,7e-06,1e-05,1e-05,1.3e-05,,,,
793.2,2.2e-05,,6e-06,3e-06,9e-06,8e-06,9e-06,1e-05,1.3e-05,,,,
793.3,2.30006e-05,2.00061e-06,9.00183e-06,4.00122e-06,1.20018e-05,8e-06,6.99939e-06,1e-05,1.3e-05,,,,
793.4,2.4e-05,3e-06,1.2e-05,6e-06,1.5e-05,8e-06,6e-06,1e-05,1.3e-05,,,,
793.5,2.2e-05,5e-06,1.5e-05,9e-06,1.6e-05,9e-06,5e-06,1e-05,1.3e-05,,,,
793.6,2e-05,7e-06,1.6e-05,1.1e-05,1.5e-05,9e-06,4e-06,1e-05,1.3e-05,,,,
793.7,1.8e-05,8e-06,1.5e-05,1.3e-05,1.4e-05,9e-06,3e-06,1e-05,1.3e-05,,,,
793.8,1.59988e-05,9e-06,1.39994e-05,1.4e-05,1.29994e-05,9e-06,3e-06,1e-05,1.3e-05,,,,
793.9,1.4e-05,9e-06,1.3e-05,1.4e-05,1.2e-05,9e-06,3e-06,1e-05,1.3e-05,,,,
794.0,1.5e-05,9e-06,1.2e-05,1.4e-05,1.2e-05,9e-06,3e-06,1e-05,1.3e-05,,,,
794.1,1.6e-05,9e-06,1.2e-05,1.4e-05,1.3e-05,9e-06,3e-06,1e-05,1.3e-05,,,,
794.2,1.7e-05,9e-06,1.3e-05,1.4e-05,1.4e-05,9e-06,3e-06,1e-05,1.3e-05,,,,
794.3,1.80006e-05,9.00061e-06,1.40006e-05,1.39994e-05,1.50006e-05,8.99939e-06,2e-06,1e-05,1.3e-05,,,,
794.4,1.9e-05,1e-05,1.5e-05,1.3e-05,1.6e-05,8e-06,2e-06,1e-05,1.3e-05,,,,
794.5,1.6e-05,1e-05,1.6e-05,1.3e-05,1.6e-05,7e-06,1e-06,1e-05,1.3e-05,,,,
794.6,1.3e-05,1.1e-05,1.6e-05,1.3e-05,1.5e-05,6e-06,,1e-05,1.3e-05,,,,
794.7,1e-05,1.1e-05,1.5e-05,1.3e-05,1.4e-05,6e-06,1e-06,1e-05,1.3e-05,,,,
794.8,6.99756e-06,9.99939e-06,1.39994e-05,1.29988e-05,1.29994e-05,6e-06,3.00122e-06,1e-05,1.3e-05,,,,
794.9,3e-06,9e-06,1.3e-05,1.1e-05,1.2e-05,6e-06,5e-06,1e-05,1.3e-05,,,,
795.0,4e-06,8e-06,1.2e-05,1e-05,1.2e-05,7e-06,7e-06,1e-05,1.3e-05,,,,
795.1,4e-06,8e-06,1.2e-05,9e-06,1.2e-05,7e-06,9e-06,1e-05,1.3e-05,,,,
795.2,5e-06,7e-06,1.2e-05,8e-06,1.2e-05,6e-06,1e-05,1e-05,1.3e-05,,,,
795.3,6e-06,7e-06,1.2e-05,8e-06,1.2e-05,4.99939e-06,1e-05,1e-05,1.3e-05,,,,
795.4,6e-06,7e-06,1.2e-05,8e-06,1.2e-05,4e-06,1e-05,1e-05,1.3e-05,,,,
795.5,9e-06,8e-06,1.2e-05,8e-06,1.2e-05,3e-06,1e-05,1e-05,1.3e-05,,,,
795.6,1.2e-05,9e-06,1.2e-05,8e-06,1.2e-05,1e-06,1e-05,1e-05,1.3e-05,,,,
795.7,1.5e-05,9e-06,1.2e-05,8e-06,1.3e-05,1e-06,8e-06,1e-05,1.3e-05,,,,
795.8,1.70018e-05,7.99878e-06,1.3e-05,6.99939e-06,1.30006e-05,2.00061e-06,6.99878e-06,1e-05,1.3e-05,,,,
795.9,2e-05,6e-06,1.3e-05,6e-06,1.4e-05,3e-06,5e-06,1e-05,1.3e-05,,,,
796.0,1.7e-05,5e-06,1.4e-05,4e-06,1.3e-05,5e-06,3e-06,1e-05,1.3e-05,,,,
796.1,1.4e-05,3e-06,1.3e-05,3e-06,1.1e-05,6e-06,1e-06,1e-05,1.3e-05,,,,
796.2,1e-05,2e-06,1.2e-05,1e-06,1e-05,7e-06,1e-06,1e-05,1.3e-05,,,,
796.3,6.99756e-06,2e-06,9.99939e-06,1.00122e-06,8.99878e-06,8e-06,1e-06,1e-05,1.3e-05,,,,
796.4,3e-06,2e-06,9e-06,3e-06,7e-06,8e-06,1e-06,1e-05,1.3e-05,,,,
796.5,6e-06,2e-06,8e-06,4e-06,8e-06,9e-06,1e-06,1e-05,1.3e-05,,,,
796.6,1e-05,3e-06,8e-06,6e-06,9e-06,9e-06,1e-06,1e-05,1.3e-05,,,,
796.7,1.3e-05,3e-06,9e-06,7e-06,1e-05,1e-05,2e-06,1e-05,1.3e-05,,,,
796.8,1.70024e-05,4.00061e-06,1.00006e-05,8.00061e-06,1.00006e-05,9e-06,4.00122e-06,1e-05,1.3e-05,,,,
796.9,2.1e-05,5e-06,1.1e-05,9e-06,1.1e-05,9e-06,6e-06,1e-05,1.3e-05,,,,
797.0,2.1e-05,7e-06,1.2e-05,1e-05,1.1e-05,9e-06,7e-06,1e-05,1.3e-05,,,,
797.1,2.1e-05,8e-06,1.1e-05,1e-05,1e-05,9e-06,9e-06,1e-05,1.3e-05,,,,
797.2,2.1e-05,9e-06,1e-05,1.1e-05,9e-06,9e-06,9e-06,1e-05,1.3e-05,,,,
797.3,2.1e-05,7.99939e-06,8.99939e-06,1.1e-05,7.99939e-06,6.99878e-06,7.99878e-06,1e-05,1.29994e-05,,,,
797.4,2.1e-05,7e-06,8e-06,1.1e-05,7e-06,5e-06,6e-06,1e-05,1.2e-05,,,,
797.5,2.2e-05,5e-06,7e-06,1.1e-05,6e-06,4e-06,5e-06,1e-05,1e-05,,,,
797.6,2.2e-05,3e-06,6e-06,1.1e-05,6e-06,2e-06,4e-06,1e-05,9e-06,,,,
797.7,2.3e-05,2e-06,6e-06,1.1e-05,6e-06,2e-06,4e-06,1e-05,8e-06,,,,
797.8,2.3e-05,3.00122e-06,6e-06,9.99878e-06,6e-06,3.00061e-06,5.00122e-06,1e-05,8.00061e-06,,,,
797.9,2.3e-05,5e-06,6e-06,8e-06,6e-06,4e-06,7e-06,1e-05,9e-06,,,,
798.0,2.3e-05,6e-06,6e-06,6e-06,6e-06,6e-06,8e-06,1e-05,1e-05,,,,
798.1,2.3e-05,8e-06,7e-06,4e-06,8e-06,7e-06,9e-06,1e-05,1.1e-05,,,,
798.2,2.2e-05,1e-05,8e-06,2e-06,9e-06,8e-06,9e-06,1e-05,1.2e-05,,,,
798.3,2.2e-05,1e-05,1.00006e-05,2.00122e-06,1.00012e-05,6.99878e-06,8e-06,1e-05,1.3e-05,,,,
798.4,2.2e-05,1e-05,1.1e-05,4e-06,1.2e-05,5e-06,8e-06,1e-05,1.3e-05,,,,
798.5,2.2e-05,1e-05,1.3e-05,6e-06,1.1e-05,4e-06,7e-06,1e-05,1.3e-05,,,,
798.6,2.2e-05,1e-05,1.2e-05,8e-06,1e-05,3e-06,6e-06,1e-05,1.3e-05,,,,
798.7,2.2e-05,1e-05,1.1e-05,9e-06,9e-06,3e-06,6e-06,1e-05,1.3e-05,,,,
798.8,2.2e-05,1.1e-05,8.99939e-06,8.99939e-06,7.99878e-06,4.00061e-06,7e-06,1e-05,1.3e-05,,,,
798.9,2.2e-05,1.1e-05,8e-06,8e-06,6e-06,5e-06,7e-06,1e-05,1.3e-05,,,,
799.0,1.8e-05,1.1e-05,7e-06,7e-06,5e-06,6e-06,8e-06,1e-05,1.3e-05,,,,
799.1,1.4e-05,1.2e-05,6e-06,5e-06,4e-06,7e-06,8e-06,1e-05,1.3e-05,,,,
799.2,1e-05,1.2e-05,5e-06,4e-06,4e-06,7e-06,8e-06,1e-05,1.3e-05,,,,
799.3,5.99756e-06,1.2e-05,3.99939e-06,4.00061e-06,2.99939e-06,7e-06,6.99939e-06,1e-05,1.3e-05,,,,
799.4,2e-06,1.2e-05,3e-06,5e-06,2e-06,7e-06,6e-06,1e-05,1.3e-05,,,,
799.5,3e-06,1.1e-05,2e-06,6e-06,3e-06,7e-06,6e-06,1e-05,1.3e-05,,,,
799.6,5e-06,1.1e-05,3e-06,8e-06,4e-06,7e-06,5e-06,1e-05,1.3e-05,,,,
799.7,6e-06,1.1e-05,5e-06,9e-06,6e-06,7e-06,5e-06,1e-05,1.3e-05,,,,
799.8,8.00122e-06,1.1e-05,7.00061e-06,1e-05,8.00122e-06,6e-06,5e-06,1e-05,1.3e-05,,,,
799.9,1e-05,1.1e-05,8e-06,1e-05,1e-05,6e-06,5e-06,1e-05,1.3e-05,,,,
800.0,1.3e-05,1.1e-05,1e-05,1e-05,1e-05,5e-06,5e-06,1e-05,1.3e-05,,,,
800.1,1.7e-05,1.1e-05,1e-05,9e-06,9e-06,5e-06,5e-06,1e-05,1.3e-05,,,,
800.2,2.1e-05,1.2e-05,9e-06,9e-06,8e-06,4e-06,6e-06,1e-05,1.3e-05,,,,
800.3,2.50024e-05,9.99878e-06,8.99939e-06,8.99939e-06,6.99939e-06,5e-06,8.00061e-06,1e-05,1.29994e-05,,,,
800.4,2.9e-05,8e-06,8e-06,8e-06,6e-06,5e-06,9e-06,1e-05,1.2e-05,,,,
800.5,2.8e-05,6e-06,7e-06,8e-06,7e-06,6e-06,1.1e-05,1e-05,1.1e-05,,,,
800.6,2.6e-05,4e-06,7e-06,7e-06,8e-06,6e-06,1.2e-05,1e-05,1e-05,,,,
800.7,2.5e-05,2e-06,8e-06,6e-06,8e-06,6e-06,1.2e-05,1e-05,9e-06,,,,
800.8,2.29988e-05,2.00061e-06,9.00061e-06,6.00061e-06,9.00061e-06,6e-06,9.99878e-06,1e-05,9.00061e-06,,,,
800.9,2.1e-05,3e-06,1e-05,7e-06,1e-05,6e-06,8e-06,1e-05,1e-05,,,,
801.0,1.8e-05,3e-06,1.1e-05,7e-06,1.1e-05,6e-06,6e-06,1e-05,1e-05,,,,
801.1,1.4e-05,4e-06,1.2e-05,8e-06,1.3e-05,6e-06,4e-06,1e-05,1.1e-05,,,,
801.2,1e-05,5e-06,1.4e-05,9e-06,1.5e-05,6e-06,5e-06,1e-05,1.2e-05,,,,
801.3,6.99756e-06,7.00122e-06,1.70012e-05,9e-06,1.70012e-05,5.99939e-06,7.00122e-06,1e-05,1.3e-05,,,,
801.4,3e-06,9e-06,1.9e-05,9e-06,1.9e-05,5e-06,9e-06,1e-05,1.3e-05,,,,
801.5,8e-06,1.1e-05,2.1e-05,9e-06,1.9e-05,5e-06,1.1e-05,1e-05,1.3e-05,,,,
801.6,1.4e-05,1.3e-05,2.1e-05,9e-06,1.9e-05,4e-06,1.3e-05,1e-05,1.3e-05,,,,
801.7,2e-05,1.6e-05,2e-05,9e-06,1.8e-05,4e-06,1.3e-05,1e-05,1.3e-05,,,,
801.8,2.60031e-05,1.5e-05,1.99994e-05,8.99939e-06,1.7e-05,5.00061e-06,1.19988e-05,1e-05,1.19988e-05,,,,
801.9,3.1e-05,1.5e-05,1.9e-05,8e-06,1.7e-05,6e-06,1e-05,1e-05,1e-05,,,,
802.0,3e-05,1.4e-05,1.9e-05,7e-06,1.6e-05,7e-06,9e-06,1e-05,8e-06,,,,
802.1,2.9e-05,1.3e-05,1.8e-05,6e-06,1.5e-05,8e-06,8e-06,1e-05,6e-06,,,,
802.2,2.7e-05,1.2e-05,1.7e-05,6e-06,1.4e-05,8e-06,7e-06,1e-05,4e-06,,,,
802.3,2.59988e-05,9.99878e-06,1.59994e-05,6.00061e-06,1.3e-05,5.99939e-06,6.99939e-06,1e-05,3e-06,,,,
802.4,2.4e-05,8e-06,1.5e-05,7e-06,1.3e-05,5e-06,6e-06,1e-05,3e-06,,,,
802.5,2.4e-05,6e-06,1.4e-05,9e-06,1.2e-05,4e-06,6e-06,1e-05,4e-06,,,,
802.6,2.4e-05,4e-06,1.4e-05,1e-05,1.3e-05,2e-06,5e-06,1e-05,5e-06,,,,
802.7,2.4e-05,2e-06,1.4e-05,1.1e-05,1.3e-05,2e-06,6e-06,1e-05,6e-06,,,,
802.8,2.4e-05,4.00244e-06,1.40006e-05,1.09988e-05,1.3e-05,3.00061e-06,6e-06,1e-05,6.00122e-06,,,,
802.9,2.4e-05,8e-06,1.5e-05,9e-06,1.3e-05,4e-06,6e-06,1e-05,8e-06,,,,
803.0,2e-05,1.1e-05,1.5e-05,7e-06,1.3e-05,4e-06,7e-06,1e-05,9e-06,,,,
803.1,1.6e-05,1.4e-05,1.5e-05,5e-06,1.3e-05,5e-06,7e-06,1e-05,1e-05,,,,
803.2,1.2e-05,1.8e-05,1.4e-05,3e-06,1.2e-05,5e-06,7e-06,1e-05,1.2e-05,,,,
803.3,7.99756e-06,1.79994e-05,1.39994e-05,3.00061e-06,1.2e-05,3.99939e-06,7e-06,1e-05,1.29994e-05,,,,
803.4,4e-06,1.7e-05,1.3e-05,4e-06,1.2e-05,3e-06,7e-06,1e-05,1.2e-05,,,,
803.5,5e-06,1.6e-05,1.3e-05,5e-06,1.2e-05,2e-06,7e-06,1e-05,1.2e-05,,,,
803.6,6e-06,1.5e-05,1.3e-05,7e-06,1.2e-05,1e-06,7e-06,1e-05,1.2e-05,,,,
803.7,7e-06,1.4e-05,1.3e-05,8e-06,1.2e-05,,7e-06,1e-05,1.2e-05,,,,
803.8,8.00122e-06,1.4e-05,1.3e-05,6.99939e-06,1.19994e-05,1.00061e-06,8e-06,1e-05,1.09994e-05,,,,
803.9,1e-05,1.4e-05,1.3e-05,6e-06,1.1e-05,2e-06,8e-06,1e-05,1e-05,,,,
804.0,1.3e-05,1.4e-05,1.3e-05,4e-06,1.1e-05,2e-06,9e-06,1e-05,8e-06,,,,
804.1,1.7e-05,1.4e-05,1.3e-05,3e-06,1.1e-05,3e-06,9e-06,1e-05,7e-06,,,,
804.2,2e-05,1.5e-05,1.3e-05,1e-06,1.1e-05,3e-06,9e-06,1e-05,6e-06,,,,
804.3,2.40018e-05,1.29982e-05,1.3e-05,1.00061e-06,1.1e-05,3e-06,8.99939e-06,1e-05,6.00183e-06,,,,
804.4,2.7e-05,1e-05,1.3e-05,2e-06,1.1e-05,3e-06,8e-06,1e-05,9e-06,,,,
804.5,2.6e-05,8e-06,1.3e-05,3e-06,1.1e-05,2e-06,8e-06,1e-05,1.2e-05,,,,
804.6,2.5e-05,5e-06,1.3e-05,4e-06,1.1e-05,2e-06,7e-06,1e-05,1.5e-05,,,,
804.7,2.3e-05,3e-06,1.3e-05,5e-06,1.1e-05,2e-06,7e-06,1e-05,1.8e-05,,,,
804.8,2.19994e-05,3.00061e-06,1.2e-05,4.99939e-06,1e-05,3.00061e-06,8e-06,1e-05,2.1e-05,,,,
804.9,2.1e-05,4e-06,1.2e-05,4e-06,1e-05,4e-06,8e-06,1e-05,2.1e-05,,,,
805.0,2.5e-05,4e-06,1.1e-05,4e-06,9e-06,4e-06,9e-06,1e-05,2.1e-05,,,,
805.1,2.9e-05,5e-06,1e-05,3e-06,7e-06,5e-06,9e-06,1e-05,2.1e-05,,,,
805.2,3.4e-05,6e-06,9e-06,2e-06,6e-06,6e-06,9e-06,1e-05,2.1e-05,,,,
805.3,3.80024e-05,8.00122e-06,6.99878e-06,3.00061e-06,4.99878e-06,6e-06,9e-06,1e-05,2.09976e-05,,,,
805.4,4.2e-05,1e-05,5e-06,4e-06,3e-06,6e-06,9e-06,1e-05,1.7e-05,,,,
805.5,3.8e-05,1.2e-05,4e-06,5e-06,4e-06,6e-06,9e-06,1e-05,1.4e-05,,,,
805.6,3.3e-05,1.5e-05,4e-06,6e-06,5e-06,6e-06,9e-06,1e-05,1.1e-05,,,,
805.7,2.8e-05,1.7e-05,6e-06,8e-06,6e-06,6e-06,9e-06,1e-05,8e-06,,,,
805.8,2.29963e-05,1.69994e-05,7.00061e-06,8e-06,7.00061e-06,6e-06,8.99939e-06,1e-05,6.00183e-06,,,,
805.9,1.7e-05,1.6e-05,8e-06,8e-06,8e-06,6e-06,8e-06,1e-05,9e-06,,,,
806.0,1.4e-05,1.5e-05,1e-05,8e-06,9e-06,6e-06,8e-06,1e-05,1.1e-05,,,,
806.1,1.1e-05,1.4e-05,1.1e-05,8e-06,1e-05,6e-06,7e-06,1e-05,1.3e-05,,,,
806.2,8e-06,1.3e-05,1.1e-05,8e-06,1e-05,6e-06,7e-06,1e-05,1.6e-05,,,,
806.3,4.99817e-06,1.60018e-05,1.2e-05,8e-06,1.1e-05,6e-06,5.99939e-06,1e-05,1.7e-05,,,,
806.4,2e-06,1.9e-05,1.2e-05,8e-06,1.1e-05,6e-06,5e-06,1e-05,1.7e-05,,,,
806.5,6e-06,2.1e-05,1.3e-05,8e-06,1.1e-05,6e-06,4e-06,1e-05,1.8e-05,,,,
806.6,1e-05,2.4e-05,1.2e-05,8e-06,1e-05,6e-06,3e-06,1e-05,1.8e-05,,,,
806.7,1.5e-05,2.7e-05,1.1e-05,8e-06,9e-06,6e-06,4e-06,1e-05,1.8e-05,,,,
806.8,1.90024e-05,2.49982e-05,9.99939e-06,8e-06,6.99939e-06,4.99939e-06,5.00061e-06,1e-05,1.69988e-05,,,,
806.9,2.3e-05,2.2e-05,9e-06,8e-06,6e-06,4e-06,6e-06,1e-05,1.5e-05,,,,
807.0,2.1e-05,1.9e-05,7e-06,8e-06,6e-06,3e-06,7e-06,1e-05,1.2e-05,,,,
807.1,1.8e-05,1.6e-05,7e-06,8e-06,6e-06,2e-06,9e-06,1e-05,9e-06,,,,
807.2,1.5e-05,1.2e-05,6e-06,8e-06,5e-06,1e-06,9e-06,1e-05,7e-06,,,,
807.3,1.19976e-05,9.99878e-06,6e-06,7.99878e-06,5e-06,2.00061e-06,9e-06,1e-05,5.00122e-06,,,,
807.4,8e-06,8e-06,6e-06,6e-06,5e-06,3e-06,9e-06,1e-05,7e-06,,,,
807.5,1.2e-05,6e-06,5e-06,5e-06,5e-06,4e-06,9e-06,1e-05,8e-06,,,,
807.6,1.6e-05,4e-06,5e-06,3e-06,5e-06,5e-06,9e-06,1e-05,1e-05,,,,
807.7,2e-05,2e-06,6e-06,2e-06,5e-06,6e-06,9e-06,1e-05,1.1e-05,,,,
807.8,2.40024e-05,3.00183e-06,6e-06,2.00061e-06,5e-06,6e-06,9e-06,1e-05,1.19988e-05,,,,
807.9,2.8e-05,6e-06,6e-06,3e-06,5e-06,6e-06,9e-06,1e-05,1e-05,,,,
808.0,3.5e-05,1e-05,6e-06,5e-06,6e-06,6e-06,9e-06,1e-05,8e-06,,,,
808.1,4.2e-05,1.3e-05,7e-06,6e-06,7e-06,7e-06,9e-06,1e-05,7e-06,,,,
808.2,4.9e-05,1.6e-05,8e-06,7e-06,8e-06,7e-06,1e-05,1e-05,5e-06,,,,
808.3,5.60043e-05,1.39988e-05,1.00006e-05,8e-06,1.00006e-05,5.99939e-06,1.00006e-05,1e-05,6.00427e-06,,,,
808.4,6.3e-05,1.2e-05,1.1e-05,8e-06,1.1e-05,5e-06,1.1e-05,1e-05,1.3e-05,,,,
808.5,6.2e-05,1e-05,1.3e-05,8e-06,1.1e-05,5e-06,1.2e-05,1e-05,2e-05,,,,
808.6,6e-05,8e-06,1.2e-05,8e-06,1e-05,4e-06,1.2e-05,1e-05,2.7e-05,,,,
808.7,5.8e-05,6e-06,1.1e-05,8e-06,8e-06,4e-06,1.2e-05,1e-05,3.4e-05,,,,
808.8,5.49988e-05,8.00183e-06,9.99939e-06,7.99939e-06,6.99939e-06,5e-06,1.1e-05,1e-05,3.79963e-05,,,,
808.9,5.3e-05,1.1e-05,9e-06,7e-06,6e-06,5e-06,1.1e-05,1e-05,3.2e-05,,,,
809.0,5.5e-05,1.4e-05,7e-06,6e-06,7e-06,6e-06,1e-05,1e-05,2.6e-05,,,,
809.1,5.7e-05,1.6e-05,8e-06,6e-06,8e-06,7e-06,9e-06,1e-05,2e-05,,,,
809.2,5.9e-05,1.9e-05,9e-06,5e-06,9e-06,7e-06,8e-06,1e-05,1.3e-05,,,,
809.3,6.10006e-05,2.40031e-05,1.10006e-05,5.00061e-06,1.00006e-05,6.99939e-06,5.99939e-06,1e-05,1.00024e-05,,,,
809.4,6.2e-05,2.9e-05,1.2e-05,6e-06,1.1e-05,6e-06,5e-06,1e-05,1.4e-05,,,,
809.5,6.3e-05,3.5e-05,1.3e-05,7e-06,1e-05,6e-06,3e-06,1e-05,1.8e-05,,,,
809.6,6.3e-05,4e-05,1.2e-05,8e-06,8e-06,6e-06,1e-06,1e-05,2.1e-05,,,,
809.7,6.4e-05,4.5e-05,9e-06,8e-06,6e-06,5e-06,1e-06,1e-05,2.5e-05,,,,
809.8,6.4e-05,4.49988e-05,6.99817e-06,8.99939e-06,3.99878e-06,3.99939e-06,1.00061e-06,1e-05,2.69982e-05,,,,
809.9,6.4e-05,4.3e-05,4e-06,8e-06,2e-06,3e-06,2e-06,1e-05,2.4e-05,,,,
810.0,5.9e-05,4.2e-05,2e-06,8e-06,3e-06,2e-06,2e-06,1e-05,2.1e-05,,,,
810.1,5.3e-05,4.1e-05,3e-06,7e-06,5e-06,1e-06,2e-06,1e-05,1.8e-05,,,,
810.2,4.7e-05,3.9e-05,5e-06,7e-06,7e-06,1e-06,3e-06,9e-06,1.5e-05,,,,
810.3,4.09963e-05,4.00006e-05,8.00122e-06,5.99939e-06,9.00122e-06,2.00061e-06,4.00061e-06,9e-06,1.30018e-05,,,,
810.4,3.5e-05,4.1e-05,1e-05,5e-06,1.1e-05,3e-06,5e-06,9e-06,1.6e-05,,,,
810.5,3.8e-05,4.3e-05,1.3e-05,4e-06,1.1e-05,5e-06,5e-06,9e-06,2e-05,,,,
810.6,4.1e-05,4.4e-05,1.3e-05,3e-06,1e-05,6e-06,6e-06,9e-06,2.3e-05,,,,
810.7,4.5e-05,4.6e-05,1.2e-05,1e-06,9e-06,7e-06,6e-06,9e-06,2.6e-05,,,,
810.8,4.80018e-05,4.60006e-05,1.09994e-05,2.00061e-06,8.99939e-06,6.99939e-06,5e-06,9e-06,2.69976e-05,,,,
810.9,5.1e-05,4.7e-05,1e-05,3e-06,8e-06,6e-06,5e-06,9e-06,2.3e-05,,,,
811.0,4.4e-05,4.7e-05,9e-06,5e-06,7e-06,6e-06,4e-06,9e-06,1.9e-05,,,,
811.1,3.7e-05,4.7e-05,9e-06,6e-06,7e-06,6e-06,3e-06,9e-06,1.5e-05,,,,
811.2,2.9e-05,4.8e-05,8e-06,8e-06,6e-06,6e-06,4e-06,9e-06,1.2e-05,,,,
811.3,2.19957e-05,4.39976e-05,7.99939e-06,8e-06,6e-06,6e-06,6.00061e-06,9e-06,1.00024e-05,,,,
811.4,1.5e-05,4e-05,7e-06,8e-06,6e-06,6e-06,7e-06,9e-06,1.4e-05,,,,
811.5,1.4e-05,3.6e-05,6e-06,8e-06,5e-06,6e-06,9e-06,9e-06,1.9e-05,,,,
811.6,1.4e-05,3.2e-05,5e-06,7e-06,4e-06,6e-06,1.1e-05,9e-06,2.3e-05,,,,
811.7,1.4e-05,2.7e-05,4e-06,7e-06,3e-06,6e-06,1.1e-05,9e-06,2.7e-05,,,,
811.8,1.4e-05,2.80018e-05,2.99939e-06,7e-06,1.99878e-06,6.00061e-06,9.99939e-06,9e-06,2.89982e-05,,,,
811.9,1.4e-05,3.1e-05,2e-06,7e-06,,7e-06,9e-06,9e-06,2.6e-05,,,,
812.0,1.6e-05,3.3e-05,1e-06,7e-06,2e-06,7e-06,8e-06,9e-06,2.2e-05,,,,
812.1,1.90012e-05,3.60018e-05,2.00183e-06,7e-06,4.00122e-06,7.00061e-06,6.99939e-06,9e-06,1.79976e-05,,,,
812.2,2.1e-05,3.9e-05,5e-06,7e-06,6e-06,8e-06,6e-06,9e-06,1.4e-05,,,,
812.3,2.3e-05,3.5e-05,7e-06,7e-06,8e-06,8e-06,5e-06,9e-06,1.3e-05,,,,
812.4,2.6e-05,2.9e-05,1e-05,8e-06,1e-05,9e-06,4e-06,9e-06,1.7e-05,,,,
812.5,3.2e-05,2.3e-05,1.2e-05,8e-06,1.1e-05,9e-06,3e-06,9e-06,2.2e-05,,,,
812.6,3.80037e-05,1.79963e-05,1.3e-05,9e-06,1.1e-05,9e-06,1.99939e-06,9e-06,2.60031e-05,,,,
812.7,4.4e-05,1.2e-05,1.3e-05,9e-06,1.1e-05,9e-06,1e-06,9e-06,3.1e-05,,,,
812.8,5.1e-05,1.1e-05,1.3e-05,1e-05,1.1e-05,7e-06,1e-06,9e-06,3.5e-05,,,,
812.9,5.7e-05,1.1e-05,1.3e-05,1e-05,1.1e-05,5e-06,1e-06,9e-06,3.7e-05,,,,
813.0,4.9e-05,1.1e-05,1.3e-05,1.1e-05,1.1e-05,3e-06,1e-06,9e-06,3.9e-05,,,,
813.1,3.99945e-05,1.1e-05,1.3e-05,1.2e-05,1.1e-05,1e-06,1e-06,9e-06,4.10012e-05,,,,
813.2,3.1e-05,1.1e-05,1.3e-05,1.2e-05,1.1e-05,1e-06,1e-06,9e-06,4.3e-05,,,,
813.3,2.2e-05,1.2e-05,1.3e-05,1.1e-05,1.1e-05,2e-06,2e-06,9e-06,4.4e-05,,,,
813.4,1.3e-05,1.4e-05,1.3e-05,9e-06,1.1e-05,4e-06,3e-06,9e-06,4.3e-05,,,,
813.5,1.5e-05,1.6e-05,1.3e-05,6e-06,1e-05,5e-06,3e-06,9e-06,4.2e-05,,,,
813.6,1.70012e-05,1.80012e-05,1.19988e-05,3.99817e-06,7.99939e-06,7e-06,4e-06,9e-06,4.09994e-05,,,,
813.7,1.9e-05,2e-05,1e-05,1e-06,7e-06,7e-06,4e-06,9e-06,4e-05,,,,
813.8,2e-05,2.4e-05,8e-06,1e-06,5e-06,6e-06,5e-06,9e-06,3.9e-05,,,,
813.9,2.2e-05,2.9e-05,6e-06,3e-06,4e-06,5e-06,5e-06,9e-06,4.2e-05,,,,
814.0,2.6e-05,3.4e-05,4e-06,6e-06,3e-06,4e-06,6e-06,9e-06,4.4e-05,,,,
814.1,2.90024e-05,3.90031e-05,3e-06,8.00122e-06,2e-06,3e-06,6.00061e-06,9e-06,4.60018e-05,,,,
814.2,3.3e-05,4.4e-05,3e-06,1e-05,2e-06,3e-06,7e-06,9e-06,4.9e-05,,,,
814.3,3.6e-05,4e-05,2e-06,1e-05,1e-06,2e-06,7e-06,9e-06,4.9e-05,,,,
814.4,3.9e-05,3.3e-05,2e-06,8e-06,1e-06,2e-06,8e-06,9e-06,4.7e-05,,,,
814.5,3.5e-05,2.6e-05,1e-06,7e-06,2e-06,2e-06,8e-06,9e-06,4.4e-05,,,,
814.6,2.89963e-05,1.89957e-05,2.00061e-06,5.99878e-06,3.00061e-06,2e-06,9e-06,9e-06,4.19982e-05,,,,
814.7,2.3e-05,1.2e-05,3e-06,4e-06,4e-06,2e-06,9e-06,9e-06,3.9e-05,,,,
814.8,1.8e-05,1.1e-05,5e-06,3e-06,5e-06,3e-06,9e-06,9e-06,3.8e-05,,,,
814.9,1.2e-05,1.3e-05,6e-06,3e-06,6e-06,3e-06,9e-06,9e-06,3.9e-05,,,,
815.0,1.4e-05,1.5e-05,7e-06,3e-06,6e-06,4e-06,9e-06,9e-06,4e-05,,,,
815.1,1.50012e-05,1.60012e-05,6.99939e-06,3e-06,5.99939e-06,5e-06,9e-06,9e-06,4.20006e-05,,,,
815.2,1.7e-05,1.8e-05,6e-06,3e-06,5e-06,5e-06,9e-06,9e-06,4.3e-05,,,,
815.3,1.9e-05,2e-05,6e-06,3e-06,5e-06,4e-06,9e-06,9e-06,4.3e-05,,,,
815.4,2.1e-05,2.3e-05,5e-06,4e-06,4e-06,3e-06,9e-06,9e-06,3.9e-05,,,,
815.5,1.9e-05,2.6e-05,5e-06,5e-06,5e-06,3e-06,9e-06,9e-06,3.5e-05,,,,
815.6,1.79988e-05,2.80018e-05,6.00061e-06,6.00061e-06,6.00122e-06,2e-06,8.99939e-06,9e-06,2.99976e-05,,,,
815.7,1.6e-05,3.1e-05,7e-06,7e-06,8e-06,2e-06,8e-06,9e-06,2.6e-05,,,,
815.8,1.4e-05,2.8e-05,9e-06,7e-06,9e-06,3e-06,7e-06,9e-06,2.5e-05,,,,
815.9,1.2e-05,2.4e-05,1e-05,6e-06,1.1e-05,4e-06,6e-06,9e-06,3e-05,,,,
816.0,1.1e-05,2e-05,1.2e-05,5e-06,1.1e-05,5e-06,4e-06,9e-06,3.5e-05,,,,
816.1,1e-05,1.49976e-05,1.2e-05,3.99939e-06,1.1e-05,6.00061e-06,3e-06,9e-06,3.90031e-05,,,,
816.2,1e-05,1.1e-05,1.2e-05,3e-06,1.1e-05,7e-06,3e-06,9e-06,4.4e-05,,,,
816.3,9e-06,1.1e-05,1.2e-05,4e-06,1.1e-05,6e-06,5e-06,9e-06,4.7e-05,,,,
816.4,8e-06,1.3e-05,1.2e-05,5e-06,1.1e-05,6e-06,6e-06,9e-06,4.6e-05,,,,
816.5,1.3e-05,1.4e-05,1.2e-05,7e-06,1.1e-05,5e-06,7e-06,9e-06,4.4e-05,,,,
816.6,1.80037e-05,1.50012e-05,1.2e-05,9.00122e-06,1.1e-05,5e-06,8e-06,9e-06,4.29994e-05,,,,
816.7,2.4e-05,1.7e-05,1.2e-05,1.1e-05,1.1e-05,5e-06,8e-06,9e-06,4.2e-05,,,,
816.8,2.9e-05,1.6e-05,1.2e-05,1.1e-05,1.1e-05,5e-06,6e-06,9e-06,4e-05,,,,
816.9,3.5e-05,1.5e-05,1.2e-05,1.1e-05,1.1e-05,5e-06,4e-06,9e-06,3.8e-05,,,,
817.0,3.2e-05,1.3e-05,1.2e-05,1e-05,1.1e-05,6e-06,3e-06,9e-06,3.6e-05,,,,
817.1,2.89982e-05,1.19988e-05,1.2e-05,8.99939e-06,1.1e-05,6e-06,1e-06,9e-06,3.39988e-05,,,,
817.2,2.6e-05,1e-05,1.2e-05,8e-06,1.1e-05,6e-06,1e-06,9e-06,3.2e-05,,,,
817.3,2.3e-05,9e-06,1.2e-05,8e-06,1.1e-05,6e-06,3e-06,9e-06,3.2e-05,,,,
817.4,2e-05,9e-06,1.2e-05,9e-06,1.1e-05,6e-06,5e-06,9e-06,3.7e-05,,,,
817.5,1.6e-05,8e-06,1.2e-05,1e-05,1.1e-05,6e-06,7e-06,9e-06,4.3e-05,,,,
817.6,1.29982e-05,7e-06,1.2e-05,1.00006e-05,1.1e-05,6e-06,9.00061e-06,9e-06,4.80037e-05,,,,
817.7,1e-05,7e-06,1.2e-05,1.1e-05,1.1e-05,6e-06,1e-05,9e-06,5.4e-05,,,,
817.8,7e-06,1e-05,1.2e-05,1.1e-05,1.1e-05,6e-06,8e-06,9e-06,5.6e-05,,,,
817.9,4e-06,1.5e-05,1.2e-05,1.2e-05,1.1e-05,5e-06,7e-06,9e-06,5.3e-05,,,,
818.0,1e-05,2e-05,1.2e-05,1.2e-05,1.1e-05,4e-06,6e-06,9e-06,5e-05,,,,
818.1,1.80043e-05,2.40031e-05,1.2e-05,1.2e-05,1.1e-05,3.99939e-06,5e-06,9e-06,4.69982e-05,,,,
818.2,2.5e-05,2.9e-05,1.2e-05,1.2e-05,1.1e-05,3e-06,5e-06,9e-06,4.4e-05,,,,
818.3,3.2e-05,2.8e-05,1.2e-05,1.2e-05,1.1e-05,3e-06,5e-06,9e-06,4.2e-05,,,,
818.4,3.9e-05,2.5e-05,1.2e-05,1.1e-05,1.1e-05,2e-06,5e-06,9e-06,4.6e-05,,,,
818.5,3.6e-05,2.3e-05,1.2e-05,1e-05,1.1e-05,2e-06,5e-06,9e-06,4.9e-05,,,,
818.6,3.19976e-05,1.99982e-05,1.19994e-05,7.99939e-06,9.99939e-06,1e-06,5.00061e-06,9e-06,5.20024e-05,,,,
818.7,2.8e-05,1.7e-05,1.1e-05,7e-06,9e-06,1e-06,6e-06,9e-06,5.6e-05,,,,
818.8,2.4e-05,1.5e-05,1e-05,6e-06,8e-06,2e-06,6e-06,9e-06,5.9e-05,,,,
818.9,1.9e-05,1.2e-05,9e-06,5e-06,7e-06,2e-06,7e-06,9e-06,6.1e-05,,,,
819.0,1.9e-05,9e-06,8e-06,4e-06,7e-06,3e-06,8e-06,9e-06,6.2e-05,,,,
819.1,1.90006e-05,5.99878e-06,8.00061e-06,2.99939e-06,8.00061e-06,3.00061e-06,8.99939e-06,9e-06,6.40012e-05,,,,
819.2,2e-05,4e-06,9e-06,2e-06,9e-06,4e-06,8e-06,9e-06,6.6e-05,,,,
819.3,2e-05,8e-06,1e-05,3e-06,1e-05,4e-06,8e-06,9e-06,6.6e-05,,,,
819.4,2e-05,1.5e-05,1.1e-05,4e-06,1.1e-05,5e-06,7e-06,9e-06,6.3e-05,,,,
819.5,1.8e-05,2.1e-05,1.2e-05,5e-06,1.1e-05,5e-06,6e-06,9e-06,6e-05,,,,
819.6,1.59982e-05,2.70043e-05,1.19994e-05,6.00061e-06,1e-05,6e-06,5.00061e-06,9e-06,5.69982e-05,,,,
819.7,1.3e-05,3.4e-05,1.1e-05,7e-06,1e-05,6e-06,6e-06,9e-06,5.4e-05,,,,
819.8,1.1e-05,3.2e-05,1.1e-05,9e-06,1e-05,7e-06,6e-06,9e-06,5.3e-05,,,,
819.9,8e-06,2.9e-05,1.1e-05,1e-05,1e-05,7e-06,7e-06,9e-06,5.7e-05,,,,
820.0,8e-06,2.5e-05,1e-05,1.1e-05,9e-06,8e-06,8e-06,9e-06,6.2e-05,,,,
820.1,7e-06,2.09982e-05,8.99939e-06,1.20006e-05,7.99939e-06,9e-06,9e-06,9e-06,6.6003e-05,,,,
820.2,7e-06,1.8e-05,8e-06,1.3e-05,7e-06,9e-06,9e-06,9e-06,7.1e-05,,,,
820.3,6e-06,1.7e-05,7e-06,1.5e-05,6e-06,7e-06,9e-06,9e-06,7.4e-05,,,,
820.4,5e-06,1.7e-05,6e-06,1.6e-05,4e-06,6e-06,9e-06,9e-06,7.3e-05,,,,
820.5,8e-06,1.8e-05,5e-06,1.8e-05,5e-06,4e-06,9e-06,9e-06,7.2e-05,,,,
820.6,1.00018e-05,1.8e-05,6.00061e-06,2.00006e-05,6.00122e-06,2.99939e-06,9e-06,9e-06,7.09988e-05,,,,
820.7,1.3e-05,1.8e-05,7e-06,2.1e-05,8e-06,2e-06,9e-06,9e-06,6.9e-05,,,,
820.8,1.5e-05,1.7e-05,8e-06,2e-05,9e-06,1e-06,9e-06,9e-06,6.9e-05,,,,
820.9,1.8e-05,1.4e-05,1e-05,1.6e-05,1e-05,1e-06,9e-06,9e-06,6.8e-05,,,,
821.0,1.7e-05,1.2e-05,1.1e-05,1.3e-05,1.1e-05,1e-06,1e-05,9e-06,6.8e-05,,,,
821.1,1.59994e-05,9.99878e-06,1.1e-05,8.99817e-06,1.1e-05,1e-06,1e-05,9e-06,6.8e-05,,,,
821.2,1.5e-05,8e-06,1.1e-05,6e-06,1.1e-05,1e-06,1e-05,9e-06,6.8e-05,,,,
821.3,1.4e-05,7e-06,1.1e-05,4e-06,1.1e-05,1e-06,9e-06,9e-06,6.8e-05,,,,
821.4,1.3e-05,7e-06,1.1e-05,3e-06,1.1e-05,2e-06,8e-06,9e-06,7e-05,,,,
821.5,1.3e-05,6e-06,1.1e-05,3e-06,1.1e-05,2e-06,7e-06,9e-06,7.2e-05,,,,
821.6,1.3e-05,5e-06,1.20006e-05,1.99939e-06,1.30006e-05,3e-06,6.99939e-06,9e-06,7.40012e-05,,,,
821.7,1.3e-05,5e-06,1.3e-05,1e-06,1.4e-05,3e-06,6e-06,9e-06,7.6e-05,,,,
821.8,1.3e-05,7e-06,1.5e-05,2e-06,1.5e-05,3e-06,4e-06,9e-06,7.9e-05,,,,
821.9,1.2e-05,9e-06,1.6e-05,3e-06,1.6e-05,3e-06,3e-06,9e-06,8.4e-05,,,,
822.0,1.5e-05,1.2e-05,1.7e-05,5e-06,1.6e-05,2e-06,2e-06,9e-06,8.9e-05,,,,
822.1,1.90018e-05,1.40012e-05,1.59994e-05,6.00122e-06,1.39994e-05,2e-06,1e-06,9e-06,9.40031e-05,,,,
822.2,2.2e-05,1.6e-05,1.5e-05,8e-06,1.3e-05,2e-06,1e-06,9e-06,9.9e-05,,,,
822.3,2.5e-05,1.6e-05,1.4e-05,8e-06,1.2e-05,3e-06,1e-06,9e-06,0.000102,,,,
822.4,2.9e-05,1.5e-05,1.3e-05,7e-06,1.1e-05,3e-06,1e-06,9e-06,1e-04,,,,
822.5,2.6e-05,1.5e-05,1.1e-05,6e-06,1e-05,4e-06,2e-06,9e-06,9.8e-05,,,,
822.6,2.39982e-05,1.39994e-05,1.09994e-05,5e-06,9.99939e-06,5e-06,2.00061e-06,9e-06,9.59988e-05,,,,
822.7,2.1e-05,1.3e-05,1e-05,5e-06,9e-06,5e-06,3e-06,9e-06,9.4e-05,,,,
822.8,1.9e-05,1.3e-05,9e-06,6e-06,8e-06,5e-06,4e-06,9e-06,9.2e-05,,,,
822.9,1.7e-05,1.2e-05,9e-06,8e-06,8e-06,5e-06,6e-06,9e-06,8.9e-05,,,,
823.0,1.5e-05,1.2e-05,8e-06,1e-05,8e-06,5e-06,7e-06,9e-06,8.6e-05,,,,
823.1,1.39994e-05,1.2e-05,8.00061e-06,1.20012e-05,8.00061e-06,5e-06,8.00061e-06,9e-06,8.29982e-05,,,,
823.2,1.3e-05,1.2e-05,9e-06,1.4e-05,9e-06,5e-06,9e-06,9e-06,8e-05,,,,
823.3,1.2e-05,1.5e-05,9e-06,1.4e-05,1e-05,5e-06,9e-06,9e-06,8e-05,,,,
823.4,1.1e-05,1.8e-05,1e-05,1.4e-05,1e-05,5e-06,9e-06,9e-06,9e-05,,,,
823.5,1.1e-05,2.1e-05,1.1e-05,1.4e-05,1e-05,5e-06,9e-06,9e-06,9.9e-05,,,,
823.6,1.30006e-05,2.50018e-05,1.09994e-05,1.4e-05,1e-05,5e-06,9e-06,9e-06,0.000108006,,,,
823.7,1.4e-05,2.8e-05,1e-05,1.4e-05,1e-05,5e-06,9e-06,9e-06,0.000118,,,,
823.8,1.5e-05,2.7e-05,1e-05,1.4e-05,1e-05,5e-06,9e-06,9e-06,0.000123,,,,
823.9,1.6e-05,2.4e-05,1e-05,1.4e-05,1e-05,5e-06,9e-06,9e-06,0.000119,,,,
824.0,1.6e-05,2.2e-05,1e-05,1.4e-05,8e-06,5e-06,9e-06,9e-06,0.000114,,,,
824.1,1.7e-05,1.99982e-05,7.99939e-06,1.4e-05,6.99878e-06,5e-06,8.99939e-06,9e-06,0.000108998,,,,
824.2,1.7e-05,1.7e-05,7e-06,1.4e-05,5e-06,5e-06,8e-06,9e-06,0.000105,,,,
824.3,1.7e-05,1.6e-05,5e-06,1.4e-05,3e-06,4e-06,8e-06,9e-06,0.000102,,,,
824.4,1.8e-05,1.5e-05,3e-06,1.4e-05,1e-06,4e-06,7e-06,9e-06,0.000104,,,,
824.5,1.5e-05,1.3e-05,1e-06,1.4e-05,2e-06,3e-06,7e-06,9e-06,0.000106,,,,
824.6,1.09976e-05,1.19994e-05,2.00122e-06,1.4e-05,4.00122e-06,2e-06,6.00061e-06,9e-06,0.000108001,,,,
824.7,7e-06,1.1e-05,4e-06,1.4e-05,6e-06,2e-06,7e-06,9e-06,0.00011,,,,
824.8,4e-06,1.2e-05,6e-06,1.3e-05,8e-06,3e-06,7e-06,9e-06,0.000111,,,,
824.9,,1.3e-05,8e-06,1.1e-05,1e-05,5e-06,8e-06,9e-06,0.00011,,,,
825.0,4e-06,1.4e-05,1e-05,9e-06,1.1e-05,6e-06,8e-06,9e-06,0.000108,,,,
825.1,7.00244e-06,1.50006e-05,1.10006e-05,5.99878e-06,1.20006e-05,7.00061e-06,8.00061e-06,9e-06,0.000105999,,,,
825.2,1.1e-05,1.6e-05,1.2e-05,4e-06,1.3e-05,8e-06,9e-06,9e-06,0.000105,,,,
825.3,1.5e-05,1.7e-05,1.3e-05,5e-06,1.4e-05,8e-06,9e-06,9e-06,0.000104,,,,
825.4,1.9e-05,1.8e-05,1.4e-05,9e-06,1.5e-05,7e-06,9e-06,9e-06,0.000106,,,,
825.5,1.7e-05,1.8e-05,1.5e-05,1.3e-05,1.5e-05,6e-06,9e-06,9e-06,0.000108,,,,
825.6,1.49988e-05,1.9e-05,1.49994e-05,1.60024e-05,1.39994e-05,5.99939e-06,8.99939e-06,9e-06,0.000110001,,,,
825.7,1.3e-05,1.9e-05,1.4e-05,2e-05,1.3e-05,5e-06,8e-06,9e-06,0.000112,,,,
825.8,1e-05,1.6e-05,1.3e-05,2.1e-05,1.2e-05,5e-06,6e-06,9e-06,0.000114,,,,
825.9,8e-06,1.2e-05,1.2e-05,1.9e-05,1.1e-05,6e-06,4e-06,9e-06,0.000116,,,,
826.0,1.1e-05,8e-06,1.1e-05,1.8e-05,1e-05,6e-06,3e-06,9e-06,0.000118,,,,
826.1,1.40018e-05,4.99756e-06,1e-05,1.59988e-05,1e-05,5.99939e-06,1e-06,9e-06,0.000121001,,,,
826.2,1.7e-05,1e-06,1e-05,1.4e-05,1e-05,5e-06,1e-06,9e-06,0.000123,,,,
826.3,1.9e-05,3e-06,1e-05,1.4e-05,1e-05,5e-06,1e-06,9e-06,0.000125,,,,
826.4,2.2e-05,8e-06,1e-05,1.4e-05,1e-05,4e-06,1e-06,9e-06,0.000129,,,,
826.5,2.2e-05,1.2e-05,1e-05,1.4e-05,1e-05,3e-06,1e-06,9e-06,0.000133,,,,
826.6,2.09994e-05,1.60024e-05,9.99878e-06,1.4e-05,8.99878e-06,2.99939e-06,2.00061e-06,9e-06,0.000137002,,,,
826.7,2e-05,2e-05,8e-06,1.4e-05,7e-06,2e-06,3e-06,9e-06,0.000141,,,,
826.8,1.9e-05,1.9e-05,7e-06,1.3e-05,6e-06,3e-06,4e-06,9e-06,0.000144,,,,
826.9,1.8e-05,1.7e-05,6e-06,1.1e-05,5e-06,4e-06,5e-06,9e-06,0.000145,,,,
827.0,1.6e-05,1.4e-05,5e-06,9e-06,6e-06,5e-06,7e-06,9e-06,0.000146,,,,
827.1,1.39988e-05,1.19988e-05,6.00061e-06,7.99878e-06,7.00061e-06,5.00061e-06,8.00061e-06,9e-06,0.000146001,,,,
827.2,1.2e-05,1e-05,7e-06,6e-06,8e-06,6e-06,9e-06,9e-06,0.000147,,,,
827.3,1.1e-05,1.2e-05,8e-06,6e-06,9e-06,6e-06,9e-06,9e-06,0.000148,,,,
827.4,9e-06,1.5e-05,9e-06,8e-06,1e-05,6e-06,9e-06,9e-06,0.000148,,,,
827.5,1e-05,1.8e-05,1e-05,9e-06,1.1e-05,6e-06,9e-06,9e-06,0.000149,,,,
827.6,1.10006e-05,2.20018e-05,1.10006e-05,1.10006e-05,1.20006e-05,6e-06,8.99939e-06,9e-06,0.000150001,,,,
827.7,1.2e-05,2.5e-05,1.2e-05,1.2e-05,1.3e-05,6e-06,8e-06,9e-06,0.000151,,,,
827.8,1.3e-05,2.5e-05,1.2e-05,1.3e-05,1.3e-05,6e-06,6e-06,9e-06,0.000154,,,,
827.9,1.4e-05,2.4e-05,1.3e-05,1.3e-05,1.4e-05,6e-06,4e-06,9e-06,0.000162,,,,
828.0,1.5e-05,2.3e-05,1.4e-05,1.3e-05,1.4e-05,6e-06,3e-06,9e-06,0.000171,,,,
828.1,1.60006e-05,2.19994e-05,1.39994e-05,1.3e-05,1.29994e-05,6e-06,1e-06,9e-06,0.000180005,,,,
828.2,1.7e-05,2.1e-05,1.3e-05,1.3e-05,1.2e-05,6e-06,1e-06,9e-06,0.000189,,,,
828.3,1.9e-05,1.9e-05,1.2e-05,1.3e-05,1.1e-05,7e-06,2e-06,9e-06,0.000194,,,,
828.4,2e-05,1.7e-05,1e-05,1.3e-05,1e-05,7e-06,3e-06,9e-06,0.000189,,,,
828.5,2e-05,1.5e-05,9e-06,1.3e-05,9e-06,8e-06,5e-06,9e-06,0.000184,,,,
828.6,2.10006e-05,1.29982e-05,9e-06,1.3e-05,9e-06,9e-06,6e-06,9e-06,0.000177997,,,,
828.7,2.2e-05,1e-05,9e-06,1.3e-05,9e-06,9e-06,6e-06,9e-06,0.000173,,,,
828.8,2.2e-05,1.1e-05,9e-06,1.3e-05,9e-06,9e-06,5e-06,9e-06,0.000171,,,,
828.9,2.3e-05,1.2e-05,9e-06,1.4e-05,9e-06,9e-06,4e-06,9e-06,0.000175,,,,
829.0,2.2e-05,1.4e-05,9e-06,1.5e-05,9e-06,9e-06,3e-06,9e-06,0.000179,,,,
829.1,2.19994e-05,1.50006e-05,8.99939e-06,1.70006e-05,7.99939e-06,9.99939e-06,2.00061e-06,9e-06,0.000183002,,,,
829.2,2.1e-05,1.6e-05,8e-06,1.8e-05,7e-06,9e-06,3e-06,9e-06,0.000187,,,,
829.3,2e-05,1.8e-05,7e-06,1.8e-05,7e-06,9e-06,4e-06,9e-06,0.000191,,,,
829.4,1.9e-05,1.9e-05,7e-06,1.8e-05,6e-06,8e-06,5e-06,9e-06,0.000199,,,,
829.5,2e-05,2e-05,6e-06,1.9e-05,5e-06,7e-06,7e-06,9e-06,0.000206,,,,
829.6,2.10006e-05,2.20006e-05,4.99939e-06,1.9e-05,3.99939e-06,5.99939e-06,8.00061e-06,9e-06,0.000213004,,,,
829.7,2.2e-05,2.3e-05,4e-06,1.9e-05,3e-06,5e-06,9e-06,9e-06,0.00022,,,,
829.8,2.2e-05,2.4e-05,3e-06,1.8e-05,2e-06,4e-06,9e-06,9e-06,0.000225,,,,
829.9,2.3e-05,2.5e-05,2e-06,1.6e-05,1e-06,3e-06,9e-06,9e-06,0.000227,,,,
830.0,2.3e-05,2.6e-05,1e-06,1.4e-05,2e-06,2e-06,9e-06,9e-06,0.000229,,,,
830.1,2.19994e-05,2.70006e-05,2.00122e-06,1.29988e-05,4.00122e-06,1e-06,9e-06,9e-06,0.000231001,,,,
830.2,2.1e-05,2.8e-05,4e-06,1.1e-05,6e-06,1e-06,9e-06,9e-06,0.000233,,,,
830.3,2.1e-05,2.7e-05,6e-06,9e-06,8e-06,1e-06,9e-06,9e-06,0.000235,,,,
830.4,2e-05,2.7e-05,7e-06,7e-06,9e-06,2e-06,9e-06,9e-06,0.000236,,,,
830.5,1.9e-05,2.6e-05,9e-06,5e-06,1e-05,2e-06,9e-06,9e-06,0.000237,,,,
830.6,1.69994e-05,2.49994e-05,1e-05,2.99878e-06,1e-05,3e-06,8.99939e-06,9e-06,0.000238001,,,,
830.7,1.6e-05,2.4e-05,1e-05,1e-06,1e-05,3e-06,8e-06,9e-06,0.000239,,,,
830.8,1.4e-05,2.5e-05,1e-05,1e-06,1e-05,3e-06,7e-06,9e-06,0.00024,,,,
830.9,1.3e-05,2.6e-05,1e-05,2e-06,1e-05,3e-06,6e-06,9e-06,0.000241,,,,
831.0,1.6e-05,2.7e-05,1e-05,3e-06,1e-05,3e-06,5e-06,9e-06,0.000242,,,,
831.1,2.00024e-05,2.80006e-05,1e-05,4.00061e-06,1e-05,3e-06,4.99939e-06,9e-06,0.000243001,,,,
831.2,2.4e-05,2.9e-05,1e-05,5e-06,1e-05,3e-06,4e-06,9e-06,0.000245,,,,
831.3,2.9e-05,2.8e-05,1e-05,6e-06,1e-05,2e-06,4e-06,9e-06,0.000248,,,,
831.4,3.3e-05,2.8e-05,9e-06,5e-06,1e-05,2e-06,5e-06,9e-06,0.000256,,,,
831.5,2.9e-05,2.7e-05,9e-06,5e-06,8e-06,1e-06,5e-06,9e-06,0.000265,,,,
831.6,2.49976e-05,2.59994e-05,7.99878e-06,5e-06,6.99878e-06,9.9939e-07,5e-06,9e-06,0.000273006,,,,
831.7,2.1e-05,2.5e-05,6e-06,5e-06,5e-06,,5e-06,9e-06,0.000282,,,,
831.8,1.7e-05,2.4e-05,4e-06,4e-06,3e-06,,4e-06,9e-06,0.000289,,,,
831.9,1.3e-05,2.2e-05,3e-06,3e-06,1e-06,,3e-06,9e-06,0.000291,,,,
832.0,1.8e-05,2e-05,1e-06,2e-06,2e-06,1e-06,3e-06,9e-06,0.000293,,,,
832.1,2.50037e-05,1.79988e-05,2.00061e-06,1e-06,4.00061e-06,1e-06,2e-06,9e-06,0.000295001,,,,
832.2,3.1e-05,1.6e-05,3e-06,1e-06,5e-06,1e-06,2e-06,9e-06,0.000297,,,,
832.3,3.8e-05,2e-05,5e-06,,7e-06,3e-06,3e-06,9e-06,0.000299,,,,
832.4,4.4e-05,2.5e-05,7e-06,1e-06,9e-06,4e-06,3e-06,9e-06,0.000304,,,,
832.5,4e-05,3e-05,9e-06,1e-06,9e-06,5e-06,4e-06,9e-06,0.000308,,,,
832.6,3.49976e-05,3.50037e-05,7.99939e-06,1e-06,6.99939e-06,7e-06,5e-06,9e-06,0.000312002,,,,
832.7,3.1e-05,4.1e-05,7e-06,1e-06,6e-06,7e-06,5e-06,9e-06,0.000316,,,,
832.8,2.6e-05,3.8e-05,6e-06,2e-06,4e-06,6e-06,6e-06,9e-06,0.000321,,,,
832.9,2.1e-05,3.2e-05,4e-06,4e-06,3e-06,4e-06,7e-06,9e-06,0.000327,,,,
833.0,2.7e-05,2.7e-05,3e-06,6e-06,3e-06,3e-06,7e-06,9e-06,0.000333,,,,
833.1,3.30037e-05,2.19969e-05,3.00122e-06,8.00061e-06,5.00061e-06,1.99939e-06,8e-06,9e-06,0.000339004,,,,
833.2,3.9e-05,1.7e-05,5e-06,9e-06,6e-06,1e-06,8e-06,9e-06,0.000345,,,,
833.3,4.6e-05,2.2e-05,6e-06,9e-06,8e-06,3e-06,8e-06,9e-06,0.000351,,,,
833.4,5.2e-05,3e-05,7e-06,7e-06,9e-06,4e-06,8e-06,9e-06,0.000355,,,,
833.5,5e-05,3.8e-05,9e-06,5e-06,1e-05,6e-06,8e-06,9e-06,0.000359,,,,
833.6,4.69976e-05,4.60055e-05,9e-06,2.99878e-06,1e-05,7.00061e-06,7.99939e-06,9e-06,0.000364002,,,,
833.7,4.3e-05,5.5e-05,9e-06,1e-06,1e-05,8e-06,7e-06,9e-06,0.000368,,,,
833.8,4e-05,5.1e-05,9e-06,2e-06,1e-05,8e-06,6e-06,9e-06,0.000375,,,,
833.9,3.7e-05,4.5e-05,1e-05,4e-06,1e-05,8e-06,4e-06,9e-06,0.000386,,,,
834.0,3.6e-05,3.9e-05,1e-05,5e-06,9e-06,8e-06,3e-06,9e-06,0.000398,,,,
834.1,3.49994e-05,3.29963e-05,8.99878e-06,7.00122e-06,6.99939e-06,8e-06,2e-06,9e-06,0.000410007,,,,
834.2,3.4e-05,2.7e-05,7e-06,9e-06,6e-06,8e-06,2e-06,9e-06,0.000422,,,,
834.3,3.3e-05,3.2e-05,6e-06,1e-05,4e-06,9e-06,4e-06,9e-06,0.000432,,,,
834.4,3.2e-05,4e-05,4e-06,1e-05,3e-06,9e-06,5e-06,9e-06,0.000435,,,,
834.5,3e-05,4.9e-05,3e-06,1e-05,3e-06,9e-06,6e-06,9e-06,0.000438,,,,
834.6,2.79982e-05,5.70049e-05,3.00122e-06,1e-05,5.00061e-06,8.99939e-06,8.00061e-06,9e-06,0.000441002,,,,
834.7,2.5e-05,6.5e-05,5e-06,1e-05,6e-06,8e-06,9e-06,9e-06,0.000445,,,,
834.8,2.3e-05,6.3e-05,6e-06,1e-05,8e-06,7e-06,1e-05,9e-06,0.000449,,,,
834.9,2.1e-05,5.9e-05,7e-06,1e-05,9e-06,6e-06,1.1e-05,9e-06,0.000457,,,,
835.0,2.2e-05,5.5e-05,9e-06,1e-05,9e-06,4e-06,1.1e-05,9e-06,0.000465,,,,
835.1,2.30006e-05,5.09976e-05,9e-06,9e-06,9e-06,2.99939e-06,1.19994e-05,9e-06,0.000473004,,,,
835.2,2.4e-05,4.7e-05,9e-06,9e-06,9e-06,2e-06,1.1e-05,9e-06,0.00048,,,,
835.3,2.5e-05,4.5e-05,9e-06,9e-06,9e-06,4e-06,1e-05,9e-06,0.000487,,,,
835.4,2.7e-05,4.4e-05,9e-06,7e-06,9e-06,6e-06,8e-06,9e-06,0.00049,,,,
835.5,2.6e-05,4.2e-05,9e-06,6e-06,9e-06,7e-06,6e-06,9e-06,0.000493,,,,
835.6,2.39994e-05,4.09994e-05,8.99939e-06,3.99939e-06,7.99939e-06,9.00061e-06,5e-06,9e-06,0.000496002,,,,
835.7,2.3e-05,4e-05,8e-06,3e-06,7e-06,1e-05,5e-06,9e-06,0.000499,,,,
835.8,2.2e-05,3.8e-05,7e-06,3e-06,6e-06,1e-05,6e-06,9e-06,0.000504,,,,
835.9,2.1e-05,3.5e-05,6e-06,5e-06,5e-06,1e-05,6e-06,9e-06,0.000515,,,,
836.0,2.5e-05,3.2e-05,5e-06,6e-06,6e-06,1e-05,7e-06,9e-06,0.000525,,,,
836.1,2.90024e-05,2.89982e-05,5.00061e-06,8.00061e-06,6.00061e-06,9e-06,8e-06,9e-06,0.000535007,,,,
836.2,3.3e-05,2.6e-05,6e-06,9e-06,7e-06,9e-06,8e-06,9e-06,0.000546,,,,
836.3,3.7e-05,2.7e-05,7e-06,1e-05,8e-06,9e-06,7e-06,9e-06,0.000557,,,,
836.4,4.2e-05,2.8e-05,8e-06,1e-05,9e-06,1e-05,6e-06,9e-06,0.00057,,,,
836.5,4.2e-05,3e-05,9e-06,9e-06,9e-06,1e-05,5e-06,9e-06,0.000584,,,,
836.6,4.3e-05,3.10012e-05,9e-06,9e-06,9e-06,1e-05,4e-06,9e-06,0.000597008,,,,
836.7,4.3e-05,3.3e-05,9e-06,9e-06,9e-06,1e-05,4e-06,9e-06,0.00061,,,,
836.8,4.4e-05,3.2e-05,9e-06,9e-06,9e-06,1e-05,5e-06,9e-06,0.000623,,,,
836.9,4.4e-05,3e-05,9e-06,9e-06,9e-06,1e-05,6e-06,9e-06,0.000634,,,,
837.0,4.4e-05,2.9e-05,9e-06,9e-06,9e-06,1e-05,7e-06,9e-06,0.000646,,,,
837.1,4.3e-05,2.69988e-05,9e-06,9e-06,9e-06,9.99939e-06,7.99939e-06,9e-06,0.000657007,,,,
837.2,4.3e-05,2.5e-05,9e-06,9e-06,9e-06,9e-06,7e-06,9e-06,0.000668,,,,
837.3,4.2e-05,2.9e-05,9e-06,9e-06,9e-06,8e-06,6e-06,9e-06,0.000681,,,,
837.4,4.2e-05,3.4e-05,9e-06,9e-06,9e-06,6e-06,4e-06,9e-06,0.000697,,,,
837.5,4.1e-05,3.9e-05,9e-06,9e-06,9e-06,4e-06,2e-06,9e-06,0.000713,,,,
837.6,3.89994e-05,4.40031e-05,9e-06,9e-06,9e-06,2e-06,1e-06,9e-06,0.000729009,,,,
837.7,3.8e-05,4.9e-05,9e-06,9e-06,9e-06,2e-06,1e-06,9e-06,0.000744,,,,
837.8,3.6e-05,5.1e-05,9e-06,8e-06,9e-06,4e-06,2e-06,9e-06,0.000758,,,,
837.9,3.5e-05,5.1e-05,9e-06,6e-06,9e-06,5e-06,4e-06,9e-06,0.000765,,,,
838.0,3.4e-05,5.2e-05,9e-06,5e-06,9e-06,7e-06,5e-06,9e-06,0.000772,,,,
838.1,3.39994e-05,5.20006e-05,9e-06,2.99939e-06,9e-06,9.00061e-06,7e-06,9e-06,0.000779004,,,,
838.2,3.3e-05,5.3e-05,9e-06,2e-06,9e-06,1e-05,7e-06,9e-06,0.000786,,,,
838.3,3.3e-05,5.2e-05,9e-06,2e-06,9e-06,1e-05,8e-06,9e-06,0.000796,,,,
838.4,3.3e-05,5.2e-05,9e-06,4e-06,9e-06,1e-05,8e-06,9e-06,0.000814,,,,
838.5,2.9e-05,5.1e-05,9e-06,5e-06,1e-05,9e-06,8e-06,9e-06,0.000832,,,,
838.6,2.39976e-05,4.99994e-05,9.00061e-06,6.00122e-06,1.00006e-05,9e-06,8e-06,9e-06,0.000857015,,,,
838.7,2e-05,4.9e-05,1e-05,8e-06,1.1e-05,9e-06,8e-06,9e-06,0.000881,,,,
838.8,1.6e-05,4.8e-05,1.1e-05,8e-06,1.1e-05,9e-06,8e-06,9e-06,0.000904,,,,
838.9,1.1e-05,4.6e-05,1.1e-05,8e-06,1.2e-05,9e-06,8e-06,9e-06,0.000925,,,,
839.0,1.6e-05,4.4e-05,1.2e-05,8e-06,1.2e-05,9e-06,8e-06,9e-06,0.000948,,,,
839.1,2.20037e-05,4.19988e-05,1.19994e-05,8e-06,1.1e-05,9e-06,8e-06,9e-06,0.000977011,,,,
839.2,2.8e-05,4e-05,1.1e-05,8e-06,1.1e-05,9e-06,8e-06,9e-06,0.000995,,,,
839.3,3.4e-05,3.9e-05,1e-05,8e-06,1e-05,1e-05,7e-06,9e-06,0.00102,,,,
839.4,4e-05,3.9e-05,1e-05,8e-06,9e-06,1e-05,6e-06,9e-06,0.001053,,,,
839.5,3.5e-05,3.8e-05,9e-06,8e-06,9e-06,1.1e-05,5e-06,9e-06,0.001086,,,,
839.6,2.89963e-05,3.79994e-05,9e-06,8e-06,9e-06,1.1e-05,4e-06,9e-06,0.00111503,,,,
839.7,2.3e-05,3.7e-05,9e-06,8e-06,9e-06,1.1e-05,4e-06,9e-06,0.001158,,,,
839.8,1.7e-05,3.3e-05,9e-06,8e-06,9e-06,1e-05,4e-06,9e-06,0.001196,,,,
839.9,1.1e-05,2.8e-05,9e-06,8e-06,9e-06,8e-06,4e-06,9e-06,0.00123,,,,
840.0,1e-05,2.3e-05,9e-06,9e-06,9e-06,7e-06,4e-06,9e-06,0.001245,,,,
840.1,8.99939e-06,1.7997e-05,9e-06,9.00061e-06,9e-06,4.99939e-06,4e-06,9e-06,0.00128301,,,,
840.2,8e-06,1.3e-05,9e-06,1e-05,9e-06,4e-06,4e-06,9e-06,0.001301,,,,
840.3,7e-06,1.7e-05,9e-06,9e-06,9e-06,3e-06,5e-06,9e-06,0.001319,,,,
840.4,6e-06,2.4e-05,9e-06,8e-06,9e-06,3e-06,6e-06,9e-06,0.00137,,,,
840.5,5e-06,3e-05,9e-06,7e-06,9e-06,3e-06,7e-06,9e-06,0.0014,,,,
840.6,5e-06,3.60043e-05,9e-06,4.99939e-06,9e-06,2e-06,8.00061e-06,9e-06,0.00145601,,,,
840.7,5e-06,4.3e-05,9e-06,4e-06,9e-06,2e-06,9e-06,9e-06,0.001472,,,,
840.8,5e-06,3.9e-05,9e-06,3e-06,9e-06,4e-06,1e-05,9e-06,0.001535,,,,
840.9,5e-06,3.2e-05,9e-06,3e-06,9e-06,5e-06,1.1e-05,9e-06,0.001599,,,,
841.0,1.1e-05,2.6e-05,9e-06,2e-06,9e-06,7e-06,1.2e-05,9e-06,0.001633,,,,
841.1,1.60037e-05,1.99957e-05,9e-06,2e-06,9e-06,8.00061e-06,1.29994e-05,9e-06,0.00166602,,,,
841.2,2.2e-05,1.3e-05,9e-06,2e-06,9e-06,9e-06,1.2e-05,9e-06,0.001692,,,,
841.3,2.8e-05,1.1e-05,9e-06,2e-06,9e-06,8e-06,1e-05,9e-06,0.001754,,,,
841.4,3.3e-05,1e-05,9e-06,4e-06,9e-06,7e-06,8e-06,9e-06,0.001819,,,,
841.5,2.9e-05,8e-06,9e-06,5e-06,9e-06,6e-06,6e-06,9e-06,0.001847,,,,
841.6,2.49969e-05,6.99939e-06,9e-06,6.00122e-06,9e-06,4.99939e-06,4e-06,9e-06,0.00187806,,,,
841.7,2e-05,6e-06,9e-06,8e-06,9e-06,4e-06,4e-06,9e-06,0.001976,,,,
841.8,1.5e-05,6e-06,9e-06,8e-06,9e-06,4e-06,5e-06,9e-06,0.002038,,,,
841.9,1e-05,6e-06,9e-06,7e-06,9e-06,5e-06,6e-06,9e-06,0.002132,,,,
842.0,1.1e-05,6e-06,9e-06,6e-06,9e-06,5e-06,7e-06,9e-06,0.002153,,,,
842.1,1.20012e-05,5e-06,9e-06,4.99939e-06,9e-06,5.00061e-06,8e-06,9e-06,0.00219905,,,,
842.2,1.4e-05,5e-06,9e-06,4e-06,9e-06,6e-06,8e-06,9e-06,0.002281,,,,
842.3,1.5e-05,1e-05,9e-06,4e-06,9e-06,6e-06,8e-06,9e-06,0.002367,,,,
842.4,1.6e-05,1.6e-05,9e-06,4e-06,9e-06,7e-06,8e-06,9e-06,0.002386,,,,
842.5,1.5e-05,2.2e-05,9e-06,4e-06,8e-06,8e-06,8e-06,9e-06,0.002521,,,,
842.6,1.29988e-05,2.70037e-05,7.99939e-06,5e-06,6.99939e-06,8.00061e-06,7.99939e-06,9e-06,0.00252901,,,,
842.7,1.1e-05,3.3e-05,7e-06,5e-06,6e-06,9e-06,7e-06,9e-06,0.002547,,,,
842.8,9e-06,3.1e-05,6e-06,6e-06,5e-06,9e-06,6e-06,9e-06,0.002641,,,,
842.9,7e-06,2.6e-05,5e-06,6e-06,4e-06,8e-06,5e-06,9e-06,0.002798,,,,
843.0,7e-06,2.1e-05,4e-06,7e-06,4e-06,8e-06,4e-06,9e-06,0.002784,,,,
843.1,6e-06,1.59969e-05,5.00061e-06,7.00061e-06,5.00061e-06,8e-06,3e-06,9e-06,0.0028541,,,,
843.2,6e-06,1.1e-05,6e-06,8e-06,6e-06,8e-06,3e-06,9e-06,0.003025,,,,
843.3,5e-06,1.1e-05,7e-06,8e-06,7e-06,7e-06,4e-06,9e-06,0.003137,,,,
843.4,5e-06,1.2e-05,8e-06,8e-06,8e-06,6e-06,5e-06,9e-06,0.003231,,,,
843.5,6e-06,1.3e-05,9e-06,8e-06,8e-06,5e-06,6e-06,9e-06,0.003374,,,,
843.6,7.00061e-06,1.40012e-05,7.99939e-06,8e-06,6.99939e-06,3.99939e-06,8e-06,9e-06,0.00360099,,,,
843.7,8e-06,1.6e-05,7e-06,8e-06,6e-06,3e-06,8e-06,9e-06,0.003585,,,,
843.8,1e-05,1.4e-05,6e-06,8e-06,5e-06,4e-06,8e-06,9e-06,0.003737,,,,
843.9,1.1e-05,1.3e-05,5e-06,7e-06,4e-06,5e-06,8e-06,9e-06,0.003859,,,,
844.0,1.5e-05,1.1e-05,4e-06,6e-06,4e-06,6e-06,8e-06,9e-06,0.004073,,,,
844.1,2.0003e-05,8.99878e-06,4e-06,4.99939e-06,3e-06,7.00061e-06,8e-06,9e-06,0.00415301,,,,
844.2,2.5e-05,7e-06,4e-06,4e-06,3e-06,8e-06,8e-06,9e-06,0.004165,,,,
844.3,3e-05,6e-06,3e-06,4e-06,3e-06,8e-06,8e-06,9e-06,0.004371,,,,
844.4,3.5e-05,6e-06,3e-06,5e-06,3e-06,8e-06,8e-06,9e-06,0.004427,,,,
844.5,3.1e-05,6e-06,3e-06,6e-06,3e-06,8e-06,8e-06,9e-06,0.004747,,,,
844.6,2.59969e-05,5e-06,3e-06,7.00061e-06,3e-06,8e-06,8e-06,9e-06,0.00499514,,,,
844.7,2.1e-05,5e-06,3e-06,8e-06,3e-06,8e-06,8e-06,9e-06,0.005225,,,,
844.8,1.7e-05,6e-06,3e-06,8e-06,3e-06,8e-06,8e-06,9e-06,0.005413,,,,
844.9,1.2e-05,7e-06,4e-06,8e-06,4e-06,8e-06,8e-06,9e-06,0.005483,,,,
845.0,1.2e-05,8e-06,4e-06,8e-06,5e-06,8e-06,8e-06,9e-06,0.005942,,,,
845.1,1.2e-05,9.00061e-06,6.00122e-06,8e-06,7.00183e-06,7.99939e-06,8e-06,9e-06,0.00584507,,,,
845.2,1.2e-05,1e-05,8e-06,8e-06,1e-05,7e-06,8e-06,9e-06,0.005955,,,,
845.3,1.2e-05,1.3e-05,1.1e-05,8e-06,1.2e-05,7e-06,8e-06,9e-06,0.006174,,,,
845.4,1.2e-05,1.8e-05,1.3e-05,8e-06,1.4e-05,7e-06,8e-06,9e-06,0.006323,,,,
845.5,1.2e-05,2.2e-05,1.6e-05,8e-06,1.4e-05,7e-06,8e-06,9e-06,0.006984,,,,
845.6,1.19994e-05,2.70024e-05,1.49994e-05,8e-06,1.29988e-05,7e-06,8e-06,9e-06,0.00732602,,,,
845.7,1.1e-05,3.1e-05,1.4e-05,8e-06,1.1e-05,7e-06,8e-06,9e-06,0.007356,,,,
845.8,1.1e-05,2.8e-05,1.2e-05,8e-06,1e-05,7e-06,8e-06,9e-06,0.00737,,,,
845.9,1.1e-05,2.4e-05,1.1e-05,8e-06,9e-06,7e-06,9e-06,9e-06,0.007555,,,,
846.0,1.1e-05,2e-05,1e-05,8e-06,8e-06,7e-06,9e-06,9e-06,0.008134,,,,
846.1,1.1e-05,1.49976e-05,9e-06,9e-06,8e-06,7e-06,8.99939e-06,9e-06,0.0082743,,,,
846.2,1.1e-05,1.1e-05,9e-06,9e-06,8e-06,7e-06,8e-06,9e-06,0.008764,,,,
846.3,1.1e-05,1e-05,9e-06,9e-06,8e-06,7e-06,6e-06,9e-06,0.009019,,,,
846.4,1.1e-05,1e-05,9e-06,9e-06,8e-06,7e-06,5e-06,9e-06,0.009125,,,,
846.5,1.1e-05,1e-05,9e-06,9e-06,8e-06,7e-06,3e-06,9e-06,0.009452,,,,
846.6,1.2e-05,1e-05,9e-06,9e-06,8e-06,6.99939e-06,1e-06,8e-06,0.0100468,,,,
846.7,1.2e-05,1e-05,9e-06,9e-06,8e-06,6e-06,1e-06,8e-06,0.009699,,,,
846.8,1.2e-05,1e-05,9e-06,9e-06,8e-06,5e-06,1e-06,8e-06,0.010294,,,,
846.9,1.3e-05,1e-05,9e-06,9e-06,8e-06,4e-06,2e-06,8e-06,0.010646,,,,
847.0,1.2e-05,1e-05,9e-06,9e-06,8e-06,2e-06,2e-06,8e-06,0.010966,,,,
847.1,1.2e-05,9e-06,9e-06,9e-06,8e-06,9.9939e-07,2.00061e-06,8e-06,0.0121702,,,,
847.2,1.2e-05,9e-06,9e-06,9e-06,8e-06,,3e-06,8e-06,0.012438,,,,
847.3,1.1e-05,9e-06,9e-06,8e-06,8e-06,2e-06,4e-06,8e-06,0.012442,,,,
847.4,1.1e-05,9e-06,9e-06,6e-06,8e-06,3e-06,5e-06,8e-06,0.013137,,,,
847.5,1.1e-05,9e-06,9e-06,4e-06,7e-06,4e-06,7e-06,8e-06,0.01347,,,,
847.6,1.1e-05,9e-06,7.99939e-06,1.99939e-06,5.99939e-06,6.00061e-06,8e-06,8e-06,0.0138055,,,,
847.7,1.1e-05,9e-06,7e-06,1e-06,5e-06,7e-06,8e-06,8e-06,0.014616,,,,
847.8,1.1e-05,9e-06,6e-06,1e-06,4e-06,7e-06,8e-06,8e-06,0.014873,,,,
847.9,1.1e-05,9e-06,5e-06,3e-06,3e-06,7e-06,7e-06,8e-06,0.015111,,,,
848.0,1.1e-05,1e-05,3e-06,5e-06,4e-06,7e-06,7e-06,8e-06,0.01614,,,,
848.1,1.09994e-05,1e-05,5.00122e-06,6.00122e-06,6.00122e-06,7e-06,7e-06,8e-06,0.0168452,,,,
848.2,1e-05,1e-05,7e-06,8e-06,8e-06,7e-06,7e-06,8e-06,0.017197,,,,
848.3,1e-05,1e-05,1e-05,9e-06,1.1e-05,7e-06,7e-06,8e-06,0.018028,,,,
848.4,1e-05,1e-05,1.2e-05,9e-06,1.3e-05,6e-06,7e-06,8e-06,0.018528,,,,
848.5,9e-06,9e-06,1.5e-05,9e-06,1.2e-05,6e-06,8e-06,8e-06,0.020463,,,,
848.6,7.99939e-06,9e-06,1.29982e-05,9e-06,8.99817e-06,6e-06,7.99939e-06,8e-06,0.0206076,,,,
848.7,7e-06,9e-06,1e-05,9e-06,6e-06,6e-06,7e-06,8e-06,0.021514,,,,
848.8,6e-06,9e-06,7e-06,9e-06,4e-06,6e-06,6e-06,8e-06,0.022396,,,,
848.9,6e-06,9e-06,4e-06,9e-06,1e-06,6e-06,4e-06,8e-06,0.023346,,,,
849.0,6e-06,9e-06,2e-06,9e-06,1e-06,6e-06,3e-06,8e-06,0.024179,,,,
849.1,6.00061e-06,9e-06,1.00061e-06,9e-06,1.00061e-06,6e-06,1.99939e-06,8e-06,0.0253049,,,,
849.2,7e-06,9e-06,2e-06,9e-06,2e-06,6e-06,1e-06,8e-06,0.026699,,,,
849.3,8e-06,8e-06,2e-06,9e-06,2e-06,6e-06,1e-06,8e-06,0.028015,,,,
849.4,8e-06,8e-06,3e-06,9e-06,3e-06,6e-06,1e-06,8e-06,0.029557,,,,
849.5,7e-06,8e-06,3e-06,9e-06,3e-06,6e-06,1e-06,8e-06,0.030765,,,,
849.6,5.99878e-06,8e-06,3.00061e-06,9e-06,3e-06,6e-06,2e-06,8e-06,0.0317447,,,,
849.7,4e-06,8e-06,4e-06,9e-06,3e-06,6e-06,2e-06,8e-06,0.032921,,,,
849.8,3e-06,7e-06,4e-06,9e-06,3e-06,6e-06,2e-06,8e-06,0.034488,,,,
849.9,2e-06,6e-06,4e-06,9e-06,3e-06,6e-06,3e-06,7e-06,0.036142,,,,
850.0,2e-06,6e-06,4e-06,9e-06,4e-06,6e-06,3e-06,6e-06,0.037858,,,,
850.1,2e-06,4.99939e-06,5.00061e-06,9e-06,5.00061e-06,6e-06,3e-06,3.99939e-06,0.0394922,,,,
850.2,2e-06,4e-06,6e-06,9e-06,6e-06,6e-06,3e-06,3e-06,0.041375,,,,
850.3,3e-06,4e-06,7e-06,9e-06,7e-06,6e-06,2e-06,1e-06,0.043127,,,,
850.4,3e-06,5e-06,8e-06,9e-06,8e-06,6e-06,2e-06,2e-06,0.045239,,,,
850.5,3e-06,5e-06,1e-05,1e-05,7e-06,6e-06,1e-06,3e-06,0.047491,,,,
850.6,4e-06,5.00061e-06,8.99878e-06,1e-05,5.99878e-06,6e-06,1e-06,5.00061e-06,0.0499243,,,,
850.7,4e-06,6e-06,7e-06,1e-05,4e-06,6e-06,1e-06,6e-06,0.052122,,,,
850.8,5e-06,5e-06,5e-06,1e-05,3e-06,5e-06,3e-06,8e-06,0.054366,,,,
850.9,5e-06,4e-06,3e-06,1e-05,1e-06,3e-06,4e-06,8e-06,0.056776,,,,
851.0,5e-06,3e-06,2e-06,1e-05,1e-06,2e-06,6e-06,8e-06,0.059476,,,,
851.1,5.00061e-06,1.99939e-06,1e-06,1e-05,1e-06,1e-06,7e-06,8e-06,0.0623038,,,,
851.2,6e-06,1e-06,1e-06,1e-05,1e-06,1e-06,7e-06,8e-06,0.06526,,,,
851.3,6e-06,1e-06,1e-06,9e-06,1e-06,2e-06,7e-06,8e-06,0.06837,,,,
851.4,6e-06,2e-06,1e-06,7e-06,1e-06,3e-06,6e-06,7e-06,0.071584,,,,
851.5,6e-06,2e-06,1e-06,5e-06,1e-06,4e-06,5e-06,6e-06,0.075142,,,,
851.6,4.99939e-06,2e-06,1e-06,2.99878e-06,1e-06,5.00061e-06,4e-06,3.99939e-06,0.0787645,,,,
851.7,4e-06,2e-06,1e-06,1e-06,1e-06,6e-06,4e-06,3e-06,0.082917,,,,
851.8,3e-06,3e-06,1e-06,2e-06,1e-06,4e-06,5e-06,1e-06,0.086925,,,,
851.9,3e-06,3e-06,2e-06,4e-06,1e-06,3e-06,6e-06,2e-06,0.089998,,,,
852.0,4e-06,3e-06,2e-06,5e-06,2e-06,2e-06,7e-06,3e-06,0.094088,,,,
852.1,5.00122e-06,3e-06,3.00122e-06,7.00122e-06,4.00061e-06,1e-06,8e-06,5.00061e-06,0.0982965,,,,
852.2,7e-06,3e-06,5e-06,9e-06,5e-06,1e-06,8e-06,6e-06,0.102398,,,,
852.3,8e-06,4e-06,6e-06,9e-06,6e-06,2e-06,8e-06,8e-06,0.106959,,,,
852.4,9e-06,4e-06,8e-06,7e-06,7e-06,3e-06,8e-06,8e-06,0.111782,,,,
852.5,8e-06,4e-06,1e-05,5e-06,7e-06,4e-06,8e-06,8e-06,0.116833,,,,
852.6,6.99878e-06,4e-06,8.99878e-06,2.99939e-06,4.99939e-06,5.00061e-06,7.99939e-06,8e-06,0.122195,,,,
852.7,5e-06,4e-06,7e-06,2e-06,4e-06,6e-06,7e-06,8e-06,0.127962,,,,
852.8,4e-06,4e-06,5e-06,2e-06,3e-06,5e-06,5e-06,8e-06,0.133705,,,,
852.9,3e-06,3e-06,3e-06,4e-06,1e-06,4e-06,4e-06,8e-06,0.139497,,,,
853.0,3e-06,3e-06,1e-06,6e-06,1e-06,3e-06,2e-06,8e-06,0.145789,,,,
853.1,4.00061e-06,2e-06,1e-06,8.00122e-06,1e-06,1.99939e-06,1e-06,8e-06,0.152683,,,,
853.2,5e-06,2e-06,1e-06,1e-05,1e-06,1e-06,1e-06,8e-06,0.159524,,,,
853.3,5e-06,3e-06,2e-06,9e-06,2e-06,1e-06,1e-06,8e-06,0.166493,,,,
853.4,6e-06,3e-06,2e-06,8e-06,2e-06,1e-06,2e-06,7e-06,0.174005,,,,
853.5,5e-06,4e-06,2e-06,6e-06,2e-06,1e-06,2e-06,6e-06,0.18023,,,,
853.6,3.99939e-06,5.00061e-06,2e-06,3.99878e-06,1e-06,1e-06,3e-06,3.99939e-06,0.186101,,,,
853.7,3e-06,6e-06,2e-06,2e-06,1e-06,1e-06,3e-06,3e-06,0.192858,,,,
853.8,2e-06,6e-06,1e-06,2e-06,1e-06,1e-06,3e-06,2e-06,0.200691,,,,
853.9,1e-06,5e-06,1e-06,2e-06,,1e-06,3e-06,2e-06,0.208396,,,,
854.0,2e-06,4e-06,1e-06,2e-06,1e-06,1e-06,3e-06,3e-06,0.216141,,,,
854.1,3.00061e-06,2.99939e-06,1e-06,2e-06,1e-06,6.10128e-10,4e-06,5.00061e-06,0.224514,,,,
854.2,4e-06,2e-06,1e-06,2e-06,1e-06,1e-06,4e-06,6e-06,0.234032,,,,
854.3,5e-06,2e-06,1e-06,2e-06,1e-06,2e-06,3e-06,8e-06,0.243545,,,,
854.4,6e-06,3e-06,2e-06,2e-06,1e-06,3e-06,3e-06,8e-06,0.250804,,,,
854.5,6e-06,3e-06,2e-06,1e-06,2e-06,4e-06,3e-06,8e-06,0.26079,,,,
854.6,6e-06,4e-06,2e-06,1e-06,2e-06,5.00061e-06,2e-06,8e-06,0.271252,,,,
854.7,6e-06,4e-06,2e-06,1e-06,2e-06,6e-06,2e-06,8e-06,0.281298,,,,
854.8,6e-06,3e-06,2e-06,2e-06,2e-06,6e-06,2e-06,8e-06,0.29116,,,,
854.9,5e-06,3e-06,2e-06,4e-06,2e-06,6e-06,2e-06,7e-06,0.30075,,,,
855.0,6e-06,2e-06,2e-06,6e-06,1e-06,6e-06,3e-06,6e-06,0.311787,,,,
855.1,6e-06,1e-06,1.99939e-06,8.00122e-06,1e-06,6e-06,3e-06,4.99878e-06,0.32432,,,,
855.2,6e-06,1e-06,1e-06,1e-05,1e-06,6e-06,3e-06,3e-06,0.334902,,,,
855.3,6e-06,1e-06,1e-06,1.1e-05,,6e-06,4e-06,2e-06,0.34687,,,,
855.4,6e-06,2e-06,1e-06,1.1e-05,,6e-06,5e-06,2e-06,0.358176,,,,
855.5,5e-06,2e-06,,1.1e-05,,6e-06,6e-06,4e-06,0.370219,,,,
855.6,3.99939e-06,3.00061e-06,1.00061e-06,1.1e-05,1.00061e-06,6e-06,7e-06,5.00061e-06,0.382039,,,,
855.7,3e-06,4e-06,2e-06,1.1e-05,2e-06,6e-06,7e-06,6e-06,0.393419,,,,
855.8,2e-06,4e-06,3e-06,1.1e-05,3e-06,6e-06,6e-06,8e-06,0.407216,,,,
855.9,1e-06,4e-06,4e-06,1.1e-05,3e-06,6e-06,5e-06,7e-06,0.421103,,,,
856.0,2e-06,4e-06,4e-06,1.1e-05,4e-06,6e-06,3e-06,6e-06,0.433409,,,,
856.1,2.00061e-06,4e-06,6.00061e-06,1.1e-05,5.00061e-06,6e-06,2e-06,3.99939e-06,0.445872,,,,
856.2,3e-06,4e-06,7e-06,1.1e-05,6e-06,6e-06,2e-06,3e-06,0.459697,,,,
856.3,4e-06,4e-06,8e-06,1.1e-05,6e-06,5e-06,4e-06,2e-06,0.474422,,,,
856.4,4e-06,4e-06,9e-06,1.1e-05,7e-06,4e-06,5e-06,2e-06,0.488889,,,,
856.5,5e-06,4e-06,1e-05,1.1e-05,7e-06,3e-06,6e-06,3e-06,0.501329,,,,
856.6,5e-06,4e-06,8.99878e-06,1.1e-05,4.99939e-06,1.99939e-06,7e-06,5.00061e-06,0.51906,,,,
856.7,5e-06,4e-06,7e-06,1.1e-05,4e-06,1e-06,7e-06,6e-06,0.539117,,,,
856.8,6e-06,3e-06,5e-06,1e-05,2e-06,2e-06,6e-06,8e-06,0.553491,,,,
856.9,6e-06,3e-06,3e-06,8e-06,1e-06,3e-06,5e-06,8e-06,0.568238,,,,
857.0,6e-06,2e-06,1e-06,6e-06,1e-06,4e-06,4e-06,7e-06,0.584903,,,,
857.1,5e-06,1.99939e-06,1e-06,3.99878e-06,1e-06,5.00061e-06,3e-06,5.99939e-06,0.59986,,,,
857.2,5e-06,1e-06,1e-06,2e-06,1e-06,6e-06,3e-06,5e-06,0.611739,,,,
857.3,4e-06,1e-06,1e-06,3e-06,1e-06,6e-06,3e-06,4e-06,0.625729,,,,
857.4,4e-06,1e-06,1e-06,5e-06,1e-06,5e-06,2e-06,4e-06,0.64626,,,,
857.5,4e-06,2e-06,1e-06,7e-06,2e-06,5e-06,2e-06,5e-06,0.660747,,,,
857.6,4e-06,2.00061e-06,3.00122e-06,9.00122e-06,3.00122e-06,4e-06,2e-06,6.00061e-06,0.667062,,,,
857.7,4e-06,3e-06,5e-06,1.1e-05,5e-06,4e-06,2e-06,7e-06,0.682114,,,,
857.8,4e-06,3e-06,7e-06,1.1e-05,6e-06,4e-06,1e-06,8e-06,0.705983,,,,
857.9,4e-06,3e-06,9e-06,1e-05,7e-06,5e-06,1e-06,8e-06,0.732174,,,,
858.0,5e-06,3e-06,1.1e-05,9e-06,7e-06,5e-06,1e-06,8e-06,0.748393,,,,
858.1,5.00061e-06,4e-06,9.99878e-06,8e-06,4.99939e-06,6e-06,6.10128e-10,8e-06,0.75561,,,,
858.2,6e-06,4e-06,8e-06,8e-06,4e-06,6e-06,1e-06,8e-06,0.765941,,,,
858.3,7e-06,4e-06,6e-06,8e-06,3e-06,6e-06,3e-06,8e-06,0.784917,,,,
858.4,7e-06,3e-06,4e-06,9e-06,1e-06,6e-06,4e-06,8e-06,0.80037,,,,
858.5,6e-06,3e-06,2e-06,1e-05,1e-06,6e-06,6e-06,7e-06,0.819176,,,,
858.6,4.99939e-06,2.99939e-06,1e-06,1.10006e-05,1e-06,6e-06,7e-06,5.99939e-06,0.836758,,,,
858.7,4e-06,2e-06,1e-06,1.2e-05,1e-06,6e-06,7e-06,5e-06,0.844447,,,,
858.8,3e-06,2e-06,1e-06,1.2e-05,1e-06,6e-06,7e-06,4e-06,0.853271,,,,
858.9,2e-06,2e-06,2e-06,1.2e-05,1e-06,6e-06,6e-06,5e-06,0.863397,,,,
859.0,4e-06,2e-06,2e-06,1.2e-05,2e-06,6e-06,5e-06,5e-06,0.874988,,,,
859.1,7.00122e-06,2e-06,3.00122e-06,1.2e-05,3.00061e-06,6.99939e-06,4.99939e-06,6.00061e-06,0.887304,,,,
859.2,9e-06,2e-06,5e-06,1.2e-05,4e-06,6e-06,4e-06,7e-06,0.898388,,,,
859.3,1.1e-05,3e-06,7e-06,1.2e-05,6e-06,5e-06,3e-06,8e-06,0.908273,,,,
859.4,1.3e-05,3e-06,9e-06,1.2e-05,7e-06,4e-06,3e-06,7e-06,0.919793,,,,
859.5,1.2e-05,4e-06,1.1e-05,1.2e-05,7e-06,3e-06,2e-06,6e-06,0.937562,,,,
859.6,9.99939e-06,4e-06,1.2e-05,1.2e-05,7e-06,2e-06,2e-06,4.99878e-06,0.94179,,,,
859.7,9e-06,4e-06,1.2e-05,1.2e-05,7e-06,2e-06,2e-06,3e-06,0.947004,,,,
859.8,7e-06,4e-06,1.2e-05,1.1e-05,7e-06,3e-06,3e-06,2e-06,0.955436,,,,
859.9,6e-06,3e-06,1.2e-05,9e-06,7e-06,4e-06,5e-06,2e-06,0.956025,,,,
860.0,5e-06,3e-06,1.2e-05,7e-06,6e-06,5e-06,6e-06,2e-06,0.960216,,,,
860.1,3.99939e-06,1.99939e-06,9.99878e-06,4.99878e-06,4.99939e-06,6.00061e-06,7e-06,2e-06,0.972822,,,,
860.2,3e-06,1e-06,8e-06,3e-06,4e-06,7e-06,7e-06,2e-06,0.981315,,,,
860.3,2e-06,2e-06,6e-06,3e-06,3e-06,7e-06,7e-06,2e-06,0.977741,,,,
860.4,2e-06,4e-06,4e-06,5e-06,1e-06,7e-06,6e-06,2e-06,0.971165,,,,
860.5,1e-06,5e-06,2e-06,7e-06,1e-06,7e-06,5e-06,3e-06,0.966522,,,,
860.6,1e-06,6.00122e-06,2e-06,9.00122e-06,1.00061e-06,6.99939e-06,4.99939e-06,3.00061e-06,0.970344,,,,
860.7,1e-06,8e-06,2e-06,1.1e-05,2e-06,6e-06,4e-06,4e-06,0.9751,,,,
860.8,,7e-06,3e-06,1.2e-05,2e-06,5e-06,3e-06,4e-06,0.975764,,,,
860.9,,6e-06,3e-06,1.2e-05,2e-06,4e-06,2e-06,4e-06,0.980707,,,,
861.0,2e-06,5e-06,4e-06,1.2e-05,2e-06,2e-06,1e-06,4e-06,0.984656,,,,
861.1,3.00122e-06,3.99939e-06,4e-06,1.2e-05,3e-06,1e-06,9.9939e-07,3e-06,0.978611,,,,
861.2,5e-06,3e-06,4e-06,1.2e-05,3e-06,1e-06,,3e-06,0.975124,,,,
861.3,7e-06,3e-06,5e-06,1.1e-05,3e-06,2e-06,,2e-06,0.973179,,,,
861.4,8e-06,2e-06,5e-06,8e-06,3e-06,3e-06,,3e-06,0.968096,,,,
861.5,8e-06,2e-06,5e-06,6e-06,3e-06,5e-06,,4e-06,0.974282,,,,
861.6,6.99939e-06,1e-06,4.99939e-06,3.99817e-06,2.99939e-06,6.00061e-06,6.10128e-10,5.00061e-06,0.967186,,,,
861.7,6e-06,1e-06,4e-06,1e-06,2e-06,7e-06,1e-06,6e-06,0.966319,,,,
861.8,5e-06,1e-06,4e-06,2e-06,2e-06,5e-06,3e-06,7e-06,0.964905,,,,
861.9,5e-06,1e-06,3e-06,4e-06,2e-06,4e-06,4e-06,7e-06,0.96193,,,,
862.0,4e-06,,3e-06,6e-06,2e-06,3e-06,6e-06,7e-06,0.960415,,,,
862.1,3e-06,,3e-06,9.00122e-06,2e-06,9.9939e-07,7e-06,5.99939e-06,0.963721,,,,
862.2,3e-06,,3e-06,1.1e-05,2e-06,,7e-06,5e-06,0.966374,,,,
862.3,2e-06,1e-06,4e-06,1.1e-05,3e-06,1e-06,6e-06,5e-06,0.96782,,,,
862.4,2e-06,2e-06,4e-06,8e-06,3e-06,1e-06,5e-06,4e-06,0.969087,,,,
862.5,3e-06,3e-06,5e-06,6e-06,4e-06,1e-06,4e-06,3e-06,0.961349,,,,
862.6,4.00061e-06,4.00061e-06,6.00061e-06,3.99817e-06,4.00061e-06,2e-06,3e-06,2.99939e-06,0.947574,,,,
862.7,5e-06,5e-06,7e-06,1e-06,5e-06,2e-06,3e-06,2e-06,0.948111,,,,
862.8,6e-06,5e-06,9e-06,1e-06,6e-06,2e-06,4e-06,1e-06,0.951777,,,,
862.9,8e-06,4e-06,1e-05,1e-06,7e-06,1e-06,5e-06,1e-06,0.941992,,,,
863.0,7e-06,4e-06,1.2e-05,2e-06,7e-06,1e-06,6e-06,1e-06,0.939556,,,,
863.1,7e-06,3e-06,1.2e-05,3e-06,7e-06,1e-06,7e-06,1e-06,0.947999,,,,
863.2,7e-06,3e-06,1.2e-05,3e-06,7e-06,1e-06,7e-06,1e-06,0.955297,,,,
863.3,6e-06,2e-06,1.2e-05,3e-06,7e-06,1e-06,7e-06,1e-06,0.946915,,,,
863.4,6e-06,2e-06,1.2e-05,3e-06,7e-06,1e-06,7e-06,1e-06,0.936414,,,,
863.5,5e-06,2e-06,1.2e-05,2e-06,6e-06,1e-06,7e-06,1e-06,0.940659,,,,
863.6,4.99939e-06,1e-06,1.09982e-05,1.99939e-06,4.99939e-06,1e-06,7e-06,1e-06,0.940812,,,,
863.7,4e-06,1e-06,8e-06,1e-06,4e-06,1e-06,7e-06,1e-06,0.940122,,,,
863.8,3e-06,1e-06,6e-06,1e-06,3e-06,3e-06,7e-06,1e-06,0.944182,,,,
863.9,3e-06,2e-06,4e-06,1e-06,1e-06,4e-06,7e-06,2e-06,0.941488,,,,
864.0,4e-06,3e-06,2e-06,1e-06,1e-06,5e-06,7e-06,2e-06,0.940562,,,,
864.1,5.00061e-06,4e-06,2.00061e-06,1e-06,2e-06,6.00061e-06,7e-06,3e-06,0.948432,,,,
864.2,6e-06,4e-06,3e-06,1e-06,2e-06,7e-06,7e-06,3e-06,0.956402,,,,
864.3,7e-06,4e-06,4e-06,3e-06,3e-06,6e-06,7e-06,3e-06,0.956026,,,,
864.4,8e-06,4e-06,5e-06,5e-06,3e-06,5e-06,7e-06,4e-06,0.945468,,,,
864.5,9e-06,4e-06,6e-06,7e-06,4e-06,3e-06,7e-06,5e-06,0.946035,,,,
864.6,1e-05,4e-06,7.00061e-06,8.00122e-06,5.00061e-06,1.99939e-06,7e-06,6.00061e-06,0.942898,,,,
864.7,1e-05,4e-06,8e-06,1e-05,6e-06,1e-06,7e-06,7e-06,0.933356,,,,
864.8,1.1e-05,3e-06,1e-05,1e-05,6e-06,1e-06,7e-06,7e-06,0.939396,,,,
864.9,1.2e-05,3e-06,1.1e-05,8e-06,7e-06,1e-06,7e-06,7e-06,0.94346,,,,
865.0,1.1e-05,2e-06,1.2e-05,7e-06,6e-06,1e-06,7e-06,7e-06,0.937988,,,,
865.1,1e-05,2e-06,1.09988e-05,4.99878e-06,4.99939e-06,1e-06,7e-06,5.99939e-06,0.939892,,,,
865.2,1e-05,2e-06,9e-06,3e-06,4e-06,1e-06,7e-06,5e-06,0.939191,,,,
865.3,9e-06,2e-06,7e-06,2e-06,3e-06,1e-06,6e-06,5e-06,0.942436,,,,
865.4,9e-06,3e-06,5e-06,2e-06,2e-06,1e-06,5e-06,4e-06,0.944498,,,,
865.5,9e-06,4e-06,3e-06,2e-06,2e-06,1e-06,3e-06,4e-06,0.944793,,,,
865.6,1.00006e-05,4.00061e-06,3.00061e-06,2e-06,2e-06,1e-06,2e-06,2.99939e-06,0.953692,,,,
865.7,1.1e-05,5e-06,4e-06,2e-06,2e-06,1e-06,2e-06,2e-06,0.963594,,,,
865.8,1.2e-05,5e-06,4e-06,2e-06,3e-06,3e-06,2e-06,2e-06,0.960979,,,,
865.9,1.3e-05,6e-06,5e-06,2e-06,3e-06,4e-06,2e-06,2e-06,0.958571,,,,
866.0,1.3e-05,6e-06,6e-06,2e-06,3e-06,5e-06,2e-06,4e-06,0.968478,,,,
866.1,1.3e-05,6.00061e-06,4.99939e-06,2e-06,2.99939e-06,6.00061e-06,1.00061e-06,5.00061e-06,0.971494,,,,
866.2,1.3e-05,7e-06,4e-06,2e-06,2e-06,7e-06,2e-06,6e-06,0.970681,,,,
866.3,1.3e-05,6e-06,3e-06,2e-06,2e-06,7e-06,2e-06,7e-06,0.96487,,,,
866.4,1.3e-05,6e-06,3e-06,4e-06,1e-06,7e-06,3e-06,8e-06,0.958179,,,,
866.5,1.4e-05,6e-06,2e-06,6e-06,1e-06,7e-06,3e-06,8e-06,0.968723,,,,
866.6,1.50006e-05,5.99939e-06,2e-06,8.00122e-06,1e-06,7e-06,4e-06,8e-06,0.978395,,,,
866.7,1.6e-05,5e-06,2e-06,1e-05,1e-06,7e-06,4e-06,8e-06,0.9915,,,,
866.8,1.7e-05,6e-06,2e-06,1.1e-05,1e-06,6e-06,5e-06,8e-06,0.979353,,,,
866.9,1.8e-05,6e-06,3e-06,1.1e-05,2e-06,5e-06,6e-06,7e-06,0.972982,,,,
867.0,1.8e-05,6e-06,3e-06,1.1e-05,2e-06,4e-06,6e-06,5e-06,0.97429,,,,
867.1,1.7e-05,7e-06,5.00122e-06,1.09994e-05,4.00061e-06,2.99939e-06,7e-06,3.99878e-06,0.981912,,,,
867.2,1.7e-05,7e-06,7e-06,1e-05,5e-06,2e-06,7e-06,2e-06,0.990964,,,,
867.3,1.7e-05,8e-06,9e-06,1e-05,6e-06,2e-06,7e-06,1e-06,0.99082,,,,
867.4,1.7e-05,8e-06,1e-05,8e-06,7e-06,2e-06,7e-06,1e-06,0.98754,,,,
867.5,1.6e-05,8e-06,1.2e-05,7e-06,7e-06,2e-06,7e-06,3e-06,0.985669,,,,
867.6,1.5e-05,8e-06,1.3e-05,4.99939e-06,7e-06,2e-06,7e-06,4.00122e-06,0.984274,,,,
867.7,1.5e-05,8e-06,1.3e-05,4e-06,7e-06,2e-06,7e-06,6e-06,0.991051,,,,
867.8,1.4e-05,8e-06,1.3e-05,3e-06,7e-06,2e-06,6e-06,7e-06,0.986726,,,,
867.9,1.3e-05,9e-06,1.3e-05,3e-06,7e-06,2e-06,6e-06,7e-06,0.990905,,,,
868.0,1.5e-05,9e-06,1.3e-05,3e-06,7e-06,2e-06,5e-06,6e-06,0.985302,,,,
868.1,1.70012e-05,1.00006e-05,1.19988e-05,3e-06,5.99939e-06,2e-06,4e-06,5.99939e-06,0.981578,,,,
868.2,1.9e-05,1.1e-05,1e-05,3e-06,5e-06,2e-06,4e-06,5e-06,0.988321,,,,
868.3,2.1e-05,1.1e-05,8e-06,3e-06,4e-06,2e-06,3e-06,4e-06,0.998804,,,,
868.4,2.3e-05,1e-05,6e-06,3e-06,3e-06,1e-06,2e-06,5e-06,0.995168,,,,
868.5,2.3e-05,1e-05,5e-06,3e-06,3e-06,1e-06,2e-06,5e-06,0.995391,,,,
868.6,2.3e-05,1e-05,5e-06,3e-06,3e-06,1e-06,1.00061e-06,6.00061e-06,0.995874,,,,
868.7,2.3e-05,1e-05,5e-06,3e-06,3e-06,1e-06,2e-06,7e-06,0.981141,,,,
868.8,2.3e-05,1e-05,6e-06,3e-06,4e-06,2e-06,3e-06,7e-06,0.983613,,,,
868.9,2.3e-05,9e-06,7e-06,2e-06,4e-06,4e-06,4e-06,7e-06,0.980481,,,,
869.0,2.1e-05,9e-06,8e-06,2e-06,4e-06,5e-06,6e-06,5e-06,0.967419,,,,
869.1,1.99994e-05,8.99939e-06,7e-06,1e-06,3.99939e-06,6.00061e-06,7e-06,3.99878e-06,0.973109,,,,
869.2,1.9e-05,8e-06,7e-06,1e-06,3e-06,7e-06,7e-06,2e-06,0.989003,,,,
869.3,1.7e-05,9e-06,6e-06,2e-06,3e-06,6e-06,6e-06,1e-06,0.994878,,,,
869.4,1.6e-05,1e-05,5e-06,3e-06,2e-06,5e-06,5e-06,1e-06,0.997073,,,,
869.5,1.7e-05,1.1e-05,4e-06,5e-06,2e-06,4e-06,4e-06,2e-06,0.987362,,,,
869.6,1.80006e-05,1.20012e-05,4e-06,7.00122e-06,2e-06,2.99939e-06,3.99939e-06,3.00061e-06,0.981622,,,,
869.7,1.9e-05,1.4e-05,4e-06,9e-06,2e-06,2e-06,3e-06,4e-06,0.991421,,,,
869.8,2e-05,1.4e-05,3e-06,9e-06,2e-06,3e-06,2e-06,5e-06,0.997023,,,,
869.9,2.1e-05,1.4e-05,3e-06,7e-06,2e-06,4e-06,2e-06,5e-06,0.993723,,,,
870.0,2e-05,1.4e-05,3e-06,6e-06,1e-06,5e-06,1e-06,5e-06,0.989399,,,,
870.1,1.89994e-05,1.4e-05,2e-06,4.99878e-06,1e-06,6.00061e-06,6.10128e-10,5e-06,0.995164,,,,
870.2,1.8e-05,1.4e-05,2e-06,3e-06,1e-06,7e-06,1e-06,5e-06,1.0,,,,
870.3,1.7e-05,1.3e-05,1e-06,3e-06,,5e-06,2e-06,5e-06,0.991718,,,,
870.4,1.6e-05,1.2e-05,1e-06,5e-06,,4e-06,4e-06,4e-06,0.98103,,,,
870.5,1.6e-05,1.1e-05,,6e-06,,3e-06,5e-06,4e-06,0.97462,,,,
870.6,1.6e-05,1.09994e-05,1.00061e-06,7.00122e-06,1e-06,1.99939e-06,7e-06,3e-06,0.981853,,,,
870.7,1.6e-05,1e-05,2e-06,9e-06,1e-06,1e-06,7e-06,3e-06,0.97345,,,,
870.8,1.6e-05,1e-05,3e-06,8e-06,2e-06,2e-06,6e-06,2e-06,0.960974,,,,
870.9,1.6e-05,1.1e-05,4e-06,7e-06,2e-06,4e-06,4e-06,2e-06,0.964356,,,,
871.0,1.6e-05,1.2e-05,4e-06,5e-06,2e-06,5e-06,3e-06,2e-06,0.965189,,,,
871.1,1.6e-05,1.20006e-05,3.99939e-06,2.99939e-06,1.99939e-06,6.00061e-06,2.00061e-06,2e-06,0.948887,,,,
871.2,1.6e-05,1.3e-05,3e-06,2e-06,1e-06,7e-06,3e-06,2e-06,0.948525,,,,
871.3,1.6e-05,1.3e-05,3e-06,2e-06,1e-06,7e-06,4e-06,3e-06,0.960993,,,,
871.4,1.6e-05,1.2e-05,2e-06,3e-06,,7e-06,5e-06,3e-06,0.963791,,,,
871.5,1.7e-05,1.1e-05,1e-06,5e-06,1e-06,7e-06,6e-06,3e-06,0.942208,,,,
871.6,1.7e-05,1.09994e-05,1e-06,7.00061e-06,1e-06,6.99939e-06,7e-06,3.00061e-06,0.925636,,,,
871.7,1.7e-05,1e-05,1e-06,8e-06,1e-06,6e-06,7e-06,4e-06,0.938027,,,,
871.8,1.7e-05,1e-05,2e-06,9e-06,1e-06,5e-06,7e-06,4e-06,0.942398,,,,
871.9,1.7e-05,1e-05,2e-06,9e-06,1e-06,4e-06,7e-06,4e-06,0.943276,,,,
872.0,1.8e-05,1e-05,3e-06,9e-06,2e-06,3e-06,7e-06,3e-06,0.948504,,,,
872.1,1.80006e-05,1e-05,4.00122e-06,9e-06,3.00061e-06,2e-06,6.99939e-06,2e-06,0.941891,,,,
872.2,1.9e-05,1e-05,6e-06,9e-06,4e-06,2e-06,6e-06,2e-06,0.936785,,,,
872.3,1.9e-05,1e-05,7e-06,8e-06,5e-06,3e-06,5e-06,1e-06,0.940643,,,,
872.4,2e-05,1e-05,9e-06,7e-06,6e-06,4e-06,4e-06,2e-06,0.936232,,,,
872.5,2e-05,1e-05,1.1e-05,5e-06,5e-06,5e-06,3e-06,3e-06,0.925833,,,,
872.6,2.1e-05,1e-05,9.99878e-06,3.99939e-06,4.99939e-06,6e-06,1.99939e-06,4.00122e-06,0.925927,,,,
872.7,2.1e-05,1e-05,8e-06,3e-06,4e-06,6e-06,1e-06,6e-06,0.932272,,,,
872.8,2.1e-05,1e-05,7e-06,3e-06,3e-06,5e-06,1e-06,7e-06,0.923397,,,,
872.9,2.2e-05,1e-05,5e-06,4e-06,2e-06,4e-06,1e-06,7e-06,0.913708,,,,
873.0,2.1e-05,1.1e-05,4e-06,5e-06,2e-06,3e-06,1e-06,6e-06,0.902987,,,,
873.1,1.99994e-05,1.1e-05,3e-06,7.00061e-06,2e-06,2e-06,1.99939e-06,4.99939e-06,0.898877,,,,
873.2,1.9e-05,1.1e-05,3e-06,8e-06,2e-06,2e-06,1e-06,4e-06,0.906689,,,,
873.3,1.8e-05,1.1e-05,3e-06,8e-06,2e-06,3e-06,1e-06,3e-06,0.898502,,,,
873.4,1.8e-05,1.2e-05,3e-06,6e-06,1e-06,4e-06,1e-06,3e-06,0.897951,,,,
873.5,1.7e-05,1.2e-05,3e-06,5e-06,1e-06,5e-06,1e-06,3e-06,0.901529,,,,
873.6,1.7e-05,1.2e-05,2e-06,3.99939e-06,1e-06,6e-06,1e-06,4e-06,0.879314,,,,
873.7,1.7e-05,1.2e-05,2e-06,3e-06,1e-06,6e-06,1e-06,4e-06,0.862269,,,,
873.8,1.7e-05,1.3e-05,2e-06,3e-06,1e-06,5e-06,3e-06,4e-06,0.869297,,,,
873.9,1.7e-05,1.3e-05,1e-06,4e-06,1e-06,4e-06,4e-06,4e-06,0.873434,,,,
874.0,1.5e-05,1.3e-05,1e-06,5e-06,1e-06,3e-06,5e-06,4e-06,0.856397,,,,
874.1,1.29988e-05,1.3e-05,2.00061e-06,6.00122e-06,2.00061e-06,1.99939e-06,7e-06,4e-06,0.848646,,,,
874.2,1.1e-05,1.3e-05,3e-06,8e-06,3e-06,1e-06,7e-06,4e-06,0.85226,,,,
874.3,9e-06,1.3e-05,5e-06,7e-06,3e-06,2e-06,7e-06,5e-06,0.856108,,,,
874.4,6e-06,1.3e-05,6e-06,6e-06,4e-06,3e-06,7e-06,4e-06,0.843163,,,,
874.5,8e-06,1.2e-05,7e-06,5e-06,4e-06,4e-06,7e-06,4e-06,0.809763,,,,
874.6,1.00006e-05,1.19994e-05,7e-06,2.99939e-06,3.99939e-06,6e-06,6.99939e-06,4e-06,0.799211,,,,
874.7,1.1e-05,1.1e-05,7e-06,2e-06,3e-06,6e-06,6e-06,4e-06,0.806844,,,,
874.8,1.3e-05,1.1e-05,6e-06,2e-06,3e-06,6e-06,5e-06,4e-06,0.802067,,,,
874.9,1.5e-05,1.1e-05,5e-06,3e-06,3e-06,6e-06,4e-06,4e-06,0.803041,,,,
875.0,1.5e-05,1.1e-05,5e-06,5e-06,3e-06,6e-06,3e-06,4e-06,0.800949,,,,
875.1,1.49994e-05,1.1e-05,6.00061e-06,6.00061e-06,4.00061e-06,6e-06,2e-06,3.99939e-06,0.774344,,,,
875.2,1.4e-05,1.1e-05,7e-06,7e-06,5e-06,6e-06,2e-06,3e-06,0.755307,,,,
875.3,1.4e-05,1e-05,9e-06,8e-06,6e-06,5e-06,3e-06,3e-06,0.744626,,,,
875.4,1.4e-05,8e-06,1.1e-05,8e-06,7e-06,4e-06,4e-06,3e-06,0.752984,,,,
875.5,1.3e-05,7e-06,1.2e-05,8e-06,6e-06,3e-06,5e-06,3e-06,0.761642,,,,
875.6,1.3e-05,5.99878e-06,1.09988e-05,8e-06,4.99939e-06,2.99939e-06,6.99939e-06,3e-06,0.736601,,,,
875.7,1.3e-05,4e-06,9e-06,8e-06,4e-06,2e-06,6e-06,3e-06,0.699589,,,,
875.8,1.3e-05,5e-06,7e-06,7e-06,3e-06,1e-06,5e-06,3e-06,0.698912,,,,
875.9,1.3e-05,6e-06,5e-06,6e-06,1e-06,1e-06,4e-06,3e-06,0.713481,,,,
876.0,1.2e-05,7e-06,2e-06,5e-06,2e-06,1e-06,2e-06,2e-06,0.700281,,,,
876.1,1.1e-05,8.00061e-06,3.00061e-06,3.99939e-06,2.00061e-06,,1e-06,2e-06,0.670937,,,,
876.2,1.1e-05,9e-06,4e-06,3e-06,3e-06,,1e-06,2e-06,0.654817,,,,
876.3,1e-05,9e-06,6e-06,2e-06,4e-06,2e-06,1e-06,2e-06,0.640784,,,,
876.4,9e-06,9e-06,7e-06,2e-06,5e-06,3e-06,1e-06,2e-06,0.645198,,,,
876.5,1.1e-05,9e-06,9e-06,1e-06,5e-06,4e-06,,3e-06,0.634409,,,,
876.6,1.20012e-05,9e-06,8.99939e-06,9.9939e-07,4e-06,5.00061e-06,6.10128e-10,3e-06,0.61253,,,,
876.7,1.4e-05,9e-06,8e-06,,4e-06,6e-06,1e-06,3e-06,0.588848,,,,
876.8,1.6e-05,9e-06,7e-06,1e-06,3e-06,6e-06,1e-06,4e-06,0.572739,,,,
876.9,1.8e-05,9e-06,6e-06,2e-06,3e-06,6e-06,2e-06,4e-06,0.567618,,,,
877.0,1.7e-05,8e-06,5e-06,4e-06,3e-06,6e-06,3e-06,3e-06,0.563381,,,,
877.1,1.59988e-05,8e-06,6.00061e-06,5.00122e-06,4.00061e-06,6e-06,3.00061e-06,3e-06,0.558433,,,,
877.2,1.4e-05,8e-06,7e-06,7e-06,5e-06,6e-06,4e-06,3e-06,0.53886,,,,
877.3,1.3e-05,8e-06,9e-06,8e-06,6e-06,6e-06,5e-06,3e-06,0.521761,,,,
877.4,1.2e-05,7e-06,1.1e-05,7e-06,7e-06,6e-06,5e-06,3e-06,0.511656,,,,
877.5,1.2e-05,7e-06,1.2e-05,7e-06,7e-06,6e-06,6e-06,3e-06,0.499751,,,,
877.6,1.20006e-05,6.99939e-06,1.19994e-05,7e-06,6e-06,6e-06,6.99939e-06,2e-06,0.491815,,,,
877.7,1.3e-05,6e-06,1.1e-05,7e-06,6e-06,6e-06,6e-06,2e-06,0.470902,,,,
877.8,1.3e-05,7e-06,1e-05,7e-06,5e-06,5e-06,5e-06,2e-06,0.439817,,,,
877.9,1.3e-05,8e-06,9e-06,7e-06,5e-06,4e-06,4e-06,2e-06,0.412069,,,,
878.0,1.4e-05,9e-06,8e-06,7e-06,5e-06,3e-06,3e-06,2e-06,0.401209,,,,
878.1,1.50006e-05,1.00006e-05,8e-06,7e-06,5e-06,2.99939e-06,1.99939e-06,2e-06,0.39937,,,,
878.2,1.6e-05,1.1e-05,8e-06,7e-06,5e-06,2e-06,1e-06,2e-06,0.387219,,,,
878.3,1.7e-05,1.1e-05,8e-06,7e-06,5e-06,2e-06,1e-06,2e-06,0.370727,,,,
878.4,1.8e-05,1e-05,8e-06,6e-06,5e-06,2e-06,1e-06,2e-06,0.349926,,,,
878.5,1.6e-05,9e-06,8e-06,5e-06,4e-06,3e-06,1e-06,2e-06,0.332668,,,,
878.6,1.39988e-05,8.99939e-06,6.99939e-06,3.99939e-06,3e-06,3e-06,1e-06,2e-06,0.32646,,,,
878.7,1.2e-05,8e-06,6e-06,3e-06,3e-06,3e-06,1e-06,2e-06,0.32681,,,,
878.8,1e-05,8e-06,5e-06,3e-06,2e-06,2e-06,1e-06,2e-06,0.316638,,,,
878.9,8e-06,8e-06,3e-06,3e-06,1e-06,2e-06,2e-06,2e-06,0.300402,,,,
879.0,1e-05,8e-06,2e-06,3e-06,1e-06,2e-06,2e-06,2e-06,0.284361,,,,
879.1,1.30012e-05,8.00061e-06,2.00061e-06,3e-06,2e-06,1e-06,3e-06,2e-06,0.272519,,,,
879.2,1.5e-05,9e-06,3e-06,3e-06,2e-06,1e-06,3e-06,2e-06,0.264917,,,,
879.3,1.8e-05,9e-06,4e-06,3e-06,3e-06,2e-06,4e-06,2e-06,0.251814,,,,
879.4,2.1e-05,1e-05,5e-06,3e-06,3e-06,2e-06,5e-06,2e-06,0.2396,,,,
879.5,2e-05,1e-05,6e-06,2e-06,3e-06,2e-06,6e-06,2e-06,0.230268,,,,
879.6,1.99994e-05,1.10006e-05,5.99939e-06,1.99939e-06,3e-06,3e-06,6.00061e-06,2.00061e-06,0.218437,,,,
879.7,1.9e-05,1.2e-05,5e-06,1e-06,3e-06,3e-06,7e-06,3e-06,0.207968,,,,
879.8,1.9e-05,1.1e-05,5e-06,2e-06,2e-06,3e-06,7e-06,3e-06,0.197536,,,,
879.9,1.8e-05,9e-06,4e-06,2e-06,2e-06,2e-06,7e-06,3e-06,0.187498,,,,
880.0,1.8e-05,8e-06,4e-06,3e-06,2e-06,2e-06,7e-06,4e-06,0.179932,,,,
880.1,1.7e-05,6.99878e-06,4e-06,3.00061e-06,2e-06,2e-06,7e-06,5.00061e-06,0.171552,,,,
880.2,1.7e-05,5e-06,4e-06,4e-06,2e-06,2e-06,7e-06,6e-06,0.165855,,,,
880.3,1.6e-05,7e-06,4e-06,4e-06,3e-06,3e-06,7e-06,7e-06,0.156606,,,,
880.4,1.6e-05,8e-06,4e-06,3e-06,3e-06,3e-06,7e-06,7e-06,0.149813,,,,
880.5,1.7e-05,1e-05,4e-06,3e-06,3e-06,4e-06,7e-06,6e-06,0.145485,,,,
880.6,1.80006e-05,1.20012e-05,4e-06,2e-06,3e-06,5e-06,6.99939e-06,4.99939e-06,0.139247,,,,
880.7,1.9e-05,1.4e-05,4e-06,2e-06,3e-06,5e-06,6e-06,4e-06,0.13375,,,,
880.8,2e-05,1.4e-05,4e-06,2e-06,3e-06,5e-06,5e-06,4e-06,0.127923,,,,
880.9,2.1e-05,1.3e-05,4e-06,3e-06,3e-06,4e-06,3e-06,3e-06,0.118673,,,,
881.0,2e-05,1.3e-05,4e-06,4e-06,3e-06,3e-06,2e-06,3e-06,0.111855,,,,
881.1,1.89994e-05,1.29994e-05,4e-06,5.00061e-06,2e-06,2e-06,1e-06,2e-06,0.109125,,,,
881.2,1.8e-05,1.2e-05,4e-06,6e-06,2e-06,2e-06,1e-06,2e-06,0.104166,,,,
881.3,1.6e-05,1.2e-05,4e-06,6e-06,2e-06,1e-06,2e-06,2e-06,0.096352,,,,
881.4,1.5e-05,1.2e-05,3e-06,5e-06,2e-06,1e-06,2e-06,2e-06,0.092835,,,,
881.5,1.5e-05,1.1e-05,3e-06,4e-06,2e-06,1e-06,3e-06,2e-06,0.09072,,,,
881.6,1.5e-05,1.1e-05,2.99939e-06,2.99939e-06,1.99939e-06,,4e-06,3e-06,0.0885931,,,,
881.7,1.5e-05,1.1e-05,2e-06,2e-06,1e-06,,4e-06,3e-06,0.085538,,,,
881.8,1.5e-05,1.1e-05,2e-06,2e-06,1e-06,,3e-06,3e-06,0.079882,,,,
881.9,1.5e-05,1.2e-05,2e-06,1e-06,1e-06,,3e-06,3e-06,0.074623,,,,
882.0,1.5e-05,1.3e-05,1e-06,1e-06,1e-06,,3e-06,3e-06,0.071705,,,,
882.1,1.5e-05,1.30006e-05,2e-06,9.9939e-07,2e-06,,2.00061e-06,2.99939e-06,0.0707049,,,,
882.2,1.5e-05,1.4e-05,2e-06,,2e-06,,3e-06,2e-06,0.068967,,,,
882.3,1.5e-05,1.3e-05,3e-06,,2e-06,,4e-06,2e-06,0.063867,,,,
882.4,1.5e-05,1.3e-05,4e-06,,3e-06,1e-06,4e-06,2e-06,0.058105,,,,
882.5,1.6e-05,1.2e-05,5e-06,,3e-06,1e-06,5e-06,2e-06,0.055237,,,,
882.6,1.70006e-05,1.09994e-05,5e-06,,3e-06,1e-06,6e-06,2.00061e-06,0.054026,,,,
882.7,1.8e-05,1e-05,5e-06,,3e-06,1e-06,6e-06,3e-06,0.052436,,,,
882.8,2e-05,1e-05,5e-06,,3e-06,1e-06,6e-06,3e-06,0.048578,,,,
882.9,2.1e-05,1e-05,5e-06,,3e-06,1e-06,5e-06,3e-06,0.046391,,,,
883.0,2e-05,1e-05,5e-06,1e-06,4e-06,1e-06,4e-06,3e-06,0.045339,,,,
883.1,1.89994e-05,1e-05,6e-06,1e-06,4e-06,1e-06,4e-06,2e-06,0.0446173,,,,
883.2,1.8e-05,1e-05,6e-06,1e-06,4e-06,1e-06,4e-06,2e-06,0.043433,,,,
883.3,1.7e-05,1e-05,7e-06,1e-06,4e-06,1e-06,4e-06,2e-06,0.041193,,,,
883.4,1.6e-05,1e-05,7e-06,1e-06,5e-06,2e-06,4e-06,2e-06,0.040325,,,,
883.5,1.7e-05,1e-05,7e-06,1e-06,5e-06,2e-06,4e-06,3e-06,0.038934,,,,
883.6,1.80006e-05,1e-05,6.99939e-06,9.9939e-07,4e-06,3e-06,4e-06,3.00061e-06,0.0360356,,,,
883.7,1.9e-05,1e-05,6e-06,,4e-06,3e-06,4e-06,4e-06,0.033722,,,,
883.8,2e-05,1.1e-05,6e-06,1e-06,3e-06,4e-06,3e-06,4e-06,0.033195,,,,
883.9,2.1e-05,1.2e-05,5e-06,1e-06,3e-06,4e-06,3e-06,5e-06,0.032576,,,,
884.0,2e-05,1.3e-05,5e-06,2e-06,3e-06,5e-06,3e-06,5e-06,0.03144,,,,
884.1,1.89994e-05,1.30006e-05,5e-06,3e-06,3.00061e-06,6e-06,2.00061e-06,6e-06,0.0319058,,,,
884.2,1.8e-05,1.4e-05,5e-06,3e-06,4e-06,6e-06,3e-06,6e-06,0.029918,,,,
884.3,1.7e-05,1.4e-05,6e-06,4e-06,4e-06,5e-06,4e-06,7e-06,0.02843,,,,
884.4,1.6e-05,1.3e-05,6e-06,5e-06,5e-06,5e-06,4e-06,7e-06,0.027472,,,,
884.5,1.6e-05,1.3e-05,7e-06,5e-06,5e-06,4e-06,5e-06,7e-06,0.025094,,,,
884.6,1.6e-05,1.19994e-05,7e-06,6.00061e-06,5e-06,3e-06,6.00061e-06,6e-06,0.0233643,,,,
884.7,1.6e-05,1.1e-05,7e-06,7e-06,5e-06,3e-06,7e-06,6e-06,0.022234,,,,
884.8,1.6e-05,1.2e-05,7e-06,7e-06,5e-06,2e-06,7e-06,6e-06,0.022492,,,,
884.9,1.6e-05,1.3e-05,8e-06,6e-06,5e-06,2e-06,7e-06,5e-06,0.021554,,,,
885.0,1.6e-05,1.3e-05,8e-06,5e-06,5e-06,2e-06,7e-06,5e-06,0.019877,,,,
885.1,1.59994e-05,1.40006e-05,6.99939e-06,4e-06,3.99939e-06,1e-06,6.99939e-06,5e-06,0.0190912,,,,
885.2,1.5e-05,1.5e-05,6e-06,4e-06,3e-06,1e-06,6e-06,5e-06,0.021104,,,,
885.3,1.5e-05,1.4e-05,5e-06,3e-06,3e-06,1e-06,4e-06,5e-06,0.021813,,,,
885.4,1.5e-05,1.4e-05,4e-06,3e-06,2e-06,2e-06,3e-06,5e-06,0.018711,,,,
885.5,1.5e-05,1.3e-05,3e-06,2e-06,1e-06,2e-06,2e-06,5e-06,0.01571,,,,
885.6,1.4e-05,1.19994e-05,2e-06,1.99939e-06,1e-06,2e-06,9.9939e-07,6e-06,0.0166983,,,,
885.7,1.4e-05,1.1e-05,2e-06,1e-06,1e-06,2e-06,,6e-06,0.017186,,,,
885.8,1.3e-05,1.1e-05,1e-06,1e-06,1e-06,2e-06,1e-06,6e-06,0.016792,,,,
885.9,1.3e-05,1.1e-05,1e-06,2e-06,,2e-06,1e-06,7e-06,0.015164,,,,
886.0,1.4e-05,1.1e-05,1e-06,2e-06,,2e-06,2e-06,7e-06,0.014718,,,,
886.1,1.60012e-05,1.1e-05,1e-06,2.00061e-06,6.10128e-10,2e-06,2e-06,6e-06,0.0140106,,,,
886.2,1.8e-05,1.1e-05,1e-06,3e-06,1e-06,2e-06,2e-06,6e-06,0.013284,,,,
886.3,1.9e-05,1.1e-05,1e-06,3e-06,1e-06,2e-06,2e-06,6e-06,0.012357,,,,
886.4,2.1e-05,1.1e-05,1e-06,2e-06,1e-06,2e-06,2e-06,6e-06,0.013518,,,,
886.5,1.8e-05,1.1e-05,1e-06,2e-06,1e-06,2e-06,1e-06,6e-06,0.013473,,,,
886.6,1.39982e-05,1.1e-05,1.00061e-06,2e-06,1.00061e-06,3e-06,1e-06,5e-06,0.0107211,,,,
886.7,1.1e-05,1.1e-05,2e-06,2e-06,2e-06,3e-06,1e-06,5e-06,0.009245,,,,
886.8,7e-06,1.1e-05,2e-06,2e-06,2e-06,2e-06,1e-06,5e-06,0.009495,,,,
886.9,4e-06,1e-05,3e-06,2e-06,2e-06,2e-06,1e-06,5e-06,0.008388,,,,
887.0,4e-06,1e-05,3e-06,2e-06,2e-06,1e-06,,6e-06,0.007345,,,,
887.1,5.00061e-06,9.99939e-06,2.99939e-06,3e-06,1.99939e-06,1e-06,,6.00061e-06,0.00790516,,,,
887.2,6e-06,9e-06,2e-06,3e-06,1e-06,1e-06,,7e-06,0.006526,,,,
887.3,7e-06,1e-05,2e-06,3e-06,1e-06,1e-06,,8e-06,0.006427,,,,
887.4,8e-06,1.1e-05,1e-06,2e-06,,1e-06,,8e-06,0.008096,,,,
887.5,8e-06,1.3e-05,1e-06,2e-06,1e-06,1e-06,1e-06,9e-06,0.008015,,,,
887.6,6.99939e-06,1.40006e-05,1e-06,1e-06,1e-06,1.00061e-06,1e-06,9.00061e-06,0.0104238,,,,
887.7,6e-06,1.5e-05,1e-06,1e-06,1e-06,2e-06,1e-06,1e-05,0.011749,,,,
887.8,5e-06,1.3e-05,2e-06,1e-06,2e-06,2e-06,3e-06,1e-05,0.007972,,,,
887.9,5e-06,1.1e-05,3e-06,1e-06,2e-06,2e-06,4e-06,1e-05,0.008078,,,,
888.0,7e-06,8e-06,3e-06,1e-06,3e-06,2e-06,5e-06,1e-05,0.010093,,,,
888.1,9.00122e-06,5.99817e-06,4.00122e-06,1e-06,4.00061e-06,2e-06,6e-06,1.1e-05,0.0128643,,,,
888.2,1.1e-05,3e-06,6e-06,1e-06,5e-06,2e-06,6e-06,1.1e-05,0.013394,,,,
888.3,1.3e-05,3e-06,7e-06,2e-06,6e-06,2e-06,6e-06,1.1e-05,0.010964,,,,
888.4,1.5e-05,4e-06,9e-06,2e-06,7e-06,1e-06,6e-06,1.1e-05,0.007543,,,,
888.5,1.5e-05,5e-06,1e-05,2e-06,7e-06,1e-06,6e-06,1e-05,0.01035,,,,
888.6,1.4e-05,6e-06,8.99878e-06,2.00061e-06,4.99939e-06,,6e-06,1e-05,0.0124145,,,,
888.7,1.4e-05,6e-06,7e-06,3e-06,4e-06,,6e-06,1e-05,0.011544,,,,
888.8,1.4e-05,6e-06,6e-06,2e-06,3e-06,,6e-06,1e-05,0.011488,,,,
888.9,1.3e-05,5e-06,4e-06,2e-06,2e-06,1e-06,6e-06,9e-06,0.007809,,,,
889.0,1.2e-05,5e-06,2e-06,1e-06,1e-06,1e-06,6e-06,9e-06,0.003245,,,,
889.1,1.09988e-05,4e-06,2e-06,9.9939e-07,1.00061e-06,1e-06,5e-06,7.99939e-06,0.00393088,,,,
889.2,9e-06,4e-06,2e-06,,2e-06,1e-06,5e-06,7e-06,0.003741,,,,
889.3,8e-06,5e-06,2e-06,,2e-06,1e-06,4e-06,7e-06,0.000881,,,,
889.4,6e-06,6e-06,2e-06,,2e-06,1e-06,4e-06,7e-06,0.001659,,,,
889.5,8e-06,8e-06,2e-06,1e-06,2e-06,2e-06,3e-06,7e-06,0.003293,,,,
889.6,1.10012e-05,9.00122e-06,2.00061e-06,1e-06,2e-06,2e-06,2.99939e-06,8.00061e-06,0.00460678,,,,
889.7,1.3e-05,1.1e-05,3e-06,1e-06,2e-06,2e-06,2e-06,9e-06,0.005891,,,,
889.8,1.5e-05,1.1e-05,3e-06,1e-06,2e-06,2e-06,2e-06,9e-06,0.006204,,,,
889.9,1.7e-05,1.1e-05,3e-06,1e-06,3e-06,2e-06,1e-06,1e-05,0.003654,,,,
890.0,1.6e-05,1.1e-05,3e-06,2e-06,2e-06,3e-06,1e-06,9e-06,0.00349,,,,
890.1,1.39988e-05,1e-05,2.99939e-06,2e-06,2e-06,3e-06,6.10128e-10,9e-06,0.00428323,,,,
890.2,1.2e-05,1e-05,2e-06,2e-06,2e-06,3e-06,1e-06,9e-06,0.003022,,,,
890.3,1e-05,9e-06,2e-06,2e-06,1e-06,3e-06,2e-06,9e-06,,,,,
890.4,8e-06,8e-06,2e-06,2e-06,1e-06,3e-06,3e-06,9e-06,0.000615,,,,
890.5,7e-06,7e-06,1e-06,3e-06,2e-06,2e-06,5e-06,1e-05,0.003097,,,,
890.6,6.99939e-06,5.99939e-06,2.00122e-06,3e-06,3.00061e-06,2e-06,6e-06,1.00006e-05,0.0038996,,,,
890.7,6e-06,5e-06,4e-06,3e-06,4e-06,2e-06,6e-06,1.1e-05,0.003243,,,,
890.8,5e-06,6e-06,6e-06,3e-06,6e-06,2e-06,4e-06,1.1e-05,0.005217,,,,
890.9,4e-06,8e-06,8e-06,3e-06,7e-06,3e-06,3e-06,1.2e-05,0.002633,,,,
891.0,6e-06,1e-05,9e-06,3e-06,8e-06,3e-06,2e-06,1.1e-05,0.002499,,,,
891.1,7.00122e-06,1.20006e-05,1e-05,3e-06,8e-06,3e-06,9.9939e-07,1.1e-05,0.00644325,,,,
891.2,9e-06,1.3e-05,1e-05,3e-06,8e-06,3e-06,,1.1e-05,0.008493,,,,
891.3,1e-05,1.3e-05,1e-05,3e-06,8e-06,3e-06,1e-06,1.1e-05,0.009339,,,,
891.4,1.2e-05,1.1e-05,1e-05,3e-06,8e-06,3e-06,2e-06,1e-05,0.007616,,,,
891.5,1.2e-05,1e-05,1e-05,3e-06,7e-06,3e-06,2e-06,1e-05,0.007525,,,,
891.6,1.2e-05,7.99878e-06,7.99878e-06,3.00061e-06,4.99939e-06,3e-06,3e-06,9.99939e-06,0.0061697,,,,
891.7,1.2e-05,6e-06,6e-06,4e-06,4e-06,3e-06,3e-06,9e-06,0.002399,,,,
891.8,1.3e-05,6e-06,5e-06,4e-06,2e-06,3e-06,3e-06,9e-06,0.002011,,,,
891.9,1.3e-05,5e-06,3e-06,4e-06,1e-06,3e-06,3e-06,9e-06,0.003692,,,,
892.0,1.2e-05,5e-06,1e-06,4e-06,1e-06,2e-06,3e-06,9e-06,0.004546,,,,
892.1,1.19994e-05,4e-06,1e-06,4e-06,1e-06,2e-06,2.99939e-06,9e-06,0.00689253,,,,
892.2,1.1e-05,4e-06,1e-06,4e-06,1e-06,2e-06,2e-06,9e-06,0.007767,,,,
892.3,1.1e-05,4e-06,1e-06,4e-06,1e-06,2e-06,2e-06,9e-06,0.004016,,,,
892.4,1e-05,6e-06,1e-06,3e-06,1e-06,2e-06,2e-06,9e-06,0.000706,,,,
892.5,1.1e-05,7e-06,1e-06,3e-06,1e-06,3e-06,2e-06,1e-05,0.00189,,,,
892.6,1.20006e-05,8.00061e-06,1.00061e-06,3e-06,2e-06,3e-06,1.00061e-06,1.1e-05,0.00373428,,,,
892.7,1.3e-05,9e-06,2e-06,3e-06,2e-06,3e-06,2e-06,1.1e-05,0.00256,,,,
892.8,1.3e-05,1e-05,3e-06,3e-06,3e-06,3e-06,3e-06,1.2e-05,0.000617,,,,
892.9,1.4e-05,1e-05,4e-06,3e-06,4e-06,2e-06,4e-06,1.2e-05,0.000985,,,,
893.0,1.3e-05,1e-05,5e-06,3e-06,4e-06,2e-06,5e-06,1.1e-05,0.002894,,,,
893.1,1.09988e-05,1e-05,4e-06,3e-06,3e-06,2e-06,6e-06,1.09994e-05,0.00517119,,,,
893.2,9e-06,1e-05,4e-06,3e-06,3e-06,2e-06,6e-06,1e-05,0.003838,,,,
893.3,7e-06,1e-05,3e-06,3e-06,2e-06,2e-06,6e-06,1e-05,0.000693,,,,
893.4,5e-06,9e-06,2e-06,3e-06,1e-06,2e-06,6e-06,1e-05,0.000706,,,,
893.5,6e-06,9e-06,2e-06,3e-06,2e-06,2e-06,6e-06,1e-05,0.000719,,,,
893.6,8.00061e-06,8.99939e-06,2.00061e-06,2.99939e-06,2.00061e-06,2e-06,6e-06,9.99939e-06,0.000730308,,,,
893.7,9e-06,8e-06,3e-06,2e-06,3e-06,2e-06,6e-06,9e-06,0.001234,,,,
893.8,1.1e-05,9e-06,4e-06,2e-06,3e-06,2e-06,5e-06,9e-06,0.003042,,,,
893.9,1.2e-05,1e-05,4e-06,2e-06,4e-06,3e-06,5e-06,9e-06,0.00348,,,,
894.0,1.3e-05,1e-05,5e-06,3e-06,4e-06,3e-06,4e-06,9e-06,0.003432,,,,
894.1,1.3e-05,1.1e-05,4.99939e-06,3e-06,3e-06,3e-06,4e-06,9e-06,0.00279249,,,,
894.2,1.3e-05,1.1e-05,4e-06,3e-06,3e-06,3e-06,4e-06,9e-06,0.001953,,,,
894.3,1.3e-05,1e-05,3e-06,3e-06,2e-06,3e-06,4e-06,9e-06,0.000784,,,,
894.4,1.4e-05,9e-06,3e-06,3e-06,2e-06,3e-06,5e-06,9e-06,0.001159,,,,
894.5,1.1e-05,7e-06,2e-06,3e-06,2e-06,3e-06,5e-06,9e-06,0.002134,,,,
894.6,8.99878e-06,5.99878e-06,2e-06,4e-06,1e-06,3e-06,6e-06,8.99939e-06,0.00138721,,,,
894.7,7e-06,4e-06,2e-06,4e-06,1e-06,3e-06,6e-06,8e-06,0.001738,,,,
894.8,4e-06,5e-06,1e-06,4e-06,1e-06,3e-06,5e-06,8e-06,0.000809,,,,
894.9,2e-06,6e-06,1e-06,4e-06,1e-06,3e-06,4e-06,8e-06,0.001118,,,,
895.0,3e-06,7e-06,1e-06,4e-06,1e-06,3e-06,3e-06,9e-06,0.002589,,,,
895.1,5.00061e-06,9.00061e-06,1.00061e-06,4e-06,1.00061e-06,2e-06,2e-06,9.00061e-06,0.00424619,,,,
895.2,6e-06,1e-05,2e-06,4e-06,2e-06,2e-06,2e-06,1e-05,0.004557,,,,
895.3,8e-06,1e-05,2e-06,4e-06,2e-06,2e-06,2e-06,1e-05,0.00324,,,,
895.4,9e-06,1e-05,2e-06,4e-06,2e-06,2e-06,2e-06,1e-05,0.002584,,,,
895.5,1e-05,1.1e-05,3e-06,4e-06,3e-06,1e-06,2e-06,9e-06,0.003565,,,,
895.6,1.1e-05,1.1e-05,4.00061e-06,3e-06,4.00061e-06,1e-06,2.00061e-06,8.99939e-06,0.00284776,,,,
895.7,1.1e-05,1.1e-05,5e-06,3e-06,5e-06,1e-06,3e-06,8e-06,0.002457,,,,
895.8,1.2e-05,9e-06,6e-06,3e-06,6e-06,2e-06,3e-06,7e-06,0.001051,,,,
895.9,1.3e-05,8e-06,7e-06,2e-06,7e-06,3e-06,4e-06,7e-06,0.00159,,,,
896.0,1.3e-05,6e-06,9e-06,2e-06,7e-06,4e-06,5e-06,8e-06,0.000836,,,,
896.1,1.3e-05,3.99878e-06,7.99939e-06,2e-06,5.99939e-06,5e-06,5.99939e-06,8.00061e-06,0.000872068,,,,
896.2,1.3e-05,2e-06,7e-06,2e-06,5e-06,5e-06,5e-06,9e-06,0.000983,,,,
896.3,1.3e-05,2e-06,6e-06,2e-06,4e-06,5e-06,4e-06,9e-06,0.00164,,,,
896.4,1.3e-05,3e-06,5e-06,3e-06,3e-06,4e-06,3e-06,9e-06,0.002459,,,,
896.5,1.2e-05,5e-06,3e-06,5e-06,3e-06,4e-06,2e-06,9e-06,0.003547,,,,
896.6,1.09994e-05,6.00061e-06,2.99939e-06,6.00061e-06,2e-06,3e-06,1e-06,9e-06,0.00169845,,,,
896.7,1e-05,7e-06,2e-06,7e-06,2e-06,3e-06,1e-06,9e-06,0.000805,,,,
896.8,9e-06,8e-06,2e-06,7e-06,2e-06,3e-06,2e-06,9e-06,0.000978,,,,
896.9,8e-06,8e-06,2e-06,7e-06,1e-06,4e-06,3e-06,9e-06,0.001371,,,,
897.0,8e-06,9e-06,1e-06,6e-06,1e-06,4e-06,3e-06,9e-06,0.000908,,,,
897.1,7e-06,1e-05,1e-06,5e-06,1e-06,4e-06,4e-06,9e-06,0.00137313,,,,
897.2,7e-06,1e-05,1e-06,5e-06,1e-06,4e-06,4e-06,9e-06,0.001581,,,,
897.3,7e-06,1e-05,1e-06,5e-06,1e-06,3e-06,4e-06,9e-06,0.001049,,,,
897.4,6e-06,1e-05,1e-06,5e-06,,3e-06,3e-06,9e-06,0.000862,,,,
897.5,7e-06,1e-05,1e-06,5e-06,1e-06,2e-06,3e-06,9e-06,0.001215,,,,
897.6,8.00061e-06,1e-05,1e-06,6e-06,1e-06,1.99939e-06,2.99939e-06,9e-06,0.00158692,,,,
897.7,9e-06,1e-05,1e-06,6e-06,1e-06,1e-06,2e-06,9e-06,0.001452,,,,
897.8,1e-05,1e-05,2e-06,6e-06,2e-06,1e-06,2e-06,9e-06,0.00107,,,,
897.9,1e-05,9e-06,2e-06,5e-06,2e-06,1e-06,1e-06,8e-06,0.001165,,,,
898.0,1.1e-05,8e-06,3e-06,4e-06,3e-06,1e-06,1e-06,8e-06,0.00146,,,,
898.1,1.10006e-05,6.99939e-06,3e-06,2.99939e-06,3e-06,1e-06,,7e-06,0.00125681,,,,
898.2,1.2e-05,6e-06,3e-06,2e-06,3e-06,1e-06,,7e-06,0.000949,,,,
898.3,1.2e-05,6e-06,3e-06,2e-06,3e-06,1e-06,1e-06,6e-06,0.000823,,,,
898.4,1.2e-05,6e-06,4e-06,2e-06,3e-06,1e-06,1e-06,6e-06,0.000743,,,,
898.5,1.1e-05,5e-06,4e-06,2e-06,3e-06,1e-06,1e-06,7e-06,0.00073,,,,
898.6,9.99939e-06,5e-06,3.99939e-06,2e-06,3e-06,1e-06,1.00061e-06,7e-06,0.000715992,,,,
898.7,9e-06,5e-06,3e-06,2e-06,3e-06,1e-06,2e-06,7e-06,0.000703,,,,
898.8,8e-06,5e-06,3e-06,2e-06,2e-06,1e-06,1e-06,7e-06,0.00069,,,,
898.9,7e-06,6e-06,3e-06,2e-06,2e-06,2e-06,1e-06,8e-06,0.000677,,,,
899.0,6e-06,7e-06,2e-06,2e-06,3e-06,2e-06,1e-06,8e-06,0.000665,,,,
899.1,6e-06,7.00061e-06,3.00061e-06,1e-06,4.00061e-06,3e-06,1e-06,8.00061e-06,0.000651992,,,,
899.2,6e-06,8e-06,4e-06,1e-06,5e-06,3e-06,1e-06,9e-06,0.000639,,,,
899.3,6e-06,8e-06,6e-06,2e-06,6e-06,3e-06,2e-06,9e-06,0.000627,,,,
899.4,5e-06,8e-06,7e-06,2e-06,7e-06,2e-06,2e-06,9e-06,0.000615,,,,
899.5,6e-06,9e-06,8e-06,3e-06,7e-06,2e-06,2e-06,9e-06,0.000603,,,,
899.6,6.00061e-06,9e-06,6.99939e-06,4.00061e-06,5.99878e-06,2e-06,2.00061e-06,8.99939e-06,0.000590993,,,,
899.7,7e-06,9e-06,6e-06,5e-06,4e-06,2e-06,3e-06,8e-06,0.00058,,,,
899.8,8e-06,9e-06,5e-06,5e-06,3e-06,2e-06,3e-06,8e-06,0.000568,,,,
899.9,8e-06,8e-06,3e-06,5e-06,2e-06,2e-06,3e-06,8e-06,0.000558,,,,
900.0,9e-06,7e-06,2e-06,4e-06,1e-06,2e-06,3e-06,8e-06,0.000547,,,,
900.1,9e-06,5.99939e-06,1.99939e-06,3.99939e-06,1e-06,2e-06,3e-06,8e-06,0.000536993,,,,
900.2,9e-06,5e-06,1e-06,3e-06,1e-06,2e-06,3e-06,8e-06,0.000526,,,,
900.3,1e-05,5e-06,1e-06,3e-06,1e-06,2e-06,3e-06,8e-06,0.000517,,,,
900.4,1e-05,5e-06,1e-06,3e-06,1e-06,2e-06,3e-06,7e-06,0.000508,,,,
900.5,9e-06,4e-06,1e-06,3e-06,1e-06,2e-06,3e-06,7e-06,0.000499,,,,
900.6,7.99939e-06,4e-06,1.00061e-06,3.00061e-06,2e-06,2e-06,3e-06,7e-06,0.000489995,,,,
900.7,7e-06,4e-06,2e-06,4e-06,2e-06,2e-06,3e-06,7e-06,0.000481,,,,
900.8,6e-06,4e-06,2e-06,3e-06,2e-06,2e-06,3e-06,7e-06,0.000473,,,,
900.9,6e-06,5e-06,3e-06,3e-06,3e-06,2e-06,3e-06,7e-06,0.000465,,,,
901.0,6e-06,5e-06,3e-06,3e-06,3e-06,2e-06,3e-06,7e-06,0.000457,,,,
901.1,7.00061e-06,5.00061e-06,3e-06,3e-06,3e-06,3e-06,3e-06,7.00061e-06,0.000448995,,,,
901.2,8e-06,6e-06,3e-06,3e-06,3e-06,3e-06,3e-06,8e-06,0.000441,,,,
901.3,9e-06,6e-06,3e-06,3e-06,3e-06,3e-06,4e-06,8e-06,0.000433,,,,
901.4,1e-05,6e-06,4e-06,4e-06,4e-06,3e-06,5e-06,8e-06,0.000427,,,,
901.5,9e-06,7e-06,4e-06,4e-06,3e-06,3e-06,5e-06,8e-06,0.00042,,,,
901.6,7.99939e-06,7e-06,3e-06,5.00061e-06,2.99939e-06,2e-06,6e-06,8e-06,0.000413996,,,,
901.7,7e-06,7e-06,3e-06,6e-06,2e-06,2e-06,6e-06,8e-06,0.000407,,,,
901.8,7e-06,6e-06,2e-06,6e-06,2e-06,2e-06,5e-06,8e-06,0.000401,,,,
901.9,6e-06,6e-06,2e-06,6e-06,1e-06,2e-06,5e-06,8e-06,0.000393,,,,
902.0,6e-06,5e-06,2e-06,5e-06,2e-06,2e-06,4e-06,8e-06,0.000386,,,,
902.1,7.00061e-06,4e-06,2.00122e-06,5e-06,3.00122e-06,1.99939e-06,3.00061e-06,8e-06,0.000377996,,,,
902.2,8e-06,4e-06,4e-06,5e-06,5e-06,1e-06,4e-06,8e-06,0.000371,,,,
902.3,9e-06,4e-06,5e-06,5e-06,6e-06,1e-06,4e-06,8e-06,0.000364,,,,
902.4,9e-06,5e-06,7e-06,4e-06,7e-06,1e-06,5e-06,8e-06,0.000358,,,,
902.5,8e-06,5e-06,8e-06,4e-06,7e-06,1e-06,5e-06,8e-06,0.000352,,,,
902.6,6.99939e-06,6e-06,6.99939e-06,3.99939e-06,4.99939e-06,1e-06,6e-06,8e-06,0.000345996,,,,
902.7,6e-06,6e-06,6e-06,3e-06,4e-06,1e-06,6e-06,8e-06,0.00034,,,,
902.8,5e-06,6e-06,4e-06,3e-06,2e-06,1e-06,7e-06,8e-06,0.000334,,,,
902.9,4e-06,5e-06,2e-06,2e-06,1e-06,1e-06,8e-06,7e-06,0.000329,,,,
903.0,4e-06,5e-06,1e-06,2e-06,1e-06,2e-06,8e-06,7e-06,0.000324,,,,
903.1,5.00061e-06,4e-06,1e-06,2e-06,1.00061e-06,2e-06,9e-06,6e-06,0.000319997,,,,
903.2,6e-06,4e-06,1e-06,2e-06,2e-06,2e-06,9e-06,6e-06,0.000315,,,,
903.3,7e-06,4e-06,2e-06,2e-06,2e-06,2e-06,1e-05,5e-06,0.00031,,,,
903.4,8e-06,5e-06,2e-06,3e-06,2e-06,2e-06,1e-05,5e-06,0.000305,,,,
903.5,9e-06,5e-06,3e-06,4e-06,3e-06,3e-06,1e-05,5e-06,0.0003,,,,
903.6,9e-06,5.00061e-06,3e-06,4.00061e-06,3e-06,2.99939e-06,1.00006e-05,5e-06,0.000294997,,,,
903.7,9e-06,6e-06,3e-06,5e-06,3e-06,2e-06,1.1e-05,5e-06,0.00029,,,,
903.8,9e-06,5e-06,3e-06,5e-06,3e-06,2e-06,1.1e-05,5e-06,0.000285,,,,
903.9,9e-06,5e-06,3e-06,6e-06,3e-06,2e-06,1.2e-05,5e-06,0.000281,,,,
904.0,8e-06,4e-06,3e-06,6e-06,3e-06,1e-06,1.2e-05,6e-06,0.000277,,,,
904.1,7.99939e-06,2.99939e-06,3e-06,6e-06,2.99939e-06,1e-06,1.30006e-05,7e-06,0.000272998,,,,
904.2,7e-06,2e-06,3e-06,6e-06,2e-06,1e-06,1.4e-05,7e-06,0.000269,,,,
904.3,6e-06,3e-06,2e-06,5e-06,2e-06,1e-06,1.5e-05,8e-06,0.000265,,,,
904.4,5e-06,3e-06,2e-06,5e-06,2e-06,2e-06,1.7e-05,8e-06,0.00026,,,,
904.5,6e-06,4e-06,2e-06,4e-06,2e-06,2e-06,1.8e-05,8e-06,0.000256,,,,
904.6,7.00061e-06,4.00061e-06,3.00061e-06,3e-06,4.00061e-06,2e-06,2.00006e-05,8e-06,0.000250997,,,,
904.7,8e-06,5e-06,4e-06,3e-06,5e-06,2e-06,2.1e-05,8e-06,0.000246,,,,
904.8,9e-06,5e-06,5e-06,3e-06,6e-06,2e-06,2.4e-05,8e-06,0.000242,,,,
904.9,1e-05,5e-06,6e-06,3e-06,7e-06,2e-06,2.6e-05,8e-06,0.000239,,,,
905.0,9e-06,5e-06,8e-06,4e-06,7e-06,2e-06,2.8e-05,8e-06,0.000235,,,,
905.1,7.99878e-06,5e-06,6.99939e-06,4.00061e-06,5.99878e-06,2e-06,3.00018e-05,8e-06,0.000231998,,,,
905.2,6e-06,5e-06,6e-06,5e-06,4e-06,2e-06,3.3e-05,8e-06,0.000229,,,,
905.3,5e-06,5e-06,4e-06,5e-06,3e-06,2e-06,3.7e-05,8e-06,0.000226,,,,
905.4,4e-06,4e-06,3e-06,5e-06,2e-06,2e-06,4.1e-05,8e-06,0.000222,,,,
905.5,5e-06,4e-06,2e-06,5e-06,2e-06,2e-06,4.5e-05,8e-06,0.000219,,,,
905.6,6.00061e-06,3e-06,2e-06,4e-06,2e-06,2e-06,4.90037e-05,7e-06,0.000215998,,,,
905.7,7e-06,3e-06,2e-06,4e-06,2e-06,2e-06,5.5e-05,7e-06,0.000212,,,,
905.8,8e-06,3e-06,2e-06,4e-06,2e-06,2e-06,6.3e-05,6e-06,0.000209,,,,
905.9,8e-06,4e-06,2e-06,4e-06,2e-06,2e-06,7.2e-05,6e-06,0.000207,,,,
906.0,8e-06,4e-06,2e-06,5e-06,3e-06,2e-06,8e-05,6e-06,0.000204,,,,
906.1,7.99939e-06,5e-06,3.00061e-06,5e-06,4.00061e-06,1e-06,8.80067e-05,6e-06,0.000201998,,,,
906.2,7e-06,5e-06,4e-06,5e-06,5e-06,1e-06,9.9e-05,6e-06,0.000199,,,,
906.3,7e-06,5e-06,5e-06,5e-06,6e-06,2e-06,0.000112,6e-06,0.000196,,,,
906.4,6e-06,4e-06,6e-06,4e-06,7e-06,2e-06,0.000125,6e-06,0.000194,,,,
906.5,6e-06,4e-06,7e-06,4e-06,7e-06,2e-06,0.000139,6e-06,0.000191,,,,
906.6,6e-06,2.99939e-06,6.99939e-06,3.99939e-06,5.99878e-06,2e-06,0.000152009,5e-06,0.000188998,,,,
906.7,6e-06,2e-06,6e-06,3e-06,4e-06,2e-06,0.000167,5e-06,0.000186,,,,
906.8,6e-06,2e-06,4e-06,4e-06,3e-06,2e-06,0.000183,5e-06,0.000184,,,,
906.9,6e-06,3e-06,3e-06,4e-06,2e-06,2e-06,0.0002,5e-06,0.000181,,,,
907.0,5e-06,3e-06,2e-06,5e-06,2e-06,2e-06,0.000216,5e-06,0.000178,,,,
907.1,4.99939e-06,4e-06,2e-06,5.00061e-06,2.00061e-06,2e-06,0.000232006,6e-06,0.000175998,,,,
907.2,4e-06,4e-06,2e-06,6e-06,3e-06,2e-06,0.000242,6e-06,0.000173,,,,
907.3,3e-06,4e-06,3e-06,6e-06,3e-06,2e-06,0.000249,6e-06,0.00017,,,,
907.4,3e-06,4e-06,3e-06,6e-06,3e-06,2e-06,0.000255,6e-06,0.000168,,,,
907.5,2e-06,4e-06,4e-06,6e-06,3e-06,1e-06,0.000261,6e-06,0.000166,,,,
907.6,2e-06,3e-06,3e-06,5e-06,2e-06,1e-06,0.000266997,6e-06,0.000163998,,,,
907.7,2e-06,3e-06,3e-06,5e-06,2e-06,1e-06,0.000262,6e-06,0.000161,,,,
907.8,1e-06,3e-06,2e-06,5e-06,1e-06,1e-06,0.00025,7e-06,0.000159,,,,
907.9,1e-06,3e-06,1e-06,4e-06,,2e-06,0.000238,7e-06,0.000158,,,,
908.0,2e-06,3e-06,,4e-06,1e-06,2e-06,0.000226,6e-06,0.000156,,,,
908.1,4.00061e-06,3e-06,1e-06,3e-06,1e-06,2e-06,0.000212991,6e-06,0.000154999,,,,
908.2,5e-06,3e-06,1e-06,3e-06,1e-06,2e-06,0.000198,6e-06,0.000153,,,,
908.3,7e-06,2e-06,2e-06,3e-06,2e-06,2e-06,0.000181,6e-06,0.000152,,,,
908.4,8e-06,2e-06,2e-06,3e-06,2e-06,2e-06,0.000164,6e-06,0.00015,,,,
908.5,8e-06,2e-06,3e-06,4e-06,2e-06,1e-06,0.000147,6e-06,0.000148,,,,
908.6,8e-06,1.99939e-06,2.99939e-06,5e-06,2e-06,1e-06,0.000129992,6e-06,0.000146999,,,,
908.7,8e-06,1e-06,2e-06,5e-06,2e-06,1e-06,0.000117,6e-06,0.000145,,,,
908.8,8e-06,1e-06,2e-06,5e-06,1e-06,1e-06,0.000107,6e-06,0.000143,,,,
908.9,7e-06,1e-06,1e-06,5e-06,1e-06,1e-06,9.6e-05,6e-06,0.000141,,,,
909.0,7e-06,1e-06,1e-06,4e-06,1e-06,1e-06,8.6e-05,6e-06,0.000139,,,,
909.1,6e-06,1e-06,1.00061e-06,2.99939e-06,1.00061e-06,1e-06,7.49957e-05,5.99939e-06,0.000136999,,,,
909.2,6e-06,1e-06,2e-06,2e-06,2e-06,1e-06,6.8e-05,5e-06,0.000135,,,,
909.3,5e-06,1e-06,2e-06,2e-06,2e-06,1e-06,6.2e-05,5e-06,0.000133,,,,
909.4,5e-06,2e-06,2e-06,2e-06,3e-06,1e-06,5.7e-05,5e-06,0.000131,,,,
909.5,4e-06,2e-06,3e-06,2e-06,3e-06,1e-06,5.1e-05,5e-06,0.000129,,,,
909.6,3e-06,3e-06,2.99939e-06,2e-06,2e-06,1e-06,4.59976e-05,5e-06,0.000126999,,,,
909.7,3e-06,3e-06,2e-06,2e-06,2e-06,1e-06,4.2e-05,5e-06,0.000125,,,,
909.8,2e-06,3e-06,2e-06,2e-06,2e-06,2e-06,3.9e-05,5e-06,0.000123,,,,
909.9,1e-06,3e-06,2e-06,2e-06,2e-06,2e-06,3.7e-05,5e-06,0.000122,,,,
910.0,3e-06,3e-06,2e-06,3e-06,2e-06,2e-06,3.4e-05,5e-06,0.00012,,,,
910.1,4.00122e-06,3e-06,2e-06,3e-06,2e-06,2e-06,3.09988e-05,5e-06,0.000118999,,,,
910.2,6e-06,3e-06,2e-06,3e-06,2e-06,2e-06,2.9e-05,5e-06,0.000118,,,,
910.3,7e-06,3e-06,2e-06,4e-06,2e-06,2e-06,2.8e-05,6e-06,0.000116,,,,
910.4,9e-06,3e-06,2e-06,4e-06,3e-06,1e-06,2.6e-05,5e-06,0.000115,,,,
910.5,8e-06,2e-06,3e-06,4e-06,2e-06,1e-06,2.4e-05,5e-06,0.000113,,,,
910.6,7.99939e-06,2e-06,2e-06,4.00061e-06,2e-06,1e-06,2.29988e-05,4e-06,0.000111999,,,,
910.7,7e-06,2e-06,2e-06,5e-06,2e-06,1e-06,2.1e-05,4e-06,0.000111,,,,
910.8,6e-06,2e-06,2e-06,4e-06,1e-06,1e-06,2e-05,4e-06,0.000109,,,,
910.9,6e-06,1e-06,1e-06,4e-06,1e-06,1e-06,1.9e-05,4e-06,0.000107,,,,
911.0,5e-06,1e-06,1e-06,4e-06,1e-06,1e-06,1.8e-05,4e-06,0.000105,,,,
911.1,4.99939e-06,1e-06,1.00061e-06,3e-06,2e-06,1e-06,1.69994e-05,5e-06,0.000103999,,,,
911.2,4e-06,1e-06,2e-06,3e-06,2e-06,1e-06,1.6e-05,5e-06,0.000102,,,,
911.3,4e-06,1e-06,2e-06,3e-06,3e-06,1e-06,1.5e-05,6e-06,1e-04,,,,
911.4,3e-06,2e-06,3e-06,3e-06,3e-06,1e-06,1.5e-05,6e-06,9.9e-05,,,,
911.5,4e-06,2e-06,4e-06,3e-06,4e-06,2e-06,1.4e-05,6e-06,9.8e-05,,,,
911.6,5.00061e-06,3e-06,4e-06,3e-06,4e-06,2e-06,1.3e-05,6e-06,9.69994e-05,,,,
911.7,6e-06,3e-06,4e-06,3e-06,4e-06,2e-06,1.3e-05,6e-06,9.6e-05,,,,
911.8,6e-06,3e-06,4e-06,3e-06,3e-06,1e-06,1.2e-05,6e-06,9.4e-05,,,,
911.9,7e-06,3e-06,4e-06,3e-06,3e-06,1e-06,1.2e-05,6e-06,9.3e-05,,,,
912.0,8e-06,2e-06,4e-06,4e-06,3e-06,1e-06,1.1e-05,5e-06,9.2e-05,,,,
912.1,8e-06,2e-06,4e-06,4.00061e-06,3e-06,9.9939e-07,1.1e-05,4e-06,9.09994e-05,,,,
912.2,8e-06,2e-06,4e-06,5e-06,3e-06,,1.1e-05,4e-06,9e-05,,,,
912.3,9e-06,2e-06,4e-06,4e-06,3e-06,1e-06,1e-05,3e-06,8.8e-05,,,,
912.4,9e-06,2e-06,3e-06,4e-06,3e-06,1e-06,1e-05,3e-06,8.6e-05,,,,
912.5,8e-06,1e-06,3e-06,3e-06,4e-06,1e-06,1e-05,4e-06,8.4e-05,,,,
912.6,6.99939e-06,1e-06,4.00061e-06,1.99939e-06,4.00061e-06,1.00061e-06,1e-05,5.00061e-06,8.09988e-05,,,,
912.7,6e-06,1e-06,5e-06,1e-06,5e-06,2e-06,1e-05,6e-06,7.9e-05,,,,
912.8,4e-06,1e-06,6e-06,1e-06,6e-06,1e-06,9e-06,6e-06,7.7e-05,,,,
912.9,3e-06,2e-06,7e-06,2e-06,7e-06,1e-06,8e-06,7e-06,7.6e-05,,,,
913.0,3e-06,2e-06,8e-06,2e-06,6e-06,1e-06,7e-06,6e-06,7.6e-05,,,,
913.1,2e-06,2e-06,6.99939e-06,3.00061e-06,4.99939e-06,1e-06,6.99939e-06,6e-06,7.5e-05,,,,
913.2,2e-06,2e-06,6e-06,4e-06,4e-06,1e-06,6e-06,6e-06,7.5e-05,,,,
913.3,2e-06,2e-06,5e-06,4e-06,3e-06,1e-06,7e-06,5e-06,7.4e-05,,,,
913.4,1e-06,3e-06,4e-06,3e-06,2e-06,1e-06,7e-06,5e-06,7.2e-05,,,,
913.5,3e-06,3e-06,2e-06,3e-06,2e-06,1e-06,7e-06,5e-06,7e-05,,,,
913.6,5.00122e-06,3e-06,2.00061e-06,2e-06,2.00061e-06,1e-06,7e-06,5e-06,6.79994e-05,,,,
913.7,7e-06,3e-06,3e-06,2e-06,3e-06,1e-06,7e-06,5e-06,6.7e-05,,,,
913.8,9e-06,2e-06,3e-06,2e-06,3e-06,1e-06,6e-06,5e-06,6.5e-05,,,,
913.9,1.1e-05,2e-06,3e-06,2e-06,3e-06,1e-06,6e-06,5e-06,6.3e-05,,,,
914.0,1e-05,2e-06,3e-06,2e-06,3e-06,1e-06,6e-06,5e-06,6.2e-05,,,,
914.1,8.99939e-06,1e-06,4e-06,2e-06,4e-06,1e-06,5e-06,5e-06,6.09988e-05,,,,
914.2,8e-06,1e-06,4e-06,2e-06,4e-06,1e-06,5e-06,5e-06,5.9e-05,,,,
914.3,6e-06,1e-06,4e-06,2e-06,4e-06,1e-06,6e-06,6e-06,5.8e-05,,,,
914.4,5e-06,1e-06,5e-06,2e-06,5e-06,1e-06,6e-06,6e-06,5.6e-05,,,,
914.5,5e-06,1e-06,5e-06,3e-06,4e-06,2e-06,6e-06,5e-06,5.4e-05,,,,
914.6,5e-06,,4e-06,3e-06,2.99939e-06,2e-06,6.99939e-06,5e-06,5.29988e-05,,,,
914.7,5e-06,,4e-06,3e-06,2e-06,2e-06,6e-06,5e-06,5.1e-05,,,,
914.8,4e-06,1e-06,3e-06,3e-06,1e-06,2e-06,6e-06,5e-06,5e-05,,,,
914.9,4e-06,1e-06,2e-06,4e-06,1e-06,1e-06,5e-06,5e-06,4.9e-05,,,,
915.0,4e-06,2e-06,1e-06,4e-06,1e-06,1e-06,5e-06,4e-06,4.8e-05,,,,
915.1,4.00061e-06,3e-06,1e-06,4.00061e-06,1e-06,1e-06,4.99939e-06,4e-06,4.69994e-05,,,,
915.2,5e-06,3e-06,1e-06,5e-06,1e-06,1e-06,4e-06,4e-06,4.6e-05,,,,
915.3,5e-06,3e-06,2e-06,4e-06,2e-06,1e-06,4e-06,3e-06,4.5e-05,,,,
915.4,5e-06,3e-06,2e-06,4e-06,2e-06,,3e-06,3e-06,4.3e-05,,,,
915.5,4e-06,2e-06,2e-06,3e-06,2e-06,,3e-06,3e-06,4.2e-05,,,,
915.6,4e-06,1.99939e-06,2.99939e-06,2e-06,2e-06,,2.00061e-06,3e-06,4.09988e-05,,,,
915.7,4e-06,1e-06,2e-06,2e-06,2e-06,,3e-06,3e-06,3.9e-05,,,,
915.8,4e-06,1e-06,2e-06,1e-06,2e-06,,3e-06,3e-06,3.8e-05,,,,
915.9,4e-06,1e-06,2e-06,1e-06,2e-06,,3e-06,3e-06,3.7e-05,,,,
916.0,3e-06,1e-06,2e-06,1e-06,2e-06,,4e-06,3e-06,3.5e-05,,,,
916.1,3e-06,1e-06,2.00061e-06,1e-06,2.00061e-06,,4e-06,3e-06,3.39994e-05,,,,
916.2,3e-06,1e-06,3e-06,1e-06,3e-06,,4e-06,3e-06,3.3e-05,,,,
916.3,3e-06,1e-06,3e-06,1e-06,3e-06,,4e-06,3e-06,3.2e-05,,,,
916.4,3e-06,1e-06,3e-06,,3e-06,,3e-06,3e-06,3.1e-05,,,,
916.5,3e-06,1e-06,3e-06,,3e-06,,3e-06,3e-06,3e-05,,,,
916.6,3.00061e-06,1e-06,3e-06,,2e-06,6.10128e-10,2e-06,3e-06,2.79994e-05,,,,
916.7,4e-06,1e-06,3e-06,,2e-06,1e-06,2e-06,3e-06,2.7e-05,,,,
916.8,4e-06,1e-06,2e-06,,2e-06,1e-06,3e-06,3e-06,2.6e-05,,,,
916.9,5e-06,1e-06,2e-06,,1e-06,1e-06,3e-06,3e-06,2.6e-05,,,,
917.0,5e-06,1e-06,1e-06,1e-06,1e-06,1e-06,3e-06,3e-06,2.5e-05,,,,
917.1,5e-06,1e-06,1e-06,1e-06,1e-06,1e-06,3e-06,3e-06,2.39994e-05,,,,
917.2,5e-06,1e-06,1e-06,1e-06,1e-06,1e-06,3e-06,3e-06,2.3e-05,,,,
917.3,5e-06,1e-06,1e-06,1e-06,1e-06,1e-06,3e-06,3e-06,2.3e-05,,,,
917.4,5e-06,1e-06,2e-06,1e-06,1e-06,1e-06,3e-06,3e-06,2.2e-05,,,,
917.5,5e-06,1e-06,2e-06,2e-06,1e-06,2e-06,3e-06,2e-06,2.1e-05,,,,
917.6,6e-06,1e-06,2e-06,2e-06,1e-06,2e-06,2.99939e-06,2e-06,2.09994e-05,,,,
917.7,6e-06,1e-06,2e-06,2e-06,1e-06,2e-06,2e-06,2e-06,2e-05,,,,
917.8,7e-06,1e-06,2e-06,2e-06,1e-06,2e-06,2e-06,2e-06,2e-05,,,,
917.9,7e-06,1e-06,1e-06,3e-06,1e-06,1e-06,2e-06,2e-06,1.9e-05,,,,
918.0,6e-06,1e-06,1e-06,3e-06,1e-06,1e-06,2e-06,2e-06,1.8e-05,,,,
918.1,5.99939e-06,1e-06,1e-06,4e-06,1e-06,9.9939e-07,2e-06,1e-06,1.79994e-05,,,,
918.2,5e-06,1e-06,1e-06,4e-06,1e-06,,2e-06,1e-06,1.7e-05,,,,
918.3,5e-06,1e-06,1e-06,4e-06,1e-06,,2e-06,1e-06,1.6e-05,,,,
918.4,4e-06,1e-06,1e-06,3e-06,1e-06,,2e-06,1e-06,1.6e-05,,,,
918.5,4e-06,1e-06,1e-06,3e-06,1e-06,,2e-06,1e-06,1.5e-05,,,,
918.6,5e-06,1e-06,2.00061e-06,1.99939e-06,2.00061e-06,,2e-06,1e-06,1.49994e-05,,,,
918.7,5e-06,1e-06,3e-06,1e-06,3e-06,,2e-06,1e-06,1.4e-05,,,,
918.8,5e-06,1e-06,4e-06,1e-06,4e-06,,2e-06,2e-06,1.4e-05,,,,
918.9,5e-06,1e-06,5e-06,1e-06,5e-06,,2e-06,2e-06,1.3e-05,,,,
919.0,5e-06,1e-06,6e-06,1e-06,6e-06,1e-06,1e-06,1e-06,1.3e-05,,,,
919.1,5.00061e-06,1e-06,7e-06,1e-06,6e-06,1e-06,1e-06,1e-06,1.2e-05,,,,
919.2,6e-06,1e-06,7e-06,1e-06,6e-06,1e-06,1e-06,1e-06,1.2e-05,,,,
919.3,6e-06,1e-06,7e-06,1e-06,6e-06,1e-06,1e-06,1e-06,1.2e-05,,,,
919.4,6e-06,1e-06,8e-06,1e-06,6e-06,,1e-06,1e-06,1.1e-05,,,,
919.5,5e-06,1e-06,8e-06,1e-06,6e-06,,1e-06,1e-06,1.1e-05,,,,
919.6,3.99939e-06,1e-06,6.99939e-06,1e-06,4.99939e-06,,1e-06,1e-06,1.09994e-05,,,,
919.7,3e-06,1e-06,6e-06,1e-06,4e-06,,1e-06,1e-06,1e-05,,,,
919.8,2e-06,1e-06,5e-06,1e-06,3e-06,1e-06,1e-06,2e-06,1e-05,,,,
919.9,1e-06,1e-06,3e-06,1e-06,2e-06,1e-06,1e-06,2e-06,9e-06,,,,
920.0,1e-06,1e-06,2e-06,1e-06,1e-06,1e-06,1e-06,2e-06,9e-06,,,,
920.1,1.00061e-06,1e-06,2e-06,9.9939e-07,1e-06,2e-06,1e-06,1e-06,8.99939e-06,,,,
920.2,2e-06,1e-06,2e-06,,1e-06,2e-06,1e-06,1e-06,8e-06,,,,
920.3,2e-06,1e-06,2e-06,1e-06,1e-06,2e-06,1e-06,1e-06,8e-06,,,,
920.4,2e-06,1e-06,2e-06,2e-06,1e-06,2e-06,1e-06,1e-06,8e-06,,,,
920.5,2e-06,1e-06,1e-06,2e-06,1e-06,1e-06,1e-06,1e-06,7e-06,,,,
920.6,3e-06,1e-06,2e-06,3.00061e-06,2e-06,1e-06,1e-06,1e-06,7e-06,,,,
920.7,3e-06,1e-06,2e-06,4e-06,2e-06,1e-06,1e-06,1e-06,7e-06,,,,
920.8,3e-06,1e-06,2e-06,4e-06,2e-06,1e-06,1e-06,1e-06,7e-06,,,,
920.9,3e-06,1e-06,3e-06,4e-06,2e-06,1e-06,1e-06,1e-06,7e-06,,,,
921.0,3e-06,1e-06,3e-06,3e-06,3e-06,2e-06,1e-06,1e-06,6e-06,,,,
921.1,2e-06,,3.00061e-06,2.99939e-06,3e-06,2e-06,1e-06,1e-06,6e-06,,,,
921.2,2e-06,,4e-06,2e-06,3e-06,2e-06,1e-06,1e-06,6e-06,,,,
921.3,1e-06,,4e-06,2e-06,4e-06,2e-06,1e-06,1e-06,5e-06,,,,
921.4,1e-06,,5e-06,3e-06,4e-06,1e-06,1e-06,1e-06,5e-06,,,,
921.5,1e-06,,5e-06,3e-06,4e-06,1e-06,1e-06,1e-06,5e-06,,,,
921.6,2.00061e-06,6.10128e-10,4.99939e-06,3.00061e-06,3e-06,1e-06,1e-06,1e-06,5e-06,,,,
921.7,3e-06,1e-06,4e-06,4e-06,3e-06,1e-06,1e-06,1e-06,5e-06,,,,
921.8,3e-06,1e-06,3e-06,4e-06,2e-06,1e-06,1e-06,1e-06,5e-06,,,,
921.9,4e-06,1e-06,2e-06,3e-06,1e-06,1e-06,1e-06,1e-06,5e-06,,,,
922.0,4e-06,1e-06,1e-06,2e-06,1e-06,1e-06,1e-06,1e-06,4e-06,,,,
922.1,3.99939e-06,1e-06,2e-06,1.99939e-06,2.00061e-06,1e-06,1e-06,1e-06,4e-06,,,,
922.2,3e-06,1e-06,2e-06,1e-06,3e-06,1e-06,1e-06,1e-06,4e-06,,,,
922.3,3e-06,,3e-06,1e-06,3e-06,1e-06,1e-06,1e-06,4e-06,,,,
922.4,3e-06,,4e-06,1e-06,4e-06,1e-06,1e-06,1e-06,4e-06,,,,
922.5,3e-06,,5e-06,1e-06,4e-06,1e-06,1e-06,1e-06,4e-06,,,,
922.6,3e-06,,5e-06,1e-06,4e-06,1e-06,,1e-06,3e-06,,,,
922.7,3e-06,,5e-06,1e-06,4e-06,1e-06,,1e-06,3e-06,,,,
922.8,3e-06,,5e-06,2e-06,4e-06,1e-06,,1e-06,3e-06,,,,
922.9,3e-06,,5e-06,2e-06,4e-06,1e-06,,1e-06,3e-06,,,,
923.0,3e-06,,5e-06,2e-06,3e-06,1e-06,,1e-06,3e-06,,,,
923.1,2e-06,6.10128e-10,3.99939e-06,2e-06,2.99939e-06,,,1e-06,3e-06,,,,
923.2,2e-06,1e-06,3e-06,2e-06,2e-06,,,1e-06,3e-06,,,,
923.3,1e-06,1e-06,3e-06,2e-06,2e-06,1e-06,,1e-06,3e-06,,,,
923.4,1e-06,1e-06,2e-06,2e-06,1e-06,1e-06,,1e-06,3e-06,,,,
923.5,2e-06,1e-06,1e-06,2e-06,1e-06,2e-06,,,3e-06,,,,
923.6,3.00061e-06,1e-06,2.00061e-06,1e-06,2.00061e-06,2e-06,,,2e-06,,,,
923.7,4e-06,1e-06,3e-06,1e-06,3e-06,2e-06,,,2e-06,,,,
923.8,4e-06,1e-06,4e-06,1e-06,4e-06,2e-06,,,2e-06,,,,
923.9,5e-06,1e-06,5e-06,2e-06,5e-06,1e-06,,,2e-06,,,,
924.0,5e-06,1e-06,7e-06,2e-06,5e-06,1e-06,,,2e-06,,,,
924.1,5e-06,1e-06,6e-06,3.00061e-06,4.99939e-06,1e-06,,,2e-06,,,,
924.2,5e-06,1e-06,6e-06,4e-06,4e-06,1e-06,,,2e-06,,,,
924.3,5e-06,,6e-06,4e-06,4e-06,1e-06,,1e-06,2e-06,,,,
924.4,4e-06,,5e-06,3e-06,3e-06,1e-06,,,2e-06,,,,
924.5,5e-06,,5e-06,2e-06,3e-06,1e-06,,,2e-06,,,,
924.6,5e-06,,4e-06,1.99939e-06,3e-06,1e-06,,,2e-06,,,,
924.7,5e-06,,4e-06,1e-06,3e-06,1e-06,,,2e-06,,,,
924.8,6e-06,,4e-06,1e-06,3e-06,1e-06,,,2e-06,,,,
924.9,6e-06,,4e-06,1e-06,3e-06,1e-06,,,2e-06,,,,
925.0,6e-06,,4e-06,1e-06,3e-06,2e-06,,,2e-06,,,,
925.1,6e-06,1e-06,4e-06,1e-06,3e-06,2e-06,,,1.99939e-06,,,,
925.2,6e-06,1e-06,4e-06,1e-06,3e-06,2e-06,,,1e-06,,,,
925.3,5e-06,1e-06,4e-06,1e-06,2e-06,2e-06,,,1e-06,,,,
925.4,5e-06,1e-06,3e-06,2e-06,2e-06,2e-06,,,1e-06,,,,
925.5,5e-06,1e-06,3e-06,2e-06,3e-06,2e-06,,,1e-06,,,,
925.6,4e-06,1e-06,4.00061e-06,3.00061e-06,3.00061e-06,1.99939e-06,,,1e-06,,,,
925.7,4e-06,1e-06,5e-06,4e-06,4e-06,1e-06,,,1e-06,,,,
925.8,4e-06,1e-06,6e-06,4e-06,5e-06,1e-06,,,1e-06,,,,
925.9,3e-06,1e-06,7e-06,3e-06,5e-06,1e-06,,,1e-06,,,,
926.0,4e-06,1e-06,8e-06,3e-06,5e-06,1e-06,,,1e-06,,,,
926.1,4e-06,1e-06,7e-06,2.99939e-06,5e-06,,,,1e-06,,,,
926.2,4e-06,1e-06,7e-06,2e-06,5e-06,,,,1e-06,,,,
926.3,5e-06,1e-06,6e-06,2e-06,4e-06,1e-06,,,1e-06,,,,
926.4,5e-06,1e-06,6e-06,2e-06,4e-06,1e-06,,,1e-06,,,,
926.5,6e-06,1e-06,5e-06,1e-06,4e-06,2e-06,,,1e-06,,,,
926.6,8.00061e-06,1e-06,5e-06,9.9939e-07,3e-06,2e-06,,,1e-06,,,,
926.7,9e-06,1e-06,5e-06,,3e-06,2e-06,,,1e-06,,,,
926.8,1e-05,1e-06,4e-06,1e-06,3e-06,2e-06,,,1e-06,,,,
926.9,1.1e-05,1e-06,4e-06,1e-06,2e-06,2e-06,,,1e-06,,,,
927.0,1.1e-05,1e-06,3e-06,2e-06,2e-06,1e-06,,,1e-06,,,,
927.1,1.1e-05,1e-06,3e-06,3e-06,2e-06,1e-06,,,1e-06,,,,
927.2,1.1e-05,1e-06,3e-06,3e-06,2e-06,1e-06,,,1e-06,,,,
927.3,1.1e-05,1e-06,3e-06,3e-06,2e-06,1e-06,,,1e-06,,,,
927.4,1.1e-05,1e-06,3e-06,3e-06,2e-06,1e-06,,,1e-06,,,,
927.5,1e-05,1e-06,3e-06,2e-06,2e-06,,,,1e-06,,,,
927.6,7.99939e-06,1e-06,3e-06,1.99939e-06,2e-06,,,,1e-06,,,,
927.7,7e-06,1e-06,3e-06,1e-06,2e-06,,,,1e-06,,,,
927.8,5e-06,1e-06,2e-06,1e-06,2e-06,1e-06,,,1e-06,,,,
927.9,4e-06,1e-06,2e-06,1e-06,1e-06,1e-06,,,1e-06,,,,
928.0,3e-06,1e-06,2e-06,1e-06,2e-06,2e-06,,,1e-06,,,,
928.1,3e-06,1e-06,2.00061e-06,9.9939e-07,2e-06,2.00061e-06,,,1e-06,,,,
928.2,3e-06,1e-06,3e-06,,2e-06,3e-06,,,1e-06,,,,
928.3,3e-06,1e-06,3e-06,1e-06,3e-06,2e-06,,,1e-06,,,,
928.4,2e-06,1e-06,4e-06,1e-06,3e-06,2e-06,,,1e-06,,,,
928.5,3e-06,1e-06,5e-06,2e-06,3e-06,1e-06,,,1e-06,,,,
928.6,3e-06,1e-06,5e-06,3e-06,3e-06,9.9939e-07,,,1e-06,,,,
928.7,3e-06,1e-06,5e-06,3e-06,3e-06,,,,1e-06,,,,
928.8,4e-06,1e-06,5e-06,3e-06,3e-06,1e-06,,,,,,,
928.9,4e-06,1e-06,5e-06,3e-06,3e-06,2e-06,,,,,,,
929.0,4e-06,1e-06,4e-06,2e-06,3e-06,2e-06,,,,,,,
929.1,4e-06,1e-06,4e-06,1e-06,2.99939e-06,3e-06,,,,,,,
929.2,4e-06,1e-06,4e-06,1e-06,2e-06,3e-06,,,,,,,
929.3,4e-06,,4e-06,1e-06,2e-06,2e-06,,,,,,,
929.4,4e-06,,4e-06,1e-06,2e-06,2e-06,,,,,,,
929.5,3e-06,,3e-06,2e-06,2e-06,1e-06,,,,,,,
929.6,3e-06,,3e-06,3e-06,2e-06,1e-06,,,,,,,
929.7,3e-06,,3e-06,3e-06,2e-06,1e-06,,,,,,,
929.8,3e-06,,3e-06,3e-06,2e-06,1e-06,,,,,,,
929.9,3e-06,,3e-06,3e-06,2e-06,,,,,,,,
930.0,3e-06,,3e-06,2e-06,2e-06,,,,,,,,
930.1,4.00061e-06,6.10128e-10,3e-06,1.99939e-06,2e-06,,,,,,,,
930.2,5e-06,1e-06,3e-06,1e-06,2e-06,,,,,,,,
930.3,5e-06,1e-06,3e-06,1e-06,2e-06,1e-06,,,,,,,
930.4,6e-06,1e-06,3e-06,1e-06,2e-06,2e-06,,,,,,,
930.5,7e-06,1e-06,3e-06,1e-06,2e-06,2e-06,,,,,,,
930.6,7.00061e-06,1e-06,2.99939e-06,9.9939e-07,1e-06,3e-06,,,,,,,
930.7,8e-06,1e-06,2e-06,,1e-06,3e-06,,,,,,,
930.8,8e-06,,2e-06,1e-06,1e-06,3e-06,,,,,,,
930.9,9e-06,,1e-06,1e-06,1e-06,3e-06,,,,,,,
931.0,9e-06,,1e-06,2e-06,1e-06,3e-06,,,,,,,
931.1,8e-06,,1.00061e-06,3e-06,1e-06,3e-06,,,,,,,
931.2,8e-06,,2e-06,3e-06,1e-06,3e-06,,,,,,,
931.3,7e-06,,2e-06,4e-06,2e-06,2e-06,,,,,,,
931.4,7e-06,,2e-06,4e-06,2e-06,2e-06,,,,,,,
931.5,6e-06,1e-06,3e-06,4e-06,2e-06,1e-06,,,,,,,
931.6,5.99939e-06,1e-06,3e-06,4e-06,2e-06,9.9939e-07,,,,,,,
931.7,5e-06,1e-06,3e-06,4e-06,2e-06,,,,,,,,
931.8,5e-06,1e-06,3e-06,3e-06,2e-06,,,,,,,,
931.9,4e-06,1e-06,4e-06,3e-06,2e-06,,,,,,,,
932.0,4e-06,1e-06,4e-06,2e-06,2e-06,,,,,,,,
932.1,3.99939e-06,1e-06,4e-06,1.99939e-06,3e-06,,,,,,,,
932.2,3e-06,1e-06,4e-06,1e-06,3e-06,,,,,,,,
932.3,3e-06,1e-06,4e-06,1e-06,3e-06,,,,,,,,
932.4,3e-06,1e-06,5e-06,,3e-06,,,,,,,,
932.5,3e-06,1e-06,5e-06,,3e-06,,,,,,,,
932.6,2e-06,1e-06,4.99939e-06,,2.99939e-06,,,,,,,,
932.7,2e-06,1e-06,4e-06,,2e-06,,,,,,,,
932.8,2e-06,1e-06,4e-06,,2e-06,,,,,,,,
932.9,2e-06,1e-06,3e-06,,2e-06,,,,,,,,
933.0,2e-06,1e-06,3e-06,,2e-06,,,,,,,,
933.1,3.00061e-06,1e-06,3e-06,,2e-06,,,,,,,,
933.2,4e-06,1e-06,3e-06,,2e-06,,,,,,,,
933.3,5e-06,,3e-06,,2e-06,1e-06,,,,,,,
933.4,6e-06,,4e-06,,3e-06,1e-06,,,,,,,
933.5,5e-06,,4e-06,,2e-06,1e-06,,,,,,,
933.6,3.99878e-06,,3.99939e-06,1e-06,2e-06,1e-06,,,,,,,
933.7,2e-06,,3e-06,1e-06,2e-06,1e-06,,,,,,,
933.8,1e-06,,3e-06,1e-06,2e-06,1e-06,,,,,,,
933.9,,,3e-06,1e-06,1e-06,2e-06,,,,,,,
934.0,1e-06,,2e-06,1e-06,1e-06,3e-06,,,,,,,
934.1,2.00061e-06,,2e-06,1e-06,1e-06,3e-06,,,,,,,
934.2,3e-06,,2e-06,1e-06,1e-06,3e-06,,,,,,,
934.3,4e-06,,3e-06,1e-06,2e-06,3e-06,,,,,,,
934.4,5e-06,,3e-06,2e-06,2e-06,3e-06,,,,,,,
934.5,6e-06,,3e-06,2e-06,2e-06,2e-06,,,,,,,
934.6,6.00061e-06,6.10128e-10,4.00061e-06,3e-06,3e-06,1.99939e-06,,,,,,,
934.7,7e-06,1e-06,5e-06,3e-06,3e-06,1e-06,,,,,,,
934.8,7e-06,,6e-06,4e-06,4e-06,1e-06,,,,,,,
934.9,8e-06,,7e-06,3e-06,5e-06,1e-06,,,,,,,
935.0,8e-06,,8e-06,3e-06,4e-06,1e-06,,,,,,,
935.1,8e-06,,6.99939e-06,2e-06,2.99939e-06,1e-06,,,,,,,
935.2,8e-06,,6e-06,2e-06,2e-06,1e-06,,,,,,,
935.3,8e-06,,4e-06,2e-06,2e-06,1e-06,,,,,,,
935.4,7e-06,,3e-06,1e-06,1e-06,1e-06,,,,,,,
935.5,7e-06,,1e-06,1e-06,1e-06,1e-06,,,,,,,
935.6,6e-06,6.10128e-10,2.00061e-06,1e-06,2.00061e-06,1e-06,,,,,,,
935.7,6e-06,1e-06,3e-06,1e-06,3e-06,1e-06,,,,,,,
935.8,5e-06,1e-06,5e-06,1e-06,4e-06,2e-06,,,,,,,
935.9,4e-06,1e-06,6e-06,1e-06,4e-06,2e-06,,,,,,,
936.0,5e-06,1e-06,8e-06,1e-06,4e-06,3e-06,,,,,,,
936.1,6.00061e-06,1e-06,6.99939e-06,1e-06,3.99939e-06,3.00061e-06,,,,,,,
936.2,7e-06,1e-06,6e-06,1e-06,3e-06,4e-06,,,,,,,
936.3,8e-06,1e-06,5e-06,2e-06,3e-06,4e-06,,,,,,,
936.4,8e-06,1e-06,4e-06,2e-06,2e-06,4e-06,,,,,,,
936.5,9e-06,1e-06,4e-06,3e-06,2e-06,4e-06,,,,,,,
936.6,9e-06,1e-06,3.00061e-06,3.00061e-06,2e-06,4e-06,,,,,,,
936.7,9e-06,1e-06,4e-06,4e-06,2e-06,4e-06,,,,,,,
936.8,9e-06,1e-06,4e-06,4e-06,2e-06,3e-06,,,,,,,
936.9,9e-06,1e-06,4e-06,4e-06,2e-06,2e-06,,,,,,,
937.0,8e-06,1e-06,4e-06,4e-06,2e-06,2e-06,,,,,,,
937.1,7.99939e-06,1e-06,3.99939e-06,4e-06,1.99939e-06,1e-06,,,,,,,
937.2,7e-06,1e-06,3e-06,4e-06,1e-06,1e-06,,,,,,,
937.3,6e-06,1e-06,2e-06,4e-06,1e-06,1e-06,,,,,,,
937.4,6e-06,1e-06,2e-06,3e-06,1e-06,1e-06,,,,,,,
937.5,6e-06,1e-06,1e-06,2e-06,1e-06,1e-06,,,,,,,
937.6,6e-06,1e-06,1.00061e-06,1.99939e-06,1e-06,1.00061e-06,,,,,,,
937.7,6e-06,1e-06,2e-06,1e-06,1e-06,2e-06,,,,,,,
937.8,6e-06,1e-06,2e-06,1e-06,1e-06,2e-06,,,,,,,
937.9,5e-06,1e-06,2e-06,1e-06,1e-06,3e-06,,,,,,,
938.0,5e-06,1e-06,2e-06,1e-06,1e-06,3e-06,,,,,,,
938.1,4.99939e-06,1e-06,2e-06,1.00061e-06,1e-06,4e-06,,,,,,,
938.2,4e-06,1e-06,2e-06,2e-06,1e-06,4e-06,,,,,,,
938.3,4e-06,1e-06,1e-06,2e-06,1e-06,4e-06,,,,,,,
938.4,4e-06,1e-06,1e-06,2e-06,1e-06,4e-06,,,,,,,
938.5,4e-06,1e-06,1e-06,3e-06,1e-06,4e-06,,,,,,,
938.6,4e-06,1e-06,1.00061e-06,3.00061e-06,1e-06,4e-06,,,,,,,
938.7,4e-06,1e-06,2e-06,4e-06,1e-06,4e-06,,,,,,,
938.8,5e-06,1e-06,2e-06,4e-06,1e-06,3e-06,,,,,,,
938.9,5e-06,1e-06,2e-06,4e-06,1e-06,3e-06,,,,,,,
939.0,5e-06,1e-06,2e-06,4e-06,1e-06,2e-06,,,,,,,
939.1,6e-06,1e-06,2e-06,4e-06,1e-06,1e-06,,,,,,,
939.2,6e-06,1e-06,2e-06,4e-06,1e-06,1e-06,,,,,,,
939.3,6e-06,,1e-06,4e-06,,1e-06,,,,,,,
939.4,7e-06,,1e-06,3e-06,,1e-06,,,,,,,
939.5,7e-06,,,3e-06,,1e-06,,,,,,,
939.6,7.00061e-06,,,1.99939e-06,,1e-06,,,,,,,
939.7,8e-06,,,1e-06,,1e-06,,,,,,,
939.8,8e-06,,,1e-06,,1e-06,,,,,,,
939.9,8e-06,,,1e-06,,1e-06,,,,,,,
940.0,7e-06,,,1e-06,1e-06,1e-06,,,,,,,
940.1,6.99939e-06,6.10128e-10,1.00061e-06,1e-06,1.00061e-06,1e-06,,,,,,,
940.2,6e-06,1e-06,2e-06,1e-06,2e-06,1e-06,,,,,,,
940.3,5e-06,1e-06,3e-06,1e-06,2e-06,1e-06,,,,,,,
940.4,4e-06,1e-06,4e-06,1e-06,3e-06,1e-06,,,,,,,
940.5,4e-06,1e-06,5e-06,1e-06,3e-06,,,,,,,,
940.6,4e-06,1e-06,6e-06,1e-06,3.00061e-06,,,,,,,,
940.7,4e-06,1e-06,6e-06,1e-06,4e-06,,,,,,,,
940.8,4e-06,1e-06,7e-06,1e-06,4e-06,,,,,,,,
940.9,4e-06,1e-06,7e-06,1e-06,4e-06,,,,,,,,
941.0,4e-06,1e-06,7e-06,1e-06,4e-06,,,,,,,,
941.1,4e-06,1e-06,8e-06,,4e-06,,,,,,,,
941.2,4e-06,1e-06,8e-06,,4e-06,,,,,,,,
941.3,4e-06,1e-06,8e-06,,4e-06,1e-06,,,,,,,
941.4,4e-06,1e-06,8e-06,,4e-06,1e-06,,,,,,,
941.5,4e-06,1e-06,8e-06,,4e-06,2e-06,,,,,,,
941.6,3.99939e-06,1e-06,8e-06,,4e-06,2e-06,,,,,,,
941.7,3e-06,1e-06,8e-06,,4e-06,2e-06,,,,,,,
941.8,3e-06,1e-06,8e-06,,4e-06,2e-06,,,,,,,
941.9,2e-06,1e-06,8e-06,1e-06,4e-06,2e-06,,,,,,,
942.0,3e-06,1e-06,8e-06,1e-06,4e-06,3e-06,,,,,,,
942.1,3.00061e-06,1e-06,6.99939e-06,2e-06,3e-06,3e-06,,,,,,,
942.2,4e-06,1e-06,6e-06,2e-06,3e-06,3e-06,,,,,,,
942.3,4e-06,1e-06,5e-06,3e-06,2e-06,3e-06,,,,,,,
942.4,5e-06,1e-06,4e-06,3e-06,2e-06,2e-06,,,,,,,
942.5,5e-06,1e-06,3e-06,3e-06,1e-06,2e-06,,,,,,,
942.6,6e-06,1e-06,2e-06,3e-06,1e-06,2e-06,,,,,,,
942.7,6e-06,1e-06,2e-06,3e-06,1e-06,2e-06,,,,,,,
942.8,7e-06,,1e-06,3e-06,,2e-06,,,,,,,
942.9,7e-06,,1e-06,3e-06,,3e-06,,,,,,,
943.0,7e-06,,,3e-06,,3e-06,,,,,,,
943.1,6.99939e-06,,,2.99939e-06,,3.00061e-06,,,,,,,
943.2,6e-06,,,2e-06,,4e-06,,,,,,,
943.3,6e-06,,,3e-06,,4e-06,,,,,,,
943.4,6e-06,,,3e-06,,4e-06,,,,,,,
943.5,6e-06,,,3e-06,,4e-06,,,,,,,
943.6,5.99939e-06,6.10128e-10,,4e-06,,5e-06,,,,,,,
943.7,5e-06,1e-06,,4e-06,,5e-06,,,,,,,
943.8,5e-06,1e-06,,5e-06,,6e-06,,,,,,,
943.9,5e-06,1e-06,,5e-06,,6e-06,,,,,,,
944.0,6e-06,1e-06,,5e-06,,7e-06,,,,,,,
944.1,6.00061e-06,1e-06,1e-06,5.00061e-06,1e-06,7.00061e-06,,,,,,,
944.2,7e-06,1e-06,1e-06,6e-06,1e-06,8e-06,,,,,,,
944.3,7e-06,1e-06,2e-06,6e-06,2e-06,8e-06,,,,,,,
944.4,8e-06,1e-06,3e-06,7e-06,2e-06,8e-06,,,,,,,
944.5,7e-06,1e-06,4e-06,8e-06,2e-06,9e-06,,,,,,,
944.6,7e-06,1e-06,3.99939e-06,9e-06,1.99939e-06,9e-06,,,,,,,
944.7,7e-06,1e-06,3e-06,9e-06,1e-06,9e-06,,,,,,,
944.8,7e-06,1e-06,3e-06,1e-05,1e-06,9e-06,,,,,,,
944.9,6e-06,1e-06,2e-06,1e-05,1e-06,1e-05,,,,,,,
945.0,6e-06,1e-06,2e-06,1e-05,1e-06,1e-05,,,,,,,
945.1,5e-06,1e-06,2.00061e-06,1.1e-05,2e-06,1e-05,,,,,,,
945.2,5e-06,1e-06,3e-06,1.1e-05,2e-06,1e-05,,,,,,,
945.3,5e-06,1e-06,5e-06,1.1e-05,3e-06,1e-05,,,,,,,
945.4,4e-06,1e-06,6e-06,1.2e-05,4e-06,1e-05,,,,,,,
945.5,4e-06,1e-06,7e-06,1.2e-05,4e-06,1e-05,,,,,,,
945.6,4.00061e-06,1e-06,6.99939e-06,1.3e-05,3e-06,1.09994e-05,,,,,,,
945.7,5e-06,1e-06,6e-06,1.3e-05,3e-06,1e-05,,,,,,,
945.8,5e-06,1e-06,5e-06,1.3e-05,3e-06,1e-05,,,,,,,
945.9,5e-06,1e-06,5e-06,1.3e-05,2e-06,9e-06,,,,,,,
946.0,5e-06,1e-06,4e-06,1.4e-05,2e-06,8e-06,,,,,,,
946.1,6e-06,1e-06,3.99939e-06,1.4e-05,2e-06,7e-06,,,,,,,
946.2,6e-06,1e-06,3e-06,1.4e-05,2e-06,7e-06,,,,,,,
946.3,6e-06,1e-06,3e-06,1.3e-05,2e-06,7e-06,,,,,,,
946.4,7e-06,1e-06,3e-06,1.2e-05,1e-06,6e-06,,,,,,,
946.5,7e-06,1e-06,2e-06,1.1e-05,1e-06,6e-06,,,,,,,
946.6,7e-06,1e-06,2e-06,1.09994e-05,1e-06,5.99939e-06,,,,,,,
946.7,7e-06,1e-06,2e-06,1e-05,1e-06,5e-06,,,,,,,
946.8,7e-06,1e-06,2e-06,9e-06,1e-06,5e-06,,,,,,,
946.9,7e-06,1e-06,1e-06,9e-06,1e-06,5e-06,,,,,,,
947.0,7e-06,1e-06,1e-06,8e-06,,4e-06,,,,,,,
947.1,6e-06,1e-06,1e-06,8e-06,,4e-06,,,,,,,
947.2,6e-06,1e-06,1e-06,8e-06,,4e-06,,,,,,,
947.3,5e-06,1e-06,1e-06,7e-06,,3e-06,,,,,,,
947.4,5e-06,1e-06,1e-06,7e-06,,3e-06,,,,,,,
947.5,5e-06,1e-06,1e-06,6e-06,,3e-06,,,,,,,
947.6,6e-06,1e-06,1e-06,5.99939e-06,1e-06,3e-06,,,,,,,
947.7,6e-06,1e-06,1e-06,5e-06,1e-06,3e-06,,,,,,,
947.8,6e-06,1e-06,1e-06,5e-06,1e-06,3e-06,,,,,,,
947.9,7e-06,1e-06,1e-06,5e-06,1e-06,3e-06,,,,,,,
948.0,7e-06,1e-06,2e-06,5e-06,1e-06,3e-06,,,,,,,
948.1,7e-06,1e-06,1.99939e-06,5e-06,1e-06,3e-06,,,,,,,
948.2,7e-06,1e-06,1e-06,5e-06,1e-06,3e-06,,,,,,,
948.3,7e-06,1e-06,1e-06,5e-06,1e-06,3e-06,,,,,,,
948.4,7e-06,1e-06,1e-06,5e-06,1e-06,3e-06,,,,,,,
948.5,6e-06,1e-06,1e-06,5e-06,1e-06,2e-06,,,,,,,
948.6,6e-06,1e-06,1e-06,5e-06,1e-06,2e-06,,,,,,,
948.7,6e-06,1e-06,1e-06,5e-06,1e-06,2e-06,,,,,,,
948.8,6e-06,1e-06,1e-06,4e-06,1e-06,2e-06,,,,,,,
948.9,5e-06,1e-06,1e-06,4e-06,1e-06,2e-06,,,,,,,
949.0,5e-06,1e-06,1e-06,4e-06,1e-06,2e-06,,,,,,,
949.1,3.99939e-06,1e-06,1e-06,3e-06,9.9939e-07,2e-06,,,,,,,
949.2,3e-06,1e-06,1e-06,3e-06,,2e-06,,,,,,,
949.3,2e-06,1e-06,1e-06,3e-06,,2e-06,,,,,,,
949.4,1e-06,1e-06,1e-06,3e-06,,2e-06,,,,,,,
949.5,1e-06,1e-06,1e-06,3e-06,,2e-06,,,,,,,
949.6,2e-06,1e-06,1e-06,3e-06,,1e-06,,,,,,,
949.7,2e-06,1e-06,1e-06,3e-06,,1e-06,,,,,,,
949.8,2e-06,1e-06,1e-06,3e-06,1e-06,1e-06,,,,,,,
949.9,3e-06,1e-06,1e-06,3e-06,1e-06,1e-06,,,,,,,
950.0,3e-06,1e-06,1e-06,3e-06,1e-06,,,,,,,,
950.1,2e-06,1e-06,2e-06,2e-06,1e-06,,,,,,,,
950.2,2e-06,1e-06,2e-06,2e-06,1e-06,,,,,,,,
950.3,2e-06,,2e-06,2e-06,1e-06,1e-06,,,,,,,
950.4,2e-06,,3e-06,1e-06,2e-06,1e-06,,,,,,,
950.5,3e-06,,3e-06,1e-06,2e-06,1e-06,,,,,,,
950.6,3.00061e-06,,4e-06,9.9939e-07,2.00061e-06,1.00061e-06,,,,,,,
950.7,4e-06,,4e-06,,3e-06,2e-06,,,,,,,
950.8,4e-06,,5e-06,,3e-06,1e-06,,,,,,,
950.9,5e-06,,6e-06,1e-06,3e-06,1e-06,,,,,,,
951.0,6e-06,,6e-06,1e-06,4e-06,1e-06,,,,,,,
951.1,7.00061e-06,,7e-06,2e-06,4e-06,1e-06,,,,,,,
951.2,8e-06,,7e-06,2e-06,4e-06,1e-06,,,,,,,
951.3,8e-06,,6e-06,2e-06,3e-06,1e-06,,,,,,,
951.4,9e-06,,6e-06,2e-06,3e-06,1e-06,,,,,,,
951.5,9e-06,,6e-06,2e-06,3e-06,1e-06,,,,,,,
951.6,8e-06,,6e-06,1e-06,3e-06,1e-06,,,,,,,
951.7,8e-06,,6e-06,1e-06,3e-06,1e-06,,,,,,,
951.8,7e-06,,6e-06,1e-06,3e-06,1e-06,,,,,,,
951.9,7e-06,,6e-06,1e-06,3e-06,2e-06,,,,,,,
952.0,7e-06,,6e-06,1e-06,3e-06,2e-06,,,,,,,
952.1,6.99939e-06,6.10128e-10,5.99939e-06,1.00061e-06,2e-06,2e-06,,,,,,,
952.2,6e-06,1e-06,5e-06,2e-06,2e-06,2e-06,,,,,,,
952.3,6e-06,1e-06,4e-06,2e-06,1e-06,2e-06,,,,,,,
952.4,6e-06,1e-06,2e-06,2e-06,1e-06,2e-06,,,,,,,
952.5,6e-06,1e-06,1e-06,3e-06,1e-06,1e-06,,,,,,,
952.6,6e-06,1e-06,2.00061e-06,3e-06,2e-06,1e-06,,,,,,,
952.7,6e-06,1e-06,3e-06,3e-06,2e-06,1e-06,,,,,,,
952.8,6e-06,1e-06,4e-06,3e-06,3e-06,1e-06,,,,,,,
952.9,6e-06,1e-06,5e-06,3e-06,3e-06,1e-06,,,,,,,
953.0,6e-06,1e-06,6e-06,2e-06,3e-06,1e-06,,,,,,,
953.1,5.99939e-06,1e-06,5e-06,2e-06,2.99939e-06,1e-06,,,,,,,
953.2,5e-06,1e-06,5e-06,2e-06,2e-06,1e-06,,,,,,,
953.3,5e-06,1e-06,4e-06,1e-06,2e-06,1e-06,,,,,,,
953.4,5e-06,1e-06,3e-06,1e-06,1e-06,1e-06,,,,,,,
953.5,5e-06,1e-06,2e-06,1e-06,1e-06,1e-06,,,,,,,
953.6,5.00061e-06,1e-06,2e-06,1e-06,1e-06,1e-06,,,,,,,
953.7,6e-06,1e-06,2e-06,1e-06,1e-06,1e-06,,,,,,,
953.8,6e-06,1e-06,2e-06,1e-06,1e-06,1e-06,,,,,,,
953.9,6e-06,1e-06,2e-06,1e-06,1e-06,1e-06,,,,,,,
954.0,6e-06,1e-06,2e-06,1e-06,1e-06,2e-06,,,,,,,
954.1,5e-06,1e-06,2e-06,2e-06,1e-06,2e-06,,,,,,,
954.2,5e-06,1e-06,2e-06,2e-06,1e-06,2e-06,,,,,,,
954.3,5e-06,1e-06,2e-06,2e-06,1e-06,2e-06,,,,,,,
954.4,5e-06,1e-06,2e-06,2e-06,1e-06,2e-06,,,,,,,
954.5,5e-06,1e-06,2e-06,2e-06,1e-06,1e-06,,,,,,,
954.6,5.00061e-06,1e-06,3e-06,2.00061e-06,2e-06,1e-06,,,,,,,
954.7,6e-06,1e-06,3e-06,3e-06,2e-06,1e-06,,,,,,,
954.8,6e-06,1e-06,4e-06,3e-06,3e-06,1e-06,,,,,,,
954.9,7e-06,1e-06,5e-06,3e-06,3e-06,1e-06,,,,,,,
955.0,6e-06,1e-06,6e-06,2e-06,3e-06,1e-06,,,,,,,
955.1,6e-06,1e-06,4.99939e-06,2e-06,2e-06,1e-06,,,,,,,
955.2,6e-06,1e-06,4e-06,2e-06,2e-06,1e-06,,,,,,,
955.3,6e-06,1e-06,3e-06,2e-06,1e-06,1e-06,,,,,,,
955.4,6e-06,1e-06,2e-06,2e-06,1e-06,1e-06,,,,,,,
955.5,6e-06,1e-06,1e-06,2e-06,,1e-06,,,,,,,
955.6,5e-06,1e-06,,2e-06,,1e-06,,,,,,,
955.7,5e-06,1e-06,,2e-06,,1e-06,,,,,,,
955.8,5e-06,1e-06,,2e-06,,1e-06,,,,,,,
955.9,5e-06,1e-06,,1e-06,,1e-06,,,,,,,
956.0,5e-06,1e-06,,1e-06,,1e-06,,,,,,,
956.1,6e-06,1e-06,1e-06,1e-06,,1e-06,,,,,,,
956.2,6e-06,1e-06,1e-06,1e-06,,1e-06,,,,,,,
956.3,6e-06,1e-06,1e-06,1e-06,,1e-06,,,,,,,
956.4,7e-06,1e-06,1e-06,1e-06,1e-06,1e-06,,,,,,,
956.5,7e-06,1e-06,1e-06,1e-06,,1e-06,,,,,,,
956.6,6.99939e-06,1e-06,1e-06,1e-06,,1e-06,,,,,,,
956.7,6e-06,1e-06,1e-06,1e-06,,1e-06,,,,,,,
956.8,6e-06,1e-06,1e-06,1e-06,,1e-06,,,,,,,
956.9,6e-06,1e-06,,1e-06,,1e-06,,,,,,,
957.0,6e-06,1e-06,,1e-06,,1e-06,,,,,,,
957.1,6.00061e-06,1e-06,1e-06,1e-06,6.10128e-10,1e-06,,,,,,,
957.2,7e-06,1e-06,1e-06,1e-06,1e-06,1e-06,,,,,,,
957.3,7e-06,1e-06,1e-06,1e-06,1e-06,1e-06,,,,,,,
957.4,7e-06,1e-06,2e-06,1e-06,1e-06,1e-06,,,,,,,
957.5,7e-06,1e-06,2e-06,1e-06,2e-06,,,,,,,,
957.6,6e-06,1e-06,3e-06,1e-06,2e-06,,,,,,,,
957.7,6e-06,1e-06,3e-06,1e-06,2e-06,,,,,,,,
957.8,5e-06,1e-06,4e-06,1e-06,3e-06,,,,,,,,
957.9,4e-06,1e-06,5e-06,1e-06,3e-06,,,,,,,,
958.0,4e-06,1e-06,5e-06,1e-06,3e-06,,,,,,,,
958.1,4.00061e-06,1e-06,4.99939e-06,9.9939e-07,2e-06,1e-06,,,,,,,
958.2,5e-06,1e-06,4e-06,,2e-06,1e-06,,,,,,,
958.3,5e-06,1e-06,3e-06,,1e-06,1e-06,,,,,,,
958.4,5e-06,1e-06,2e-06,,1e-06,1e-06,,,,,,,
958.5,4e-06,1e-06,1e-06,1e-06,,1e-06,,,,,,,
958.6,4e-06,1e-06,1e-06,1e-06,1e-06,1e-06,,,,,,,
958.7,4e-06,1e-06,1e-06,1e-06,1e-06,1e-06,,,,,,,
958.8,4e-06,1e-06,1e-06,1e-06,1e-06,1e-06,,,,,,,
958.9,4e-06,1e-06,1e-06,1e-06,1e-06,1e-06,,,,,,,
959.0,4e-06,1e-06,2e-06,2e-06,1e-06,1e-06,,,,,,,
959.1,4e-06,1e-06,2e-06,2e-06,1.00061e-06,1e-06,,,,,,,
959.2,4e-06,1e-06,2e-06,2e-06,2e-06,1e-06,,,,,,,
959.3,4e-06,1e-06,3e-06,2e-06,2e-06,1e-06,,,,,,,
959.4,4e-06,1e-06,3e-06,2e-06,2e-06,1e-06,,,,,,,
959.5,4e-06,1e-06,3e-06,2e-06,2e-06,1e-06,,,,,,,
959.6,4e-06,1e-06,3e-06,2e-06,1.99939e-06,1e-06,,,,,,,
959.7,4e-06,1e-06,3e-06,2e-06,1e-06,1e-06,,,,,,,
959.8,4e-06,1e-06,2e-06,2e-06,1e-06,1e-06,,,,,,,
959.9,4e-06,1e-06,1e-06,2e-06,1e-06,1e-06,,,,,,,
960.0,4e-06,1e-06,1e-06,2e-06,1e-06,1e-06,,,,,,,
960.1,4e-06,1e-06,1e-06,2e-06,1e-06,1e-06,,,,,,,
960.2,4e-06,1e-06,1e-06,2e-06,1e-06,1e-06,,,,,,,
960.3,4e-06,1e-06,2e-06,2e-06,1e-06,1e-06,,,,,,,
960.4,4e-06,1e-06,2e-06,2e-06,1e-06,1e-06,,,,,,,
960.5,4e-06,1e-06,2e-06,2e-06,1e-06,1e-06,,,,,,,
960.6,4.00061e-06,1e-06,2e-06,1.99939e-06,1e-06,1e-06,,,,,,,
960.7,5e-06,1e-06,2e-06,1e-06,1e-06,1e-06,,,,,,,
960.8,5e-06,1e-06,2e-06,1e-06,1e-06,2e-06,,,,,,,
960.9,5e-06,1e-06,1e-06,2e-06,1e-06,2e-06,,,,,,,
961.0,5e-06,1e-06,1e-06,2e-06,1e-06,2e-06,,,,,,,
961.1,6e-06,1e-06,1e-06,2e-06,1e-06,2e-06,,,,,,,
961.2,6e-06,1e-06,1e-06,2e-06,1e-06,2e-06,,,,,,,
961.3,6e-06,1e-06,2e-06,2e-06,1e-06,2e-06,,,,,,,
961.4,7e-06,1e-06,2e-06,2e-06,1e-06,1e-06,,,,,,,
961.5,6e-06,1e-06,2e-06,3e-06,1e-06,1e-06,,,,,,,
961.6,5.99939e-06,1e-06,1.99939e-06,3e-06,1e-06,1e-06,,,,,,,
961.7,5e-06,1e-06,1e-06,3e-06,1e-06,1e-06,,,,,,,
961.8,5e-06,1e-06,1e-06,3e-06,,1e-06,,,,,,,
961.9,4e-06,1e-06,1e-06,2e-06,,1e-06,,,,,,,
962.0,4e-06,1e-06,,2e-06,,1e-06,,,,,,,
962.1,3e-06,1e-06,6.10128e-10,1.99939e-06,6.10128e-10,1e-06,,,,,,,
962.2,3e-06,1e-06,1e-06,1e-06,1e-06,1e-06,,,,,,,
962.3,2e-06,1e-06,1e-06,1e-06,1e-06,1e-06,,,,,,,
962.4,2e-06,1e-06,2e-06,1e-06,1e-06,2e-06,,,,,,,
962.5,2e-06,1e-06,2e-06,1e-06,1e-06,2e-06,,,,,,,
962.6,3.00061e-06,1e-06,2e-06,1e-06,1e-06,2.00061e-06,,,,,,,
962.7,4e-06,1e-06,2e-06,1e-06,1e-06,3e-06,,,,,,,
962.8,4e-06,1e-06,2e-06,2e-06,1e-06,2e-06,,,,,,,
962.9,5e-06,1e-06,2e-06,2e-06,1e-06,2e-06,,,,,,,
963.0,5e-06,1e-06,2e-06,2e-06,1e-06,2e-06,,,,,,,
963.1,5e-06,1e-06,2e-06,3e-06,1e-06,2e-06,,,,,,,
963.2,5e-06,1e-06,2e-06,3e-06,1e-06,2e-06,,,,,,,
963.3,6e-06,,2e-06,3e-06,1e-06,2e-06,,,,,,,
963.4,6e-06,,2e-06,3e-06,1e-06,2e-06,,,,,,,
963.5,5e-06,,2e-06,3e-06,1e-06,2e-06,,,,,,,
963.6,4.99939e-06,,2.00061e-06,3e-06,2e-06,2.00061e-06,,,,,,,
963.7,4e-06,,3e-06,3e-06,2e-06,3e-06,,,,,,,
963.8,4e-06,,4e-06,3e-06,2e-06,2e-06,,,,,,,
963.9,4e-06,,4e-06,3e-06,3e-06,2e-06,,,,,,,
964.0,3e-06,1e-06,5e-06,3e-06,3e-06,2e-06,,,,,,,
964.1,3e-06,1e-06,4e-06,3e-06,2e-06,2e-06,,,,,,,
964.2,3e-06,1e-06,4e-06,3e-06,2e-06,2e-06,,,,,,,
964.3,3e-06,1e-06,3e-06,3e-06,2e-06,2e-06,,,,,,,
964.4,3e-06,1e-06,3e-06,3e-06,1e-06,2e-06,,,,,,,
964.5,3e-06,1e-06,2e-06,3e-06,1e-06,2e-06,,,,,,,
964.6,3e-06,1e-06,1.99939e-06,3e-06,1e-06,2e-06,,,,,,,
964.7,3e-06,1e-06,1e-06,3e-06,1e-06,2e-06,,,,,,,
964.8,3e-06,1e-06,1e-06,3e-06,,2e-06,,,,,,,
964.9,3e-06,1e-06,1e-06,3e-06,,2e-06,,,,,,,
965.0,4e-06,1e-06,,3e-06,,2e-06,,,,,,,
965.1,4e-06,1e-06,,3e-06,,2e-06,,,,,,,
965.2,4e-06,1e-06,,3e-06,,2e-06,,,,,,,
965.3,5e-06,1e-06,,3e-06,,2e-06,,,,,,,
965.4,5e-06,1e-06,1e-06,3e-06,,2e-06,,,,,,,
965.5,6e-06,1e-06,1e-06,3e-06,,2e-06,,,,,,,
965.6,6e-06,1e-06,1e-06,3e-06,,2.00061e-06,,,,,,,
965.7,6e-06,1e-06,1e-06,3e-06,,3e-06,,,,,,,
965.8,6e-06,1e-06,1e-06,3e-06,,3e-06,,,,,,,
965.9,7e-06,1e-06,1e-06,3e-06,,3e-06,,,,,,,
966.0,6e-06,1e-06,1e-06,3e-06,1e-06,4e-06,,,,,,,
966.1,5.99939e-06,1e-06,1.00061e-06,3e-06,1.00061e-06,4e-06,,,,,,,
966.2,5e-06,1e-06,2e-06,3e-06,2e-06,4e-06,,,,,,,
966.3,5e-06,1e-06,3e-06,3e-06,2e-06,4e-06,,,,,,,
966.4,5e-06,1e-06,4e-06,4e-06,3e-06,4e-06,,,,,,,
966.5,4e-06,1e-06,4e-06,4e-06,2e-06,4e-06,,,,,,,
966.6,4e-06,1e-06,3.99939e-06,5e-06,2e-06,4e-06,,,,,,,
966.7,4e-06,1e-06,3e-06,5e-06,2e-06,4e-06,,,,,,,
966.8,3e-06,1e-06,2e-06,5e-06,1e-06,4e-06,,,,,,,
966.9,3e-06,1e-06,2e-06,5e-06,1e-06,4e-06,,,,,,,
967.0,4e-06,1e-06,1e-06,5e-06,,4e-06,,,,,,,
967.1,4.00061e-06,1e-06,1e-06,5e-06,,4e-06,,,,,,,
967.2,5e-06,1e-06,1e-06,5e-06,,4e-06,,,,,,,
967.3,6e-06,1e-06,,5e-06,,4e-06,,,,,,,
967.4,7e-06,1e-06,,5e-06,,4e-06,,,,,,,
967.5,7e-06,1e-06,,5e-06,,3e-06,,,,,,,
967.6,7e-06,1e-06,,5e-06,,3e-06,,,,,,,
967.7,7e-06,1e-06,,5e-06,,3e-06,,,,,,,
967.8,7e-06,1e-06,,5e-06,,3e-06,,,,,,,
967.9,7e-06,1e-06,,5e-06,,4e-06,,,,,,,
968.0,7e-06,1e-06,,4e-06,1e-06,4e-06,,,,,,,
968.1,6.99939e-06,1e-06,1e-06,4e-06,1e-06,4.00061e-06,,,,,,,
968.2,6e-06,1e-06,1e-06,4e-06,1e-06,5e-06,,,,,,,
968.3,6e-06,1e-06,1e-06,4e-06,1e-06,5e-06,,,,,,,
968.4,6e-06,1e-06,2e-06,4e-06,1e-06,4e-06,,,,,,,
968.5,6e-06,1e-06,2e-06,5e-06,1e-06,4e-06,,,,,,,
968.6,6e-06,1e-06,2e-06,5e-06,1e-06,4e-06,,,,,,,
968.7,6e-06,1e-06,2e-06,5e-06,1e-06,4e-06,,,,,,,
968.8,6e-06,1e-06,2e-06,5e-06,1e-06,4e-06,,,,,,,
968.9,6e-06,1e-06,2e-06,5e-06,1e-06,4e-06,,,,,,,
969.0,6e-06,1e-06,1e-06,5e-06,1e-06,4e-06,,,,,,,
969.1,4.99939e-06,1e-06,2e-06,5e-06,1.00061e-06,3e-06,,,,,,,
969.2,4e-06,1e-06,2e-06,5e-06,2e-06,3e-06,,,,,,,
969.3,4e-06,1e-06,3e-06,5e-06,2e-06,3e-06,,,,,,,
969.4,3e-06,1e-06,3e-06,4e-06,3e-06,3e-06,,,,,,,
969.5,4e-06,1e-06,4e-06,4e-06,2e-06,4e-06,,,,,,,
969.6,4e-06,1e-06,3e-06,4e-06,1.99939e-06,4e-06,,,,,,,
969.7,4e-06,1e-06,3e-06,4e-06,1e-06,4e-06,,,,,,,
969.8,5e-06,1e-06,2e-06,4e-06,1e-06,4e-06,,,,,,,
969.9,5e-06,1e-06,1e-06,4e-06,,4e-06,,,,,,,
970.0,5e-06,1e-06,1e-06,4e-06,,4e-06,,,,,,,
970.1,5e-06,1e-06,1e-06,4e-06,,4e-06,,,,,,,
970.2,5e-06,1e-06,1e-06,4e-06,,4e-06,,,,,,,
970.3,4e-06,1e-06,1e-06,4e-06,1e-06,4e-06,,,,,,,
970.4,4e-06,1e-06,1e-06,4e-06,1e-06,3e-06,,,,,,,
970.5,4e-06,1e-06,1e-06,4e-06,1e-06,3e-06,,,,,,,
970.6,4.00061e-06,1e-06,1.00061e-06,4.00061e-06,1.00061e-06,3e-06,,,,,,,
970.7,5e-06,1e-06,2e-06,5e-06,2e-06,3e-06,,,,,,,
970.8,5e-06,1e-06,3e-06,4e-06,2e-06,3e-06,,,,,,,
970.9,5e-06,1e-06,3e-06,4e-06,3e-06,3e-06,,,,,,,
971.0,5e-06,1e-06,4e-06,4e-06,2e-06,3e-06,,,,,,,
971.1,4e-06,1e-06,3.99939e-06,3.99939e-06,2e-06,3e-06,,,,,,,
971.2,4e-06,1e-06,3e-06,3e-06,2e-06,3e-06,,,,,,,
971.3,4e-06,1e-06,3e-06,3e-06,1e-06,3e-06,,,,,,,
971.4,4e-06,1e-06,2e-06,3e-06,1e-06,3e-06,,,,,,,
971.5,4e-06,1e-06,2e-06,3e-06,1e-06,3e-06,,,,,,,
971.6,5.00061e-06,1e-06,1e-06,3e-06,1e-06,2e-06,,,,,,,
971.7,6e-06,1e-06,1e-06,3e-06,1e-06,2e-06,,,,,,,
971.8,7e-06,1e-06,1e-06,3e-06,1e-06,2e-06,,,,,,,
971.9,7e-06,1e-06,1e-06,3e-06,1e-06,2e-06,,,,,,,
972.0,7e-06,1e-06,1e-06,3e-06,,2e-06,,,,,,,
972.1,6e-06,1e-06,1e-06,3e-06,,2e-06,,,,,,,
972.2,6e-06,1e-06,1e-06,3e-06,,2e-06,,,,,,,
972.3,6e-06,1e-06,,3e-06,,2e-06,,,,,,,
972.4,5e-06,1e-06,,3e-06,,2e-06,,,,,,,
972.5,5e-06,1e-06,,3e-06,1e-06,2e-06,,,,,,,
972.6,5.00061e-06,1e-06,1e-06,3e-06,1e-06,2e-06,,,,,,,
972.7,6e-06,1e-06,1e-06,3e-06,1e-06,2e-06,,,,,,,
972.8,6e-06,1e-06,2e-06,3e-06,2e-06,3e-06,,,,,,,
972.9,6e-06,1e-06,3e-06,3e-06,2e-06,3e-06,,,,,,,
973.0,6e-06,1e-06,4e-06,3e-06,2e-06,3e-06,,,,,,,
973.1,5.99939e-06,1e-06,3e-06,3e-06,2e-06,3e-06,,,,,,,
973.2,5e-06,1e-06,3e-06,3e-06,2e-06,3e-06,,,,,,,
973.3,5e-06,1e-06,2e-06,3e-06,1e-06,3e-06,,,,,,,
973.4,5e-06,1e-06,2e-06,3e-06,1e-06,2e-06,,,,,,,
973.5,5e-06,1e-06,1e-06,3e-06,1e-06,2e-06,,,,,,,
973.6,4.99939e-06,1e-06,1e-06,3e-06,1e-06,2e-06,,,,,,,
973.7,4e-06,1e-06,1e-06,3e-06,1e-06,2e-06,,,,,,,
973.8,4e-06,1e-06,1e-06,3e-06,1e-06,2e-06,,,,,,,
973.9,4e-06,1e-06,1e-06,2e-06,1e-06,2e-06,,,,,,,
974.0,4e-06,1e-06,1e-06,2e-06,,2e-06,,,,,,,
974.1,4.00061e-06,1e-06,1e-06,2e-06,,2e-06,,,,,,,
974.2,5e-06,1e-06,1e-06,2e-06,,2e-06,,,,,,,
974.3,5e-06,1e-06,,2e-06,,2e-06,,,,,,,
974.4,5e-06,1e-06,,2e-06,,2e-06,,,,,,,
974.5,6e-06,1e-06,,2e-06,,2e-06,,,,,,,
974.6,6e-06,1e-06,,2.00061e-06,,1e-06,,,,,,,
974.7,6e-06,1e-06,,3e-06,,1e-06,,,,,,,
974.8,6e-06,1e-06,,3e-06,,1e-06,,,,,,,
974.9,7e-06,1e-06,,2e-06,,2e-06,,,,,,,
975.0,6e-06,1e-06,,2e-06,,2e-06,,,,,,,
975.1,5.99939e-06,1e-06,1e-06,1.99939e-06,1e-06,2e-06,,,,,,,
975.2,5e-06,1e-06,1e-06,1e-06,1e-06,2e-06,,,,,,,
975.3,5e-06,1e-06,1e-06,1e-06,1e-06,2e-06,,,,,,,
975.4,4e-06,1e-06,1e-06,1e-06,1e-06,2e-06,,,,,,,
975.5,4e-06,1e-06,1e-06,2e-06,1e-06,2e-06,,,,,,,
975.6,4e-06,1e-06,2e-06,2e-06,1.00061e-06,2e-06,,,,,,,
975.7,4e-06,1e-06,2e-06,2e-06,2e-06,2e-06,,,,,,,
975.8,4e-06,1e-06,2e-06,2e-06,2e-06,2e-06,,,,,,,
975.9,4e-06,1e-06,3e-06,2e-06,2e-06,2e-06,,,,,,,
976.0,4e-06,1e-06,3e-06,2e-06,2e-06,2e-06,,,,,,,
976.1,5e-06,1e-06,2.99939e-06,2e-06,1.99939e-06,1e-06,,,,,,,
976.2,5e-06,1e-06,2e-06,2e-06,1e-06,1e-06,,,,,,,
976.3,5e-06,1e-06,2e-06,2e-06,1e-06,1e-06,,,,,,,
976.4,5e-06,1e-06,1e-06,2e-06,,1e-06,,,,,,,
976.5,5e-06,1e-06,1e-06,2e-06,,1e-06,,,,,,,
976.6,4e-06,1e-06,1e-06,1.99939e-06,,1e-06,,,,,,,
976.7,4e-06,1e-06,1e-06,1e-06,,1e-06,,,,,,,
976.8,4e-06,1e-06,1e-06,1e-06,,1e-06,,,,,,,
976.9,3e-06,1e-06,1e-06,1e-06,,1e-06,,,,,,,
977.0,3e-06,1e-06,1e-06,1e-06,,1e-06,,,,,,,
977.1,4e-06,1e-06,1e-06,1e-06,,1e-06,,,,,,,
977.2,4e-06,1e-06,1e-06,1e-06,,1e-06,,,,,,,
977.3,4e-06,1e-06,,1e-06,,1e-06,,,,,,,
977.4,5e-06,1e-06,,1e-06,,1e-06,,,,,,,
977.5,4e-06,1e-06,,1e-06,,1e-06,,,,,,,
977.6,4e-06,1e-06,,1e-06,,1e-06,,,,,,,
977.7,4e-06,1e-06,,1e-06,,1e-06,,,,,,,
977.8,4e-06,1e-06,,1e-06,,1e-06,,,,,,,
977.9,4e-06,1e-06,1e-06,1e-06,,1e-06,,,,,,,
978.0,4e-06,1e-06,1e-06,1e-06,,1e-06,,,,,,,
978.1,4e-06,1e-06,1e-06,9.9939e-07,,2e-06,,,,,,,
978.2,4e-06,1e-06,1e-06,,,2e-06,,,,,,,
978.3,4e-06,1e-06,,1e-06,,2e-06,,,,,,,
978.4,5e-06,1e-06,,1e-06,,2e-06,,,,,,,
978.5,5e-06,1e-06,,1e-06,,3e-06,,,,,,,
978.6,5e-06,1e-06,,1.00061e-06,,3e-06,,,,,,,
978.7,5e-06,1e-06,,2e-06,,3e-06,,,,,,,
978.8,5e-06,1e-06,,2e-06,,2e-06,,,,,,,
978.9,5e-06,1e-06,,2e-06,,2e-06,,,,,,,
979.0,5e-06,1e-06,,2e-06,,2e-06,,,,,,,
979.1,5e-06,1e-06,1e-06,3e-06,,1e-06,,,,,,,
979.2,5e-06,1e-06,1e-06,3e-06,,1e-06,,,,,,,
979.3,5e-06,1e-06,1e-06,3e-06,,1e-06,,,,,,,
979.4,5e-06,1e-06,1e-06,2e-06,1e-06,2e-06,,,,,,,
979.5,5e-06,1e-06,1e-06,2e-06,,2e-06,,,,,,,
979.6,4.99939e-06,1e-06,1e-06,1.99939e-06,,3e-06,,,,,,,
979.7,4e-06,1e-06,1e-06,1e-06,,3e-06,,,,,,,
979.8,4e-06,1e-06,1e-06,1e-06,,2e-06,,,,,,,
979.9,4e-06,1e-06,1e-06,2e-06,,2e-06,,,,,,,
980.0,3e-06,1e-06,,2e-06,,1e-06,,,,,,,
980.1,3e-06,1e-06,,2.00061e-06,,1e-06,,,,,,,
980.2,3e-06,1e-06,,3e-06,,1e-06,,,,,,,
980.3,3e-06,1e-06,,3e-06,,1e-06,,,,,,,
980.4,3e-06,1e-06,,2e-06,,1e-06,,,,,,,
980.5,3e-06,1e-06,,2e-06,,,,,,,,,
980.6,3e-06,1e-06,1e-06,1e-06,1e-06,,,,,,,,
980.7,3e-06,1e-06,1e-06,1e-06,1e-06,,,,,,,,
980.8,2e-06,1e-06,2e-06,1e-06,2e-06,,,,,,,,
980.9,2e-06,1e-06,3e-06,1e-06,2e-06,,,,,,,,
981.0,3e-06,1e-06,3e-06,1e-06,2e-06,,,,,,,,
981.1,3e-06,1e-06,2.99939e-06,,1.99939e-06,6.10128e-10,,,,,,,
981.2,3e-06,1e-06,2e-06,,1e-06,1e-06,,,,,,,
981.3,3e-06,1e-06,2e-06,,1e-06,1e-06,,,,,,,
981.4,3e-06,1e-06,1e-06,,,1e-06,,,,,,,
981.5,4e-06,1e-06,1e-06,,,1e-06,,,,,,,
981.6,4e-06,1e-06,1e-06,,6.10128e-10,1e-06,,,,,,,
981.7,4e-06,1e-06,1e-06,,1e-06,1e-06,,,,,,,
981.8,4e-06,1e-06,1e-06,,1e-06,1e-06,,,,,,,
981.9,4e-06,1e-06,1e-06,1e-06,1e-06,1e-06,,,,,,,
982.0,4e-06,1e-06,1e-06,1e-06,1e-06,,,,,,,,
982.1,3.99939e-06,1e-06,1e-06,1e-06,1e-06,,,,,,,,
982.2,3e-06,1e-06,1e-06,1e-06,1e-06,,,,,,,,
982.3,3e-06,1e-06,1e-06,1e-06,1e-06,,,,,,,,
982.4,3e-06,1e-06,1e-06,1e-06,1e-06,,,,,,,,
982.5,3e-06,1e-06,1e-06,1e-06,1e-06,,,,,,,,
982.6,3e-06,1e-06,1e-06,,1e-06,,,,,,,,
982.7,3e-06,1e-06,1e-06,,1e-06,,,,,,,,
982.8,3e-06,1e-06,1e-06,,,1e-06,,,,,,,
982.9,3e-06,1e-06,1e-06,,,1e-06,,,,,,,
983.0,3e-06,1e-06,,,,1e-06,,,,,,,
983.1,3e-06,1e-06,1e-06,,1e-06,1e-06,,,,,,,
983.2,3e-06,1e-06,1e-06,,1e-06,1e-06,,,,,,,
983.3,3e-06,1e-06,1e-06,,1e-06,1e-06,,,,,,,
983.4,3e-06,1e-06,1e-06,1e-06,1e-06,2e-06,,,,,,,
983.5,3e-06,1e-06,1e-06,1e-06,1e-06,2e-06,,,,,,,
983.6,3e-06,1e-06,1e-06,1e-06,9.9939e-07,2e-06,,,,,,,
983.7,3e-06,1e-06,1e-06,1e-06,,2e-06,,,,,,,
983.8,3e-06,1e-06,1e-06,1e-06,,2e-06,,,,,,,
983.9,3e-06,1e-06,,1e-06,,2e-06,,,,,,,
984.0,3e-06,1e-06,,2e-06,,2e-06,,,,,,,
984.1,3e-06,1e-06,,2.00061e-06,,1e-06,,,,,,,
984.2,3e-06,1e-06,,3e-06,,1e-06,,,,,,,
984.3,3e-06,1e-06,1e-06,3e-06,1e-06,1e-06,,,,,,,
984.4,3e-06,1e-06,1e-06,2e-06,1e-06,1e-06,,,,,,,
984.5,3e-06,1e-06,1e-06,2e-06,1e-06,1e-06,,,,,,,
984.6,3.00061e-06,1e-06,1e-06,1.99939e-06,1e-06,,,,,,,,
984.7,4e-06,1e-06,1e-06,1e-06,1e-06,,,,,,,,
984.8,4e-06,1e-06,1e-06,1e-06,1e-06,1e-06,,,,,,,
984.9,4e-06,1e-06,1e-06,1e-06,1e-06,1e-06,,,,,,,
985.0,4e-06,1e-06,1e-06,1e-06,1e-06,2e-06,,,,,,,
985.1,2.99939e-06,1e-06,1.00061e-06,9.9939e-07,1e-06,2e-06,,,,,,,
985.2,2e-06,1e-06,2e-06,,1e-06,2e-06,,,,,,,
985.3,2e-06,1e-06,2e-06,,2e-06,2e-06,,,,,,,
985.4,1e-06,1e-06,2e-06,1e-06,2e-06,2e-06,,,,,,,
985.5,1e-06,1e-06,3e-06,1e-06,2e-06,1e-06,,,,,,,
985.6,1e-06,1e-06,3e-06,2.00061e-06,2e-06,9.9939e-07,,,,,,,
985.7,1e-06,1e-06,3e-06,3e-06,2e-06,,,,,,,,
985.8,1e-06,1e-06,3e-06,2e-06,2e-06,,,,,,,,
985.9,2e-06,1e-06,3e-06,2e-06,2e-06,,,,,,,,
986.0,2e-06,1e-06,3e-06,2e-06,2e-06,,,,,,,,
986.1,2e-06,1e-06,2.99939e-06,1e-06,1.99939e-06,,,,,,,,
986.2,2e-06,1e-06,2e-06,1e-06,1e-06,,,,,,,,
986.3,2e-06,1e-06,2e-06,1e-06,1e-06,1e-06,,,,,,,
986.4,3e-06,1e-06,2e-06,1e-06,1e-06,1e-06,,,,,,,
986.5,3e-06,1e-06,1e-06,1e-06,1e-06,1e-06,,,,,,,
986.6,2e-06,,1e-06,,1e-06,1e-06,,,,,,,
986.7,2e-06,,1e-06,,1e-06,1e-06,,,,,,,
986.8,2e-06,,1e-06,1e-06,1e-06,1e-06,,,,,,,
986.9,2e-06,,1e-06,1e-06,1e-06,1e-06,,,,,,,
987.0,2e-06,,1e-06,1e-06,1e-06,,,,,,,,
987.1,3e-06,,1.00061e-06,1e-06,1.00061e-06,,,,,,,,
987.2,3e-06,,2e-06,1e-06,2e-06,,,,,,,,
987.3,3e-06,,2e-06,1e-06,2e-06,,,,,,,,
987.4,3e-06,,2e-06,1e-06,2e-06,,,,,,,,
987.5,3e-06,,3e-06,1e-06,2e-06,,,,,,,,
987.6,3e-06,6.10128e-10,2.99939e-06,9.9939e-07,1.99939e-06,,,,,,,,
987.7,3e-06,1e-06,2e-06,,1e-06,,,,,,,,
987.8,3e-06,1e-06,2e-06,,1e-06,,,,,,,,
987.9,2e-06,1e-06,1e-06,,1e-06,,,,,,,,
988.0,2e-06,1e-06,1e-06,,,,,,,,,,
988.1,2e-06,1e-06,1e-06,,,,,,,,,,
988.2,2e-06,1e-06,1e-06,,,,,,,,,,
988.3,2e-06,1e-06,,,,,,,,,,,
988.4,2e-06,1e-06,,,,,,,,,,,
988.5,1e-06,1e-06,,,,,,,,,,,
988.6,1e-06,1e-06,1e-06,1e-06,1e-06,,,,,,,,
988.7,1e-06,1e-06,1e-06,1e-06,1e-06,,,,,,,,
988.8,1e-06,1e-06,2e-06,1e-06,2e-06,,,,,,,,
988.9,1e-06,1e-06,2e-06,1e-06,2e-06,,,,,,,,
989.0,1e-06,1e-06,3e-06,1e-06,2e-06,,,,,,,,
989.1,1.00061e-06,1e-06,2.99939e-06,,1.99939e-06,,,,,,,,
989.2,2e-06,1e-06,2e-06,,1e-06,,,,,,,,
989.3,2e-06,,2e-06,,1e-06,,,,,,,,
989.4,2e-06,,1e-06,,1e-06,1e-06,,,,,,,
989.5,2e-06,,1e-06,,1e-06,1e-06,,,,,,,
989.6,1.99939e-06,,1e-06,,1e-06,1e-06,,,,,,,
989.7,1e-06,,1e-06,,1e-06,1e-06,,,,,,,
989.8,1e-06,,2e-06,1e-06,2e-06,1e-06,,,,,,,
989.9,1e-06,,2e-06,1e-06,2e-06,1e-06,,,,,,,
990.0,1e-06,,3e-06,1e-06,2e-06,2e-06,,,,,,,
990.1,1e-06,,2.99939e-06,1e-06,1.99939e-06,2e-06,,,,,,,
990.2,1e-06,,2e-06,1e-06,1e-06,2e-06,,,,,,,
990.3,2e-06,,2e-06,2e-06,1e-06,2e-06,,,,,,,
990.4,2e-06,,1e-06,2e-06,1e-06,1e-06,,,,,,,
990.5,2e-06,,1e-06,2e-06,1e-06,1e-06,,,,,,,
990.6,2e-06,6.10128e-10,9.9939e-07,2.00061e-06,,9.9939e-07,,,,,,,
990.7,2e-06,1e-06,,3e-06,,,,,,,,,
990.8,2e-06,,,2e-06,,,,,,,,,
990.9,2e-06,,,2e-06,,,,,,,,,
991.0,2e-06,,,2e-06,,,,,,,,,
991.1,2.00061e-06,,,1e-06,,,,,,,,,
991.2,3e-06,,,1e-06,,,,,,,,,
991.3,3e-06,,,1e-06,,,,,,,,,
991.4,3e-06,,,1e-06,,1e-06,,,,,,,
991.5,3e-06,,,1e-06,,1e-06,,,,,,,
991.6,2e-06,6.10128e-10,1e-06,,,1e-06,,,,,,,
991.7,2e-06,1e-06,1e-06,,,1e-06,,,,,,,
991.8,2e-06,1e-06,1e-06,,,1e-06,,,,,,,
991.9,1e-06,1e-06,1e-06,1e-06,1e-06,,,,,,,,
992.0,2e-06,1e-06,1e-06,1e-06,,,,,,,,,
992.1,2e-06,1e-06,1e-06,1e-06,,,,,,,,,
992.2,2e-06,1e-06,1e-06,1e-06,,,,,,,,,
992.3,3e-06,1e-06,,1e-06,,,,,,,,,
992.4,3e-06,1e-06,,1e-06,,,,,,,,,
992.5,3e-06,1e-06,,1e-06,,,,,,,,,
992.6,3e-06,1e-06,1e-06,,1e-06,,,,,,,,
992.7,3e-06,1e-06,1e-06,,1e-06,,,,,,,,
992.8,3e-06,1e-06,2e-06,,2e-06,,,,,,,,
992.9,3e-06,1e-06,2e-06,,2e-06,,,,,,,,
993.0,3e-06,1e-06,2e-06,,2e-06,1e-06,,,,,,,
993.1,3e-06,,2e-06,6.10128e-10,1.99939e-06,1e-06,,,,,,,
993.2,3e-06,,2e-06,1e-06,1e-06,1e-06,,,,,,,
993.3,3e-06,,2e-06,1e-06,1e-06,1e-06,,,,,,,
993.4,3e-06,,1e-06,1e-06,1e-06,,,,,,,,
993.5,3e-06,1e-06,1e-06,1e-06,1e-06,,,,,,,,
993.6,3e-06,1e-06,1e-06,1e-06,1e-06,,,,,,,,
993.7,3e-06,1e-06,1e-06,1e-06,1e-06,,,,,,,,
993.8,2e-06,1e-06,1e-06,1e-06,,1e-06,,,,,,,
993.9,2e-06,1e-06,1e-06,1e-06,,1e-06,,,,,,,
994.0,2e-06,1e-06,,1e-06,1e-06,1e-06,,,,,,,
994.1,2e-06,1e-06,1e-06,9.9939e-07,1e-06,2e-06,,,,,,,
994.2,2e-06,1e-06,1e-06,,1e-06,2e-06,,,,,,,
994.3,2e-06,1e-06,2e-06,1e-06,1e-06,1e-06,,,,,,,
994.4,2e-06,1e-06,2e-06,1e-06,2e-06,1e-06,,,,,,,
994.5,2e-06,1e-06,2e-06,1e-06,2e-06,1e-06,,,,,,,
994.6,2e-06,1e-06,2e-06,2e-06,1.99939e-06,1e-06,,,,,,,
994.7,2e-06,1e-06,2e-06,2e-06,1e-06,1e-06,,,,,,,
994.8,3e-06,1e-06,2e-06,2e-06,1e-06,1e-06,,,,,,,
994.9,3e-06,1e-06,2e-06,2e-06,1e-06,1e-06,,,,,,,
995.0,3e-06,1e-06,1e-06,2e-06,1e-06,1e-06,,,,,,,
995.1,3e-06,1e-06,1e-06,1e-06,1e-06,1e-06,,,,,,,
995.2,3e-06,1e-06,1e-06,1e-06,1e-06,1e-06,,,,,,,
995.3,3e-06,1e-06,1e-06,1e-06,1e-06,1e-06,,,,,,,
995.4,3e-06,1e-06,1e-06,2e-06,1e-06,1e-06,,,,,,,
995.5,3e-06,1e-06,1e-06,2e-06,1e-06,1e-06,,,,,,,
995.6,3e-06,1e-06,1e-06,2e-06,1e-06,,,,,,,,
995.7,3e-06,1e-06,1e-06,2e-06,1e-06,,,,,,,,
995.8,3e-06,1e-06,1e-06,2e-06,,,,,,,,,
995.9,3e-06,1e-06,1e-06,2e-06,,1e-06,,,,,,,
996.0,3e-06,1e-06,,1e-06,1e-06,1e-06,,,,,,,
996.1,3e-06,1e-06,1e-06,9.9939e-07,1e-06,1.00061e-06,,,,,,,
996.2,3e-06,1e-06,1e-06,,1e-06,2e-06,,,,,,,
996.3,4e-06,1e-06,1e-06,,1e-06,1e-06,,,,,,,
996.4,4e-06,1e-06,2e-06,1e-06,2e-06,1e-06,,,,,,,
996.5,4e-06,1e-06,2e-06,1e-06,2e-06,1e-06,,,,,,,
996.6,4e-06,1e-06,2e-06,2e-06,1e-06,1e-06,,,,,,,
996.7,4e-06,1e-06,2e-06,2e-06,1e-06,1e-06,,,,,,,
996.8,4e-06,1e-06,2e-06,2e-06,1e-06,1e-06,,,,,,,
996.9,4e-06,1e-06,1e-06,2e-06,1e-06,1e-06,,,,,,,
997.0,3e-06,1e-06,1e-06,2e-06,1e-06,1e-06,,,,,,,
997.1,3e-06,1e-06,1e-06,1e-06,1e-06,1e-06,,,,,,,
997.2,3e-06,1e-06,1e-06,1e-06,1e-06,1e-06,,,,,,,
997.3,3e-06,1e-06,1e-06,1e-06,1e-06,1e-06,,,,,,,
997.4,3e-06,1e-06,1e-06,1e-06,1e-06,1e-06,,,,,,,
997.5,3e-06,1e-06,1e-06,1e-06,1e-06,1e-06,,,,,,,
997.6,4e-06,1e-06,1e-06,1e-06,1e-06,1e-06,,,,,,,
997.7,4e-06,1e-06,1e-06,1e-06,1e-06,1e-06,,,,,,,
997.8,4e-06,1e-06,1e-06,1e-06,1e-06,1e-06,,,,,,,
997.9,4e-06,1e-06,1e-06,1e-06,1e-06,1e-06,,,,,,,
998.0,4e-06,1e-06,1e-06,1e-06,1e-06,1e-06,,,,,,,
998.1,4e-06,1e-06,1e-06,1e-06,1e-06,1e-06,,,,,,,
998.2,4e-06,1e-06,1e-06,1e-06,1e-06,1e-06,,,,,,,
998.3,4e-06,1e-06,1e-06,1e-06,1e-06,1e-06,,,,,,,
998.4,4e-06,1e-06,1e-06,1e-06,1e-06,1e-06,,,,,,,
998.5,4e-06,1e-06,1e-06,2e-06,1e-06,,,,,,,,
998.6,4e-06,1e-06,1e-06,2e-06,1e-06,,,,,,,,
998.7,4e-06,1e-06,1e-06,2e-06,1e-06,,,,,,,,
998.8,5e-06,1e-06,1e-06,2e-06,1e-06,,,,,,,,
998.9,5e-06,1e-06,1e-06,2e-06,1e-06,,,,,,,,
999.0,5e-06,1e-06,1e-06,1e-06,1e-06,,,,,,,,
999.1,4e-06,1e-06,1e-06,9.9939e-07,1e-06,,,,,1.3004e-05,2.50076e-06,1.00031e-06,
999.2,4e-06,1e-06,1e-06,,1e-06,,,,,2.6e-05,5e-06,2e-06,
999.3,4e-06,1e-06,1e-06,,1e-06,1e-06,,,,3.8996e-05,7.99908e-06,3.49954e-06,
999.4,3e-06,1e-06,1e-06,,1e-06,1e-06,,,,5.2e-05,1.1e-05,5e-06,
999.5,3e-06,1e-06,1e-06,,1e-06,1e-06,,,,6.45e-05,1.35e-05,6e-06,
999.6,4e-06,1e-06,1e-06,,1e-06,1e-06,,,,7.70079e-05,1.60015e-05,7.00061e-06,3.05157e-10
999.7,4e-06,1e-06,1e-06,,1e-06,1e-06,,,,9.0004e-05,1.85008e-05,8.00031e-06,5.00153e-07
999.8,4e-06,1e-06,1e-06,1e-06,1e-06,1e-06,,,,0.000103,2.1e-05,9e-06,1e-06
999.9,5e-06,2e-06,1e-06,1e-06,1e-06,1e-06,,,,0.000116004,2.35008e-05,1.05005e-05,1e-06
1000.0,5e-06,2e-06,1e-06,1e-06,1e-06,1e-06,,,,0.000129,2.6e-05,1.2e-05,1e-06
1000.1,4.99939e-06,2e-06,1e-06,2e-06,1e-06,1e-06,,,,0.000131001,2.54998e-05,1.14998e-05,1e-06
1000.2,4e-06,2e-06,1e-06,2e-06,1e-06,1e-06,,,,0.000133,2.5e-05,1.1e-05,1e-06
1000.3,4e-06,2e-06,1e-06,2e-06,,1e-06,,,,0.000134999,2.40003e-05,1.05002e-05,1e-06
1000.4,4e-06,2e-06,1e-06,2e-06,,1e-06,,,,0.000137,2.3e-05,1e-05,1e-06
1000.5,5e-06,1e-06,,2e-06,,1e-06,,,,0.000139,2.2e-05,9.5e-06,1e-06
1000.6,5e-06,1e-06,,2e-06,,,,,,0.000141001,2.09994e-05,8.99969e-06,9.99695e-07
1000.7,5e-06,1e-06,,2e-06,,,,,,0.000143001,1.99997e-05,8.49985e-06,4.99847e-07
1000.8,5e-06,1e-06,,2e-06,,,,,,0.000145,1.9e-05,8e-06,
1000.9,6e-06,1e-06,,2e-06,,1e-06,,,,0.000147001,1.79997e-05,7.49985e-06,
1001.0,6e-06,1e-06,,1e-06,1e-06,1e-06,,,,0.000149,1.7e-05,7e-06,
1001.1,5.99939e-06,1.00061e-06,1e-06,9.9939e-07,1e-06,1e-06,,,,0.000151001,1.54995e-05,6.49985e-06,
1001.2,5e-06,2e-06,1e-06,,1e-06,1e-06,,,,0.000153,1.4e-05,6e-06,
1001.3,5e-06,2e-06,1e-06,,1e-06,1e-06,,,,0.0001545,1.30003e-05,5.50015e-06,
1001.4,5e-06,2e-06,2e-06,1e-06,2e-06,1e-06,,,,0.000156,1.2e-05,5e-06,
1001.5,5e-06,2e-06,2e-06,1e-06,2e-06,,,,,0.0001575,1.05e-05,4.5e-06,
1001.6,5.00061e-06,2e-06,2e-06,2e-06,1e-06,,,,,0.000159001,8.99908e-06,3.99969e-06,
1001.7,6e-06,2e-06,2e-06,2e-06,1e-06,,,,,0.000161001,7.49954e-06,3.49985e-06,
1001.8,6e-06,2e-06,2e-06,2e-06,1e-06,,,,,0.000163,6e-06,3e-06,
1001.9,6e-06,2e-06,1e-06,2e-06,1e-06,,,,,0.0001645,4.49954e-06,2.49985e-06,
1002.0,6e-06,2e-06,1e-06,1e-06,1e-06,,,,,0.000166,3e-06,2e-06,
1002.1,6e-06,2e-06,1e-06,9.9939e-07,1e-06,,,,,0.0001675,3e-06,2.50015e-06,
1002.2,6e-06,2e-06,1e-06,,1e-06,,,,,0.000169,3e-06,3e-06,
1002.3,6e-06,2e-06,2e-06,,1e-06,,,,,0.0001705,3.49985e-06,3.49985e-06,
1002.4,7e-06,2e-06,2e-06,,2e-06,,,,,0.000172,4e-06,4e-06,
1002.5,7e-06,2e-06,2e-06,,2e-06,,,,,0.0001735,4e-06,4.5e-06,
1002.6,6e-06,2e-06,2e-06,1e-06,1e-06,,,,,0.000175001,4e-06,5.00031e-06,
1002.7,6e-06,2e-06,2e-06,1e-06,1e-06,,,,,0.0001765,4e-06,5.50015e-06,
1002.8,6e-06,2e-06,1e-06,1e-06,1e-06,1e-06,,,,0.000178,4e-06,6e-06,
1002.9,6e-06,2e-06,1e-06,1e-06,1e-06,1e-06,,,,0.000179,4e-06,6e-06,
1003.0,6e-06,2e-06,1e-06,1e-06,,1e-06,,,,0.00018,4e-06,6e-06,
1003.1,6e-06,2e-06,1e-06,9.9939e-07,,1e-06,,,,0.0001815,4.50015e-06,6.50015e-06,
1003.2,6e-06,2e-06,1e-06,,,1e-06,,,,0.000183,5e-06,7e-06,
1003.3,6e-06,2e-06,1e-06,1e-06,,1e-06,,,,0.0001845,5.49985e-06,7e-06,
1003.4,6e-06,3e-06,1e-06,1e-06,,1e-06,,,,0.000186,6e-06,7e-06,
1003.5,6e-06,3e-06,,1e-06,,1e-06,,,,0.0001875,6.5e-06,7e-06,
1003.6,6e-06,3e-06,1e-06,2e-06,,1e-06,,,,0.000189001,7.00061e-06,7e-06,
1003.7,6e-06,3e-06,1e-06,2e-06,,1e-06,,,,0.0001905,8.00031e-06,7e-06,
1003.8,6e-06,3e-06,1e-06,2e-06,,1e-06,,,,0.000192,9e-06,7e-06,
1003.9,6e-06,3e-06,1e-06,2e-06,1e-06,1e-06,,,,0.0001935,9.50015e-06,7e-06,
1004.0,6e-06,3e-06,1e-06,2e-06,,1e-06,,,,0.000195,1e-05,7e-06,
1004.1,6e-06,3e-06,1e-06,1e-06,,1e-06,,,,0.000197001,1.05002e-05,7e-06,
1004.2,6e-06,3e-06,1e-06,1e-06,,1e-06,,,,0.000199,1.1e-05,7e-06,
1004.3,6e-06,3e-06,1e-06,1e-06,,1e-06,,,,0.000200999,1.14998e-05,7e-06,
1004.4,6e-06,3e-06,1e-06,1e-06,,1e-06,,,,0.000203,1.2e-05,7e-06,
1004.5,6e-06,3e-06,,1e-06,,1e-06,,,,0.000205,1.25e-05,7e-06,
1004.6,6e-06,2e-06,1e-06,1e-06,6.10128e-10,1e-06,,,,0.000207001,1.30003e-05,7e-06,
1004.7,6e-06,2e-06,1e-06,1e-06,1e-06,1e-06,,,,0.000209001,1.35002e-05,7e-06,
1004.8,6e-06,2e-06,1e-06,1e-06,1e-06,1e-06,,,,0.000211,1.4e-05,7e-06,
1004.9,5e-06,3e-06,1e-06,1e-06,1e-06,1e-06,,,,0.000213001,1.45002e-05,7e-06,
1005.0,5e-06,3e-06,1e-06,1e-06,1e-06,1e-06,,,,0.000215,1.5e-05,7e-06,
1005.1,5e-06,3e-06,1e-06,2e-06,1e-06,1e-06,,,,0.000217001,1.5e-05,7.50015e-06,
1005.2,5e-06,3e-06,1e-06,2e-06,1e-06,1e-06,,,,0.000219,1.5e-05,8e-06,
1005.3,5e-06,3e-06,1e-06,2e-06,1e-06,1e-06,,,,0.000220999,1.45002e-05,8.49985e-06,4.99847e-07
1005.4,5e-06,3e-06,1e-06,2e-06,1e-06,1e-06,,,,0.000223,1.4e-05,9e-06,1e-06
1005.5,5e-06,3e-06,1e-06,2e-06,1e-06,1e-06,,,,0.0002245,1.4e-05,9e-06,1e-06
1005.6,5.00061e-06,2e-06,1e-06,2e-06,1e-06,,,,,0.000226001,1.4e-05,9.00031e-06,1e-06
1005.7,6e-06,2e-06,1e-06,2e-06,1e-06,,,,,0.000228001,1.4e-05,9.50015e-06,1e-06
1005.8,6e-06,2e-06,1e-06,2e-06,1e-06,1e-06,,,,0.00023,1.4e-05,1e-05,1e-06
1005.9,7e-06,3e-06,1e-06,2e-06,1e-06,1e-06,,,,0.000232001,1.4e-05,1.05002e-05,1e-06
1006.0,6e-06,3e-06,1e-06,1e-06,1e-06,1e-06,,,,0.000234,1.4e-05,1.1e-05,1e-06
1006.1,6e-06,3e-06,1e-06,1e-06,1e-06,1e-06,,,,0.0002345,1.45002e-05,1.15002e-05,1.50015e-06
1006.2,6e-06,3e-06,1e-06,1e-06,1e-06,1e-06,,,,0.000235,1.5e-05,1.2e-05,2e-06
1006.3,6e-06,3e-06,1e-06,1e-06,1e-06,1e-06,,,,0.000235,1.5e-05,1.24998e-05,2.49985e-06
1006.4,5e-06,2e-06,2e-06,1e-06,1e-06,1e-06,,,,0.000235,1.5e-05,1.3e-05,3e-06
1006.5,5e-06,2e-06,2e-06,1e-06,1e-06,1e-06,,,,0.0002355,1.55e-05,1.35e-05,3e-06
1006.6,5e-06,2e-06,1.99939e-06,1.00061e-06,1e-06,,,,,0.000236,1.60003e-05,1.40003e-05,3.00031e-06
1006.7,5e-06,2e-06,1e-06,2e-06,1e-06,,,,,0.0002365,1.65002e-05,1.45002e-05,3.50015e-06
1006.8,5e-06,2e-06,1e-06,2e-06,1e-06,,,,,0.000237,1.7e-05,1.5e-05,4e-06
1006.9,5e-06,3e-06,1e-06,1e-06,1e-06,1e-06,,,,0.0002375,1.75002e-05,1.55002e-05,4e-06
1007.0,5e-06,3e-06,1e-06,1e-06,1e-06,1e-06,,,,0.000238,1.8e-05,1.6e-05,4e-06
1007.1,4.99939e-06,3e-06,1e-06,9.9939e-07,1e-06,1e-06,,,,0.0002395,1.74998e-05,1.54998e-05,4e-06
1007.2,4e-06,3e-06,1e-06,,1e-06,1e-06,,,,0.000241,1.7e-05,1.5e-05,4e-06
1007.3,4e-06,3e-06,1e-06,,1e-06,1e-06,,,,0.0002425,1.65002e-05,1.45002e-05,3.50015e-06
1007.4,4e-06,3e-06,2e-06,1e-06,2e-06,1e-06,,,,0.000244,1.6e-05,1.4e-05,3e-06
1007.5,4e-06,3e-06,2e-06,1e-06,1e-06,,,,,0.000246,1.55e-05,1.35e-05,2.5e-06
1007.6,5e-06,3e-06,1.99939e-06,1.00061e-06,1e-06,,,,,0.000248001,1.49997e-05,1.29997e-05,2e-06
1007.7,5e-06,3e-06,1e-06,2e-06,1e-06,,,,,0.0002495,1.44998e-05,1.24998e-05,2e-06
1007.8,5e-06,3e-06,1e-06,2e-06,1e-06,,,,,0.000251,1.4e-05,1.2e-05,2e-06
1007.9,5e-06,3e-06,1e-06,1e-06,,,,,,0.0002525,1.34998e-05,1.14998e-05,1.49985e-06
1008.0,5e-06,3e-06,,1e-06,,,,,,0.000254,1.3e-05,1.1e-05,1e-06
1008.1,5e-06,2e-06,6.10128e-10,9.9939e-07,6.10128e-10,,,,,0.000260002,1.3e-05,9.9997e-06,1e-06
1008.2,5e-06,2e-06,1e-06,,1e-06,,,,,0.000266,1.3e-05,9e-06,1e-06
1008.3,4e-06,2e-06,1e-06,,1e-06,,,,,0.000272498,1.25002e-05,8.50015e-06,1e-06
1008.4,4e-06,2e-06,1e-06,,1e-06,1e-06,,,,0.000279,1.2e-05,8e-06,1e-06
1008.5,4e-06,2e-06,1e-06,,1e-06,1e-06,,,,0.000285,1.2e-05,7e-06,1e-06
1008.6,4e-06,2e-06,1e-06,,1e-06,1e-06,,,,0.000291004,1.19997e-05,5.9997e-06,9.99695e-07
1008.7,4e-06,2e-06,1e-06,,1e-06,1e-06,,,,0.000297502,1.14998e-05,5.49985e-06,4.99847e-07
1008.8,4e-06,2e-06,1e-06,,1e-06,1e-06,,,,0.000304,1.1e-05,5e-06,
1008.9,4e-06,2e-06,2e-06,1e-06,1e-06,1e-06,,,,0.000310002,1.1e-05,4.49985e-06,
1009.0,4e-06,2e-06,2e-06,1e-06,1e-06,1e-06,,,,0.000316,1.1e-05,4e-06,
1009.1,4e-06,3e-06,1.99939e-06,1.00061e-06,1e-06,1e-06,,,,0.000323502,9.9997e-06,4e-06,
1009.2,4e-06,3e-06,1e-06,2e-06,1e-06,1e-06,,,,0.000331,9e-06,4e-06,
1009.3,4e-06,3e-06,1e-06,2e-06,1e-06,1e-06,,,,0.000338498,8.00031e-06,4.49985e-06,
1009.4,4e-06,2e-06,1e-06,2e-06,1e-06,,,,,0.000346,7e-06,5e-06,
1009.5,3e-06,2e-06,1e-06,1e-06,1e-06,,,,,0.0003535,6e-06,5.5e-06,
1009.6,3e-06,2e-06,1e-06,1e-06,1e-06,,,,,0.000361005,4.99939e-06,6e-06,
1009.7,3e-06,2e-06,1e-06,1e-06,1e-06,,,,,0.000369002,3.99969e-06,6e-06,
1009.8,3e-06,2e-06,1e-06,1e-06,1e-06,,,,,0.000377,3e-06,6e-06,
1009.9,3e-06,2e-06,1e-06,1e-06,1e-06,,,,,0.000384502,1.99969e-06,6.50015e-06,
1010.0,3e-06,2e-06,1e-06,1e-06,1e-06,,,,,0.000392,1e-06,7e-06,
1010.1,3e-06,2e-06,1e-06,,1e-06,,,,,0.000397502,1e-06,6.49985e-06,
1010.2,3e-06,2e-06,1e-06,,1e-06,,,,,0.000403,1e-06,6e-06,
1010.3,3e-06,2e-06,1e-06,,1e-06,1e-06,,,,0.000408498,5.00153e-07,5.50015e-06,
1010.4,3e-06,2e-06,1e-06,,1e-06,1e-06,,,,0.000414,,5e-06,
1010.5,3e-06,2e-06,1e-06,,1e-06,1e-06,,,,0.0004195,,4e-06,
1010.6,3e-06,2e-06,1e-06,1e-06,1e-06,1e-06,,,,0.000425003,,2.99969e-06,
1010.7,3e-06,2e-06,1e-06,1e-06,1e-06,1e-06,,,,0.000430502,,2.49985e-06,
1010.8,3e-06,2e-06,1e-06,1e-06,1e-06,1e-06,,,,0.000436,,2e-06,
1010.9,3e-06,2e-06,2e-06,1e-06,1e-06,1e-06,,,,0.000441502,,1.49985e-06,
1011.0,3e-06,2e-06,2e-06,1e-06,2e-06,1e-06,,,,0.000447,,1e-06,
1011.1,3e-06,2e-06,2e-06,1.00061e-06,2e-06,1e-06,,,,0.000453502,,1e-06,
1011.2,3e-06,2e-06,2e-06,2e-06,2e-06,1e-06,,,,0.00046,,1e-06,
1011.3,4e-06,2e-06,2e-06,2e-06,2e-06,1e-06,,,,0.000466998,,5.00153e-07,
1011.4,4e-06,2e-06,2e-06,2e-06,2e-06,1e-06,,,,0.000474,,,
1011.5,4e-06,2e-06,2e-06,2e-06,1e-06,1e-06,,,,0.0004805,,,
1011.6,4e-06,2e-06,2e-06,2e-06,1e-06,,,,,0.000487004,,,
1011.7,4e-06,2e-06,2e-06,2e-06,1e-06,,,,,0.000493502,,,
1011.8,4e-06,2e-06,1e-06,2e-06,1e-06,,,,,0.0005,,,
1011.9,4e-06,2e-06,1e-06,1e-06,1e-06,,,,,0.000507002,,,
1012.0,4e-06,2e-06,1e-06,1e-06,1e-06,,,,,0.000514,,,
1012.1,4e-06,2e-06,1e-06,9.9939e-07,1e-06,,,,,0.000521002,,,
1012.2,4e-06,2e-06,1e-06,,1e-06,,,,,0.000528,,,
1012.3,4e-06,2e-06,1e-06,,1e-06,,,,,0.000535498,,,
1012.4,4e-06,2e-06,1e-06,,1e-06,,,,,0.000543,,,
1012.5,4e-06,2e-06,1e-06,,1e-06,1e-06,,,,0.00055,,5e-07,
1012.6,3.99939e-06,2e-06,1e-06,,1e-06,1e-06,,,,0.000557005,,1e-06,
1012.7,3e-06,2e-06,1e-06,,1e-06,1e-06,,,,0.000564502,,1e-06,
1012.8,3e-06,2e-06,1e-06,,,1e-06,,,,0.000572,,1e-06,
1012.9,3e-06,2e-06,1e-06,,,1e-06,,,,0.000579502,,1e-06,
1013.0,3e-06,2e-06,1e-06,1e-06,,1e-06,,,,0.000587,,1e-06,
1013.1,3e-06,2e-06,1e-06,1e-06,1e-06,1e-06,,,,0.000592502,,1e-06,5.00153e-07
1013.2,3e-06,2e-06,1e-06,1e-06,1e-06,1e-06,,,,0.000598,,1e-06,1e-06
1013.3,2e-06,2e-06,1e-06,1e-06,1e-06,1e-06,,,,0.000603998,4.99847e-07,1e-06,1e-06
1013.4,2e-06,2e-06,1e-06,1e-06,1e-06,1e-06,,,,0.00061,1e-06,1e-06,1e-06
1013.5,2e-06,2e-06,1e-06,1e-06,1e-06,1e-06,,,,0.0006155,1e-06,5e-07,1.5e-06
1013.6,2.00061e-06,2e-06,1e-06,1e-06,1e-06,1e-06,,,,0.000621004,1.00031e-06,,2e-06
1013.7,3e-06,2e-06,1e-06,1e-06,1e-06,1e-06,,,,0.000627002,1.50015e-06,,2e-06
1013.8,3e-06,2e-06,1e-06,1e-06,,1e-06,,,,0.000633,2e-06,,2e-06
1013.9,3e-06,2e-06,1e-06,1e-06,,1e-06,,,,0.000638502,2e-06,,2.50015e-06
1014.0,3e-06,2e-06,1e-06,1e-06,,,,,,0.000644,2e-06,,3e-06
1014.1,2e-06,2e-06,1e-06,1e-06,1e-06,,,,,0.000650502,2.50015e-06,,3e-06
1014.2,2e-06,2e-06,1e-06,1e-06,1e-06,,,,,0.000657,3e-06,,3e-06
1014.3,2e-06,2e-06,1e-06,1e-06,1e-06,,,,,0.000663498,3.49985e-06,,3.49985e-06
1014.4,2e-06,2e-06,1e-06,1e-06,1e-06,,,,,0.00067,4e-06,,4e-06
1014.5,2e-06,2e-06,2e-06,1e-06,1e-06,,,,,0.000677,4e-06,,4.5e-06
1014.6,2.00061e-06,2e-06,1e-06,9.9939e-07,1e-06,,,,,0.000684004,4.00031e-06,,5.00031e-06
1014.7,3e-06,2e-06,1e-06,,1e-06,,,,,0.000690502,4.50015e-06,,5.50015e-06
1014.8,3e-06,2e-06,1e-06,,1e-06,,,,,0.000697,5e-06,,6e-06
1014.9,3e-06,2e-06,1e-06,,,,,,,0.000703502,5.50015e-06,,6e-06
1015.0,3e-06,2e-06,1e-06,,,,,,,0.00071,6e-06,,6e-06
1015.1,3e-06,2e-06,1e-06,,,,,,,0.000718002,5.49985e-06,,6e-06
1015.2,3e-06,2e-06,1e-06,,,,,,,0.000726,5e-06,,6e-06
1015.3,3e-06,2e-06,1e-06,,,,,,,0.000733998,4.50015e-06,,6e-06
1015.4,3e-06,2e-06,1e-06,,1e-06,1e-06,,,,0.000742,4e-06,,6e-06
1015.5,3e-06,1e-06,1e-06,,1e-06,1e-06,,,,0.00075,3.5e-06,,5.5e-06
1015.6,2e-06,1e-06,1e-06,,1e-06,1e-06,,,,0.000758005,2.99969e-06,,5e-06
1015.7,2e-06,1e-06,1e-06,,1e-06,1e-06,,,,0.000766002,2.49985e-06,,5e-06
1015.8,2e-06,1e-06,1e-06,,1e-06,1e-06,,,,0.000774,2e-06,,5e-06
1015.9,2e-06,2e-06,1e-06,,1e-06,1e-06,,,,0.000782002,2e-06,,5e-06
1016.0,2e-06,2e-06,1e-06,1e-06,,,,,,0.00079,2e-06,,5e-06
1016.1,2e-06,2e-06,1e-06,1e-06,,,,,,0.000799503,1.49985e-06,,4.49985e-06
1016.2,2e-06,2e-06,1e-06,1e-06,,,,,,0.000809,1e-06,,4e-06
1016.3,3e-06,2e-06,1e-06,1e-06,,,,,,0.000817997,1e-06,,3.50015e-06
1016.4,3e-06,2e-06,1e-06,1e-06,,1e-06,,,,0.000827,1e-06,,3e-06
1016.5,3e-06,2e-06,,1e-06,,1e-06,,,,0.0008365,1e-06,,3e-06
1016.6,2.99939e-06,2e-06,1e-06,9.9939e-07,,1e-06,,,,0.000846006,9.99695e-07,,2.99969e-06
1016.7,2e-06,2e-06,1e-06,,,1e-06,,,,0.000855503,4.99847e-07,,2.49985e-06
1016.8,2e-06,2e-06,1e-06,,,1e-06,,,,0.000865,,,2e-06
1016.9,2e-06,2e-06,1e-06,,1e-06,1e-06,,,,0.000874003,,,1.49985e-06
1017.0,2e-06,1e-06,1e-06,1e-06,,,,,,0.000883,,,1e-06
1017.1,2e-06,1e-06,1e-06,1e-06,,,,,,0.000894003,,,1e-06
1017.2,2e-06,1e-06,1e-06,1e-06,,,,,,0.000905,,,1e-06
1017.3,2e-06,1e-06,1e-06,1e-06,,,,,,0.000915497,,,1e-06
1017.4,2e-06,1e-06,1e-06,1e-06,,1e-06,,,,0.000926,,,1e-06
1017.5,2e-06,2e-06,,1e-06,,1e-06,,,,0.0009365,,,5e-07
1017.6,2.00061e-06,2e-06,1e-06,,,1e-06,,,,0.000947007,,,
1017.7,3e-06,2e-06,1e-06,,,1e-06,,,,0.000958003,,,
1017.8,3e-06,2e-06,1e-06,,,1e-06,,,,0.000969,,,
1017.9,3e-06,2e-06,1e-06,1e-06,1e-06,1e-06,,,,0.000979503,,,
1018.0,3e-06,2e-06,1e-06,1e-06,1e-06,1e-06,,,,0.00099,,,
1018.1,2.99939e-06,1e-06,1e-06,1e-06,1e-06,1e-06,,,,0.0010015,,,
1018.2,2e-06,1e-06,1e-06,1e-06,1e-06,1e-06,,,,0.001013,,,
1018.3,2e-06,1e-06,1e-06,1e-06,1e-06,1e-06,,,,0.0010245,,,
1018.4,2e-06,1e-06,1e-06,1e-06,1e-06,1e-06,,,,0.001036,,,
1018.5,2e-06,1e-06,1e-06,1e-06,1e-06,,,,,0.001047,,,
1018.6,2e-06,2e-06,1e-06,1e-06,1e-06,,,,,0.00105801,,,
1018.7,2e-06,2e-06,1e-06,1e-06,1e-06,,,,,0.0010695,,,
1018.8,2e-06,2e-06,1e-06,1e-06,1e-06,,,,,0.001081,,,
1018.9,2e-06,2e-06,2e-06,1e-06,1e-06,1e-06,,,,0.0010925,,,
1019.0,2e-06,2e-06,2e-06,1e-06,1e-06,1e-06,,,,0.001104,,,
1019.1,2e-06,2e-06,1.99939e-06,9.9939e-07,1e-06,1e-06,,,,0.001117,,,
1019.2,2e-06,2e-06,1e-06,,1e-06,1e-06,,,,0.00113,,,
1019.3,2e-06,2e-06,1e-06,,1e-06,1e-06,,,,0.001143,,,
1019.4,2e-06,2e-06,1e-06,1e-06,1e-06,1e-06,,,,0.001156,,,
1019.5,2e-06,2e-06,1e-06,1e-06,1e-06,1e-06,,,,0.001169,,,
1019.6,1.99939e-06,2e-06,1e-06,1e-06,1e-06,1e-06,,,,0.00118201,,,
1019.7,1e-06,2e-06,1e-06,1e-06,1e-06,1e-06,,,,0.001195,,,
1019.8,1e-06,2e-06,1e-06,1e-06,1e-06,1e-06,,,,0.001208,,,
1019.9,1e-06,1e-06,1e-06,1e-06,1e-06,1e-06,,,,0.0012215,,,
1020.0,1e-06,1e-06,1e-06,1e-06,1e-06,1e-06,,,,0.001235,,,
1020.1,1e-06,1e-06,1e-06,1e-06,1e-06,1e-06,,,,0.001251,,5.00153e-07,
1020.2,1e-06,1e-06,1e-06,1e-06,1e-06,1e-06,,,,0.001267,,1e-06,
1020.3,1e-06,1e-06,1e-06,1e-06,,1e-06,,,,0.00128349,,1.49985e-06,
1020.4,1e-06,1e-06,1e-06,1e-06,,1e-06,,,,0.0013,,2e-06,
1020.5,1e-06,1e-06,,1e-06,,1e-06,,,,0.001316,,3e-06,
1020.6,1.00061e-06,1e-06,,1e-06,,1e-06,,,,0.00133201,,4.00031e-06,
1020.7,2e-06,1e-06,,1e-06,,1e-06,,,,0.001348,,4.50015e-06,
1020.8,2e-06,1e-06,,1e-06,,1e-06,,,,0.001364,,5e-06,
1020.9,2e-06,1e-06,,1e-06,,1e-06,,,,0.00138051,,5.50015e-06,
1021.0,2e-06,1e-06,,1e-06,,1e-06,,,,0.001397,,6e-06,
1021.1,2e-06,1e-06,1e-06,1e-06,6.10128e-10,,,,,0.00142001,5.00153e-07,6e-06,5.00153e-07
1021.2,2e-06,1e-06,1e-06,1e-06,1e-06,,,,,0.001443,1e-06,6e-06,1e-06
1021.3,3e-06,1e-06,1e-06,1e-06,1e-06,1e-06,,,,0.00146599,1.49985e-06,6e-06,1e-06
1021.4,3e-06,1e-06,1e-06,1e-06,1e-06,1e-06,,,,0.001489,2e-06,6e-06,1e-06
1021.5,3e-06,1e-06,1e-06,1e-06,1e-06,1e-06,,,,0.001512,2.5e-06,6e-06,1e-06
1021.6,3e-06,1e-06,1e-06,9.9939e-07,1e-06,1e-06,,,,0.00153501,3.00031e-06,6e-06,1e-06
1021.7,3e-06,1e-06,1e-06,,1e-06,1e-06,,,,0.00155801,3.50015e-06,6e-06,1e-06
1021.8,3e-06,1e-06,1e-06,,1e-06,1e-06,,,,0.001581,4e-06,6e-06,1e-06
1021.9,3e-06,1e-06,1e-06,1e-06,1e-06,1e-06,,,1e-06,0.00160351,4.50015e-06,6e-06,1e-06
1022.0,3e-06,1e-06,1e-06,1e-06,1e-06,,,,1e-06,0.001626,5e-06,6e-06,1e-06
1022.1,3e-06,1e-06,1e-06,1e-06,1e-06,,,,1e-06,0.00165751,6.0003e-06,5.49985e-06,1e-06
1022.2,3e-06,1e-06,1e-06,1e-06,1e-06,,,,1e-06,0.001689,7e-06,5e-06,1e-06
1022.3,3e-06,1e-06,1e-06,1e-06,1e-06,,,,1e-06,0.00171999,8.49954e-06,4.50015e-06,1.49985e-06
1022.4,3e-06,1e-06,1e-06,1e-06,1e-06,1e-06,,,1e-06,0.001751,1e-05,4e-06,2e-06
1022.5,3e-06,1e-06,1e-06,1e-06,,1e-06,,,1e-06,0.0017825,1.15e-05,4e-06,2e-06
1022.6,3e-06,1.00061e-06,1e-06,9.9939e-07,,1e-06,,,1e-06,0.00181402,1.30009e-05,3.99969e-06,2e-06
1022.7,3e-06,2e-06,1e-06,,,1e-06,,,1e-06,0.00184501,1.45005e-05,3.49985e-06,2e-06
1022.8,3e-06,2e-06,1e-06,,,1e-06,,,1e-06,0.001876,1.6e-05,3e-06,2e-06
1022.9,3e-06,2e-06,1e-06,1e-06,,1e-06,,,1e-06,0.00190701,1.70003e-05,2.49985e-06,2e-06
1023.0,3e-06,2e-06,,1e-06,,1e-06,,,1e-06,0.001938,1.8e-05,2e-06,2e-06
1023.1,2e-06,2e-06,1e-06,1e-06,1e-06,1e-06,,,1e-06,0.00198001,2.00006e-05,2.50015e-06,2e-06
1023.2,2e-06,2e-06,1e-06,1e-06,1e-06,1e-06,,,1e-06,0.002022,2.2e-05,3e-06,2e-06
1023.3,2e-06,2e-06,1e-06,1e-06,1e-06,1e-06,,1e-06,1e-06,0.00206399,2.39994e-05,3.49985e-06,2.49985e-06
1023.4,2e-06,2e-06,1e-06,1e-06,1e-06,1e-06,,1e-06,1e-06,0.002106,2.6e-05,4e-06,3e-06
1023.5,2e-06,2e-06,2e-06,1e-06,1e-06,,,1e-06,1e-06,0.002148,2.8e-05,4.5e-06,3e-06
1023.6,2e-06,2e-06,1e-06,1e-06,1e-06,,,1e-06,1e-06,0.00219003,3.00012e-05,5.00031e-06,3.00031e-06
1023.7,2e-06,2e-06,1e-06,1e-06,1e-06,,,1e-06,1e-06,0.00223201,3.20006e-05,5.50015e-06,3.50015e-06
1023.8,2e-06,2e-06,1e-06,1e-06,1e-06,,,1e-06,1e-06,0.002274,3.4e-05,6e-06,4e-06
1023.9,2e-06,2e-06,1e-06,1e-06,,1e-06,,1e-06,1e-06,0.00231551,3.60006e-05,6.50015e-06,4e-06
1024.0,2e-06,2e-06,1e-06,1e-06,,1e-06,,1e-06,1e-06,0.002357,3.8e-05,7e-06,4e-06
1024.1,2e-06,2e-06,1e-06,,,1e-06,,1e-06,1e-06,0.00241057,3.8e-05,7e-06,4.50061e-06
1024.2,2e-06,2e-06,1e-06,,,1e-06,,1e-06,1e-06,0.002464,3.8e-05,7e-06,5e-06
1024.3,2e-06,2e-06,1e-06,,,1e-06,,1e-06,1e-06,0.00251703,3.8e-05,7e-06,5e-06
1024.4,2e-06,1e-06,1e-06,,1e-06,1e-06,,1e-06,2e-06,0.00257,3.8e-05,7e-06,5e-06
1024.5,2e-06,1e-06,1e-06,1e-06,1e-06,,,1e-06,2e-06,0.0026235,3.75e-05,7e-06,5e-06
1024.6,2.00122e-06,1e-06,1e-06,1e-06,1e-06,,,1e-06,2e-06,0.00267706,3.7e-05,7.00061e-06,5e-06
1024.7,3e-06,1e-06,1e-06,1e-06,1e-06,,,1e-06,2e-06,0.00272997,3.7e-05,7.4997e-06,5e-06
1024.8,3e-06,1e-06,1e-06,1e-06,1e-06,,,1e-06,2e-06,0.002783,3.7e-05,8e-06,5e-06
1024.9,3e-06,1e-06,1e-06,1e-06,1e-06,,,1e-06,2e-06,0.0028365,3.7e-05,8e-06,5e-06
1025.0,3e-06,1e-06,1e-06,1e-06,1e-06,,,2e-06,2e-06,0.00289,3.7e-05,8e-06,5e-06
1025.1,3e-06,1e-06,1e-06,,9.98779e-07,,,2e-06,2e-06,0.00295658,3.7e-05,8e-06,5.50061e-06
1025.2,3e-06,1e-06,1e-06,,,,,2e-06,2e-06,0.003023,3.7e-05,8e-06,6e-06
1025.3,3e-06,1e-06,1e-06,,,,,2e-06,2e-06,0.00308954,3.7e-05,8e-06,6e-06
1025.4,3e-06,1e-06,,,,,,2e-06,2e-06,0.003156,3.7e-05,8e-06,6e-06
1025.5,3e-06,1e-06,,,,,,2e-06,2e-06,0.0032225,3.7e-05,8.5e-06,6e-06
1025.6,2.99878e-06,1e-06,,,,,,2e-06,2e-06,0.00328908,3.7e-05,9e-06,6e-06
1025.7,2e-06,1e-06,,,,,,2e-06,2e-06,0.00335546,3.7e-05,9e-06,6e-06
1025.8,2e-06,1e-06,,,,,,2e-06,2e-06,0.003422,3.7e-05,9e-06,6e-06
1025.9,2e-06,2e-06,,,,,,2e-06,2e-06,0.0034885,3.65e-05,9e-06,6e-06
1026.0,2e-06,2e-06,,,,,,2e-06,2e-06,0.003555,3.6e-05,9e-06,6e-06
1026.1,2e-06,2e-06,,,1.221e-09,,,2e-06,2e-06,0.00364361,3.65006e-05,9e-06,6e-06
1026.2,2e-06,2e-06,,,1e-06,,,2e-06,2e-06,0.003732,3.7e-05,9e-06,6e-06
1026.3,2e-06,2e-06,1e-06,,1e-06,,,2e-06,2e-06,0.00382005,3.7e-05,9.50031e-06,6e-06
1026.4,2e-06,2e-06,1e-06,,1e-06,1e-06,,2e-06,2e-06,0.003908,3.7e-05,1e-05,6e-06
1026.5,2e-06,2e-06,1e-06,,1e-06,1e-06,,2e-06,2e-06,0.0039965,3.7e-05,1e-05,6e-06
1026.6,2e-06,2e-06,1e-06,,9.98779e-07,1e-06,,2e-06,2.00122e-06,0.00408511,3.7e-05,1e-05,6e-06
1026.7,2e-06,2e-06,1e-06,,,1e-06,,2e-06,3e-06,0.00417345,3.7e-05,1e-05,6e-06
1026.8,2e-06,2e-06,1e-06,,,1e-06,,2e-06,3e-06,0.004262,3.7e-05,1e-05,6e-06
1026.9,2e-06,2e-06,,,,1e-06,,2e-06,3e-06,0.0043505,3.7e-05,1e-05,6e-06
1027.0,2e-06,2e-06,,1e-06,,,,2e-06,3e-06,0.004439,3.7e-05,1e-05,6e-06
1027.1,2e-06,1e-06,,1e-06,,,,2e-06,2e-06,0.00456265,3.59988e-05,1e-05,6e-06
1027.2,2e-06,1e-06,,1e-06,,,,2e-06,2e-06,0.004686,3.5e-05,1e-05,6e-06
1027.3,2e-06,1e-06,,1e-06,,,,2e-06,2e-06,0.00481008,3.34991e-05,9.49969e-06,6e-06
1027.4,2e-06,1e-06,1e-06,1e-06,,,,2e-06,2e-06,0.004934,3.2e-05,9e-06,6e-06
1027.5,2e-06,1e-06,1e-06,1e-06,,,,2e-06,2e-06,0.005058,3.05e-05,9e-06,6e-06
1027.6,2e-06,1e-06,1e-06,,,,,2e-06,2e-06,0.00518215,2.89988e-05,8.99939e-06,6e-06
1027.7,2e-06,1e-06,1e-06,,,,,2e-06,2e-06,0.00530592,2.80006e-05,8.5003e-06,6e-06
1027.8,2e-06,1e-06,1e-06,,,,,2e-06,2e-06,0.00543,2.7e-05,8e-06,6e-06
1027.9,2e-06,1e-06,1e-06,,,,,2e-06,2e-06,0.0055535,2.55e-05,8e-06,5.5e-06
1028.0,2e-06,1e-06,,,,,,1e-06,2e-06,0.005677,2.4e-05,8e-06,5e-06
1028.1,2e-06,1e-06,,,,,,1e-06,2e-06,0.00584571,2.24982e-05,7.49939e-06,5e-06
1028.2,2e-06,1e-06,,,,,,1e-06,2e-06,0.006014,2.1e-05,7e-06,5e-06
1028.3,2e-06,1e-06,,,,,,1e-06,2e-06,0.0061826,1.94991e-05,6.4997e-06,5e-06
1028.4,2e-06,1e-06,,,,,,1e-06,2e-06,0.006351,1.8e-05,6e-06,5e-06
1028.5,2e-06,1e-06,,,,,,1e-06,2e-06,0.0065195,1.65e-05,6e-06,5e-06
1028.6,2.00122e-06,1e-06,,,,,,1e-06,2e-06,0.00668821,1.49982e-05,5.99939e-06,5e-06
1028.7,3e-06,1e-06,,,,,,1e-06,2e-06,0.0068564,1.35009e-05,5.50031e-06,5e-06
1028.8,3e-06,1e-06,,,,,,1e-06,2e-06,0.007025,1.2e-05,5e-06,5e-06
1028.9,3e-06,1e-06,1e-06,,,,,1e-06,2e-06,0.007193,1e-05,4.5e-06,5e-06
1029.0,3e-06,1e-06,1e-06,,1e-06,,,1e-06,2e-06,0.007361,8e-06,4e-06,5e-06
1029.1,3e-06,1e-06,1e-06,,1e-06,,,1e-06,2e-06,0.00759278,7.49939e-06,3.49939e-06,5e-06
1029.2,3e-06,1e-06,1e-06,,1e-06,,,1e-06,2e-06,0.007824,7e-06,3e-06,5e-06
1029.3,3e-06,1e-06,1e-06,,1e-06,,,1e-06,2e-06,0.00805514,5.99939e-06,2.4997e-06,4.4997e-06
1029.4,3e-06,1e-06,1e-06,,1e-06,,,1e-06,2e-06,0.008286,5e-06,2e-06,4e-06
1029.5,3e-06,1e-06,1e-06,,1e-06,,,1e-06,2e-06,0.008517,4e-06,2e-06,3.5e-06
1029.6,2.99878e-06,1e-06,1e-06,,1e-06,,,1e-06,1.99878e-06,0.00874828,2.99939e-06,1.99939e-06,2.99939e-06
1029.7,2e-06,1e-06,1e-06,,1e-06,,,1e-06,1e-06,0.00897886,2.50031e-06,1.50031e-06,2.50031e-06
1029.8,2e-06,1e-06,1e-06,,1e-06,,,1e-06,1e-06,0.00921,2e-06,1e-06,2e-06
1029.9,2e-06,1e-06,1e-06,,1e-06,,,1e-06,1e-06,0.009441,1e-06,5e-07,1.5e-06
1030.0,2e-06,1e-06,1e-06,,1e-06,,,1e-06,1e-06,0.009672,,,1e-06
1030.1,2.00122e-06,1e-06,1e-06,,1e-06,,,1e-06,1e-06,0.0099979,,,1e-06
1030.2,3e-06,1e-06,1e-06,,1e-06,,,1e-06,1e-06,0.010323,,,1e-06
1030.3,3e-06,1e-06,1e-06,,,,,1e-06,1e-06,0.0106487,,,1e-06
1030.4,3e-06,1e-06,1e-06,,,,,1e-06,1e-06,0.010974,,,1e-06
1030.5,3e-06,1e-06,,,,1e-06,,,1e-06,0.0112995,,,5e-07
1030.6,2.99878e-06,2e-06,,,,1e-06,,,1e-06,0.0116254,,,
1030.7,2e-06,2e-06,,,,1e-06,,,1e-06,0.0119498,,,
1030.8,2e-06,2e-06,,,,1e-06,,,1e-06,0.012275,,,
1030.9,2e-06,1e-06,,,,1e-06,,,1e-06,0.0126005,,,
1031.0,2e-06,1e-06,,1e-06,,,,,1e-06,0.012926,,,
1031.1,2e-06,1e-06,,1e-06,,,,,1e-06,0.0133881,,,
1031.2,2e-06,1e-06,,1e-06,,,,,1e-06,0.013849,,,
1031.3,2e-06,1e-06,,1e-06,,,,,1e-06,0.0143103,,,
1031.4,2e-06,1e-06,,1e-06,,,,,1e-06,0.014771,,,
1031.5,3e-06,1e-06,,1e-06,,,,,1e-06,0.0152325,,,
1031.6,3e-06,1e-06,1e-06,,1e-06,,,,1e-06,0.0156946,,,
1031.7,3e-06,1e-06,1e-06,,1e-06,,,,1e-06,0.0161552,,,
1031.8,3e-06,1e-06,1e-06,,1e-06,,,,1e-06,0.016617,,,
1031.9,3e-06,1e-06,1e-06,,1e-06,,,,1e-06,0.017078,,,
1032.0,4e-06,1e-06,1e-06,,1e-06,,,,1e-06,0.017539,,,
1032.1,4e-06,1e-06,1e-06,,9.98779e-07,,,,1e-06,0.0182003,,,
1032.2,4e-06,1e-06,1e-06,,,,,,1e-06,0.01886,,,
1032.3,4e-06,1e-06,1e-06,,,,,,1e-06,0.0195214,,,
1032.4,4e-06,1e-06,,,,,,,1e-06,0.020182,,,
1032.5,4e-06,1e-06,,,,,,,1e-06,0.0208425,,,
1032.6,3.99878e-06,1e-06,,,,,,,1e-06,0.0215038,,,
1032.7,3e-06,1e-06,,,,,,,1e-06,0.0221631,,,
1032.8,3e-06,1e-06,,,,,,,1e-06,0.022824,,,
1032.9,3e-06,1e-06,,,,1e-06,,,1e-06,0.023485,,,
1033.0,3e-06,2e-06,,,,1e-06,,,1e-06,0.024146,,,
1033.1,3e-06,2e-06,,,,1e-06,,,1e-06,0.0250947,,,
1033.2,3e-06,2e-06,,,,1e-06,,,1e-06,0.026041,,,
1033.3,3e-06,2e-06,,,,1e-06,,,1e-06,0.0269891,,,
1033.4,3e-06,2e-06,,1e-06,,,,,1e-06,0.027936,,,
1033.5,3e-06,2e-06,,1e-06,,,,,1e-06,0.028883,,,
1033.6,3e-06,2e-06,1.221e-09,1e-06,1.221e-09,,,,1e-06,0.0298312,,,
1033.7,3e-06,2e-06,1e-06,1e-06,1e-06,,,,1e-06,0.0307769,,,
1033.8,3e-06,2e-06,1e-06,1e-06,1e-06,,,,1e-06,0.031725,,,
1033.9,3e-06,2e-06,1e-06,1e-06,1e-06,,,,1e-06,0.0326725,,,
1034.0,4e-06,2e-06,1e-06,,1e-06,1e-06,,,1e-06,0.03362,,,
1034.1,4e-06,2e-06,1e-06,,9.98779e-07,1e-06,,,1e-06,0.0349596,,5.0061e-07,
1034.2,4e-06,2e-06,1e-06,,,1e-06,,,1e-06,0.036296,,1e-06,
1034.3,4e-06,2e-06,1e-06,,,1e-06,,,1e-06,0.0376348,,1e-06,
1034.4,4e-06,2e-06,,,,1e-06,,,1e-06,0.038972,,1e-06,
1034.5,4e-06,2e-06,,,,,,,1e-06,0.04031,,1.5e-06,
1034.6,4e-06,2e-06,,1e-06,,,,,1e-06,0.0416496,,2.00061e-06,
1034.7,4e-06,2e-06,,1e-06,,,,,1e-06,0.0429852,,2.4997e-06,
1034.8,4e-06,2e-06,,1e-06,,,,,1e-06,0.044324,,3e-06,
1034.9,4e-06,2e-06,,1e-06,,,,,1e-06,0.045662,,3e-06,
1035.0,3e-06,2e-06,,1e-06,,,,,1e-06,0.047,,3e-06,
1035.1,3e-06,2e-06,,9.98779e-07,,,,,1e-06,0.0488563,,3e-06,
1035.2,3e-06,2e-06,,,,,,,1e-06,0.050708,,3e-06,
1035.3,3e-06,2e-06,,,,,,,1e-06,0.0525631,,3e-06,
1035.4,3e-06,2e-06,,,,,,,1e-06,0.054416,,3e-06,
1035.5,3e-06,2e-06,,,,1e-06,,,1e-06,0.05627,,3e-06,
1035.6,3e-06,2e-06,,,,1e-06,,,1e-06,0.0581263,,3e-06,
1035.7,3e-06,2e-06,,,,1e-06,,,1e-06,0.0599769,,3e-06,
1035.8,3e-06,2e-06,,,,1e-06,,,,0.061832,,3e-06,
1035.9,3e-06,2e-06,,,,1e-06,,,,0.063686,,3e-06,
1036.0,4e-06,2e-06,,1e-06,,1e-06,,,,0.06554,,3e-06,
1036.1,4e-06,2e-06,,1e-06,,1e-06,,,,0.0680486,,2.49939e-06,
1036.2,4e-06,2e-06,,1e-06,,1e-06,,,,0.070551,,2e-06,
1036.3,4e-06,2e-06,,1e-06,,1e-06,,,,0.073058,,2e-06,
1036.4,4e-06,2e-06,1e-06,1e-06,,1e-06,,,,0.075562,,2e-06,
1036.5,4e-06,2e-06,1e-06,1e-06,1e-06,,,,,0.078067,,1.5e-06,
1036.6,4e-06,2e-06,1e-06,1e-06,1e-06,,,,,0.0805751,,1e-06,
1036.7,4e-06,2e-06,1e-06,1e-06,1e-06,,,,,0.083076,,1e-06,
1036.8,4e-06,2e-06,1e-06,1e-06,1e-06,,,,,0.085583,,1e-06,
1036.9,4e-06,2e-06,1e-06,1e-06,1e-06,,,,,0.0880885,,5e-07,
1037.0,4e-06,2e-06,1e-06,1e-06,1e-06,,,,,0.090594,,,
1037.1,4e-06,2e-06,1e-06,,1e-06,,,,,0.093847,,,
1037.2,4e-06,2e-06,1e-06,,1e-06,,,,,0.097092,,,
1037.3,4e-06,2e-06,1e-06,,,,,,,0.100343,,,
1037.4,4e-06,2e-06,1e-06,,,,,,,0.10359,,,
1037.5,4e-06,2e-06,,,,,,,,0.106839,,,
1037.6,4e-06,2e-06,,,,,,,,0.110092,,,
1037.7,4e-06,2e-06,,,,,,,,0.113335,,,
1037.8,4e-06,2e-06,,,,,,,,0.116586,,,
1037.9,4e-06,2e-06,,,,,,,,0.119835,,,
1038.0,4e-06,2e-06,,,,,,,,0.123084,,,
1038.1,4e-06,2e-06,,,,,,,,0.127135,,,
1038.2,4e-06,2e-06,,,,,,,,0.131177,,,
1038.3,4e-06,2e-06,,,,,,,,0.135225,,,
1038.4,4e-06,2e-06,,,,,,,,0.139269,,,
1038.5,4e-06,2e-06,,,,,,,,0.143315,,,
1038.6,4e-06,2e-06,,,,,,,,0.147366,,,
1038.7,4e-06,2e-06,,,,,,,,0.151405,,,
1038.8,4e-06,2e-06,,,,,,,,0.155454,,,
1038.9,4e-06,2e-06,1e-06,,,,,,,0.1595,,,
1039.0,4e-06,2e-06,1e-06,,,,,,,0.163546,,,
1039.1,4.00122e-06,2e-06,9.98779e-07,,,,,,,0.168397,,,
1039.2,5e-06,2e-06,,,,,,,,0.173237,,,
1039.3,5e-06,2e-06,,,,,,,,0.178085,,,
1039.4,5e-06,2e-06,,,,,,,,0.182927,,,
1039.5,5e-06,2e-06,,,,,,,,0.187772,,,
1039.6,4e-06,2e-06,,,,,,,,0.192623,,,
1039.7,4e-06,2e-06,,,,,,,,0.19746,,,
1039.8,4e-06,2e-06,,,,,,,,0.202308,,,
1039.9,4e-06,2e-06,,,,,,,,0.207153,,,
1040.0,4e-06,2e-06,,,,,,,,0.211998,,,
1040.1,4e-06,2e-06,,,,,,,,0.217584,5.0061e-07,,
1040.2,4e-06,2e-06,,,,,,,,0.223157,1e-06,,
1040.3,4e-06,2e-06,,,,,,,,0.22874,1e-06,,
1040.4,4e-06,2e-06,,,,,,,,0.234317,1e-06,,
1040.5,4e-06,2e-06,,,,,,,,0.239897,1.5e-06,,
1040.6,5e-06,2e-06,,,,1e-06,,,,0.245483,2e-06,,
1040.7,5e-06,2e-06,,,,1e-06,,,,0.251052,2e-06,,
1040.8,5e-06,2e-06,,,,1e-06,,,,0.256635,2e-06,,
1040.9,5e-06,2e-06,,,,,,,,0.262215,2.5e-06,,
1041.0,5e-06,2e-06,,,,,,,,0.267794,3e-06,,
1041.1,5e-06,2e-06,,1e-06,,,,,,0.27402,3e-06,,
1041.2,5e-06,2e-06,,1e-06,,,,,,0.280231,3e-06,,
1041.3,5e-06,2e-06,,1e-06,,,,,,0.286453,3e-06,,5.00305e-07
1041.4,5e-06,2e-06,1e-06,1e-06,,,,,,0.292668,3e-06,,1e-06
1041.5,5e-06,2e-06,1e-06,1e-06,,,,,,0.298887,3e-06,,1e-06
1041.6,4.99878e-06,2e-06,1e-06,,,1e-06,,,,0.305113,3e-06,,1e-06
1041.7,4e-06,2e-06,1e-06,,,1e-06,,,,0.31132,3e-06,,1e-06
1041.8,4e-06,2e-06,,,,1e-06,,,,0.317542,3e-06,,1e-06
1041.9,4e-06,2e-06,,,,1e-06,,,,0.323761,3e-06,,1e-06
1042.0,4e-06,2e-06,,1e-06,,1e-06,,,,0.329979,3e-06,,1e-06
1042.1,4e-06,2e-06,,1e-06,,1e-06,,,,0.336775,2.49939e-06,,1.50061e-06
1042.2,4e-06,2e-06,,1e-06,,1e-06,,,,0.343555,2e-06,,2e-06
1042.3,4e-06,2e-06,,1e-06,,1e-06,,,,0.350347,2e-06,,2.50031e-06
1042.4,4e-06,2e-06,1e-06,1e-06,,1e-06,,,,0.357131,2e-06,,3e-06
1042.5,4e-06,2e-06,1e-06,1e-06,1e-06,1e-06,,,,0.363919,1.5e-06,,3e-06
1042.6,4e-06,2e-06,1e-06,1e-06,1e-06,1e-06,,,,0.370715,1e-06,,3.00061e-06
1042.7,4e-06,2e-06,1e-06,1e-06,1e-06,1e-06,,,,0.377491,1e-06,,3.49969e-06
1042.8,4e-06,2e-06,1e-06,1e-06,1e-06,1e-06,,,,0.384284,1e-06,,4e-06
1042.9,4e-06,2e-06,1e-06,1e-06,1e-06,,,,1e-06,0.391072,5e-07,,4e-06
1043.0,4e-06,2e-06,1e-06,1e-06,,,,,1e-06,0.39786,,,4e-06
1043.1,4.00122e-06,2e-06,1e-06,1e-06,,,,,1e-06,0.405117,,,4e-06
1043.2,5e-06,2e-06,1e-06,1e-06,,,,,1e-06,0.412357,,,4e-06
1043.3,5e-06,2e-06,,1e-06,,,,,1e-06,0.41961,,,4e-06
1043.4,5e-06,2e-06,,1e-06,,,,,1e-06,0.426855,,,4e-06
1043.5,5e-06,2e-06,,1e-06,,,,,1e-06,0.434103,,,4e-06
1043.6,5e-06,2e-06,,,,,,,1e-06,0.441361,,,4e-06
1043.7,5e-06,2e-06,,,,,,,1e-06,0.448597,,,4e-06
1043.8,5e-06,2e-06,,,,,,,,0.45585,,,4e-06
1043.9,5e-06,2e-06,,,,,,,1e-06,0.463099,,,4e-06
1044.0,5e-06,2e-06,,,,,,,1e-06,0.470348,,,4e-06
1044.1,4.99878e-06,2e-06,,,,,,,1e-06,0.477923,,,4e-06
1044.2,4e-06,2e-06,,,,,,,1e-06,0.485479,,,4e-06
1044.3,4e-06,2e-06,,,,,,,1e-06,0.49305,,,4e-06
1044.4,4e-06,2e-06,,,,,,,1e-06,0.500611,,,4e-06
1044.5,4e-06,2e-06,,,,,,,1e-06,0.508177,,,3.5e-06
1044.6,5e-06,2e-06,,,,1e-06,,,1e-06,0.515751,,,3e-06
1044.7,5e-06,2e-06,,,,1e-06,,,1e-06,0.523303,,,3e-06
1044.8,5e-06,2e-06,,,,,,,,0.530874,,,3e-06
1044.9,5e-06,2e-06,,,,,,,1e-06,0.53844,,,2.5e-06
1045.0,5e-06,2e-06,,,,,,,1e-06,0.546005,,,2e-06
1045.1,5e-06,2e-06,,1e-06,,,,,1e-06,0.553731,1.00122e-06,,2e-06
1045.2,5e-06,2e-06,,1e-06,,,,,1e-06,0.561438,2e-06,,2e-06
1045.3,5e-06,2e-06,,1e-06,,,,,1e-06,0.569159,3.50092e-06,,2e-06
1045.4,5e-06,2e-06,,,,,,,1e-06,0.57687,5e-06,,2e-06
1045.5,5e-06,2e-06,,,,,,,1e-06,0.584586,6e-06,,2e-06
1045.6,5e-06,2e-06,,,,,,,1e-06,0.592311,7.00122e-06,,1.99939e-06
1045.7,5e-06,2e-06,,,,,,,1e-06,0.600013,7.99939e-06,,1.50031e-06
1045.8,5e-06,2e-06,,,,,,,1e-06,0.607734,9e-06,,1e-06
1045.9,5e-06,2e-06,,,,,,,1e-06,0.61545,1e-05,,1e-06
1046.0,5e-06,2e-06,,,,,,,1e-06,0.623166,1.1e-05,,1e-06
1046.1,5e-06,2e-06,,,,,,,1e-06,0.630808,1.15006e-05,,1e-06
1046.2,5e-06,2e-06,,,,,,,1e-06,0.638432,1.2e-05,,1e-06
1046.3,5e-06,2e-06,,,,,,,1e-06,0.64607,1.25003e-05,,1e-06
1046.4,5e-06,2e-06,,,,,,,1e-06,0.653698,1.3e-05,,1e-06
1046.5,5e-06,2e-06,,,,,,,1e-06,0.661331,1.35e-05,,5e-07
1046.6,5e-06,2e-06,,,,,,,1e-06,0.668972,1.4e-05,,
1046.7,5e-06,2e-06,,,,,,,1e-06,0.676591,1.4e-05,,
1046.8,5e-06,2e-06,,,,,,,1e-06,0.684229,1.4e-05,,
1046.9,5e-06,2e-06,,,,,,,1e-06,0.691862,1.45e-05,,
1047.0,5e-06,2e-06,,,,,,,1e-06,0.699495,1.5e-05,,
1047.1,5e-06,2e-06,,1.221e-09,,,,,1e-06,0.706838,1.5e-05,,
1047.2,5e-06,2e-06,,1e-06,,,,,1e-06,0.714164,1.5e-05,,
1047.3,5e-06,2e-06,,1e-06,,,,,1e-06,0.721503,1.44997e-05,,
1047.4,5e-06,2e-06,,,,,,,1e-06,0.728833,1.4e-05,,
1047.5,5e-06,2e-06,,,,,,,1e-06,0.736168,1.35e-05,,
1047.6,5e-06,2e-06,,,,,,,1e-06,0.743511,1.3e-05,,
1047.7,5e-06,2e-06,,,,,,,1e-06,0.750832,1.3e-05,,
1047.8,5e-06,2e-06,,,,,,,1e-06,0.758172,1.3e-05,,
1047.9,5e-06,2e-06,1e-06,,,,,,1e-06,0.765507,1.25e-05,,
1048.0,5e-06,2e-06,1e-06,,,,,,1e-06,0.772841,1.2e-05,,
1048.1,5e-06,2e-06,1e-06,,,,,,1e-06,0.779601,1.2e-05,,
1048.2,5e-06,2e-06,1e-06,,,,,,1e-06,0.786345,1.2e-05,,
1048.3,5e-06,2e-06,1e-06,,,,,,1e-06,0.793101,1.2e-05,,
1048.4,5e-06,2e-06,1e-06,,,,,,1e-06,0.799848,1.2e-05,,
1048.5,5e-06,2e-06,,,,,,,1e-06,0.8066,1.2e-05,,
1048.6,5e-06,2e-06,,,,,,,1e-06,0.81336,1.2e-05,,
1048.7,5e-06,2e-06,,,,,,,1e-06,0.8201,1.2e-05,,
1048.8,5e-06,2e-06,,,,,,,1e-06,0.826856,1.2e-05,,
1048.9,5e-06,2e-06,,,,,,,1e-06,0.833608,1.2e-05,,
1049.0,5e-06,2e-06,,,,,,,1e-06,0.84036,1.2e-05,,
1049.1,5e-06,2e-06,,1e-06,,,,,1e-06,0.84619,1.2e-05,,
1049.2,5e-06,2e-06,,1e-06,,,,,1e-06,0.852006,1.2e-05,,
1049.3,5e-06,2e-06,,1e-06,,,,,1e-06,0.857833,1.2e-05,,
1049.4,5e-06,2e-06,,1e-06,,,,,1e-06,0.863652,1.2e-05,,
1049.5,5e-06,2e-06,,1e-06,,,,,1e-06,0.869475,1.25e-05,,
1049.6,5e-06,3e-06,,1e-06,,,,,1e-06,0.875305,1.3e-05,,
1049.7,5e-06,3e-06,,1e-06,,,,,1e-06,0.881118,1.3e-05,,
1049.8,5e-06,3e-06,,1e-06,,,,,1e-06,0.886945,1.3e-05,,
1049.9,5e-06,3e-06,,,,,,,1e-06,0.892768,1.3e-05,,
1050.0,5e-06,3e-06,,,,,,,1e-06,0.898591,1.3e-05,,
1050.1,5e-06,3e-06,,,,,,,1e-06,0.903194,1.14982e-05,,
1050.2,5e-06,3e-06,,,,,,,1e-06,0.907785,1e-05,,
1050.3,5e-06,3e-06,,,,,,,1e-06,0.912384,8.99939e-06,,
1050.4,5e-06,3e-06,,,,,,,1e-06,0.916978,8e-06,,
1050.5,5e-06,3e-06,,,,,,,1e-06,0.921575,6.5e-06,,
1050.6,5e-06,2e-06,,1.221e-09,,,,,1e-06,0.926178,4.99878e-06,,6.10128e-10
1050.7,5e-06,2e-06,,1e-06,,,,,1e-06,0.930766,4.00061e-06,,4.99695e-07
1050.8,5e-06,2e-06,,1e-06,,,,,1e-06,0.935366,3e-06,,1e-06
1050.9,5e-06,3e-06,,,,,,,1e-06,0.939963,1.5e-06,,1e-06
1051.0,5e-06,3e-06,,,,,,,1e-06,0.94456,,,1e-06
1051.1,5e-06,3e-06,,,,,,,1e-06,0.947746,,,1e-06
1051.2,5e-06,3e-06,,,,,,,1e-06,0.950924,,,1e-06
1051.3,5e-06,3e-06,,,,,,,1e-06,0.954108,,,1e-06
1051.4,5e-06,3e-06,1e-06,,,,,,1e-06,0.957288,,,1e-06
1051.5,5e-06,3e-06,1e-06,,1e-06,,,,1e-06,0.96047,,,1e-06
1051.6,5e-06,3e-06,1e-06,,1e-06,,,,1e-06,0.963656,,,1e-06
1051.7,5e-06,3e-06,1e-06,,1e-06,,,,1e-06,0.966832,,,1e-06
1051.8,5e-06,3e-06,1e-06,,1e-06,,,,1e-06,0.970016,,,1e-06
1051.9,5e-06,3e-06,1e-06,,1e-06,,,,1e-06,0.973198,,,1e-06
1052.0,5e-06,3e-06,,,1e-06,,,,1e-06,0.97638,,,1e-06
1052.1,5e-06,3e-06,1e-06,1e-06,1e-06,,,,1e-06,0.978107,,,1e-06
1052.2,5e-06,3e-06,1e-06,1e-06,1e-06,,,,1e-06,0.979829,,,1e-06
1052.3,5e-06,3e-06,1e-06,1e-06,1e-06,,,,1e-06,0.981555,,,1e-06
1052.4,5e-06,3e-06,1e-06,1e-06,1e-06,,,,1e-06,0.983278,,,1e-06
1052.5,5e-06,3e-06,1e-06,1e-06,1e-06,,,,1e-06,0.985003,,,5e-07
1052.6,5e-06,3e-06,1e-06,1e-06,1e-06,,,,1e-06,0.986729,,,
1052.7,5e-06,3e-06,1e-06,1e-06,1e-06,,,,1e-06,0.988451,,,
1052.8,5e-06,3e-06,1e-06,1e-06,1e-06,,,,1e-06,0.990177,,,
1052.9,5e-06,3e-06,1e-06,1e-06,1e-06,,,,2e-06,0.991902,,,
1053.0,5e-06,3e-06,1e-06,1e-06,1e-06,,,,2e-06,0.993626,,,
1053.1,5e-06,3e-06,1e-06,1e-06,1e-06,,,,2e-06,0.994264,,,
1053.2,5e-06,3e-06,1e-06,1e-06,1e-06,,,,2e-06,0.994901,,,
1053.3,5e-06,3e-06,1e-06,1e-06,1e-06,,,,2e-06,0.995539,,,
1053.4,5e-06,3e-06,1e-06,,1e-06,,,,2e-06,0.996176,,,
1053.5,5e-06,3e-06,,,1e-06,,,,2e-06,0.996813,,,
1053.6,5e-06,3e-06,1e-06,,1e-06,,,,2e-06,0.997451,,,
1053.7,5e-06,3e-06,1e-06,,1e-06,,,,2e-06,0.998087,,,
1053.8,5e-06,3e-06,1e-06,,1e-06,,,,2e-06,0.998725,,,
1053.9,5e-06,3e-06,1e-06,,1e-06,,,,2e-06,0.999362,,,
1054.0,5e-06,3e-06,1e-06,,1e-06,,,,2e-06,1.0,,,
1054.1,5e-06,3e-06,1e-06,1.221e-09,1e-06,,,,2e-06,0.999732,,1.00122e-06,
1054.2,5e-06,3e-06,1e-06,1e-06,1e-06,,,,2e-06,0.999464,,2e-06,
1054.3,5e-06,3e-06,1e-06,1e-06,1e-06,,,,1e-06,0.999196,,2.50031e-06,
1054.4,5e-06,3e-06,1e-06,,1e-06,,,,2e-06,0.998928,,3e-06,
1054.5,5e-06,3e-06,1e-06,,1e-06,,,,2e-06,0.99866,,4e-06,
1054.6,5e-06,3e-06,1e-06,,1e-06,,,,2e-06,0.998392,,5.00122e-06,
1054.7,5e-06,3e-06,1e-06,,1e-06,,,,2e-06,0.998124,,5.99939e-06,
1054.8,5e-06,3e-06,1e-06,,1e-06,,,,2e-06,0.997856,,7e-06,
1054.9,5e-06,3e-06,1e-06,,1e-06,,,,2e-06,0.997588,,7.5e-06,
1055.0,5e-06,3e-06,1e-06,,1e-06,,,,2e-06,0.997319,,8e-06,
1055.1,5e-06,3e-06,1e-06,,1e-06,,,,2e-06,0.996141,,8.50061e-06,
1055.2,5e-06,3e-06,1e-06,,1e-06,,,,2e-06,0.994965,,9e-06,
1055.3,5e-06,3e-06,1e-06,,1e-06,,,,2e-06,0.993787,,9.50031e-06,5.00305e-07
1055.4,5e-06,3e-06,1e-06,,1e-06,,,,2e-06,0.992611,,1e-05,1e-06
1055.5,5e-06,3e-06,1e-06,,1e-06,,,,2e-06,0.991434,,1.1e-05,1e-06
1055.6,5e-06,3e-06,1e-06,1e-06,1e-06,,,,2e-06,0.990255,,1.20006e-05,1e-06
1055.7,5e-06,3e-06,1e-06,1e-06,1e-06,,,,2e-06,0.98908,,1.24997e-05,1e-06
1055.8,5e-06,3e-06,1e-06,1e-06,1e-06,,,,2e-06,0.987902,,1.3e-05,1e-06
1055.9,5e-06,3e-06,1e-06,,1e-06,,,,2e-06,0.986724,,1.35e-05,1e-06
1056.0,5e-06,3e-06,1e-06,,1e-06,,,,2e-06,0.985547,,1.4e-05,1e-06
1056.1,5e-06,3e-06,1e-06,,1e-06,,,,2e-06,0.983536,,1.4e-05,1.50061e-06
1056.2,5e-06,3e-06,1e-06,,1e-06,,,,2e-06,0.98153,,1.4e-05,2e-06
1056.3,5e-06,3e-06,1e-06,,1e-06,,,,2e-06,0.97952,,1.45003e-05,2.50031e-06
1056.4,5e-06,3e-06,1e-06,,1e-06,,,,2e-06,0.977513,,1.5e-05,3e-06
1056.5,5e-06,3e-06,1e-06,,1e-06,,,,2e-06,0.975505,,1.55e-05,3e-06
1056.6,5e-06,3e-06,1e-06,,1e-06,,,,2e-06,0.973494,,1.60006e-05,3.00061e-06
1056.7,5e-06,3e-06,1e-06,,1e-06,,,,2e-06,0.971489,,1.64997e-05,3.49969e-06
1056.8,5e-06,3e-06,1e-06,,1e-06,,,,2e-06,0.969479,,1.7e-05,4e-06
1056.9,5e-06,3e-06,1e-06,,1e-06,,,,2e-06,0.96747,,1.7e-05,4e-06
1057.0,5e-06,3e-06,1e-06,,1e-06,,,,2e-06,0.965461,,1.7e-05,4e-06
1057.1,4.99878e-06,3e-06,1e-06,,1e-06,,,,2e-06,0.96265,,1.75006e-05,4e-06
1057.2,4e-06,3e-06,1e-06,,1e-06,,,,2e-06,0.959846,,1.8e-05,4e-06
1057.3,4e-06,3e-06,1e-06,,1e-06,,,,2e-06,0.957036,,1.85003e-05,4e-06
1057.4,4e-06,3e-06,1e-06,,1e-06,,,,2e-06,0.95423,,1.9e-05,4e-06
1057.5,4e-06,3e-06,1e-06,,1e-06,,,,2e-06,0.951423,,1.95e-05,4e-06
1057.6,4e-06,3e-06,1e-06,,1e-06,,,,2e-06,0.948612,,2.00006e-05,4e-06
1057.7,4e-06,3e-06,1e-06,,1e-06,,,,2e-06,0.945809,,2.04997e-05,4e-06
1057.8,4e-06,3e-06,1e-06,,1e-06,,,,2e-06,0.943,,2.1e-05,4e-06
1057.9,4e-06,3e-06,1e-06,,1e-06,,,,2e-06,0.940192,,2.15e-05,4e-06
1058.0,4e-06,3e-06,1e-06,,1e-06,,,,2e-06,0.937384,,2.2e-05,4e-06
1058.1,4e-06,3e-06,1e-06,,1e-06,,,,2e-06,0.933702,,2.14994e-05,3.49939e-06
1058.2,4e-06,3e-06,1e-06,,1e-06,,,,2e-06,0.930029,,2.1e-05,3e-06
1058.3,4e-06,3e-06,1e-06,,1e-06,,,,2e-06,0.926349,,1.99994e-05,2.4997e-06
1058.4,4e-06,3e-06,1e-06,,1e-06,,,,2e-06,0.922674,,1.9e-05,2e-06
1058.5,4e-06,3e-06,1e-06,,1e-06,,,,2e-06,0.918996,,1.85e-05,1.5e-06
1058.6,4e-06,3e-06,1e-06,,1e-06,,,,1.99878e-06,0.915314,,1.79994e-05,1e-06
1058.7,4e-06,3e-06,1e-06,,1e-06,,,,1e-06,0.911643,,1.75003e-05,1e-06
1058.8,4e-06,3e-06,1e-06,,1e-06,,,,1e-06,0.907963,,1.7e-05,1e-06
1058.9,4e-06,3e-06,1e-06,,1e-06,,,,1e-06,0.904285,,1.6e-05,5e-07
1059.0,4e-06,3e-06,1e-06,,1e-06,,,,1e-06,0.900608,,1.5e-05,
1059.1,4e-06,3e-06,1e-06,,1e-06,,,,1e-06,0.896122,,1.44994e-05,
1059.2,4e-06,3e-06,1e-06,,1e-06,,,,1e-06,0.891646,,1.4e-05,
1059.3,4e-06,3e-06,1e-06,,1e-06,,,,1e-06,0.887163,,1.34997e-05,
1059.4,4e-06,3e-06,1e-06,,1e-06,,,,1e-06,0.882685,,1.3e-05,
1059.5,3e-06,3e-06,1e-06,,1e-06,,,,1e-06,0.878204,,1.2e-05,
1059.6,3e-06,3e-06,1e-06,,1e-06,,,,1e-06,0.873717,,1.09994e-05,
1059.7,3e-06,3e-06,1e-06,,1e-06,,,,1e-06,0.869245,,1.05003e-05,
1059.8,3e-06,3e-06,1e-06,,1e-06,,,,1e-06,0.864761,,1e-05,
1059.9,3e-06,3e-06,1e-06,,1e-06,,,,1e-06,0.860281,,9.5e-06,
1060.0,3e-06,3e-06,1e-06,,1e-06,,,,1e-06,0.8558,,9e-06,
1060.1,3e-06,2e-06,1e-06,,1e-06,,,,1e-06,0.850538,,8.49939e-06,
1060.2,3e-06,2e-06,1e-06,,1e-06,,,,1e-06,0.845288,,8e-06,
1060.3,3e-06,2e-06,1e-06,,1e-06,,,,1e-06,0.840029,,8e-06,
1060.4,3e-06,2e-06,1e-06,,1e-06,,,,1e-06,0.834776,,8e-06,
1060.5,3e-06,2e-06,1e-06,,1e-06,,,,1e-06,0.82952,,8e-06,
1060.6,3e-06,2e-06,1e-06,,1e-06,,,,1e-06,0.824258,,7.99939e-06,
1060.7,3e-06,2e-06,1e-06,,1e-06,,,,1e-06,0.819012,,7.5003e-06,
1060.8,3e-06,2e-06,1e-06,,1e-06,,,,1e-06,0.813753,,7e-06,
1060.9,3e-06,2e-06,1e-06,,1e-06,,,,1e-06,0.808497,,7e-06,
1061.0,3e-06,2e-06,1e-06,,1e-06,,,,1e-06,0.803241,,7e-06,
1061.1,3e-06,2e-06,1e-06,,1e-06,,,,1e-06,0.797263,,5.99878e-06,
1061.2,3e-06,2e-06,1e-06,,1e-06,,,,1e-06,0.7913,,5e-06,
1061.3,3e-06,2e-06,1e-06,,1e-06,,,1e-06,1e-06,0.785326,,4.4997e-06,
1061.4,3e-06,2e-06,1e-06,,1e-06,,,1e-06,1e-06,0.779359,,4e-06,
1061.5,3e-06,2e-06,1e-06,,1e-06,,,1e-06,1e-06,0.773389,,3.5e-06,
1061.6,3e-06,2e-06,1e-06,,1e-06,,,1e-06,1e-06,0.767411,,2.99878e-06,
1061.7,3e-06,2e-06,1e-06,,1e-06,,,1e-06,1e-06,0.761451,,2.00061e-06,
1061.8,3e-06,2e-06,1e-06,,1e-06,,,1e-06,1e-06,0.755477,,1e-06,
1061.9,3e-06,2e-06,1e-06,,1e-06,,,1e-06,1e-06,0.749506,,5e-07,
1062.0,3e-06,2e-06,1e-06,,1e-06,,,,1e-06,0.743536,,,
1062.1,2.99878e-06,2e-06,1e-06,,1e-06,,,,1e-06,0.73698,,,
1062.2,2e-06,2e-06,1e-06,,1e-06,,,,1e-06,0.730441,,,
1062.3,2e-06,2e-06,1e-06,,1e-06,,,,1e-06,0.723889,5.00305e-07,,
1062.4,2e-06,2e-06,1e-06,,1e-06,,,,1e-06,0.717346,1e-06,,
1062.5,2e-06,2e-06,1e-06,,1e-06,,,,1e-06,0.710798,1e-06,,
1062.6,2.00122e-06,2e-06,1e-06,,1e-06,,,,1e-06,0.704242,1e-06,,
1062.7,3e-06,2e-06,1e-06,,1e-06,,,,1e-06,0.697707,1e-06,,
1062.8,3e-06,2e-06,1e-06,,1e-06,,,1e-06,1e-06,0.691155,1e-06,,
1062.9,3e-06,2e-06,1e-06,,1e-06,,,1e-06,1e-06,0.684608,1e-06,,
1063.0,3e-06,2e-06,,,,,,1e-06,1e-06,0.67806,1e-06,,
1063.1,2.99878e-06,2e-06,,,,,,1e-06,1e-06,0.671016,2.50183e-06,,
1063.2,2e-06,2e-06,,,,,,1e-06,1e-06,0.663989,4e-06,,
1063.3,2e-06,2e-06,,,,,,1e-06,1e-06,0.65695,5.50091e-06,,
1063.4,2e-06,2e-06,,,,,,1e-06,1e-06,0.649919,7e-06,,
1063.5,2e-06,2e-06,,,,,,1e-06,1e-06,0.642883,8.5e-06,,
1063.6,2e-06,2e-06,,,,,,1e-06,1e-06,0.635839,1.00018e-05,,
1063.7,2e-06,2e-06,,,,,,1e-06,1e-06,0.628817,1.14991e-05,,
1063.8,2e-06,2e-06,,,,,,1e-06,1e-06,0.621777,1.3e-05,,
1063.9,2e-06,2e-06,,,,,,1e-06,1e-06,0.614742,1.4e-05,,
1064.0,2e-06,2e-06,,,,,,1e-06,1e-06,0.607706,1.5e-05,,
1064.1,2e-06,2e-06,,,,,,1e-06,1e-06,0.600341,1.5e-05,,
1064.2,2e-06,2e-06,,,,,,1e-06,1e-06,0.592993,1.5e-05,,
1064.3,2e-06,2e-06,,,,,,1e-06,1e-06,0.585632,1.44997e-05,,5.00305e-07
1064.4,2e-06,2e-06,,,,,,1e-06,1e-06,0.57828,1.4e-05,,1e-06
1064.5,2e-06,2e-06,,,,,,1e-06,1e-06,0.570923,1.4e-05,,1e-06
1064.6,2e-06,2e-06,,,,,,1e-06,1e-06,0.563557,1.39994e-05,,1.00061e-06
1064.7,2e-06,2e-06,,,,,,1e-06,1e-06,0.556214,1.35003e-05,,1.49969e-06
1064.8,2e-06,2e-06,,,,,,1e-06,,0.548853,1.3e-05,,2e-06
1064.9,2e-06,2e-06,,,,,,1e-06,,0.541497,1.3e-05,,2e-06
1065.0,2e-06,2e-06,,,,,,1e-06,,0.53414,1.3e-05,,2e-06
1065.1,2e-06,2e-06,,,,,,1e-06,,0.526659,1.19988e-05,,2e-06
1065.2,2e-06,2e-06,,,,,,1e-06,,0.519197,1.1e-05,,2e-06
1065.3,2e-06,2e-06,,,,,,1e-06,,0.511721,9.99939e-06,,2e-06
1065.4,2e-06,2e-06,,,,,,1e-06,,0.504254,9e-06,,2e-06
1065.5,2e-06,2e-06,,,,,,1e-06,,0.496783,8e-06,,2e-06
1065.6,2e-06,2e-06,,,,,,1e-06,,0.489303,6.99878e-06,,2e-06
1065.7,2e-06,2e-06,,,,,,1e-06,,0.481845,6.00061e-06,,2e-06
1065.8,2e-06,2e-06,,,,,,1e-06,,0.474369,5e-06,,2e-06
1065.9,2e-06,2e-06,,,,,,1e-06,,0.466897,4.5e-06,,2e-06
1066.0,2e-06,1e-06,,,,,,1e-06,,0.459426,4e-06,,2e-06
1066.1,2e-06,1e-06,,,,,,1e-06,,0.452007,3.49939e-06,,2e-06
1066.2,2e-06,1e-06,,,,,,1e-06,,0.444607,3e-06,,2e-06
1066.3,2e-06,1e-06,,,,,,1e-06,,0.437193,2.4997e-06,,1.49969e-06
1066.4,2e-06,1e-06,,,,,,1e-06,,0.429789,2e-06,,1e-06
1066.5,2e-06,1e-06,,,,,,1e-06,,0.422379,1.5e-06,,1e-06
1066.6,2e-06,1e-06,,,,,,1e-06,,0.414961,1e-06,,9.9939e-07
1066.7,2e-06,1e-06,,,,,,1e-06,,0.407565,1e-06,,5.00305e-07
1066.8,2e-06,1e-06,,,,,,1e-06,,0.400151,1e-06,,
1066.9,2e-06,1e-06,,,,,,1e-06,,0.392742,5e-07,,
1067.0,2e-06,1e-06,,,,,,1e-06,,0.385333,,,
1067.1,2e-06,1e-06,,,,,,1e-06,,0.378222,,,
1067.2,2e-06,1e-06,,,,,,1e-06,,0.371129,,,
1067.3,2e-06,1e-06,,,,,,1e-06,,0.364023,,,
1067.4,2e-06,1e-06,,,,,,1e-06,,0.356926,,,
1067.5,1e-06,1e-06,,,,,,1e-06,,0.349824,,,
1067.6,1e-06,1e-06,,,,,,1e-06,,0.342714,,,
1067.7,1e-06,1e-06,,,,,,1e-06,,0.335626,,,
1067.8,1e-06,1e-06,,,,,,1e-06,,0.32852,,,
1067.9,1e-06,1e-06,,,,,,1e-06,,0.321418,,,
1068.0,1e-06,1e-06,,,,,,1e-06,,0.314317,,,
1068.1,1e-06,1e-06,,,,,,1e-06,,0.307803,,,
1068.2,1e-06,1e-06,,,,,,1e-06,,0.301304,,,
1068.3,1e-06,1e-06,,,,,,1e-06,,0.294794,,,
1068.4,1e-06,1e-06,,,,,,1e-06,,0.288292,,,
1068.5,1e-06,1e-06,,,,,,1e-06,,0.281786,,,
1068.6,1e-06,1e-06,,,,,,1e-06,,0.275272,,,
1068.7,1e-06,1e-06,,,,,,1e-06,,0.268778,,,
1068.8,1e-06,1e-06,,,,,,1e-06,,0.262268,,,
1068.9,1e-06,1e-06,,,,,,1e-06,,0.255762,,,
1069.0,1e-06,1e-06,,,,,,1e-06,,0.249256,,,
1069.1,1e-06,1e-06,,,,,,1e-06,,0.24354,,,
1069.2,1e-06,1e-06,,,,,,1e-06,,0.237838,,,
1069.3,1e-06,1e-06,,,,,,1e-06,,0.232126,,,
1069.4,1e-06,1e-06,,,,,,1e-06,,0.22642,,,
1069.5,1e-06,1e-06,,,,,,1e-06,,0.220711,,,
1069.6,1e-06,1e-06,,,,,,1e-06,,0.214994,,,
1069.7,1e-06,1e-06,,,,,,1e-06,,0.209295,,,
1069.8,1e-06,1e-06,,,,,,1e-06,,0.203583,,,
1069.9,1e-06,1e-06,,,,,,1e-06,,0.197874,,,
1070.0,1e-06,1e-06,,,,,,1e-06,,0.192165,,,
1070.1,1e-06,1e-06,,,,,,1e-06,,0.187383,,,
1070.2,1e-06,1e-06,,,,,,1e-06,,0.182612,,,
1070.3,1e-06,1e-06,,,,,,1e-06,,0.177832,,,
1070.4,1e-06,1e-06,,,,,,1e-06,,0.173058,,,
1070.5,1e-06,1e-06,,,,,,1e-06,,0.168281,,,
1070.6,1e-06,1e-06,,,,,,1e-06,,0.163499,,,
1070.7,1e-06,1e-06,,,,,,1e-06,,0.158731,,,
1070.8,1e-06,1e-06,,,,,,1e-06,,0.153952,,,
1070.9,1e-06,1e-06,,,,,,1e-06,,0.149175,,,
1071.0,1e-06,1e-06,,,,,,1e-06,,0.144398,,,
1071.1,1e-06,1e-06,,,,,,1e-06,,0.140622,,,
1071.2,1e-06,1e-06,,,,,,1e-06,,0.136856,,,
1071.3,1e-06,1e-06,,,,,,1e-06,,0.133082,,,
1071.4,1e-06,1e-06,,,,,,1e-06,,0.129313,,,
1071.5,1e-06,1e-06,,,,,,1e-06,,0.125542,,,
1071.6,1e-06,1e-06,,,,,,1e-06,,0.121766,,,
1071.7,1e-06,1e-06,,,,,,1e-06,,0.118002,,,
1071.8,1e-06,1e-06,,,,,,1e-06,,0.114229,,,
1071.9,1e-06,1e-06,,,,,,1e-06,,0.110458,,,
1072.0,1e-06,1e-06,,,,,,,,0.106686,,,
1072.1,1e-06,1e-06,,,,,,,,0.10384,,,
1072.2,1e-06,1e-06,,,,,,,,0.101001,,,
1072.3,1e-06,1e-06,,,,,,,,0.0981563,,,
1072.4,1e-06,1e-06,,,,,,,,0.095315,,,
1072.5,1e-06,1e-06,,,,,,,,0.0924725,,,
1072.6,1e-06,1e-06,,,,,,,,0.0896265,,,
1072.7,1e-06,1e-06,,,,,,,,0.0867887,,,
1072.8,1e-06,1e-06,,,,,,,,0.083944,,,
1072.9,1e-06,1e-06,,,,,,,,0.0811015,,,
1073.0,1e-06,1e-06,,,,,,,,0.078259,,,
1073.1,1e-06,1e-06,,,,,,,,0.0761659,,,
1073.2,1e-06,1e-06,,,,,,,,0.074078,,,
1073.3,1e-06,1e-06,,,,,,,,0.0719862,,,
1073.4,1e-06,1e-06,,,,,,,,0.069897,,,
1073.5,1e-06,1e-06,,,,,,,,0.067807,,,
1073.6,1e-06,1e-06,,,,,,,,0.0657144,,,
1073.7,1e-06,1e-06,,,,,,,,0.0636278,,,
1073.8,1e-06,1e-06,,,,,,,,0.061536,,,
1073.9,1e-06,1e-06,,,,,,,,0.059446,,,
1074.0,1e-06,1e-06,,,,,,,,0.057356,,,
1074.1,1e-06,1e-06,,,,,,,,0.0558296,1.50183e-06,,5.0061e-07
1074.2,1e-06,1e-06,,,,,,,,0.054307,3e-06,,1e-06
1074.3,1e-06,1e-06,,,,,,,,0.0527821,4.50092e-06,,1e-06
1074.4,1e-06,1e-06,,,,,,,,0.051259,6e-06,,1e-06
1074.5,1e-06,1e-06,,,,,,,,0.049735,8e-06,,1.5e-06
1074.6,1e-06,1e-06,,,,,,,,0.0482091,1.00018e-05,,2e-06
1074.7,1e-06,1e-06,,,,,,,,0.0466879,1.14991e-05,,2e-06
1074.8,1e-06,1e-06,,,,,,,,0.045163,1.3e-05,,2e-06
1074.9,1e-06,1e-06,,,,,,,,0.0436385,1.45e-05,,2.5e-06
1075.0,1e-06,1e-06,,,,,,,,0.042114,1.6e-05,,3e-06
1075.1,1e-06,1e-06,,,,,,,,0.0410147,1.6e-05,,2.49939e-06
1075.2,1e-06,1e-06,,,,,,,,0.039918,1.6e-05,,2e-06
1075.3,1e-06,1e-06,,,,,,,,0.0388188,1.54997e-05,,2e-06
1075.4,1e-06,1e-06,,,,,,,,0.037721,1.5e-05,,2e-06
1075.5,1e-06,1e-06,,,,,,,,0.0366225,1.5e-05,,2e-06
1075.6,1e-06,1e-06,,,,,,,,0.0355227,1.5e-05,,1.99939e-06
1075.7,1e-06,1e-06,,,,,,,,0.0344262,1.5e-05,,1.50031e-06
1075.8,1e-06,1e-06,,,,,,,,0.033327,1.5e-05,,1e-06
1075.9,1e-06,1e-06,,,,,,,,0.0322285,1.45e-05,,1e-06
1076.0,1e-06,1e-06,,,,,,,,0.03113,1.4e-05,,1e-06
1076.1,1e-06,1e-06,,,,,,,,0.0303375,1.55018e-05,,1e-06
1076.2,1e-06,1e-06,,,,,,,,0.029547,1.7e-05,,1e-06
1076.3,1e-06,1e-06,,,,,,,,0.0287545,1.80006e-05,,1.50031e-06
1076.4,1e-06,1e-06,,,,,,,,0.027963,1.9e-05,,2e-06
1076.5,1e-06,1e-06,,,,,,,,0.027171,2.05e-05,,2e-06
1076.6,1e-06,1e-06,,,,,,,,0.026378,2.20012e-05,,2.00061e-06
1076.7,1e-06,1e-06,,,,,,,,0.0255875,2.29994e-05,,2.4997e-06
1076.8,,1e-06,,,,,,,,0.024795,2.4e-05,,3e-06
1076.9,,1e-06,,,,,,,,0.024003,2.55e-05,,3e-06
1077.0,,1e-06,,,,,,,,0.023211,2.7e-05,,3e-06
1077.1,,1e-06,,,,,,,,0.0226413,2.7e-05,,3e-06
1077.2,,1e-06,,,,,,,,0.022073,2.7e-05,,3e-06
1077.3,,1e-06,,,,,,,,0.0215037,2.75003e-05,5.00305e-07,3e-06
1077.4,,1e-06,,,,,,,,0.020935,2.8e-05,1e-06,3e-06
1077.5,,1e-06,,,,,,,,0.0203665,2.8e-05,1e-06,3e-06
1077.6,,1e-06,,,,,,,,0.0197973,2.80006e-05,1e-06,3e-06
1077.7,,1e-06,,,,,,,,0.0192293,2.84997e-05,1e-06,3e-06
1077.8,,1e-06,,,,,,,,0.01866,2.9e-05,1e-06,3e-06
1077.9,,1e-06,,,,,,,,0.018091,2.9e-05,1.5e-06,3.5e-06
1078.0,,1e-06,,,,,,,,0.017522,2.9e-05,2e-06,4e-06
1078.1,,1e-06,,,,,,,,0.017113,2.95006e-05,3.00122e-06,4e-06
1078.2,,1e-06,,,,,,,,0.016705,3e-05,4e-06,4e-06
1078.3,,1e-06,,,,,,,,0.0162968,3.05003e-05,4.5003e-06,4.5003e-06
1078.4,,1e-06,,,,,,,,0.015889,3.1e-05,5e-06,5e-06
1078.5,,1e-06,,,,,,,,0.0154805,3.1e-05,6e-06,5e-06
1078.6,,1e-06,,,,,,,,0.0150715,3.10006e-05,7.00122e-06,5.00061e-06
1078.7,,1e-06,,,,,,,,0.0146637,3.14997e-05,7.99939e-06,5.49969e-06
1078.8,,1e-06,,,,,,,,0.014255,3.2e-05,9e-06,6e-06
1078.9,,1e-06,,,,,,,,0.0138465,3.25e-05,1e-05,6e-06
1079.0,,1e-06,,,,,,,,0.013438,3.3e-05,1.1e-05,6e-06
1079.1,,1e-06,,,,,,,,0.0131421,3.19988e-05,1.1e-05,6e-06
1079.2,,1e-06,,,,,,,,0.012847,3.1e-05,1.1e-05,6e-06
1079.3,,1e-06,,,,,,,,0.0125513,3.04997e-05,1.04997e-05,5.49969e-06
1079.4,,1e-06,,,,,,,,0.012256,3e-05,1e-05,5e-06
1079.5,,1e-06,,,,,,,,0.0119605,2.9e-05,1e-05,5e-06
1079.6,,1e-06,,,,,,,,0.0116646,2.79988e-05,1e-05,5e-06
1079.7,,1e-06,,,,,,,,0.0113697,2.70006e-05,1e-05,5e-06
1079.8,,1e-06,,,,,,,,0.011074,2.6e-05,1e-05,5e-06
1079.9,,1e-06,,,,,,,,0.010778,2.55e-05,1e-05,5e-06
1080.0,,1e-06,,,,,,,,0.010482,2.5e-05,1e-05,5e-06
1080.1,,1e-06,,,,,,,,0.0102642,2.24969e-05,8.99878e-06,4.49939e-06
1080.2,,1e-06,,,,,,,,0.010047,2e-05,8e-06,4e-06
1080.3,,1e-06,,,,,,,,0.00982887,1.74985e-05,6.99939e-06,3.49969e-06
1080.4,,1e-06,,,,,,,,0.009611,1.5e-05,6e-06,3e-06
1080.5,,1e-06,,,,,,,,0.009393,1.25e-05,5e-06,2.5e-06
1080.6,,1e-06,,,,,,,,0.00917473,9.99695e-06,3.99878e-06,1.99939e-06
1080.7,,1e-06,,,,,,,,0.00895763,7.50153e-06,3.00061e-06,1.50031e-06
1080.8,,1e-06,,,,,,,,0.00874,5e-06,2e-06,1e-06
1080.9,,1e-06,,,,,,,,0.008522,2.5e-06,1e-06,5e-07
1081.0,,1e-06,,,,,,,,0.008304,,,
1081.1,,1e-06,,,,,,,,0.0081408,,,
1081.2,,1e-06,,,,,,,,0.007978,,,
1081.3,,1e-06,,,,,,,,0.0078149,,,
1081.4,,1e-06,,,,,,,,0.007652,,,
1081.5,,1e-06,,,,,,,,0.007489,,,
1081.6,,1e-06,,,,,,,,0.0073258,,,
1081.7,,1e-06,,,,,,,,0.0071631,,,
1081.8,,1e-06,,,,,,,,0.007,,,
1081.9,,1e-06,,,,,,,,0.006837,,,
1082.0,,1e-06,,,,,,,,0.006674,,,
1082.1,,1e-06,,,,,,,,0.00654935,,,
1082.2,,1e-06,,,,,,,,0.006425,,,
1082.3,,1e-06,,,,,,,,0.00630092,,,
1082.4,,1e-06,,,,,,,,0.006177,,,
1082.5,,1e-06,,,,,,,,0.006053,,,
1082.6,,1e-06,,,,,,,,0.00592885,,,
1082.7,,1e-06,,,,,,,,0.00580458,,,
1082.8,,1e-06,,,,,,,,0.00568,,,
1082.9,,1e-06,,,,,,,,0.005556,,,
1083.0,,1e-06,,,,,,,,0.005432,,,
1083.1,,1e-06,,,,,,,,0.00533488,,,
1083.2,,1e-06,,,,,,,,0.005238,,,
1083.3,,1e-06,,,,,,,,0.00514094,,,
1083.4,,1e-06,,,,,,,,0.005044,,,
1083.5,,1e-06,,,,,,,,0.004947,,,
1083.6,,1e-06,,,,,,,,0.00484988,,,
1083.7,,1e-06,,,,,,,,0.00475306,,,
1083.8,,1e-06,,,,,,,,0.004656,,,
1083.9,,1e-06,,,,,,,,0.0045585,,,
1084.0,,1e-06,,,,,,,,0.004461,,,
1084.1,,1e-06,,,,,,,,0.00438641,,,
1084.2,,1e-06,,,,,,,,0.004312,,,
1084.3,,1e-06,,,,,,,,0.00423695,,,
1084.4,,1e-06,,,,,,,,0.004162,,,
1084.5,,1e-06,,,,,,,,0.0040875,,,
1084.6,,1e-06,,,,,,,,0.00401291,,,
1084.7,,1e-06,,,,,,,,0.00393805,,,
1084.8,,1e-06,,,,,,,,0.003863,,,
1084.9,,1e-06,,,,,,,,0.003788,,,
1085.0,,1e-06,,,,,,,,0.003713,,,
1085.1,,1e-06,,,,,,,,0.00365593,,,
1085.2,,1e-06,,,,,,,,0.003599,,,
1085.3,,1e-06,,,,,,,,0.00354197,,,
1085.4,,1e-06,,,,,,,,0.003485,,,
1085.5,,1e-06,,,,,,,,0.003428,,,
1085.6,,1e-06,,,,,,,,0.00337093,,,
1085.7,,1e-06,,,,,,,,0.00331403,,,
1085.8,,1e-06,,,,,,,,0.003257,,,
1085.9,,1e-06,,,,,,,,0.0032,,,
1086.0,,1e-06,,,,,,,,0.003143,,,
1086.1,,1e-06,,,,,,,,0.00309945,,,
1086.2,,1e-06,,,,,,,,0.003056,,,
1086.3,,1e-06,,,,,,,,0.00301247,,,
1086.4,,1e-06,,,,,,,,0.002969,,,
1086.5,,1e-06,,,,,,,,0.0029255,,,
1086.6,,1e-06,,,,,,,,0.00288195,,,
1086.7,,1e-06,,,,,,,,0.00283903,,,
1086.8,,1e-06,,,,,,,,0.002796,,,
1086.9,,1e-06,,,,,,,,0.0027525,,,
1087.0,,1e-06,,,,,,,,0.002709,,,
1087.1,,1e-06,,,,,,,,0.00267396,,,
1087.2,,1e-06,,,,,,,,0.002639,,,
1087.3,,,,,,,,,,0.00260398,,,
1087.4,,,,,,,,,,0.002569,,,
1087.5,,,,,,,,,,0.0025345,,,
1087.6,,,,,,,,,,0.00249996,,,
1087.7,,,,,,,,,,0.00246502,,,
1087.8,,,,,,,,,,0.00243,,,
1087.9,,,,,,,,,,0.002395,,,
1088.0,,,,,,,,,,0.00236,,,
1088.1,,,,,,,,,,0.00233096,1.50183e-06,,
1088.2,,,,,,,,,,0.002302,3e-06,,
1088.3,,,,,,,,,,0.00227298,5.00122e-06,,
1088.4,,,,,,,,,,0.002244,7e-06,,
1088.5,,,,,,,,,,0.0022145,8.5e-06,,
1088.6,,1.221e-09,,,,,,,,0.00218496,1.00018e-05,,
1088.7,,1e-06,,,,,,,,0.00215602,1.14991e-05,,
1088.8,,1e-06,,,,,,,,0.002127,1.3e-05,,
1088.9,,1e-06,,,,,,,,0.002098,1.45e-05,,
1089.0,,1e-06,,,,,,,,0.002069,1.6e-05,,
1089.1,,1e-06,,,,,,,,0.00204447,1.49988e-05,,
1089.2,,1e-06,,,,,,,,0.00202,1.4e-05,,
1089.3,,,,,,,,,,0.00199599,1.29994e-05,,
1089.4,,,,,,,,,,0.001972,1.2e-05,,
1089.5,,,,,,,,,,0.0019475,1.1e-05,,
1089.6,,,,,,,,,,0.00192297,9.99878e-06,,
1089.7,,,,,,,,,,0.00189851,9.00061e-06,,
1089.8,,,,,,,,,,0.001874,8e-06,,
1089.9,,,,,,,,,,0.00185,7.5e-06,,
1090.0,,,,,,,,,,0.001826,7e-06,,
1090.1,,,,,,,,,,0.00180598,5.99878e-06,,
1090.2,,,,,,,,,,0.001786,5e-06,,
1090.3,,,,,,,,,,0.00176649,4.4997e-06,,
1090.4,,,,,,,,,,0.001747,4e-06,,
1090.5,,,,,,,,,,0.001727,3.5e-06,,
1090.6,,,,,,,,,,0.00170698,2.99878e-06,,
1090.7,,,,,,,,,,0.00168701,2.00061e-06,,
1090.8,,,,,,,,,,0.001667,1e-06,,
1090.9,,,,,,,,,,0.001647,5e-07,,
1091.0,,,,,,,,,,0.001627,,,
1091.1,,1.221e-09,,,,,,,,0.00160998,,,
1091.2,,1e-06,,,,,,,,0.001593,,,
1091.3,,,,,,,,,,0.00157599,,,
1091.4,,,,,,,,,,0.001559,,,
1091.5,,,,,,,,,,0.0015415,,,
1091.6,,,,,,,,,,0.00152398,,,
1091.7,,,,,,,,,,0.00150701,,,
1091.8,,,,,,,,,,0.00149,,,
1091.9,,,,,,,,,,0.0014725,,,
1092.0,,,,,,,,,,0.001455,,,
1092.1,,,,,,,,,,0.00143998,,,
1092.2,,,,,,,,,,0.001425,,,
1092.3,,,,,,,,,,0.00140949,,,
1092.4,,,,,,,,,,0.001394,,,
1092.5,,,,,,,,,,0.0013785,,,
1092.6,,,,,,,,,,0.00136298,,,
1092.7,,,,,,,,,,0.00134751,,,
1092.8,,,,,,,,,,0.001332,,,
1092.9,,,,,,,,,,0.0013165,,,
1093.0,,,,,,,,,,0.001301,,,
1093.1,,,,,,,,,,0.00128748,,,
1093.2,,,,,,,,,,0.001274,,,
1093.3,,,,,,,,,,0.00126049,,,
1093.4,,,,,,,,,,0.001247,,,
1093.5,,,,,,,,,,0.001233,,,
1093.6,,1.221e-09,,,,,,,,0.00121898,,,
1093.7,,1e-06,,,,,,,,0.00120551,,,
1093.8,,1e-06,,,,,,,,0.001192,,,
1093.9,,1e-06,,,,,,,,0.0011785,,,
1094.0,,1e-06,,,,,,,,0.001165,,,
1094.1,,1e-06,,,,,,,,0.00115399,,,
1094.2,,1e-06,,,,,,,,0.001143,,,
1094.3,,,,,,,,,,0.00113149,,,
1094.4,,,,,,,,,,0.00112,,,
1094.5,,,,,,,,,,0.001109,,,
1094.6,,,,,,,,,,0.00109799,,,
1094.7,,,,,,,,,,0.00108701,,,
1094.8,,,,,,,,,,0.001076,,,
1094.9,,,,,,,,,,0.001065,,,
1095.0,,,,,,,,,,0.001054,,,
1095.1,,,,,,,,,,0.00104499,,,
1095.2,,,,,,,,,,0.001036,,,
1095.3,,,,,,,,,,0.00102699,,,
1095.4,,,,,,,,,,0.001018,,,
1095.5,,,,,,,,,,0.0010085,5e-07,,
1095.6,,,,,,,,,,0.000998989,1e-06,,
1095.7,,,,,,,,,,0.000990006,1e-06,,
1095.8,,,,,,,,,,0.000981,1e-06,,
1095.9,,,,,,,,,,0.000972,1e-06,,
1096.0,,,,,,,,,,0.000963,1e-06,,
1096.1,,,,,,,,,,0.000955991,1e-06,,
1096.2,,,,,,,,,,0.000949,1e-06,,
1096.3,,,,,,,,,,0.000941996,1e-06,,
1096.4,,,,,,,,,,0.000935,1e-06,,
1096.5,,,,,,,,,,0.000928,5e-07,,
1096.6,,,,,,,,,,0.000920992,,,
1096.7,,,,,,,,,,0.000914504,,,
1096.8,,,,,,,,,,0.000908,,,
1096.9,,,,,,,,,,0.000901,,,
1097.0,,,,,,,,,,0.000894,,,
1097.1,,,,,,,,,,0.000841436,,,
1097.2,,,,,,,,,,0.000789,,,
1097.3,,,,,,,,,,0.000736968,,,
1097.4,,,,,,,,,,0.000685,,,
1097.5,,,,,,,,,,0.0006325,,,
1097.6,,,,,,,,,,0.000579936,,,
1097.7,,,,,,,,,,0.000527532,,,
1097.8,,,,,,,,,,0.000475,,,
1097.9,,,,,,,,,,0.000423,,,
1098.0,,,,,,,,,,0.000371,,,
1098.1,,,,,,,,,,0.000371,,,
1098.2,,,,,,,,,,0.000371,,,
1098.3,,,,,,,,,,0.0003715,,,
1098.4,,,,,,,,,,0.000372,,,
1098.5,,,,,,,,,,0.000372,,,
1098.6,,,,,,,,,,0.000372001,,,
1098.7,,,,,,,,,,0.0003725,,,
1098.8,,,,,,,,,,0.000373,,,
1098.9,,,,,,,,,,0.000373,,,
1099.0,,,,,,,,,,0.000373,,,
1099.1,,1.221e-09,,,,,,,,0.000368495,,,
1099.2,,1e-06,,,,,,,,0.000364,,,
1099.3,,,,,,,,,,0.000358997,,,
1099.4,,,,,,,,,,0.000354,,,
1099.5,,,,,,,,,,0.0003495,,5e-07,
1099.6,,,,,,,,,,0.000344994,,1e-06,
1099.7,,,,,,,,,,0.000340003,,1e-06,
1099.8,,,,,,,,,,0.000335,,1e-06,
1099.9,,,,,,,,,,0.0003305,,1e-06,
1100.0,,,,,,,,,,0.000326,,1e-06,
1100.1,,,,,,,,,,0.000322496,,1e-06,
1100.2,,,,,,,,,,0.000319,,1e-06,
1100.3,,,,,,,,,,0.000315998,,1e-06,
1100.4,,,,,,,,,,0.000313,,1e-06,
1100.5,,,,,,,,,,0.00031,,5e-07,
1100.6,,,,,,,,,,0.000306996,,,
1100.7,,,,,,,,,,0.000303502,,,
1100.8,,,,,,,,,,0.0003,,,
1100.9,,,,,,,,,,0.000297,,,
1101.0,,,,,,,,,,0.000294,,,
1101.1,,,,,,,,,,0.000295001,,,
1101.2,,,,,,,,,,0.000296,,,
1101.3,,,,,,,,,,0.000297501,,,
1101.4,,,,,,,,,,0.000299,,,
1101.5,,,,,,,,,,0.0003,,,
1101.6,,,,,,,,,,0.000301001,,,
1101.7,,,,,,,,,,0.000301999,,,
1101.8,,,,,,,,,,0.000303,,,
1101.9,,,,,,,,,,0.0003045,,,
1102.0,,,,,,,,,,0.000306,,,
1102.1,,,,,,,,,,0.000307001,,,
1102.2,,,,,,,,,,0.000308,,,
1102.3,,,,,,,,,,0.000309001,,,5.00305e-07
1102.4,,,,,,,,,,0.00031,,,1e-06
1102.5,,,,,,,,,,0.0003115,,,1e-06
1102.6,,,,,,,,,,0.000313001,,,1e-06
1102.7,,,,,,,,,,0.000313999,,,1e-06
1102.8,,,,,,,,,,0.000315,,,1e-06
1102.9,,,,,,,,,,0.000316,,,1.5e-06
1103.0,,,,,,,,,,0.000317,,,2e-06
1103.1,,,,,,,,,,0.000317,,,2e-06
1103.2,,,,,,,,,,0.000317,,,2e-06
1103.3,,,,,,,,,,0.000317,,,2e-06
1103.4,,,,,,,,,,0.000317,,,2e-06
1103.5,,,,,,,,,,0.0003165,,,2e-06
1103.6,,,,,,,,,,0.000316,,,2e-06
1103.7,,,,,,,,,,0.000316,,,2e-06
1103.8,,,,,,,,,,0.000316,,,2e-06
1103.9,,,,,,,,,,0.000316,,,2e-06
1104.0,,,,,,,,,,0.000316,,,2e-06
1104.1,,,,,,,,,,0.000314498,,,2e-06
1104.2,,,,,,,,,,0.000313,,,2e-06
1104.3,,,,,,,,,,0.000310999,,,2.50031e-06
1104.4,,,,,,,,,,0.000309,,,3e-06
1104.5,,,,,,,,,,0.0003075,,,3e-06
1104.6,,,,,,,,,,0.000305998,,,3e-06
1104.7,,,,,,,,,,0.000304501,,,3e-06
1104.8,,,,,,,,,,0.000303,,,3e-06
1104.9,,,,,,,,,,0.000301,,,3.5e-06
1105.0,,,,,,,,,,0.000299,,,4e-06
1105.1,,,,,,,,,,0.000297498,5.0061e-07,,3.49939e-06
1105.2,,,,,,,,,,0.000296,1e-06,,3e-06
1105.3,,,,,,,,,,0.000294499,1e-06,5.00305e-07,3e-06
1105.4,,,,,,,,,,0.000293,1e-06,1e-06,3e-06
1105.5,,,,,,,,,,0.0002915,1.5e-06,1e-06,3e-06
1105.6,,,,,,,,,,0.000289998,2e-06,1e-06,3e-06
1105.7,,,,,,,,,,0.000288501,2e-06,1e-06,3e-06
1105.8,,,,,,,,,,0.000287,2e-06,1e-06,3e-06
1105.9,,,,,,,,,,0.0002855,2.5e-06,1e-06,3e-06
1106.0,,,,,,,,,,0.000284,3e-06,1e-06,3e-06
1106.1,,,,,,,,,,0.000285001,3e-06,1.50061e-06,2.49939e-06
1106.2,,,,,,,,,,0.000286,3e-06,2e-06,2e-06
1106.3,,,,,,,,,,0.0002865,3e-06,2.50031e-06,2e-06
1106.4,,,,,,,,,,0.000287,3e-06,3e-06,2e-06
1106.5,,,,,,,,,,0.000288,3.5e-06,3.5e-06,1.5e-06
1106.6,,,,,,,,,,0.000289001,4e-06,4e-06,1e-06
1106.7,,,,,,,,,,0.0002895,4e-06,4e-06,1e-06
1106.8,,,,,,,,,,0.00029,4e-06,4e-06,1e-06
1106.9,,,,,,,,,,0.000291,4e-06,4.5e-06,1e-06
1107.0,,,,,,,,,,0.000292,4e-06,5e-06,1e-06
1107.1,,,,,,,,,,0.000288996,4e-06,5e-06,1e-06
1107.2,,,,,,,,,,0.000286,4e-06,5e-06,1e-06
1107.3,,,,,,,,,,0.000282498,3.49969e-06,4.4997e-06,4.99695e-07
1107.4,,,,,,,,,,0.000279,3e-06,4e-06,
1107.5,,,,,,,,,,0.000276,3e-06,3.5e-06,
1107.6,,,,,,,,,,0.000272996,2.99939e-06,3e-06,
1107.7,,,,,,,,,,0.000270002,2.50031e-06,3e-06,
1107.8,,,,,,,,,,0.000267,2e-06,3e-06,
1107.9,,,,,,,,,,0.000264,2e-06,2.5e-06,
1108.0,,,,,,,,,,0.000261,2e-06,2e-06,
1108.1,,,,,,,,,,0.000256995,2e-06,2.50061e-06,
1108.2,,,,,,,,,,0.000253,2e-06,3e-06,
1108.3,,,,,,,,,,0.000248998,2.50031e-06,3e-06,
1108.4,,,,,,,,,,0.000245,3e-06,3e-06,
1108.5,,,,,,,,,,0.0002415,3e-06,3e-06,
1108.6,,,,,,,,,,0.000237995,3e-06,3.00061e-06,
1108.7,,,,,,,,,,0.000234002,3e-06,3.49969e-06,
1108.8,,,,,,,,,,0.00023,3e-06,4e-06,
1108.9,,,,,,,,,,0.000226,3e-06,4e-06,
1109.0,,,,,,,,,,0.000222,3e-06,4e-06,
1109.1,,,,,,,,,,0.000215492,3.50061e-06,4.50061e-06,
1109.2,,,,,,,,,,0.000209,4e-06,5e-06,
1109.3,,,,,,,,,,0.000202996,4.5003e-06,5e-06,
1109.4,,,,,,,,,,0.000197,5e-06,5e-06,
1109.5,,,,,,,,,,0.0001905,5.5e-06,5.5e-06,
1109.6,,,,,,,,,,0.000183992,6.00061e-06,6.00061e-06,
1109.7,,,,,,,,,,0.000177504,6.4997e-06,6.4997e-06,
1109.8,,,,,,,,,,0.000171,7e-06,7e-06,
1109.9,,,,,,,,,,0.0001645,7e-06,7.5e-06,
1110.0,,,,,,,,,,0.000158,7e-06,8e-06,
1110.1,,,,,,,,,,0.000153995,6.49939e-06,6.99878e-06,
1110.2,,,,,,,,,,0.00015,6e-06,6e-06,
1110.3,,,,,,,,,,0.000145998,4.99939e-06,5.49969e-06,
1110.4,,,,,,,,,,0.000142,4e-06,5e-06,
1110.5,,,,,,,,,,0.000138,3.5e-06,4.5e-06,
1110.6,,,,,,,,,,0.000133995,2.99878e-06,3.99939e-06,
1110.7,,,,,,,,,,0.000130002,2.00061e-06,3.50031e-06,
1110.8,,,,,,,,,,0.000126,1e-06,3e-06,
1110.9,,,,,,,,,,0.0001215,5e-07,2.5e-06,
1111.0,,,,,,,,,,0.000117,,2e-06,
1111.1,,,,,,,,,,0.000113496,,2e-06,
1111.2,,,,,,,,,,0.00011,,2e-06,
1111.3,,,,,,,,,,0.000105998,,1.49969e-06,
1111.4,,,,,,,,,,0.000102,,1e-06,
1111.5,,,,,,,,,,9.8e-05,,1e-06,
1111.6,,,,,,,,,,9.39951e-05,,9.9939e-07,
1111.7,,,,,,,,,,9.00024e-05,,5.00305e-07,
1111.8,,,,,,,,,,8.6e-05,,,
1111.9,,,,,,,,,,8.2e-05,,,
1112.0,,,,,,,,,,7.8e-05,,,
1112.1,,,,,,,,,,8.05031e-05,,,
1112.2,,,,,,,,,,8.3e-05,,,
1112.3,,,,,,,,,,8.60018e-05,,,
1112.4,,,,,,,,,,8.9e-05,,,
1112.5,,,,,,,,,,9.2e-05,,,
1112.6,,,,,,,,,,9.50037e-05,,,
1112.7,,,,,,,,,,9.79982e-05,,,
1112.8,,,,,,,,,,0.000101,,,
1112.9,,,,,,,,,,0.0001035,,,
1113.0,,,,,,,,,,0.000106,,,
1113.1,,,,,,,,,,0.000104999,,,
1113.2,,,,,,,,,,0.000104,,,
1113.3,,,,,,,,,,0.000102499,,,
1113.4,,,,,,,,,,0.000101,,,
1113.5,,,,,,,,,,9.95e-05,,,
1113.6,,,,,,,,,,9.79982e-05,,,
1113.7,,,,,,,,,,9.65009e-05,,,
1113.8,,,,,,,,,,9.5e-05,,,
1113.9,,,,,,,,,,9.35e-05,,,
1114.0,,,,,,,,,,9.2e-05,,,
1114.1,,,,,,,,,,9.14994e-05,,,
1114.2,,,,,,,,,,9.1e-05,,,
1114.3,,,,,,,,,,8.99994e-05,,,
1114.4,,,,,,,,,,8.9e-05,,,
1114.5,,,,,,,,,,8.85e-05,,,5e-07
1114.6,,,,,,,,,,8.79988e-05,,,1e-06
1114.7,,,,,,,,,,8.70006e-05,,,1e-06
1114.8,,,,,,,,,,8.6e-05,,,1e-06
1114.9,,,,,,,,,,8.55e-05,,,1e-06
1115.0,,,,,,,,,,8.5e-05,,,1e-06
1115.1,,,,,,,,,,8.75031e-05,,,1.50061e-06
1115.2,,,,,,,,,,9e-05,,,2e-06
1115.3,,,,,,,,,,9.30018e-05,,,2e-06
1115.4,,,,,,,,,,9.6e-05,,,2e-06
1115.5,,,,,,,,,,9.85e-05,,,2e-06
1115.6,,,,,,,,,,0.000101004,,,2.00061e-06
1115.7,,,,,,,,,,0.000103998,,,2.4997e-06
1115.8,,,,,,,,,,0.000107,,,3e-06
1115.9,,,,,,,,,,0.0001095,,,3e-06
1116.0,,,,,,,,,,0.000112,,,3e-06
1116.1,,,,,,,,,,0.000113502,,,3e-06
1116.2,,,,,,,,,,0.000115,,,3e-06
1116.3,,,,,,,,,,0.000116501,,,3e-06
1116.4,,,,,,,,,,0.000118,,,3e-06
1116.5,,,,,,,,,,0.0001195,5e-07,,3e-06
1116.6,,,,,,,,,,0.000121002,1e-06,,3e-06
1116.7,,,,,,,,,,0.000122999,1e-06,,3e-06
1116.8,,,,,,,,,,0.000125,1e-06,,3e-06
1116.9,,,,,,,,,,0.0001265,1e-06,,3.5e-06
1117.0,,,,,,,,,,0.000128,1e-06,,4e-06
1117.1,,,,,,,,,,0.000130002,1e-06,,3.49939e-06
1117.2,,,,,,,,,,0.000132,1e-06,,3e-06
1117.3,,,,,,,,,,0.000134502,1e-06,,3e-06
1117.4,,,,,,,,,,0.000137,1e-06,,3e-06
1117.5,,,,,,,,,,0.0001395,5e-07,,2.5e-06
1117.6,,,,,,,,,,0.000142002,,,2e-06
1117.7,,,,,,,,,,0.000143999,,,2e-06
1117.8,,,,,,,,,,0.000146,,,2e-06
1117.9,,,,,,,,,,0.0001485,,,2e-06
1118.0,,,,,,,,,,0.000151,,,2e-06
1118.1,,,,,,,,,,0.000154504,5.0061e-07,,1.49939e-06
1118.2,,,,,,,,,,0.000158,1e-06,,1e-06
1118.3,,,,,,,,,,0.000161502,1.50031e-06,,1e-06
1118.4,,,,,,,,,,0.000165,2e-06,,1e-06
1118.5,,,,,,,,,,0.0001685,2e-06,,1e-06
1118.6,,,,,,,,,,0.000172004,2.00061e-06,,1e-06
1118.7,,,,,,,,,,0.000174998,2.4997e-06,,1e-06
1118.8,,,,,,,,,,0.000178,3e-06,,1e-06
1118.9,,,,,,,,,,0.0001815,3.5e-06,,1e-06
1119.0,,,,,,,,,,0.000185,4e-06,,1e-06
1119.1,,,,,,,,,,0.000183999,3.49939e-06,,4.9939e-07
1119.2,,,,,,,,,,0.000183,3e-06,,
1119.3,,,,,,,,,,0.000181999,2.4997e-06,,
1119.4,,,,,,,,,,0.000181,2e-06,,
1119.5,,,,,,,,,,0.0001795,2e-06,,
1119.6,,,,,,,,,,0.000177999,1.99939e-06,,
1119.7,,,,,,,,,,0.000177001,1.50031e-06,,
1119.8,,,,,,,,,,0.000176,1e-06,,
1119.9,,,,,,,,,,0.000175,5e-07,,
1120.0,,,,,,,,,,0.000174,,,
1120.1,,,,,,,,,,0.000168994,,,
1120.2,,,,,,,,,,0.000164,,,
1120.3,,,,,,,,,,0.000158997,,,
1120.4,,,,,,,,,,0.000154,,,
1120.5,,,,,,,,,,0.0001495,,,
1120.6,,,,,,,,,,0.000144994,,,
1120.7,,,,,,,,,,0.000140003,,,
1120.8,,,,,,,,,,0.000135,,,
1120.9,,,,,,,,,,0.00013,,,
1121.0,,,,,,,,,,0.000125,,,
1121.1,,,,,,,,,,0.000126502,5.0061e-07,,
1121.2,,,,,,,,,,0.000128,1e-06,,
1121.3,,,,,,,,,,0.000129501,1.50031e-06,,
1121.4,,,,,,,,,,0.000131,2e-06,,
1121.5,,,,,,,,,,0.0001325,2.5e-06,,
1121.6,,,,,,,,,,0.000134002,3.00061e-06,,
1121.7,,,,,,,,,,0.000135499,3.49969e-06,,
1121.8,,,,,,,,,,0.000137,4e-06,,
1121.9,,,,,,,,,,0.0001385,4.5e-06,,
1122.0,,,,,,,,,,0.00014,5e-06,,
1122.1,,,,,,,,,,0.000141001,5.50061e-06,,
1122.2,,,,,,,,,,0.000142,6e-06,,
1122.3,,,,,,,,,,0.000143001,6e-06,,
1122.4,,,,,,,,,,0.000144,6e-06,,
1122.5,,,,,,,,,,0.000145,6.5e-06,,
1122.6,,,,,,,,,,0.000146002,7.00061e-06,,
1122.7,,,,,,,,,,0.000147499,7.4997e-06,,
1122.8,,,,,,,,,,0.000149,8e-06,,
1122.9,,,,,,,,,,0.00015,8e-06,,
1123.0,,,,,,,,,,0.000151,8e-06,,
1123.1,,,,,,,,,,0.000149498,8e-06,1.00122e-06,
1123.2,,,,,,,,,,0.000148,8e-06,2e-06,
1123.3,,,,,,,,,,0.000145999,7.4997e-06,3.00061e-06,
1123.4,,,,,,,,,,0.000144,7e-06,4e-06,
1123.5,,,,,,,,,,0.0001425,7e-06,4.5e-06,
1123.6,,,,,,,,,,0.000140998,6.99939e-06,5.00122e-06,
1123.7,,,,,,,,,,0.000139501,6.50031e-06,5.99939e-06,
1123.8,,,,,,,,,,0.000138,6e-06,7e-06,
1123.9,,,,,,,,,,0.0001365,5.5e-06,8e-06,
1124.0,,,,,,,,,,0.000135,5e-06,9e-06,
1124.1,,,,,,,,,,0.000132497,4.49939e-06,1.00012e-05,
1124.2,,,,,,,,,,0.00013,4e-06,1.1e-05,
1124.3,,,,,,,,,,0.000127999,3.49969e-06,1.15003e-05,
1124.4,,,,,,,,,,0.000126,3e-06,1.2e-05,
1124.5,,,,,,,,,,0.000124,2.5e-06,1.3e-05,
1124.6,,,,,,,,,,0.000121998,1.99939e-06,1.40012e-05,
1124.7,,,,,,,,,,0.000120001,1.50031e-06,1.49994e-05,
1124.8,,,,,,,,,,0.000118,1e-06,1.6e-05,
1124.9,,,,,,,,,,0.000116,5e-07,1.7e-05,
1125.0,,,,,,,,,,0.000114,,1.8e-05,
1125.1,,,,,,,,,,0.000110996,,1.8e-05,
1125.2,,,,,,,,,,0.000108,,1.8e-05,
1125.3,,,,,,,,,,0.000104998,,1.8e-05,
1125.4,,,,,,,,,,0.000102,,1.8e-05,
1125.5,,,,,,,,,,9.95e-05,,1.8e-05,
1125.6,,,,,,,,,,9.69963e-05,,1.8e-05,
1125.7,,,,,,,,,,9.40018e-05,,1.8e-05,
1125.8,,,,,,,,,,9.1e-05,,1.8e-05,
1125.9,,,,,,,,,,8.8e-05,,1.75e-05,
1126.0,,,,,,,,,,8.5e-05,,1.7e-05,
1126.1,,,,,,,,,,8.34982e-05,,1.7e-05,
1126.2,,,,,,,,,,8.2e-05,,1.7e-05,
1126.3,,,,,,,,,,8.04991e-05,,1.64997e-05,
1126.4,,,,,,,,,,7.9e-05,,1.6e-05,
1126.5,,,,,,,,,,7.75e-05,,1.55e-05,
1126.6,,,,,,,,,,7.59982e-05,,1.49994e-05,
1126.7,,,,,,,,,,7.45009e-05,,1.45003e-05,
1126.8,,,,,,,,,,7.3e-05,,1.4e-05,
1126.9,,,,,,,,,,7.1e-05,,1.35e-05,
1127.0,,,,,,,,,,6.9e-05,,1.3e-05,
1127.1,,,,,,,,,,6.64969e-05,,1.19988e-05,
1127.2,,,,,,,,,,6.4e-05,,1.1e-05,
1127.3,,,,,,,,,,6.14985e-05,,1.04997e-05,
1127.4,,,,,,,,,,5.9e-05,,1e-05,
1127.5,,,,,,,,,,5.7e-05,,9e-06,
1127.6,,,,,,,,,,5.49969e-05,,7.99878e-06,
1127.7,,,,,,,,,,5.25015e-05,,7.00061e-06,
1127.8,,,,,,,,,,5e-05,,6e-06,
1127.9,,,,,,,,,,4.75e-05,,5e-06,
1128.0,,,,,,,,,,4.5e-05,,4e-06,
1128.1,,,,,,,,,,4.44994e-05,5.0061e-07,4e-06,
1128.2,,,,,,,,,,4.4e-05,1e-06,4e-06,
1128.3,,,,,,,,,,4.34997e-05,1e-06,4e-06,
1128.4,,,,,,,,,,4.3e-05,1e-06,4e-06,
1128.5,,,,,,,,,,4.25e-05,1.5e-06,4e-06,
1128.6,,,,,,,,,,4.19994e-05,2e-06,4e-06,
1128.7,,,,,,,,,,4.15003e-05,2e-06,4e-06,
1128.8,,,,,,,,,,4.1e-05,2e-06,4e-06,
1128.9,,,,,,,,,,4.05e-05,2.5e-06,4e-06,
1129.0,,,,,,,,,,4e-05,3e-06,4e-06,
1129.1,,,,,,,,,,4.10012e-05,2.49939e-06,3.49939e-06,
1129.2,,,,,,,,,,4.2e-05,2e-06,3e-06,
1129.3,,,,,,,,,,4.30006e-05,2e-06,2.4997e-06,
1129.4,,,,,,,,,,4.4e-05,2e-06,2e-06,
1129.5,,,,,,,,,,4.5e-05,2e-06,2e-06,
1129.6,,,,,,,,,,4.60018e-05,2e-06,1.99939e-06,
1129.7,,,,,,,,,,4.74991e-05,2e-06,1.50031e-06,
1129.8,,,,,,,,,,4.9e-05,2e-06,1e-06,
1129.9,,,,,,,,,,5e-05,1.5e-06,5e-07,
1130.0,,,,,,,,,,5.1e-05,1e-06,,
1130.1,,,,,,,,,,5.65067e-05,1.50061e-06,,
1130.2,,,,,,,,,,6.2e-05,2e-06,,
1130.3,,,,,,,,,,6.75034e-05,2e-06,,
1130.4,,,,,,,,,,7.3e-05,2e-06,,
1130.5,,,,,,,,,,7.9e-05,2.5e-06,,
1130.6,,,,,,,,,,8.50067e-05,3e-06,,
1130.7,,,,,,,,,,9.04966e-05,3e-06,,
1130.8,,,,,,,,,,9.6e-05,3e-06,,
1130.9,,,,,,,,,,0.0001015,3.5e-06,,
1131.0,,,,,,,,,,0.000107,4e-06,,
1131.1,,,,,,,,,,0.000107501,4.50061e-06,,
1131.2,,,,,,,,,,0.000108,5e-06,,
1131.3,,,,,,,,,,0.000108,5.50031e-06,,
1131.4,,,,,,,,,,0.000108,6e-06,,
1131.5,,,,,,,,,,0.0001085,6.5e-06,,
1131.6,,,,,,,,,,0.000109,7.00061e-06,,
1131.7,,,,,,,,,,0.000109,7.4997e-06,,
1131.8,,,,,,,,,,0.000109,8e-06,,
1131.9,,,,,,,,,,0.0001095,8.5e-06,,
1132.0,,,,,,,,,,0.00011,9e-06,,
1132.1,,,,,,,,,,0.000109499,9e-06,,
1132.2,,,,,,,,,,0.000109,9e-06,,
1132.3,,,,,,,,,,0.0001085,9.50031e-06,,
1132.4,,,,,,,,,,0.000108,1e-05,,
1132.5,,,,,,,,,,0.000107,1e-05,,
1132.6,,,,,,,,,,0.000105999,1e-05,,
1132.7,,,,,,,,,,0.0001055,1e-05,,
1132.8,,,,,,,,,,0.000105,1e-05,,
1132.9,,,,,,,,,,0.0001045,1.05e-05,,
1133.0,,,,,,,,,,0.000104,1.1e-05,,
1133.1,,,,,,,,,,0.000101497,9.99878e-06,,
1133.2,,,,,,,,,,9.9e-05,9e-06,,
1133.3,,,,,,,,,,9.69988e-05,7.49908e-06,,
1133.4,,,,,,,,,,9.5e-05,6e-06,,
1133.5,,,,,,,,,,9.25e-05,5e-06,,
1133.6,,,,,,,,,,8.9997e-05,3.99878e-06,,
1133.7,,,,,,,,,,8.75015e-05,3.00061e-06,,
1133.8,,,,,,,,,,8.5e-05,2e-06,,
1133.9,,,,,,,,,,8.3e-05,1e-06,,
1134.0,,,,,,,,,,8.1e-05,,,
1134.1,,,,,,,,,,7.84969e-05,,,
1134.2,,,,,,,,,,7.6e-05,,,
1134.3,,,,,,,,,,7.39988e-05,,,
1134.4,,,,,,,,,,7.2e-05,,,
1134.5,,,,,,,,,,7e-05,,,
1134.6,,,,,,,,,,6.7997e-05,,,
1134.7,,,,,,,,,,6.55015e-05,,,
1134.8,,,,,,,,,,6.3e-05,,,
1134.9,,,,,,,,,,6.1e-05,,,
1135.0,,,,,,,,,,5.9e-05,,,
1135.1,,,,,,,,,,5.59963e-05,,,
1135.2,,,,,,,,,,5.3e-05,,,
1135.3,,,,,,,,,,5.04985e-05,,,
1135.4,,,,,,,,,,4.8e-05,,,
1135.5,,,,,,,,,,4.5e-05,,,
1135.6,,,,,,,,,,4.19963e-05,,,
1135.7,,,,,,,,,,3.90018e-05,,,
1135.8,,,,,,,,,,3.6e-05,,,
1135.9,,,,,,,,,,3.35e-05,,,
1136.0,,,,,,,,,,3.1e-05,,,
1136.1,,,,,,,,,,2.94982e-05,,,
1136.2,,,,,,,,,,2.8e-05,,,
1136.3,,,,,,,,,,2.69994e-05,,,
1136.4,,,,,,,,,,2.6e-05,,,
1136.5,,,,,,,,,,2.45e-05,,,
1136.6,,,,,,,,,,2.29988e-05,,,
1136.7,,,,,,,,,,2.20006e-05,,,
1136.8,,,,,,,,,,2.1e-05,,,
1136.9,,,,,,,,,,2e-05,,,
1137.0,,,,,,,,,,1.9e-05,,,
1137.1,,,,,,,,,,1.69976e-05,,,
1137.2,,,,,,,,,,1.5e-05,,,
1137.3,,,,,,,,,,1.29988e-05,,,
1137.4,,,,,,,,,,1.1e-05,,,
1137.5,,,,,,,,,,9e-06,,,
1137.6,,,,,,,,,,6.99817e-06,,,
1137.7,,,,,,,,,,5.50091e-06,,,
1137.8,,,,,,,,,,4e-06,,,
1137.9,,,,,,,,,,2e-06,,,
1138.0,,,,,,,,,,,,,
1138.1,,,,,,,,,,,,,
1138.2,,,,,,,,,,,,,
1138.3,,,,,,,,,,,,,
1138.4,,,,,,,,,,,,,
1138.5,,,,,,,,,,,,,
1138.6,,,,,,,,,,,,,
1138.7,,,,,,,,,,,,,
1138.8,,,,,,,,,,,,,
1138.9,,,,,,,,,,,,,
1139.0,,,,,,,,,,,,,
1139.1,,,,,,,,,,,,,
1139.2,,,,,,,,,,,,,
1139.3,,,,,,,,,,,,,
1139.4,,,,,,,,,,,,,
1139.5,,,,,,,,,,,,,
1139.6,,,,,,,,,,,,,
1139.7,,,,,,,,,,,,,
1139.8,,,,,,,,,,,,,
1139.9,,,,,,,,,,,,,
1140.0,,,,,,,,,,,,,
1140.1,,,,,,,,,,,,,
1140.2,,,,,,,,,,,,,
1140.3,,,,,,,,,,,,,
1140.4,,,,,,,,,,,,,
1140.5,,,,,,,,,,,,,
1140.6,,,,,,,,,,,,,
1140.7,,,,,,,,,,,,,
1140.8,,,,,,,,,,,,,
1140.9,,,,,,,,,,,,,
1141.0,,,,,,,,,,,,,
1141.1,,,,,,,,,,2.00244e-06,,,
1141.2,,,,,,,,,,4e-06,,,
1141.3,,,,,,,,,,6.00122e-06,,,
1141.4,,,,,,,,,,8e-06,,,
1141.5,,,,,,,,,,1.05e-05,,,
1141.6,,,,,,,,,,1.30024e-05,,,
1141.7,,,,,,,,,,1.49988e-05,,,
1141.8,,,,,,,,,,1.7e-05,,,
1141.9,,,,,,,,,,1.9e-05,,,
1142.0,,,,,,,,,,2.1e-05,,,
1142.1,,,,,,,,,,2.20012e-05,,,
1142.2,,,,,,,,,,2.3e-05,,,
1142.3,,,,,,,,,,2.35003e-05,5.00305e-07,,
1142.4,,,,,,,,,,2.4e-05,1e-06,,
1142.5,,,,,,,,,,2.5e-05,1e-06,,
1142.6,,,,,,,,,,2.60012e-05,1.00061e-06,,
1142.7,,,,,,,,,,2.69994e-05,1.49969e-06,,
1142.8,,,,,,,,,,2.8e-05,2e-06,,
1142.9,,,,,,,,,,2.9e-05,2e-06,,
1143.0,,,,,,,,,,3e-05,2e-06,,
1143.1,,,,,,,,,,3.10012e-05,2e-06,,
1143.2,,,,,,,,,,3.2e-05,2e-06,,
1143.3,,,,,,,,,,3.25003e-05,2.50031e-06,,
1143.4,,,,,,,,,,3.3e-05,3e-06,,
1143.5,,,,,,,,,,3.4e-05,3e-06,,
1143.6,,,,,,,,,,3.50012e-05,3e-06,,
1143.7,,,,,,,,,,3.59994e-05,3e-06,,
1143.8,,,,,,,,,,3.7e-05,3e-06,,
1143.9,,,,,,,,,,3.8e-05,3e-06,,
1144.0,,,,,,,,,,3.9e-05,3e-06,,
1144.1,,,,,,,,,,4.10024e-05,3e-06,,
1144.2,,,,,,,,,,4.3e-05,3e-06,,
1144.3,,,,,,,,,,4.50012e-05,3.50031e-06,,
1144.4,,,,,,,,,,4.7e-05,4e-06,,
1144.5,,,,,,,,,,4.9e-05,4e-06,,
1144.6,,,,,,,,,,5.10024e-05,4.00061e-06,,
1144.7,,,,,,,,,,5.29988e-05,4.4997e-06,,
1144.8,,,,,,,,,,5.5e-05,5e-06,,
1144.9,,,,,,,,,,5.65e-05,5e-06,,
1145.0,,,,,,,,,,5.8e-05,5e-06,,
1145.1,,,,,,,,,,5.74994e-05,5e-06,,
1145.2,,,,,,,,,,5.7e-05,5e-06,,
1145.3,,,,,,,,,,5.59994e-05,4.4997e-06,,
1145.4,,,,,,,,,,5.5e-05,4e-06,,
1145.5,,,,,,,,,,5.4e-05,4e-06,,
1145.6,,,,,,,,,,5.29988e-05,4e-06,,
1145.7,,,,,,,,,,5.20006e-05,4e-06,,
1145.8,,,,,,,,,,5.1e-05,4e-06,,
1145.9,,,,,,,,,,5e-05,4e-06,,
1146.0,,,,,,,,,,4.9e-05,4e-06,,
1146.1,,,,,,,,,,4.9e-05,4e-06,,
1146.2,,,,,,,,,,4.9e-05,4e-06,,
1146.3,,,,,,,,,,4.9e-05,4.5003e-06,,
1146.4,,,,,,,,,,4.9e-05,5e-06,,
1146.5,,,,,,,,,,4.9e-05,5.5e-06,,
1146.6,,,,,,,,,,4.9e-05,6.00061e-06,,
1146.7,,,,,,,,,,4.9e-05,6.4997e-06,,
1146.8,,,,,,,,,,4.9e-05,7e-06,,
1146.9,,,,,,,,,,4.95e-05,7e-06,,
1147.0,,,,,,,,,,5e-05,7e-06,,
1147.1,,,,,,,,,,4.79976e-05,7e-06,,
1147.2,,,,,,,,,,4.6e-05,7e-06,,
1147.3,,,,,,,,,,4.44991e-05,7e-06,,
1147.4,,,,,,,,,,4.3e-05,7e-06,,
1147.5,,,,,,,,,,4.15e-05,7.5e-06,,
1147.6,,,,,,,,,,3.99982e-05,8e-06,,
1147.7,,,,,,,,,,3.85009e-05,8e-06,,
1147.8,,,,,,,,,,3.7e-05,8e-06,,
1147.9,,,,,,,,,,3.55e-05,8e-06,,
1148.0,,,,,,,,,,3.4e-05,8e-06,,
1148.1,,,,,,,,,,3.34994e-05,7.49939e-06,,
1148.2,,,,,,,,,,3.3e-05,7e-06,,
1148.3,,,,,,,,,,3.3e-05,7e-06,,
1148.4,,,,,,,,,,3.3e-05,7e-06,,
1148.5,,,,,,,,,,3.25e-05,7e-06,,
1148.6,,,,,,,,,,3.2e-05,7e-06,,
1148.7,,,,,,,,,,3.2e-05,7e-06,,
1148.8,,,,,,,,,,3.2e-05,7e-06,,
1148.9,,,,,,,,,,3.2e-05,7e-06,,
1149.0,,,,,,,,,,3.2e-05,7e-06,,
1149.1,,,,,,,,,,3.2e-05,5.99878e-06,,
1149.2,,,,,,,,,,3.2e-05,5e-06,,
1149.3,,,,,,,,,,3.2e-05,4.4997e-06,,
1149.4,,,,,,,,,,3.2e-05,4e-06,,
1149.5,,,,,,,,,,3.25e-05,3.5e-06,,
1149.6,,,,,,,,,,3.3e-05,2.99878e-06,,
1149.7,,,,,,,,,,3.3e-05,2.00061e-06,,
1149.8,,,,,,,,,,3.3e-05,1e-06,,
1149.9,,,,,,,,,,3.3e-05,5e-07,,
1150.0,,,,,,,,,,3.3e-05,,,
1150.1,,,,,,,,,,3.3e-05,,,
1150.2,,,,,,,,,,3.3e-05,,,
1150.3,,,,,,,,,,3.24997e-05,,,
1150.4,,,,,,,,,,3.2e-05,,,
1150.5,,,,,,,,,,3.2e-05,,,
1150.6,,,,,,,,,,3.19994e-05,,,
1150.7,,,,,,,,,,3.15003e-05,,,
1150.8,,,,,,,,,,3.1e-05,,,
1150.9,,,,,,,,,,3.1e-05,,,
1151.0,,,,,,,,,,3.1e-05,,,
1151.1,,,,,,,,,,3.20012e-05,,,
1151.2,,,,,,,,,,3.3e-05,,,
1151.3,,,,,,,,,,3.40006e-05,,,
1151.4,,,,,,,,,,3.5e-05,,,
1151.5,,,,,,,,,,3.6e-05,,,
1151.6,,,,,,,,,,3.70012e-05,,,
1151.7,,,,,,,,,,3.79994e-05,,,
1151.8,,,,,,,,,,3.9e-05,,,
1151.9,,,,,,,,,,4e-05,,,
1152.0,,,,,,,,,,4.1e-05,,,
1152.1,,,,,,,,,,4.15006e-05,,,
1152.2,,,,,,,,,,4.2e-05,,,
1152.3,,,,,,,,,,4.25003e-05,,5.00305e-07,
1152.4,,,,,,,,,,4.3e-05,,1e-06,
1152.5,,,,,,,,,,4.35e-05,,1e-06,
1152.6,,,,,,,,,,4.4e-05,,1.00061e-06,
1152.7,,,,,,,,,,4.4e-05,,1.49969e-06,
1152.8,,,,,,,,,,4.4e-05,,2e-06,
1152.9,,,,,,,,,,4.45e-05,,2e-06,
1153.0,,,,,,,,,,4.5e-05,,2e-06,
1153.1,,,,,,,,,,4.29976e-05,,2e-06,
1153.2,,,,,,,,,,4.1e-05,,2e-06,
1153.3,,,,,,,,,,3.89988e-05,,1.49969e-06,
1153.4,,,,,,,,,,3.7e-05,,1e-06,
1153.5,,,,,,,,,,3.5e-05,,1e-06,
1153.6,,,,,,,,,,3.29976e-05,,9.9939e-07,
1153.7,,,,,,,,,,3.10012e-05,,5.00305e-07,
1153.8,,,,,,,,,,2.9e-05,,,
1153.9,,,,,,,,,,2.7e-05,,,
1154.0,,,,,,,,,,2.5e-05,,,
1154.1,,,,,,,,,,2.44994e-05,1.00122e-06,,
1154.2,,,,,,,,,,2.4e-05,2e-06,,
1154.3,,,,,,,,,,2.34997e-05,2.50031e-06,,
1154.4,,,,,,,,,,2.3e-05,3e-06,,
1154.5,,,,,,,,,,2.2e-05,4e-06,,
1154.6,,,,,,,,,,2.09994e-05,5.00061e-06,,
1154.7,,,,,,,,,,2.05003e-05,5.49969e-06,,
1154.8,,,,,,,,,,2e-05,6e-06,,
1154.9,,,,,,,,,,1.95e-05,7e-06,,
1155.0,,,,,,,,,,1.9e-05,8e-06,,
1155.1,,,,,,,,,,1.9e-05,8.50061e-06,5.0061e-07,
1155.2,,,,,,,,,,1.9e-05,9e-06,1e-06,
1155.3,,,,,,,,,,1.9e-05,9.50031e-06,1.50031e-06,
1155.4,,,,,,,,,,1.9e-05,1e-05,2e-06,
1155.5,,,,,,,,,,1.9e-05,1.05e-05,3e-06,
1155.6,,,,,,,,,,1.9e-05,1.10012e-05,4.00061e-06,
1155.7,,,,,,,,,,1.9e-05,1.19994e-05,4.4997e-06,
1155.8,,,,,,,,,,1.9e-05,1.3e-05,5e-06,
1155.9,,,,,,,,,,1.9e-05,1.35e-05,5.5e-06,
1156.0,,,,,,,,,,1.9e-05,1.4e-05,6e-06,
1156.1,,,,,,,,,,1.9e-05,1.45006e-05,6.50061e-06,
1156.2,,,,,,,,,,1.9e-05,1.5e-05,7e-06,
1156.3,,,,,,,,,,1.84997e-05,1.55003e-05,7.5003e-06,
1156.4,,,,,,,,,,1.8e-05,1.6e-05,8e-06,
1156.5,,,,,,,,,,1.8e-05,1.6e-05,8.5e-06,
1156.6,,,,,,,,,,1.79994e-05,1.60006e-05,9e-06,
1156.7,,,,,,,,,,1.75003e-05,1.64997e-05,9e-06,
1156.8,,,,,,,,,,1.7e-05,1.7e-05,9e-06,
1156.9,,,,,,,,,,1.7e-05,1.75e-05,9.5e-06,
1157.0,,,,,,,,,,1.7e-05,1.8e-05,1e-05,
1157.1,,,,,,,,,,1.75006e-05,1.85006e-05,1.10012e-05,
1157.2,,,,,,,,,,1.8e-05,1.9e-05,1.2e-05,
1157.3,,,,,,,,,,1.90006e-05,1.95003e-05,1.30006e-05,
1157.4,,,,,,,,,,2e-05,2e-05,1.4e-05,
1157.5,,,,,,,,,,2.05e-05,2.1e-05,1.45e-05,
1157.6,,,,,,,,,,2.10012e-05,2.20006e-05,1.50012e-05,
1157.7,,,,,,,,,,2.19994e-05,2.24997e-05,1.59994e-05,
1157.8,,,,,,,,,,2.3e-05,2.3e-05,1.7e-05,
1157.9,,,,,,,,,,2.35e-05,2.35e-05,1.8e-05,
1158.0,,,,,,,,,,2.4e-05,2.4e-05,1.9e-05,
1158.1,,,,,,,,,,2.55018e-05,2.50012e-05,1.95006e-05,
1158.2,,,,,,,,,,2.7e-05,2.6e-05,2e-05,
1158.3,,,,,,,,,,2.85009e-05,2.65003e-05,2.05003e-05,
1158.4,,,,,,,,,,3e-05,2.7e-05,2.1e-05,
1158.5,,,,,,,,,,3.2e-05,2.8e-05,2.15e-05,
1158.6,,,,,,,,,,3.40018e-05,2.90006e-05,2.20012e-05,
1158.7,,,,,,,,,,3.54991e-05,2.94997e-05,2.29994e-05,
1158.8,,,,,,,,,,3.7e-05,3e-05,2.4e-05,
1158.9,,,,,,,,,,3.85e-05,3.1e-05,2.45e-05,
1159.0,,,,,,,,,,4e-05,3.2e-05,2.5e-05,
1159.1,,,,,,,,,,3.94994e-05,3.14994e-05,2.44994e-05,
1159.2,,,,,,,,,,3.9e-05,3.1e-05,2.4e-05,
1159.3,,,,,,,,,,3.84997e-05,2.99994e-05,2.34997e-05,
1159.4,,,,,,,,,,3.8e-05,2.9e-05,2.3e-05,
1159.5,,,,,,,,,,3.75e-05,2.85e-05,2.25e-05,
1159.6,,,,,,,,,,3.69994e-05,2.79988e-05,2.19988e-05,
1159.7,,,,,,,,,,3.65003e-05,2.70006e-05,2.10006e-05,
1159.8,,,,,,,,,,3.6e-05,2.6e-05,2e-05,
1159.9,,,,,,,,,,3.55e-05,2.55e-05,1.95e-05,
1160.0,,,,,,,,,,3.5e-05,2.5e-05,1.9e-05,
1160.1,,,,,,,,,,3.60012e-05,2.39988e-05,1.95006e-05,
1160.2,,,,,,,,,,3.7e-05,2.3e-05,2e-05,
1160.3,,,,,,,,,,3.85009e-05,2.24997e-05,2.05003e-05,
1160.4,,,,,,,,,,4e-05,2.2e-05,2.1e-05,
1160.5,,,,,,,,,,4.1e-05,2.15e-05,2.1e-05,
1160.6,,,,,,,,,,4.20018e-05,2.09988e-05,2.10006e-05,
1160.7,,,,,,,,,,4.34991e-05,2.00006e-05,2.14997e-05,
1160.8,,,,,,,,,,4.5e-05,1.9e-05,2.2e-05,
1160.9,,,,,,,,,,4.6e-05,1.85e-05,2.25e-05,
1161.0,,,,,,,,,,4.7e-05,1.8e-05,2.3e-05,
1161.1,,,,,,,,,,4.64994e-05,1.8e-05,2.24994e-05,
1161.2,,,,,,,,,,4.6e-05,1.8e-05,2.2e-05,
1161.3,,,,,,,,,,4.49994e-05,1.74997e-05,2.14997e-05,5.00305e-07
1161.4,,,,,,,,,,4.4e-05,1.7e-05,2.1e-05,1e-06
1161.5,,,,,,,,,,4.3e-05,1.7e-05,2.05e-05,1e-06
1161.6,,,,,,,,,,4.19994e-05,1.7e-05,1.99994e-05,1e-06
1161.7,,,,,,,,,,4.15003e-05,1.7e-05,1.95003e-05,1e-06
1161.8,,,,,,,,,,4.1e-05,1.7e-05,1.9e-05,1e-06
1161.9,,,,,,,,,,4e-05,1.65e-05,1.85e-05,1e-06
1162.0,,,,,,,,,,3.9e-05,1.6e-05,1.8e-05,1e-06
1162.1,,,,,,,,,,3.9e-05,1.70012e-05,1.69988e-05,1e-06
1162.2,,,,,,,,,,3.9e-05,1.8e-05,1.6e-05,1e-06
1162.3,,,,,,,,,,3.84997e-05,1.85003e-05,1.54997e-05,1e-06
1162.4,,,,,,,,,,3.8e-05,1.9e-05,1.5e-05,1e-06
1162.5,,,,,,,,,,3.75e-05,1.95e-05,1.4e-05,1e-06
1162.6,,,,,,,,,,3.69994e-05,2.00006e-05,1.29988e-05,9.9939e-07
1162.7,,,,,,,,,,3.65003e-05,2.04997e-05,1.20006e-05,5.00305e-07
1162.8,,,,,,,,,,3.6e-05,2.1e-05,1.1e-05,
1162.9,,,,,,,,,,3.6e-05,2.2e-05,1.05e-05,
1163.0,,,,,,,,,,3.6e-05,2.3e-05,1e-05,
1163.1,,,,,,,,,,3.44982e-05,2.3e-05,8.99878e-06,
1163.2,,,,,,,,,,3.3e-05,2.3e-05,8e-06,
1163.3,,,,,,,,,,3.14991e-05,2.3e-05,7.4997e-06,
1163.4,,,,,,,,,,3e-05,2.3e-05,7e-06,
1163.5,,,,,,,,,,2.85e-05,2.3e-05,6e-06,
1163.6,,,,,,,,,,2.69982e-05,2.3e-05,4.99939e-06,
1163.7,,,,,,,,,,2.55009e-05,2.3e-05,4.5003e-06,
1163.8,,,,,,,,,,2.4e-05,2.3e-05,4e-06,
1163.9,,,,,,,,,,2.3e-05,2.3e-05,3e-06,
1164.0,,,,,,,,,,2.2e-05,2.3e-05,2e-06,
1164.1,,,,,,,,,,1.94969e-05,2.14982e-05,2e-06,
1164.2,,,,,,,,,,1.7e-05,2e-05,2e-06,
1164.3,,,,,,,,,,1.49988e-05,1.84991e-05,1.49969e-06,
1164.4,,,,,,,,,,1.3e-05,1.7e-05,1e-06,
1164.5,,,,,,,,,,1.1e-05,1.55e-05,1e-06,
1164.6,,,,,,,,,,8.99695e-06,1.39982e-05,9.9939e-07,
1164.7,,,,,,,,,,6.50153e-06,1.25009e-05,5.00305e-07,
1164.8,,,,,,,,,,4e-06,1.1e-05,,
1164.9,,,,,,,,,,2e-06,9.5e-06,,
1165.0,,,,,,,,,,,8e-06,,
1165.1,,,,,,,,,,,7.49939e-06,,
1165.2,,,,,,,,,,,7e-06,,
1165.3,,,,,,,,,,,6.4997e-06,,
1165.4,,,,,,,,,,,6e-06,,
1165.5,,,,,,,,,,,5.5e-06,,
1165.6,,,,,,,,,,,4.99939e-06,,
1165.7,,,,,,,,,,,4.5003e-06,,
1165.8,,,,,,,,,,,4e-06,,
1165.9,,,,,,,,,,,3.5e-06,,
1166.0,,,,,,,,,,,3e-06,,
1166.1,,,,,,,,,,,2.49939e-06,,
1166.2,,,,,,,,,,,2e-06,,
1166.3,,,,,,,,,,,2e-06,,
1166.4,,,,,,,,,,,2e-06,,
1166.5,,,,,,,,,,,1.5e-06,,
1166.6,,,,,,,,,,,1e-06,,
1166.7,,,,,,,,,,,1e-06,,
1166.8,,,,,,,,,,,1e-06,,
1166.9,,,,,,,,,,,5e-07,,
1167.0,,,,,,,,,,,,,
1167.1,,,,,,,,,,,,,
1167.2,,,,,,,,,,,,,
1167.3,,,,,,,,,,,,,
1167.4,,,,,,,,,,,,,
1167.5,,,,,,,,,,,,,
1167.6,,,,,,,,,,,,,
1167.7,,,,,,,,,,,,,
1167.8,,,,,,,,,,,,,
1167.9,,,,,,,,,,,,,
1168.0,,,,,,,,,,,,,
1168.1,,,,,,,,,,,,,
1168.2,,,,,,,,,,,,,
1168.3,,,,,,,,,,,,,
1168.4,,,,,,,,,,,,,
1168.5,,,,,,,,,,,,,
1168.6,,,,,,,,,,,,,
1168.7,,,,,,,,,,,,,
1168.8,,,,,,,,,,,,,
1168.9,,,,,,,,,,,,,
1169.0,,,,,,,,,,,,,
1169.1,,,,,,,,,,1.50183e-06,,5.0061e-07,
1169.2,,,,,,,,,,3e-06,,1e-06,
1169.3,,,,,,,,,,4.50092e-06,,2.00061e-06,
1169.4,,,,,,,,,,6e-06,,3e-06,
1169.5,,,,,,,,,,7.5e-06,,3.5e-06,
1169.6,,,,,,,,,,9.00183e-06,,4.00061e-06,
1169.7,,,,,,,,,,1.04991e-05,,4.4997e-06,
1169.8,,,,,,,,,,1.2e-05,,5e-06,
1169.9,,,,,,,,,,1.35e-05,,6e-06,
1170.0,,,,,,,,,,1.5e-05,,7e-06,
1170.1,,,,,,,,,,1.55006e-05,,7e-06,
1170.2,,,,,,,,,,1.6e-05,,7e-06,
1170.3,,,,,,,,,,1.65003e-05,,7e-06,
1170.4,,,,,,,,,,1.7e-05,,7e-06,
1170.5,,,,,,,,,,1.75e-05,,7e-06,
1170.6,,,,,,,,,,1.80006e-05,,7e-06,
1170.7,,,,,,,,,,1.84997e-05,,7e-06,
1170.8,,,,,,,,,,1.9e-05,,7e-06,
1170.9,,,,,,,,,,1.95e-05,,7e-06,
1171.0,,,,,,,,,,2e-05,,7e-06,
1171.1,,,,,,,,,,2.15018e-05,5.0061e-07,8.00122e-06,5.0061e-07
1171.2,,,,,,,,,,2.3e-05,1e-06,9e-06,1e-06
1171.3,,,,,,,,,,2.50012e-05,1.50031e-06,1.00006e-05,1.50031e-06
1171.4,,,,,,,,,,2.7e-05,2e-06,1.1e-05,2e-06
1171.5,,,,,,,,,,2.85e-05,2.5e-06,1.15e-05,2.5e-06
1171.6,,,,,,,,,,3.00018e-05,3.00122e-06,1.20012e-05,3e-06
1171.7,,,,,,,,,,3.14991e-05,3.99939e-06,1.29994e-05,3e-06
1171.8,,,,,,,,,,3.3e-05,5e-06,1.4e-05,3e-06
1171.9,,,,,,,,,,3.45e-05,5.5e-06,1.45e-05,3.5e-06
1172.0,,,,,,,,,,3.6e-05,6e-06,1.5e-05,4e-06
1172.1,,,,,,,,,,3.70012e-05,7.00122e-06,1.5e-05,4.50061e-06
1172.2,,,,,,,,,,3.8e-05,8e-06,1.5e-05,5e-06
1172.3,,,,,,,,,,3.90006e-05,9.00061e-06,1.5e-05,5.50031e-06
1172.4,,,,,,,,,,4e-05,1e-05,1.5e-05,6e-06
1172.5,,,,,,,,,,4.05e-05,1.1e-05,1.5e-05,6e-06
1172.6,,,,,,,,,,4.10012e-05,1.20012e-05,1.5e-05,6.00061e-06
1172.7,,,,,,,,,,4.19994e-05,1.29994e-05,1.5e-05,6.4997e-06
1172.8,,,,,,,,,,4.3e-05,1.4e-05,1.5e-05,7e-06
1172.9,,,,,,,,,,4.4e-05,1.5e-05,1.5e-05,7e-06
1173.0,,,,,,,,,,4.5e-05,1.6e-05,1.5e-05,7e-06
1173.1,,,,,,,,,,4.39988e-05,1.65006e-05,1.44994e-05,7e-06
1173.2,,,,,,,,,,4.3e-05,1.7e-05,1.4e-05,7e-06
1173.3,,,,,,,,,,4.24997e-05,1.75003e-05,1.4e-05,7e-06
1173.4,,,,,,,,,,4.2e-05,1.8e-05,1.4e-05,7e-06
1173.5,,,,,,,,,,4.15e-05,1.8e-05,1.35e-05,7e-06
1173.6,,,,,,,,,,4.09994e-05,1.80006e-05,1.29994e-05,6.99939e-06
1173.7,,,,,,,,,,4.05003e-05,1.84997e-05,1.25003e-05,6.50031e-06
1173.8,,,,,,,,,,4e-05,1.9e-05,1.2e-05,6e-06
1173.9,,,,,,,,,,3.9e-05,1.95e-05,1.15e-05,6e-06
1174.0,,,,,,,,,,3.8e-05,2e-05,1.1e-05,6e-06
1174.1,,,,,,,,,,3.64982e-05,1.89988e-05,1.04994e-05,5.49939e-06
1174.2,,,,,,,,,,3.5e-05,1.8e-05,1e-05,5e-06
1174.3,,,,,,,,,,3.29988e-05,1.74997e-05,1e-05,4.4997e-06
1174.4,,,,,,,,,,3.1e-05,1.7e-05,1e-05,4e-06
1174.5,,,,,,,,,,2.95e-05,1.65e-05,9.5e-06,3.5e-06
1174.6,,,,,,,,,,2.79976e-05,1.59988e-05,9e-06,3e-06
1174.7,,,,,,,,,,2.60012e-05,1.50006e-05,9e-06,3e-06
1174.8,,,,,,,,,,2.4e-05,1.4e-05,9e-06,3e-06
1174.9,,,,,,,,,,2.25e-05,1.35e-05,8.5e-06,2.5e-06
1175.0,,,,,,,,,,2.1e-05,1.3e-05,8e-06,2e-06
1175.1,,,,,,,,,,1.94982e-05,1.19988e-05,7.49939e-06,1.49939e-06
1175.2,,,,,,,,,,1.8e-05,1.1e-05,7e-06,1e-06
1175.3,,,,,,,,,,1.64991e-05,9.99939e-06,6.4997e-06,1e-06
1175.4,,,,,,,,,,1.5e-05,9e-06,6e-06,1e-06
1175.5,,,,,,,,,,1.35e-05,8e-06,5.5e-06,1e-06
1175.6,,,,,,,,,,1.19988e-05,6.99817e-06,4.99939e-06,9.9939e-07
1175.7,,,,,,,,,,1.10006e-05,5.50091e-06,4.5003e-06,5.00305e-07
1175.8,,,,,,,,,,1e-05,4e-06,4e-06,
1175.9,,,,,,,,,,8.5e-06,3e-06,3.5e-06,
1176.0,,,,,,,,,,7e-06,2e-06,3e-06,
1176.1,,,,,,,,,,5.99878e-06,2e-06,2.49939e-06,
1176.2,,,,,,,,,,5e-06,2e-06,2e-06,
1176.3,,,,,,,,,,4.4997e-06,1.49969e-06,2e-06,
1176.4,,,,,,,,,,4e-06,1e-06,2e-06,
1176.5,,,,,,,,,,3.5e-06,1e-06,2e-06,
1176.6,,,,,,,,,,2.99878e-06,1e-06,1.99939e-06,
1176.7,,,,,,,,,,2.00061e-06,1e-06,1.50031e-06,
1176.8,,,,,,,,,,1e-06,1e-06,1e-06,
1176.9,,,,,,,,,,5e-07,5e-07,1e-06,
1177.0,,,,,,,,,,,,1e-06,
1177.1,,,,,,,,,,,,1e-06,
1177.2,,,,,,,,,,,,1e-06,
1177.3,,,,,,,,,,,,1.50031e-06,
1177.4,,,,,,,,,,,,2e-06,
1177.5,,,,,,,,,,,,2e-06,
1177.6,,,,,,,,,,,,2e-06,
1177.7,,,,,,,,,,,,2e-06,
1177.8,,,,,,,,,,,,2e-06,
1177.9,,,,,,,,,,,,2e-06,
1178.0,,,,,,,,,,,,2e-06,
1178.1,,,,,,,,,,,,2e-06,
1178.2,,,,,,,,,,,,2e-06,
1178.3,,,,,,,,,,,,2e-06,
1178.4,,,,,,,,,,,,2e-06,
1178.5,,,,,,,,,,,,2e-06,
1178.6,,,,,,,,,,,,1.99939e-06,
1178.7,,,,,,,,,,,,1.50031e-06,
1178.8,,,,,,,,,,,,1e-06,
1178.9,,,,,,,,,,,,1e-06,
1179.0,,,,,,,,,,,,1e-06,
1179.1,,,,,,,,,,,,1e-06,
1179.2,,,,,,,,,,,,1e-06,
1179.3,,,,,,,,,,,5.00305e-07,1e-06,
1179.4,,,,,,,,,,,1e-06,1e-06,
1179.5,,,,,,,,,,,1e-06,1e-06,
1179.6,,,,,,,,,,,1.00061e-06,1e-06,
1179.7,,,,,,,,,,,1.49969e-06,1e-06,
1179.8,,,,,,,,,,,2e-06,1e-06,
1179.9,,,,,,,,,,,2e-06,1e-06,
1180.0,,,,,,,,,,,2e-06,1e-06,
1180.1,,,,,,,,,,,2.50061e-06,1e-06,
1180.2,,,,,,,,,,,3e-06,1e-06,
1180.3,,,,,,,,,,5.00305e-07,3e-06,1e-06,
1180.4,,,,,,,,,,1e-06,3e-06,1e-06,
1180.5,,,,,,,,,,1e-06,3e-06,1e-06,
1180.6,,,,,,,,,,1e-06,3e-06,1e-06,
1180.7,,,,,,,,,,1e-06,3e-06,1e-06,
1180.8,,,,,,,,,,1e-06,3e-06,1e-06,
1180.9,,,,,,,,,,1.5e-06,3.5e-06,1e-06,
1181.0,,,,,,,,,,2e-06,4e-06,1e-06,
1181.1,,,,,,,,,,3.00122e-06,4.50061e-06,1e-06,
1181.2,,,,,,,,,,4e-06,5e-06,1e-06,
1181.3,,,,,,,,,,4.5003e-06,6.00061e-06,1e-06,
1181.4,,,,,,,,,,5e-06,7e-06,1e-06,
1181.5,,,,,,,,,,6e-06,8e-06,1e-06,
1181.6,,,,,,,,,,7.00122e-06,9.00061e-06,1e-06,
1181.7,,,,,,,,,,7.99939e-06,9.49969e-06,1e-06,
1181.8,,,,,,,,,,9e-06,1e-05,1e-06,
1181.9,,,,,,,,,,1e-05,1.1e-05,1e-06,
1182.0,,,,,,,,,,1.1e-05,1.2e-05,1e-06,
1182.1,,,,,,,,,,1.04994e-05,1.2e-05,1e-06,
1182.2,,,,,,,,,,1e-05,1.2e-05,1e-06,
1182.3,,,,,,,,,,9.49969e-06,1.25003e-05,1e-06,
1182.4,,,,,,,,,,9e-06,1.3e-05,1e-06,
1182.5,,,,,,,,,,8.5e-06,1.3e-05,1.5e-06,
1182.6,,,,,,,,,,8e-06,1.30006e-05,2e-06,
1182.7,,,,,,,,,,8e-06,1.34997e-05,2e-06,
1182.8,,,,,,,,,,8e-06,1.4e-05,2e-06,
1182.9,,,,,,,,,,7.5e-06,1.4e-05,2e-06,5e-07
1183.0,,,,,,,,,,7e-06,1.4e-05,2e-06,1e-06
1183.1,,,,,,,,,,5.99878e-06,1.34994e-05,1.49939e-06,4.9939e-07
1183.2,,,,,,,,,,5e-06,1.3e-05,1e-06,
1183.3,,,,,,,,,,4.4997e-06,1.24997e-05,1e-06,
1183.4,,,,,,,,,,4e-06,1.2e-05,1e-06,
1183.5,,,,,,,,,,3.5e-06,1.15e-05,1e-06,
1183.6,,,,,,,,,,2.99878e-06,1.09994e-05,1e-06,
1183.7,,,,,,,,,,2.00061e-06,1.05003e-05,1e-06,
1183.8,,,,,,,,,,1e-06,1e-05,1e-06,
1183.9,,,,,,,,,,5e-07,9.5e-06,5e-07,
1184.0,,,,,,,,,,,9e-06,,
1184.1,,,,,,,,,,,8.49939e-06,,
1184.2,,,,,,,,,,,8e-06,,
1184.3,,,,,,,,,,,6.99939e-06,,
1184.4,,,,,,,,,,,6e-06,,
1184.5,,,,,,,,,,,5e-06,,
1184.6,,,,,,,,,,,3.99878e-06,,
1184.7,,,,,,,,,,,3.00061e-06,,
1184.8,,,,,,,,,,,2e-06,,
1184.9,,,,,,,,,,,1e-06,,
1185.0,,,,,,,,,,,,,
1185.1,,,,,,,,,,,,,
1185.2,,,,,,,,,,,,,
1185.3,,,,,,,,,,,,,
1185.4,,,,,,,,,,,,,
1185.5,,,,,,,,,,,,,
1185.6,,,,,,,,,,,,,
1185.7,,,,,,,,,,,,,
1185.8,,,,,,,,,,,,,
1185.9,,,,,,,,,,,,,
1186.0,,,,,,,,,,,,,
1186.1,,,,,,,,,,,,,
1186.2,,,,,,,,,,,,,
1186.3,,,,,,,,,,,5.00305e-07,,
1186.4,,,,,,,,,,,1e-06,,
1186.5,,,,,,,,,,,1e-06,,
1186.6,,,,,,,,,,,1e-06,,
1186.7,,,,,,,,,,,1e-06,,
1186.8,,,,,,,,,,,1e-06,,
1186.9,,,,,,,,,,,1.5e-06,,
1187.0,,,,,,,,,,,2e-06,,
1187.1,,,,,,,,,,,2.50061e-06,5.0061e-07,
1187.2,,,,,,,,,,,3e-06,1e-06,
1187.3,,,,,,,,,,,3.50031e-06,1e-06,
1187.4,,,,,,,,,,,4e-06,1e-06,
1187.5,,,,,,,,,,,4.5e-06,1.5e-06,
1187.6,,,,,,,,,,,5.00061e-06,2e-06,
1187.7,,,,,,,,,,,5.49969e-06,2e-06,
1187.8,,,,,,,,,,,6e-06,2e-06,
1187.9,,,,,,,,,,,6.5e-06,2.5e-06,
1188.0,,,,,,,,,,,7e-06,3e-06,
1188.1,,,,,,,,,,5.0061e-07,7.50061e-06,3e-06,
1188.2,,,,,,,,,,1e-06,8e-06,3e-06,
1188.3,,,,,,,,,,1.50031e-06,8.5003e-06,3.50031e-06,
1188.4,,,,,,,,,,2e-06,9e-06,4e-06,
1188.5,,,,,,,,,,2.5e-06,9.5e-06,4.5e-06,
1188.6,,,,,,,,,,3.00061e-06,1.00006e-05,5e-06,
1188.7,,,,,,,,,,3.49969e-06,1.04997e-05,5e-06,
1188.8,,,,,,,,,,4e-06,1.1e-05,5e-06,
1188.9,,,,,,,,,,4.5e-06,1.15e-05,5.5e-06,
1189.0,,,,,,,,,,5e-06,1.2e-05,6e-06,
1189.1,,,,,,,,,,7.00244e-06,1.2e-05,6e-06,
1189.2,,,,,,,,,,9e-06,1.2e-05,6e-06,
1189.3,,,,,,,,,,1.10012e-05,1.2e-05,6.50031e-06,
1189.4,,,,,,,,,,1.3e-05,1.2e-05,7e-06,
1189.5,,,,,,,,,,1.5e-05,1.25e-05,7e-06,
1189.6,,,,,,,,,,1.70024e-05,1.3e-05,7e-06,
1189.7,,,,,,,,,,1.89988e-05,1.3e-05,7e-06,
1189.8,,,,,,,,,,2.1e-05,1.3e-05,7e-06,
1189.9,,,,,,,,,,2.3e-05,1.3e-05,7e-06,
1190.0,,,,,,,,,,2.5e-05,1.3e-05,7e-06,
1190.1,,,,,,,,,,2.65018e-05,1.35006e-05,7e-06,
1190.2,,,,,,,,,,2.8e-05,1.4e-05,7e-06,
1190.3,,,,,,,,,,2.95009e-05,1.4e-05,7e-06,
1190.4,,,,,,,,,,3.1e-05,1.4e-05,7e-06,
1190.5,,,,,,,,,,3.25e-05,1.4e-05,7e-06,
1190.6,,,,,,,,,,3.40018e-05,1.40006e-05,7e-06,
1190.7,,,,,,,,,,3.54991e-05,1.44997e-05,7e-06,
1190.8,,,,,,,,,,3.7e-05,1.5e-05,7e-06,
1190.9,,,,,,,,,,3.85e-05,1.5e-05,7e-06,
1191.0,,,,,,,,,,4e-05,1.5e-05,7e-06,
1191.1,,,,,,,,,,4.15018e-05,1.44994e-05,7e-06,5.0061e-07
1191.2,,,,,,,,,,4.3e-05,1.4e-05,7e-06,1e-06
1191.3,,,,,,,,,,4.40006e-05,1.4e-05,7.5003e-06,1e-06
1191.4,,,,,,,,,,4.5e-05,1.4e-05,8e-06,1e-06
1191.5,,,,,,,,,,4.65e-05,1.35e-05,8e-06,1e-06
1191.6,,,,,,,,,,4.80018e-05,1.3e-05,8e-06,1.00061e-06
1191.7,,,,,,,,,,4.94991e-05,1.3e-05,8e-06,1.49969e-06
1191.8,,,,,,,,,,5.1e-05,1.3e-05,8e-06,2e-06
1191.9,,,,,,,,,,5.25e-05,1.25e-05,8.5e-06,2e-06
1192.0,,,,,,,,,,5.4e-05,1.2e-05,9e-06,2e-06
1192.1,,,,,,,,,,5.24982e-05,1.14994e-05,7.99878e-06,2e-06
1192.2,,,,,,,,,,5.1e-05,1.1e-05,7e-06,2e-06
1192.3,,,,,,,,,,4.99994e-05,9.99939e-06,6.4997e-06,2e-06
1192.4,,,,,,,,,,4.9e-05,9e-06,6e-06,2e-06
1192.5,,,,,,,,,,4.8e-05,8e-06,5e-06,2e-06
1192.6,,,,,,,,,,4.69988e-05,6.99939e-06,3.99939e-06,2e-06
1192.7,,,,,,,,,,4.60006e-05,6.50031e-06,3.50031e-06,2e-06
1192.8,,,,,,,,,,4.5e-05,6e-06,3e-06,2e-06
1192.9,,,,,,,,,,4.4e-05,5e-06,2e-06,2e-06
1193.0,,,,,,,,,,4.3e-05,4e-06,1e-06,2e-06
1193.1,,,,,,,,,,4.19988e-05,4e-06,1e-06,2e-06
1193.2,,,,,,,,,,4.1e-05,4e-06,1e-06,2e-06
1193.3,,,,,,,,,,4.04997e-05,3.49969e-06,1e-06,2e-06
1193.4,,,,,,,,,,4e-05,3e-06,1e-06,2e-06
1193.5,,,,,,,,,,3.9e-05,3e-06,1e-06,2e-06
1193.6,,,,,,,,,,3.79994e-05,2.99939e-06,9.9939e-07,2e-06
1193.7,,,,,,,,,,3.75003e-05,2.50031e-06,5.00305e-07,2e-06
1193.8,,,,,,,,,,3.7e-05,2e-06,,2e-06
1193.9,,,,,,,,,,3.6e-05,2e-06,,2e-06
1194.0,,,,,,,,,,3.5e-05,2e-06,,2e-06
1194.1,,,,,,,,,,3.39988e-05,1.49939e-06,,2e-06
1194.2,,,,,,,,,,3.3e-05,1e-06,,2e-06
1194.3,,,,,,,,,,3.19994e-05,1e-06,,2e-06
1194.4,,,,,,,,,,3.1e-05,1e-06,,2e-06
1194.5,,,,,,,,,,3e-05,1e-06,,2e-06
1194.6,,,,,,,,,,2.89988e-05,9.9939e-07,,2e-06
1194.7,,,,,,,,,,2.80006e-05,5.00305e-07,,2e-06
1194.8,,,,,,,,,,2.7e-05,,,2e-06
1194.9,,,,,,,,,,2.6e-05,,,2e-06
1195.0,,,,,,,,,,2.5e-05,,,2e-06
1195.1,,,,,,,,,,2.55006e-05,5.0061e-07,5.0061e-07,2e-06
1195.2,,,,,,,,,,2.6e-05,1e-06,1e-06,2e-06
1195.3,,,,,,,,,,2.65003e-05,1.50031e-06,1.50031e-06,2e-06
1195.4,,,,,,,,,,2.7e-05,2e-06,2e-06,2e-06
1195.5,,,,,,,,,,2.75e-05,2e-06,2e-06,2.5e-06
1195.6,,,,,,,,,,2.80006e-05,2.00061e-06,2.00061e-06,3e-06
1195.7,,,,,,,,,,2.84997e-05,2.4997e-06,2.4997e-06,3e-06
1195.8,,,,,,,,,,2.9e-05,3e-06,3e-06,3e-06
1195.9,,,,,,,,,,2.95e-05,3.5e-06,3.5e-06,3e-06
1196.0,,,,,,,,,,3e-05,4e-06,4e-06,3e-06
1196.1,,,,,,,,,,2.89988e-05,4e-06,4e-06,3e-06
1196.2,,,,,,,,,,2.8e-05,4e-06,4e-06,3e-06
1196.3,,,,,,,,,,2.74997e-05,4e-06,4e-06,2.4997e-06
1196.4,,,,,,,,,,2.7e-05,4e-06,4e-06,2e-06
1196.5,,,,,,,,,,2.6e-05,4e-06,4e-06,2e-06
1196.6,,,,,,,,,,2.49988e-05,4e-06,4e-06,2e-06
1196.7,,,,,,,,,,2.40006e-05,4e-06,4e-06,2e-06
1196.8,,,,,,,,,,2.3e-05,4e-06,4e-06,2e-06
1196.9,,,,,,,,,,2.2e-05,4.5e-06,4e-06,1.5e-06
1197.0,,,,,,,,,,2.1e-05,5e-06,4e-06,1e-06
1197.1,,,,,,,,,,2.1e-05,4.49939e-06,4e-06,1e-06
1197.2,,,,,,,,,,2.1e-05,4e-06,4e-06,1e-06
1197.3,,,,,,,,,,2.1e-05,3.49969e-06,4e-06,1e-06
1197.4,,,,,,,,,,2.1e-05,3e-06,4e-06,1e-06
1197.5,,,,,,,,,,2.1e-05,2.5e-06,4e-06,1e-06
1197.6,,,,,,,,,,2.1e-05,1.99939e-06,4e-06,9.9939e-07
1197.7,,,,,,,,,,2.1e-05,1.50031e-06,4e-06,5.00305e-07
1197.8,,,,,,,,,,2.1e-05,1e-06,4e-06,
1197.9,,,,,,,,,,2.1e-05,5e-07,4e-06,
1198.0,,,,,,,,,,2.1e-05,,4e-06,
1198.1,,,,,,,,,,2.04994e-05,,4e-06,
1198.2,,,,,,,,,,2e-05,,4e-06,
1198.3,,,,,,,,,,2e-05,,4e-06,
1198.4,,,,,,,,,,2e-05,,4e-06,
1198.5,,,,,,,,,,2e-05,,4.5e-06,
1198.6,,,,,,,,,,1.99994e-05,,5e-06,
1198.7,,,,,,,,,,1.95003e-05,,5e-06,
1198.8,,,,,,,,,,1.9e-05,,5e-06,
1198.9,,,,,,,,,,1.9e-05,,5e-06,5e-07
1199.0,,,,,,,,,,1.9e-05,,5e-06,1e-06
1199.1,,,,,,,,,,1.79988e-05,,4.49939e-06,4.9939e-07
1199.2,,,,,,,,,,1.7e-05,,4e-06,
1199.3,,,,,,,,,,1.54991e-05,,3.49969e-06,
1199.4,,,,,,,,,,1.4e-05,,3e-06,
1199.5,,,,,,,,,,1.3e-05,,2.5e-06,
1199.6,,,,,,,,,,1.19982e-05,,1.99939e-06,
1199.7,,,,,,,,,,1.05009e-05,,1.50031e-06,
1199.8,,,,,,,,,,9e-06,,1e-06,
1199.9,,,,,,,,,,8e-06,,5e-07,
1200.0,,,,,,,,,,7e-06,,,
1200.1,,,,,,,,,,6.49939e-06,,,
1200.2,,,,,,,,,,6e-06,,,
1200.3,,,,,,,,,,5.49969e-06,,,
1200.4,,,,,,,,,,5e-06,,,
1200.5,,,,,,,,,,5e-06,,,
1200.6,,,,,,,,,,4.99939e-06,,,
1200.7,,,,,,,,,,4.5003e-06,,,
1200.8,,,,,,,,,,4e-06,,,
1200.9,,,,,,,,,,3.5e-06,,,
1201.0,,,,,,,,,,3e-06,,,
1201.1,,,,,,,,,,3e-06,,,
1201.2,,,,,,,,,,3e-06,,,
1201.3,,,,,,,,,,3e-06,,,
1201.4,,,,,,,,,,3e-06,,,
1201.5,,,,,,,,,,3e-06,,,
1201.6,,,,,,,,,,3e-06,,,
1201.7,,,,,,,,,,3e-06,,,
1201.8,,,,,,,,,,3e-06,,,
1201.9,,,,,,,,,,3e-06,,,
1202.0,,,,,,,,,,3e-06,,,
1202.1,,,,,,,,,,3e-06,,,
1202.2,,,,,,,,,,3e-06,,,
1202.3,,,,,,,,,,3.50031e-06,,,
1202.4,,,,,,,,,,4e-06,,,
1202.5,,,,,,,,,,4e-06,,,
1202.6,,,,,,,,,,4e-06,,,
1202.7,,,,,,,,,,4e-06,,,
1202.8,,,,,,,,,,4e-06,,,
1202.9,,,,,,,,,,4e-06,,,
1203.0,,,,,,,,,,4e-06,,,
1203.1,,,,,,,,,,4.50061e-06,1.00122e-06,,
1203.2,,,,,,,,,,5e-06,2e-06,,
1203.3,,,,,,,,,,5e-06,3.00061e-06,,
1203.4,,,,,,,,,,5e-06,4e-06,,
1203.5,,,,,,,,,,5.5e-06,5e-06,,
1203.6,,,,,,,,,,6.00061e-06,6.00122e-06,,
1203.7,,,,,,,,,,6.4997e-06,6.99939e-06,,
1203.8,,,,,,,,,,7e-06,8e-06,,
1203.9,,,,,,,,,,7e-06,9e-06,,
1204.0,,,,,,,,,,7e-06,1e-05,,
1204.1,,,,,,,,,,7.50061e-06,1.10012e-05,,
1204.2,,,,,,,,,,8e-06,1.2e-05,,
1204.3,,,,,,,,,,8.5003e-06,1.30006e-05,,
1204.4,,,,,,,,,,9e-06,1.4e-05,,
1204.5,,,,,,,,,,1e-05,1.5e-05,,
1204.6,,,,,,,,,,1.10006e-05,1.60012e-05,,
1204.7,,,,,,,,,,1.14997e-05,1.69994e-05,,
1204.8,,,,,,,,,,1.2e-05,1.8e-05,,
1204.9,,,,,,,,,,1.25e-05,1.9e-05,,
1205.0,,,,,,,,,,1.3e-05,2e-05,,
1205.1,,,,,,,,,,1.3e-05,2e-05,,
1205.2,,,,,,,,,,1.3e-05,2e-05,,
1205.3,,,,,,,,,,1.35003e-05,2.05003e-05,,
1205.4,,,,,,,,,,1.4e-05,2.1e-05,,
1205.5,,,,,,,,,,1.4e-05,2.15e-05,,
1205.6,,,,,,,,,,1.40006e-05,2.20006e-05,,
1205.7,,,,,,,,,,1.44997e-05,2.24997e-05,,
1205.8,,,,,,,,,,1.5e-05,2.3e-05,,
1205.9,,,,,,,,,,1.5e-05,2.35e-05,,
1206.0,,,,,,,,,,1.5e-05,2.4e-05,,
1206.1,,,,,,,,,,1.55006e-05,2.34994e-05,,5.0061e-07
1206.2,,,,,,,,,,1.6e-05,2.3e-05,,1e-06
1206.3,,,,,,,,,,1.6e-05,2.3e-05,,1e-06
1206.4,,,,,,,,,,1.6e-05,2.3e-05,,1e-06
1206.5,,,,,,,,,,1.65e-05,2.25e-05,,1.5e-06
1206.6,,,,,,,,,,1.7e-05,2.19994e-05,,2e-06
1206.7,,,,,,,,,,1.7e-05,2.15003e-05,,2e-06
1206.8,,,,,,,,,,1.7e-05,2.1e-05,,2e-06
1206.9,,,,,,,,,,1.75e-05,2.05e-05,,2e-06
1207.0,,,,,,,,,,1.8e-05,2e-05,,2e-06
1207.1,,,,,,,,,,1.69988e-05,1.94994e-05,,2e-06
1207.2,,,,,,,,,,1.6e-05,1.9e-05,,2e-06
1207.3,,,,,,,,,,1.49994e-05,1.79994e-05,,2e-06
1207.4,,,,,,,,,,1.4e-05,1.7e-05,,2e-06
1207.5,,,,,,,,,,1.25e-05,1.6e-05,,2e-06
1207.6,,,,,,,,,,1.09988e-05,1.49994e-05,,2e-06
1207.7,,,,,,,,,,1.00006e-05,1.45003e-05,,2e-06
1207.8,,,,,,,,,,9e-06,1.4e-05,,2e-06
1207.9,,,,,,,,,,8e-06,1.3e-05,,1.5e-06
1208.0,,,,,,,,,,7e-06,1.2e-05,,1e-06
1208.1,,,,,,,,,,5.99878e-06,1.14994e-05,5.0061e-07,1e-06
1208.2,,,,,,,,,,5e-06,1.1e-05,1e-06,1e-06
1208.3,,,,,,,,,,4.4997e-06,1.04997e-05,1e-06,1e-06
1208.4,,,,,,,,,,4e-06,1e-05,1e-06,1e-06
1208.5,,,,,,,,,,3.5e-06,9.5e-06,1.5e-06,1e-06
1208.6,,,,,,,,,,2.99878e-06,8.99939e-06,2e-06,1e-06
1208.7,,,,,,,,,,2.00061e-06,8.5003e-06,2e-06,1e-06
1208.8,,,,,,,,,,1e-06,8e-06,2e-06,1e-06
1208.9,,,,,,,,,,5e-07,7.5e-06,2.5e-06,5e-07
1209.0,,,,,,,,,,,7e-06,3e-06,
1209.1,,,,,,,,,,,6.49939e-06,3e-06,
1209.2,,,,,,,,,,,6e-06,3e-06,
1209.3,,,,,,,,,,,5.49969e-06,3e-06,
1209.4,,,,,,,,,,,5e-06,3e-06,
1209.5,,,,,,,,,,,4e-06,3.5e-06,
1209.6,,,,,,,,,,,2.99939e-06,4e-06,
1209.7,,,,,,,,,,,2.50031e-06,4e-06,
1209.8,,,,,,,,,,,2e-06,4e-06,
1209.9,,,,,,,,,,,1.5e-06,4e-06,
1210.0,,,,,,,,,,,1e-06,4e-06,
1210.1,,,,,,,,,,,1e-06,4e-06,
1210.2,,,,,,,,,,,1e-06,4e-06,
1210.3,,,,,,,,,,,1e-06,4e-06,
1210.4,,,,,,,,,,,1e-06,4e-06,
1210.5,,,,,,,,,,,5e-07,4e-06,
1210.6,,,,,,,,,,,,4e-06,
1210.7,,,,,,,,,,,,4e-06,
1210.8,,,,,,,,,,,,4e-06,
1210.9,,,,,,,,,,,,4e-06,
1211.0,,,,,,,,,,,,4e-06,
1211.1,,,,,,,,,,,,3.49939e-06,
1211.2,,,,,,,,,,,,3e-06,
1211.3,,,,,,,,,,,,3e-06,
1211.4,,,,,,,,,,,,3e-06,
1211.5,,,,,,,,,,,,2.5e-06,
1211.6,,,,,,,,,,,,2e-06,
1211.7,,,,,,,,,,,,2e-06,
1211.8,,,,,,,,,,,,2e-06,
1211.9,,,,,,,,,,,,1.5e-06,
1212.0,,,,,,,,,,,,1e-06,
1212.1,,,,,,,,,,5.0061e-07,,1e-06,
1212.2,,,,,,,,,,1e-06,,1e-06,
1212.3,,,,,,,,,,1.50031e-06,,1e-06,
1212.4,,,,,,,,,,2e-06,,1e-06,
1212.5,,,,,,,,,,3e-06,,1e-06,
1212.6,,,,,,,,,,4.00061e-06,,1e-06,
1212.7,,,,,,,,,,4.4997e-06,,1e-06,
1212.8,,,,,,,,,,5e-06,,1e-06,
1212.9,,,,,,,,,,5.5e-06,,5e-07,
1213.0,,,,,,,,,,6e-06,,,
1213.1,,,,,,,,,,6e-06,5.0061e-07,5.0061e-07,
1213.2,,,,,,,,,,6e-06,1e-06,1e-06,
1213.3,,,,,,,,,,6.50031e-06,1.50031e-06,1e-06,
1213.4,,,,,,,,,,7e-06,2e-06,1e-06,
1213.5,,,,,,,,,,7.5e-06,2e-06,1e-06,
1213.6,,,,,,,,,,8e-06,2.00061e-06,1e-06,
1213.7,,,,,,,,,,8e-06,2.4997e-06,1e-06,
1213.8,,,,,,,,,,8e-06,3e-06,1e-06,
1213.9,,,,,,,,,,8.5e-06,3.5e-06,1.5e-06,
1214.0,,,,,,,,,,9e-06,4e-06,2e-06,
1214.1,,,,,,,,,,8.49939e-06,4e-06,2e-06,
1214.2,,,,,,,,,,8e-06,4e-06,2e-06,
1214.3,,,,,,,,,,6.99939e-06,4.5003e-06,2.50031e-06,
1214.4,,,,,,,,,,6e-06,5e-06,3e-06,
1214.5,,,,,,,,,,5.5e-06,5e-06,3e-06,
1214.6,,,,,,,,,,4.99939e-06,5.00061e-06,3e-06,
1214.7,,,,,,,,,,4.5003e-06,5.49969e-06,3e-06,
1214.8,,,,,,,,,,4e-06,6e-06,3e-06,
1214.9,,,,,,,,,,3.5e-06,6e-06,3.5e-06,
1215.0,,,,,,,,,,3e-06,6e-06,4e-06,
1215.1,,,,,,,,,,4.00122e-06,6.50061e-06,4.50061e-06,
1215.2,,,,,,,,,,5e-06,7e-06,5e-06,
1215.3,,,,,,,,,,5.50031e-06,7e-06,6.00061e-06,
1215.4,,,,,,,,,,6e-06,7e-06,7e-06,
1215.5,,,,,,,,,,6.5e-06,7.5e-06,8e-06,
1215.6,,,,,,,,,,7.00061e-06,8.00061e-06,9.00061e-06,
1215.7,,,,,,,,,,7.4997e-06,8.4997e-06,9.49969e-06,
1215.8,,,,,,,,,,8e-06,9e-06,1e-05,
1215.9,,,,,,,,,,8.5e-06,9e-06,1.1e-05,
1216.0,,,,,,,,,,9e-06,9e-06,1.2e-05,
1216.1,,,,,,,,,,9e-06,9e-06,1.2e-05,
1216.2,,,,,,,,,,9e-06,9e-06,1.2e-05,
1216.3,,,,,,,,,,9e-06,8.4997e-06,1.2e-05,
1216.4,,,,,,,,,,9e-06,8e-06,1.2e-05,
1216.5,,,,,,,,,,9.5e-06,8e-06,1.2e-05,
1216.6,,,,,,,,,,1e-05,8e-06,1.2e-05,
1216.7,,,,,,,,,,1e-05,8e-06,1.2e-05,
1216.8,,,,,,,,,,1e-05,8e-06,1.2e-05,
1216.9,,,,,,,,,,1e-05,7.5e-06,1.2e-05,
1217.0,,,,,,,,,,1e-05,7e-06,1.2e-05,
1217.1,,,,,,,,,,1.05006e-05,7.50061e-06,1.2e-05,
1217.2,,,,,,,,,,1.1e-05,8e-06,1.2e-05,
1217.3,,,,,,,,,,1.15003e-05,8e-06,1.2e-05,
1217.4,,,,,,,,,,1.2e-05,8e-06,1.2e-05,
1217.5,,,,,,,,,,1.3e-05,8e-06,1.2e-05,
1217.6,,,,,,,,,,1.40006e-05,8e-06,1.2e-05,
1217.7,,,,,,,,,,1.44997e-05,8e-06,1.2e-05,
1217.8,,,,,,,,,,1.5e-05,8e-06,1.2e-05,
1217.9,,,,,,,,,,1.55e-05,8e-06,1.2e-05,
1218.0,,,,,,,,,,1.6e-05,8e-06,1.2e-05,
1218.1,,,,,,,,,,1.6e-05,8e-06,1.2e-05,
1218.2,,,,,,,,,,1.6e-05,8e-06,1.2e-05,
1218.3,,,,,,,,,,1.6e-05,8e-06,1.2e-05,
1218.4,,,,,,,,,,1.6e-05,8e-06,1.2e-05,
1218.5,,,,,,,,,,1.65e-05,7.5e-06,1.2e-05,
1218.6,,,,,,,,,,1.7e-05,7e-06,1.19994e-05,
1218.7,,,,,,,,,,1.7e-05,7e-06,1.15003e-05,
1218.8,,,,,,,,,,1.7e-05,7e-06,1.1e-05,
1218.9,,,,,,,,,,1.7e-05,7e-06,1.1e-05,
1219.0,,,,,,,,,,1.7e-05,7e-06,1.1e-05,
1219.1,,,,,,,,,,1.75006e-05,7e-06,1.1e-05,
1219.2,,,,,,,,,,1.8e-05,7e-06,1.1e-05,
1219.3,,,,,,,,,,1.90006e-05,7e-06,1.04997e-05,
1219.4,,,,,,,,,,2e-05,7e-06,1e-05,
1219.5,,,,,,,,,,2.05e-05,7e-06,9.5e-06,
1219.6,,,,,,,,,,2.10012e-05,7e-06,9e-06,
1219.7,,,,,,,,,,2.19994e-05,7e-06,9e-06,
1219.8,,,,,,,,,,2.3e-05,7e-06,9e-06,
1219.9,,,,,,,,,,2.35e-05,7e-06,8.5e-06,
1220.0,,,,,,,,,,2.4e-05,7e-06,8e-06,
1220.1,,,,,,,,,,2.50012e-05,7e-06,8e-06,
1220.2,,,,,,,,,,2.6e-05,7e-06,8e-06,
1220.3,,,,,,,,,,2.65003e-05,7e-06,7.4997e-06,
1220.4,,,,,,,,,,2.7e-05,7e-06,7e-06,
1220.5,,,,,,,,,,2.8e-05,6.5e-06,7e-06,
1220.6,,,,,,,,,,2.90006e-05,6e-06,7e-06,
1220.7,,,,,,,,,,2.94997e-05,6e-06,7e-06,
1220.8,,,,,,,,,,3e-05,6e-06,7e-06,
1220.9,,,,,,,,,,3.1e-05,6e-06,6.5e-06,
1221.0,,,,,,,,,,3.2e-05,6e-06,6e-06,
1221.1,,,,,,,,,,3.14994e-05,6.50061e-06,6e-06,
1221.2,,,,,,,,,,3.1e-05,7e-06,6e-06,
1221.3,,,,,,,,,,2.99994e-05,7e-06,5.49969e-06,
1221.4,,,,,,,,,,2.9e-05,7e-06,5e-06,
1221.5,,,,,,,,,,2.85e-05,7e-06,5e-06,
1221.6,,,,,,,,,,2.79994e-05,7.00061e-06,4.99939e-06,6.10128e-10
1221.7,,,,,,,,,,2.75003e-05,7.4997e-06,4.5003e-06,4.99695e-07
1221.8,,,,,,,,,,2.7e-05,8e-06,4e-06,1e-06
1221.9,,,,,,,,,,2.65e-05,8e-06,4e-06,1e-06
1222.0,,,,,,,,,,2.6e-05,8e-06,4e-06,1e-06
1222.1,,,,,,,,,,2.49988e-05,8e-06,4e-06,1e-06
1222.2,,,,,,,,,,2.4e-05,8e-06,4e-06,1e-06
1222.3,,,,,,,,,,2.34997e-05,8e-06,4e-06,1e-06
1222.4,,,,,,,,,,2.3e-05,8e-06,4e-06,1e-06
1222.5,,,,,,,,,,2.2e-05,8e-06,4e-06,1e-06
1222.6,,,,,,,,,,2.09988e-05,8e-06,4e-06,1e-06
1222.7,,,,,,,,,,2.00006e-05,8e-06,4e-06,1e-06
1222.8,,,,,,,,,,1.9e-05,8e-06,4e-06,1e-06
1222.9,,,,,,,,,,1.85e-05,8e-06,4.5e-06,1e-06
1223.0,,,,,,,,,,1.8e-05,8e-06,5e-06,1e-06
1223.1,,,,,,,,,,1.69988e-05,6.99878e-06,5e-06,1e-06
1223.2,,,,,,,,,,1.6e-05,6e-06,5e-06,1e-06
1223.3,,,,,,,,,,1.49994e-05,5.49969e-06,4.4997e-06,1e-06
1223.4,,,,,,,,,,1.4e-05,5e-06,4e-06,1e-06
1223.5,,,,,,,,,,1.3e-05,4.5e-06,4e-06,5e-07
1223.6,,,,,,,,,,1.19988e-05,3.99939e-06,4e-06,
1223.7,,,,,,,,,,1.10006e-05,3.50031e-06,4e-06,
1223.8,,,,,,,,,,1e-05,3e-06,4e-06,
1223.9,,,,,,,,,,9e-06,2e-06,4e-06,
1224.0,,,,,,,,,,8e-06,1e-06,4e-06,
1224.1,,,,,,,,,,7.49939e-06,1e-06,4.50061e-06,
1224.2,,,,,,,,,,7e-06,1e-06,5e-06,
1224.3,,,,,,,,,,6.4997e-06,1e-06,5e-06,
1224.4,,,,,,,,,,6e-06,1e-06,5e-06,
1224.5,,,,,,,,,,5.5e-06,1e-06,5.5e-06,
1224.6,,,,,,,,,,4.99939e-06,9.9939e-07,6e-06,
1224.7,,,,,,,,,,4.5003e-06,5.00305e-07,6e-06,
1224.8,,,,,,,,,,4e-06,,6e-06,
1224.9,,,,,,,,,,3.5e-06,,6.5e-06,
1225.0,,,,,,,,,,3e-06,,7e-06,
1225.1,,,,,,,,,,2.49939e-06,,7e-06,
1225.2,,,,,,,,,,2e-06,,7e-06,
1225.3,,,,,,,,,,2e-06,,7e-06,
1225.4,,,,,,,,,,2e-06,,7e-06,
1225.5,,,,,,,,,,1.5e-06,,7e-06,
1225.6,,,,,,,,,,1e-06,,7e-06,
1225.7,,,,,,,,,,1e-06,,7e-06,
1225.8,,,,,,,,,,1e-06,,7e-06,
1225.9,,,,,,,,,,5e-07,,6.5e-06,
1226.0,,,,,,,,,,,,6e-06,
1226.1,,,,,,,,,,,,6e-06,
1226.2,,,,,,,,,,,,6e-06,
1226.3,,,,,,,,,,,,5.49969e-06,
1226.4,,,,,,,,,,,,5e-06,
1226.5,,,,,,,,,,,,4.5e-06,
1226.6,,,,,,,,,,,,4e-06,
1226.7,,,,,,,,,,,,4e-06,
1226.8,,,,,,,,,,,,4e-06,
1226.9,,,,,,,,,,,,3.5e-06,
1227.0,,,,,,,,,,,,3e-06,
1227.1,,,,,,,,,,,,3e-06,
1227.2,,,,,,,,,,,,3e-06,
1227.3,,,,,,,,,,,,3e-06,
1227.4,,,,,,,,,,,,3e-06,
1227.5,,,,,,,,,,,,3e-06,
1227.6,,,,,,,,,,,,3e-06,
1227.7,,,,,,,,,,,,3e-06,
1227.8,,,,,,,,,,,,3e-06,
1227.9,,,,,,,,,,,,2.5e-06,
1228.0,,,,,,,,,,,,2e-06,
1228.1,,,,,,,,,,,,2e-06,
1228.2,,,,,,,,,,,,2e-06,
1228.3,,,,,,,,,,,,2e-06,
1228.4,,,,,,,,,,,,2e-06,
1228.5,,,,,,,,,,,,1.5e-06,
1228.6,,,,,,,,,,,,1e-06,
1228.7,,,,,,,,,,,,1e-06,
1228.8,,,,,,,,,,,,1e-06,
1228.9,,,,,,,,,,,,5e-07,
1229.0,,,,,,,,,,,,,
1229.1,,,,,,,,,,1.50183e-06,,5.0061e-07,
1229.2,,,,,,,,,,3e-06,,1e-06,
1229.3,,,,,,,,,,5.00122e-06,,1.50031e-06,
1229.4,,,,,,,,,,7e-06,,2e-06,
1229.5,,,,,,,,,,8.5e-06,,2.5e-06,
1229.6,,,,,,,,,,1.00018e-05,,3.00061e-06,
1229.7,,,,,,,,,,1.14991e-05,,3.49969e-06,
1229.8,,,,,,,,,,1.3e-05,,4e-06,
1229.9,,,,,,,,,,1.45e-05,,4.5e-06,
1230.0,,,,,,,,,,1.6e-05,,5e-06,
1230.1,,,,,,,,,,1.70012e-05,5.0061e-07,5.50061e-06,
1230.2,,,,,,,,,,1.8e-05,1e-06,6e-06,
1230.3,,,,,,,,,,1.90006e-05,1e-06,6e-06,
1230.4,,,,,,,,,,2e-05,1e-06,6e-06,
1230.5,,,,,,,,,,2.05e-05,1e-06,6.5e-06,
1230.6,,,,,,,,,,2.10012e-05,1e-06,7e-06,
1230.7,,,,,,,,,,2.19994e-05,1e-06,7e-06,
1230.8,,,,,,,,,,2.3e-05,1e-06,7e-06,
1230.9,,,,,,,,,,2.35e-05,1.5e-06,7.5e-06,
1231.0,,,,,,,,,,2.4e-05,2e-06,8e-06,
1231.1,,,,,,,,,,2.50012e-05,2e-06,8e-06,
1231.2,,,,,,,,,,2.6e-05,2e-06,8e-06,
1231.3,,,,,,,,,,2.70006e-05,1.49969e-06,8e-06,
1231.4,,,,,,,,,,2.8e-05,1e-06,8e-06,
1231.5,,,,,,,,,,2.9e-05,1e-06,8.5e-06,
1231.6,,,,,,,,,,3.00012e-05,1e-06,9e-06,
1231.7,,,,,,,,,,3.09994e-05,1e-06,9e-06,
1231.8,,,,,,,,,,3.2e-05,1e-06,9e-06,
1231.9,,,,,,,,,,3.3e-05,1e-06,9.5e-06,
1232.0,,,,,,,,,,3.4e-05,1e-06,1e-05,
1232.1,,,,,,,,,,3.4e-05,1e-06,1e-05,
1232.2,,,,,,,,,,3.4e-05,1e-06,1e-05,
1232.3,,,,,,,,,,3.45003e-05,1e-06,1.05003e-05,
1232.4,,,,,,,,,,3.5e-05,1e-06,1.1e-05,
1232.5,,,,,,,,,,3.5e-05,5e-07,1.1e-05,
1232.6,,,,,,,,,,3.5e-05,,1.10006e-05,
1232.7,,,,,,,,,,3.5e-05,,1.14997e-05,
1232.8,,,,,,,,,,3.5e-05,,1.2e-05,
1232.9,,,,,,,,,,3.5e-05,,1.25e-05,
1233.0,,,,,,,,,,3.5e-05,,1.3e-05,
1233.1,,,,,,,,,,3.5e-05,,1.3e-05,
1233.2,,,,,,,,,,3.5e-05,,1.3e-05,
1233.3,,,,,,,,,,3.5e-05,,1.3e-05,
1233.4,,,,,,,,,,3.5e-05,,1.3e-05,
1233.5,,,,,,,,,,3.55e-05,,1.35e-05,
1233.6,,,,,,,,,,3.6e-05,,1.4e-05,
1233.7,,,,,,,,,,3.6e-05,,1.4e-05,
1233.8,,,,,,,,,,3.6e-05,,1.4e-05,
1233.9,,,,,,,,,,3.6e-05,,1.4e-05,
1234.0,,,,,,,,,,3.6e-05,,1.4e-05,
1234.1,,,,,,,,,,3.49988e-05,,1.4e-05,
1234.2,,,,,,,,,,3.4e-05,,1.4e-05,
1234.3,,,,,,,,,,3.34997e-05,,1.4e-05,
1234.4,,,,,,,,,,3.3e-05,,1.4e-05,
1234.5,,,,,,,,,,3.2e-05,,1.35e-05,
1234.6,,,,,,,,,,3.09988e-05,,1.3e-05,
1234.7,,,,,,,,,,3.00006e-05,,1.3e-05,
1234.8,,,,,,,,,,2.9e-05,,1.3e-05,
1234.9,,,,,,,,,,2.85e-05,,1.3e-05,
1235.0,,,,,,,,,,2.8e-05,,1.3e-05,
1235.1,,,,,,,,,,2.8e-05,,1.3e-05,
1235.2,,,,,,,,,,2.8e-05,,1.3e-05,
1235.3,,,,,,,,,,2.85003e-05,,1.3e-05,
1235.4,,,,,,,,,,2.9e-05,,1.3e-05,
1235.5,,,,,,,,,,2.95e-05,,1.25e-05,
1235.6,,,,,,,,,,3e-05,,1.2e-05,
1235.7,,,,,,,,,,3e-05,,1.2e-05,
1235.8,,,,,,,,,,3e-05,,1.2e-05,
1235.9,,,,,,,,,,3.05e-05,,1.2e-05,
1236.0,,,,,,,,,,3.1e-05,,1.2e-05,
1236.1,,,,,,,,,,2.99988e-05,5.0061e-07,1.2e-05,
1236.2,,,,,,,,,,2.9e-05,1e-06,1.2e-05,
1236.3,,,,,,,,,,2.84997e-05,1.50031e-06,1.2e-05,
1236.4,,,,,,,,,,2.8e-05,2e-06,1.2e-05,
1236.5,,,,,,,,,,2.75e-05,2.5e-06,1.2e-05,
1236.6,,,,,,,,,,2.69988e-05,3.00061e-06,1.2e-05,
1236.7,,,,,,,,,,2.60006e-05,3.49969e-06,1.2e-05,
1236.8,,,,,,,,,,2.5e-05,4e-06,1.2e-05,
1236.9,,,,,,,,,,2.45e-05,4.5e-06,1.2e-05,
1237.0,,,,,,,,,,2.4e-05,5e-06,1.2e-05,
1237.1,,,,,,,,,,2.45006e-05,5.50061e-06,1.2e-05,
1237.2,,,,,,,,,,2.5e-05,6e-06,1.2e-05,
1237.3,,,,,,,,,,2.55003e-05,6.50031e-06,1.14997e-05,
1237.4,,,,,,,,,,2.6e-05,7e-06,1.1e-05,
1237.5,,,,,,,,,,2.65e-05,7.5e-06,1.05e-05,
1237.6,,,,,,,,,,2.70006e-05,8.00061e-06,1e-05,
1237.7,,,,,,,,,,2.74997e-05,8.4997e-06,1e-05,
1237.8,,,,,,,,,,2.8e-05,9e-06,1e-05,
1237.9,,,,,,,,,,2.85e-05,9.5e-06,9.5e-06,
1238.0,,,,,,,,,,2.9e-05,1e-05,9e-06,
1238.1,,,,,,,,,,3.00012e-05,1.05006e-05,9e-06,
1238.2,,,,,,,,,,3.1e-05,1.1e-05,9e-06,
1238.3,,,,,,,,,,3.15003e-05,1.1e-05,9e-06,
1238.4,,,,,,,,,,3.2e-05,1.1e-05,9e-06,
1238.5,,,,,,,,,,3.3e-05,1.1e-05,9e-06,
1238.6,,,,,,,,,,3.40006e-05,1.1e-05,9.00061e-06,
1238.7,,,,,,,,,,3.44997e-05,1.1e-05,9.49969e-06,
1238.8,,,,,,,,,,3.5e-05,1.1e-05,1e-05,
1238.9,,,,,,,,,,3.6e-05,1.1e-05,1e-05,
1239.0,,,,,,,,,,3.7e-05,1.1e-05,1e-05,
1239.1,,,,,,,,,,3.7e-05,1.04994e-05,9.49939e-06,
1239.2,,,,,,,,,,3.7e-05,1e-05,9e-06,
1239.3,,,,,,,,,,3.75003e-05,9.49969e-06,8.4997e-06,
1239.4,,,,,,,,,,3.8e-05,9e-06,8e-06,
1239.5,,,,,,,,,,3.8e-05,9e-06,8e-06,
1239.6,,,,,,,,,,3.80006e-05,8.99939e-06,7.99939e-06,
1239.7,,,,,,,,,,3.84997e-05,8.5003e-06,7.5003e-06,
1239.8,,,,,,,,,,3.9e-05,8e-06,7e-06,
1239.9,,,,,,,,,,3.95e-05,8e-06,6.5e-06,
1240.0,,,,,,,,,,4e-05,8e-06,6e-06,
1240.1,,,,,,,,,,3.89988e-05,8e-06,6e-06,
1240.2,,,,,,,,,,3.8e-05,8e-06,6e-06,
1240.3,,,,,,,,,,3.74997e-05,8e-06,5.49969e-06,
1240.4,,,,,,,,,,3.7e-05,8e-06,5e-06,
1240.5,,,,,,,,,,3.6e-05,8e-06,5e-06,
1240.6,,,,,,,,,,3.49988e-05,8e-06,5e-06,
1240.7,,,,,,,,,,3.40006e-05,8e-06,5e-06,
1240.8,,,,,,,,,,3.3e-05,8e-06,5e-06,
1240.9,,,,,,,,,,3.25e-05,8e-06,4.5e-06,
1241.0,,,,,,,,,,3.2e-05,8e-06,4e-06,
1241.1,,,,,,,,,,3.2e-05,7.49939e-06,3.49939e-06,
1241.2,,,,,,,,,,3.2e-05,7e-06,3e-06,
1241.3,,,,,,,,,,3.2e-05,6.4997e-06,3e-06,
1241.4,,,,,,,,,,3.2e-05,6e-06,3e-06,
1241.5,,,,,,,,,,3.2e-05,5.5e-06,2.5e-06,
1241.6,,,,,,,,,,3.2e-05,4.99939e-06,1.99939e-06,
1241.7,,,,,,,,,,3.2e-05,4.5003e-06,1.50031e-06,
1241.8,,,,,,,,,,3.2e-05,4e-06,1e-06,
1241.9,,,,,,,,,,3.2e-05,3.5e-06,5e-07,
1242.0,,,,,,,,,,3.2e-05,3e-06,,
1242.1,,,,,,,,,,3.14994e-05,3e-06,,
1242.2,,,,,,,,,,3.1e-05,3e-06,,
1242.3,,,,,,,,,,3.1e-05,2.4997e-06,,
1242.4,,,,,,,,,,3.1e-05,2e-06,,
1242.5,,,,,,,,,,3.1e-05,2e-06,,
1242.6,,,,,,,,,,3.1e-05,1.99939e-06,,
1242.7,,,,,,,,,,3.1e-05,1.50031e-06,,
1242.8,,,,,,,,,,3.1e-05,1e-06,,
1242.9,,,,,,,,,,3.1e-05,1e-06,,
1243.0,,,,,,,,,,3.1e-05,1e-06,,
1243.1,,,,,,,,,,3.20012e-05,1.50061e-06,,
1243.2,,,,,,,,,,3.3e-05,2e-06,,
1243.3,,,,,,,,,,3.35003e-05,2e-06,,
1243.4,,,,,,,,,,3.4e-05,2e-06,,
1243.5,,,,,,,,,,3.5e-05,2.5e-06,,
1243.6,,,,,,,,,,3.60006e-05,3e-06,6.10128e-10,
1243.7,,,,,,,,,,3.64997e-05,3e-06,4.99695e-07,
1243.8,,,,,,,,,,3.7e-05,3e-06,1e-06,
1243.9,,,,,,,,,,3.8e-05,3.5e-06,1e-06,
1244.0,,,,,,,,,,3.9e-05,4e-06,1e-06,
1244.1,,,,,,,,,,3.9e-05,4e-06,1e-06,
1244.2,,,,,,,,,,3.9e-05,4e-06,1e-06,
1244.3,,,,,,,,,,3.9e-05,4.5003e-06,1e-06,
1244.4,,,,,,,,,,3.9e-05,5e-06,1e-06,
1244.5,,,,,,,,,,3.95e-05,5e-06,1.5e-06,
1244.6,,,,,,,,,,4e-05,5e-06,2e-06,
1244.7,,,,,,,,,,4e-05,5e-06,2e-06,
1244.8,,,,,,,,,,4e-05,5e-06,2e-06,
1244.9,,,,,,,,,,4e-05,5e-06,2e-06,
1245.0,,,,,,,,,,4e-05,5e-06,2e-06,
1245.1,,,,,,,,,,4e-05,5.50061e-06,2.50061e-06,
1245.2,,,,,,,,,,4e-05,6e-06,3e-06,
1245.3,,,,,,,,,,4e-05,7.00061e-06,3e-06,
1245.4,,,,,,,,,,4e-05,8e-06,3e-06,
1245.5,,,,,,,,,,4e-05,8.5e-06,3.5e-06,
1245.6,,,,,,,,,,4e-05,9.00061e-06,4e-06,
1245.7,,,,,,,,,,4e-05,9.49969e-06,4e-06,
1245.8,,,,,,,,,,4e-05,1e-05,4e-06,
1245.9,,,,,,,,,,4e-05,1.05e-05,4.5e-06,
1246.0,,,,,,,,,,4e-05,1.1e-05,5e-06,
1246.1,,,,,,,,,,4.05006e-05,1.15006e-05,5e-06,
1246.2,,,,,,,,,,4.1e-05,1.2e-05,5e-06,
1246.3,,,,,,,,,,4.1e-05,1.25003e-05,5e-06,
1246.4,,,,,,,,,,4.1e-05,1.3e-05,5e-06,
1246.5,,,,,,,,,,4.15e-05,1.35e-05,5.5e-06,
1246.6,,,,,,,,,,4.2e-05,1.40006e-05,6e-06,
1246.7,,,,,,,,,,4.2e-05,1.44997e-05,6e-06,
1246.8,,,,,,,,,,4.2e-05,1.5e-05,6e-06,
1246.9,,,,,,,,,,4.25e-05,1.55e-05,6e-06,
1247.0,,,,,,,,,,4.3e-05,1.6e-05,6e-06,
1247.1,,,,,,,,,,4.14982e-05,1.6e-05,6e-06,
1247.2,,,,,,,,,,4e-05,1.6e-05,6e-06,
1247.3,,,,,,,,,,3.89994e-05,1.6e-05,6e-06,
1247.4,,,,,,,,,,3.8e-05,1.6e-05,6e-06,
1247.5,,,,,,,,,,3.65e-05,1.6e-05,6.5e-06,
1247.6,,,,,,,,,,3.49988e-05,1.6e-05,7e-06,
1247.7,,,,,,,,,,3.40006e-05,1.6e-05,7e-06,
1247.8,,,,,,,,,,3.3e-05,1.6e-05,7e-06,
1247.9,,,,,,,,,,3.15e-05,1.6e-05,7e-06,
1248.0,,,,,,,,,,3e-05,1.6e-05,7e-06,
1248.1,,,,,,,,,,2.94994e-05,1.6e-05,7e-06,
1248.2,,,,,,,,,,2.9e-05,1.6e-05,7e-06,
1248.3,,,,,,,,,,2.84997e-05,1.54997e-05,7e-06,
1248.4,,,,,,,,,,2.8e-05,1.5e-05,7e-06,
1248.5,,,,,,,,,,2.75e-05,1.5e-05,7e-06,
1248.6,,,,,,,,,,2.69994e-05,1.5e-05,6.99939e-06,
1248.7,,,,,,,,,,2.65003e-05,1.5e-05,6.50031e-06,
1248.8,,,,,,,,,,2.6e-05,1.5e-05,6e-06,
1248.9,,,,,,,,,,2.55e-05,1.45e-05,6e-06,
1249.0,,,,,,,,,,2.5e-05,1.4e-05,6e-06,
1249.1,,,,,,,,,,2.5e-05,1.45006e-05,6e-06,
1249.2,,,,,,,,,,2.5e-05,1.5e-05,6e-06,
1249.3,,,,,,,,,,2.5e-05,1.5e-05,6e-06,
1249.4,,,,,,,,,,2.5e-05,1.5e-05,6e-06,
1249.5,,,,,,,,,,2.5e-05,1.5e-05,6e-06,
1249.6,,,,,,,,,,2.5e-05,1.5e-05,6e-06,
1249.7,,,,,,,,,,2.5e-05,1.5e-05,6e-06,
1249.8,,,,,,,,,,2.5e-05,1.5e-05,6e-06,
1249.9,,,,,,,,,,2.5e-05,1.5e-05,6e-06,
1250.0,,,,,,,,,,2.5e-05,1.5e-05,6e-06,
1250.1,,,,,,,,,,2.29976e-05,1.44994e-05,4.99878e-06,
1250.2,,,,,,,,,,2.1e-05,1.4e-05,4e-06,
1250.3,,,,,,,,,,1.84985e-05,1.4e-05,3.49969e-06,
1250.4,,,,,,,,,,1.6e-05,1.4e-05,3e-06,
1250.5,,,,,,,,,,1.4e-05,1.35e-05,2.5e-06,
1250.6,,,,,,,,,,1.19969e-05,1.3e-05,1.99939e-06,
1250.7,,,,,,,,,,9.50153e-06,1.3e-05,1.50031e-06,
1250.8,,,,,,,,,,7e-06,1.3e-05,1e-06,
1250.9,,,,,,,,,,5e-06,1.25e-05,5e-07,
1251.0,,,,,,,,,,3e-06,1.2e-05,,
1251.1,,,,,,,,,,2.49939e-06,1.14994e-05,,
1251.2,,,,,,,,,,2e-06,1.1e-05,,
1251.3,,,,,,,,,,2e-06,1.04997e-05,,
1251.4,,,,,,,,,,2e-06,1e-05,,
1251.5,,,,,,,,,,1.5e-06,9e-06,,
1251.6,,,,,,,,,,1e-06,7.99939e-06,,
1251.7,,,,,,,,,,1e-06,7.5003e-06,,
1251.8,,,,,,,,,,1e-06,7e-06,,
1251.9,,,,,,,,,,5e-07,6.5e-06,,
1252.0,,,,,,,,,,,6e-06,,
1252.1,,,,,,,,,,,5.49939e-06,,
1252.2,,,,,,,,,,,5e-06,,
1252.3,,,,,,,,,,,3.99939e-06,5.00305e-07,
1252.4,,,,,,,,,,,3e-06,1e-06,
1252.5,,,,,,,,,,5e-07,2.5e-06,1e-06,
1252.6,,,,,,,,,,1e-06,1.99939e-06,1e-06,
1252.7,,,,,,,,,,1e-06,1.50031e-06,1e-06,
1252.8,,,,,,,,,,1e-06,1e-06,1e-06,
1252.9,,,,,,,,,,1e-06,5e-07,1e-06,
1253.0,,,,,,,,,,1e-06,,1e-06,
1253.1,,,,,,,,,,1.50061e-06,,1.50061e-06,
1253.2,,,,,,,,,,2e-06,,2e-06,
1253.3,,,,,,,,,,3.00061e-06,,2e-06,
1253.4,,,,,,,,,,4e-06,,2e-06,
1253.5,,,,,,,,,,4.5e-06,,2e-06,
1253.6,,,,,,,,,,5.00122e-06,,2e-06,
1253.7,,,,,,,,,,5.99939e-06,,2e-06,
1253.8,,,,,,,,,,7e-06,,2e-06,
1253.9,,,,,,,,,,7.5e-06,,2e-06,
1254.0,,,,,,,,,,8e-06,,2e-06,
1254.1,,,,,,,,,,8.50061e-06,,2e-06,
1254.2,,,,,,,,,,9e-06,,2e-06,
1254.3,,,,,,,,,,1.00006e-05,,2.50031e-06,
1254.4,,,,,,,,,,1.1e-05,,3e-06,
1254.5,,,,,,,,,,1.15e-05,,3e-06,
1254.6,,,,,,,,,,1.20012e-05,,3.00061e-06,
1254.7,,,,,,,,,,1.29994e-05,,3.49969e-06,
1254.8,,,,,,,,,,1.4e-05,,4e-06,
1254.9,,,,,,,,,,1.45e-05,,4e-06,
1255.0,,,,,,,,,,1.5e-05,,4e-06,
1255.1,,,,,,,,,,1.55006e-05,,4e-06,
1255.2,,,,,,,,,,1.6e-05,,4e-06,
1255.3,,,,,,,,,,1.65003e-05,,3.49969e-06,
1255.4,,,,,,,,,,1.7e-05,,3e-06,
1255.5,,,,,,,,,,1.75e-05,,3e-06,
1255.6,,,,,,,,,,1.80012e-05,,3e-06,
1255.7,,,,,,,,,,1.89994e-05,,3e-06,
1255.8,,,,,,,,,,2e-05,,3e-06,
1255.9,,,,,,,,,,2.05e-05,,3e-06,
1256.0,,,,,,,,,,2.1e-05,,3e-06,
1256.1,,,,,,,,,,2.15006e-05,1.00122e-06,3e-06,
1256.2,,,,,,,,,,2.2e-05,2e-06,3e-06,
1256.3,,,,,,,,,,2.30006e-05,3.00061e-06,2.4997e-06,
1256.4,,,,,,,,,,2.4e-05,4e-06,2e-06,
1256.5,,,,,,,,,,2.45e-05,4.5e-06,2e-06,
1256.6,,,,,,,,,,2.50012e-05,5.00122e-06,2e-06,
1256.7,,,,,,,,,,2.59994e-05,5.99939e-06,2e-06,
1256.8,,,,,,,,,,2.7e-05,7e-06,2e-06,
1256.9,,,,,,,,,,2.75e-05,8e-06,2e-06,
1257.0,,,,,,,,,,2.8e-05,9e-06,2e-06,
1257.1,,,,,,,,,,2.74994e-05,7.99878e-06,2e-06,
1257.2,,,,,,,,,,2.7e-05,7e-06,2e-06,
1257.3,,,,,,,,,,2.59994e-05,6.4997e-06,1.49969e-06,
1257.4,,,,,,,,,,2.5e-05,6e-06,1e-06,
1257.5,,,,,,,,,,2.45e-05,5e-06,1e-06,
1257.6,,,,,,,,,,2.39988e-05,3.99939e-06,9.9939e-07,
1257.7,,,,,,,,,,2.30006e-05,3.50031e-06,5.00305e-07,
1257.8,,,,,,,,,,2.2e-05,3e-06,,
1257.9,,,,,,,,,,2.15e-05,2e-06,,
1258.0,,,,,,,,,,2.1e-05,1e-06,,
1258.1,,,,,,,,,,2.1e-05,1e-06,,
1258.2,,,,,,,,,,2.1e-05,1e-06,,
1258.3,,,,,,,,,,2.1e-05,1e-06,,
1258.4,,,,,,,,,,2.1e-05,1e-06,,
1258.5,,,,,,,,,,2.15e-05,5e-07,,
1258.6,,,,,,,,,,2.2e-05,,,
1258.7,,,,,,,,,,2.2e-05,,,
1258.8,,,,,,,,,,2.2e-05,,,
1258.9,,,,,,,,,,2.2e-05,,,
1259.0,,,,,,,,,,2.2e-05,,,
1259.1,,,,,,,,,,2.04982e-05,,,
1259.2,,,,,,,,,,1.9e-05,,,
1259.3,,,,,,,,,,1.74991e-05,,,
1259.4,,,,,,,,,,1.6e-05,,,
1259.5,,,,,,,,,,1.5e-05,,,
1259.6,,,,,,,,,,1.39982e-05,,,
1259.7,,,,,,,,,,1.25009e-05,,,
1259.8,,,,,,,,,,1.1e-05,,,
1259.9,,,,,,,,,,9.5e-06,,,
1260.0,,,,,,,,,,8e-06,,,
1260.1,,,,,,,,,,6.99878e-06,,,
1260.2,,,,,,,,,,6e-06,,,
1260.3,,,,,,,,,,5.49969e-06,,,
1260.4,,,,,,,,,,5e-06,,,
1260.5,,,,,,,,,,4e-06,,,
1260.6,,,,,,,,,,2.99939e-06,,,
1260.7,,,,,,,,,,2.50031e-06,,,
1260.8,,,,,,,,,,2e-06,,,
1260.9,,,,,,,,,,1e-06,,,
1261.0,,,,,,,,,,,,,
1261.1,,,,,,,,,,,,,
1261.2,,,,,,,,,,,,,
1261.3,,,,,,,,,,,,,
1261.4,,,,,,,,,,,,,
1261.5,,,,,,,,,,,,,
1261.6,,,,,,,,,,,,,
1261.7,,,,,,,,,,,,,
1261.8,,,,,,,,,,,,,
1261.9,,,,,,,,,,,,,
1262.0,,,,,,,,,,,,,
1262.1,,,,,,,,,,,,,
1262.2,,,,,,,,,,,,,
1262.3,,,,,,,,,,,,,
1262.4,,,,,,,,,,,,,
1262.5,,,,,,,,,,,,,
1262.6,,,,,,,,,,,,,
1262.7,,,,,,,,,,,,,
1262.8,,,,,,,,,,,,,
1262.9,,,,,,,,,,,,,
1263.0,,,,,,,,,,,,,
1263.1,,,,,,,,,,,,,
1263.2,,,,,,,,,,,,,
1263.3,,,,,,,,,,,,,
1263.4,,,,,,,,,,,,,
1263.5,,,,,,,,,,,,,
1263.6,,,,,,,,,,,,,
1263.7,,,,,,,,,,,,,
1263.8,,,,,,,,,,,,,
1263.9,,,,,,,,,,,,,
1264.0,,,,,,,,,,,,,
1264.1,,,,,,,,,,,,,
1264.2,,,,,,,,,,,,,
1264.3,,,,,,,,,,,,,
1264.4,,,,,,,,,,,,,
1264.5,,,,,,,,,,,,,
1264.6,,,,,,,,,,,,,
1264.7,,,,,,,,,,,,,
1264.8,,,,,,,,,,,,,
1264.9,,,,,,,,,,,,,
1265.0,,,,,,,,,,,,,
1265.1,,,,,,,,,,,,,
1265.2,,,,,,,,,,,,,
1265.3,,,,,,,,,,,,,
1265.4,,,,,,,,,,,,,
1265.5,,,,,,,,,,,,,
1265.6,,,,,,,,,,,,,
1265.7,,,,,,,,,,,,,
1265.8,,,,,,,,,,,,,
1265.9,,,,,,,,,,,,,
1266.0,,,,,,,,,,,,,
1266.1,,,,,,,,,,,5.0061e-07,5.0061e-07,
1266.2,,,,,,,,,,,1e-06,1e-06,
1266.3,,,,,,,,,,,1.50031e-06,1.50031e-06,
1266.4,,,,,,,,,,,2e-06,2e-06,
1266.5,,,,,,,,,,,2.5e-06,2.5e-06,
1266.6,,,,,,,,,,,3.00061e-06,3.00061e-06,
1266.7,,,,,,,,,,,3.49969e-06,3.49969e-06,
1266.8,,,,,,,,,,,4e-06,4e-06,
1266.9,,,,,,,,,,,4.5e-06,5e-06,
1267.0,,,,,,,,,,,5e-06,6e-06,
1267.1,,,,,,,,,,5.0061e-07,6.50183e-06,6e-06,
1267.2,,,,,,,,,,1e-06,8e-06,6e-06,
1267.3,,,,,,,,,,1e-06,9.50092e-06,6.50031e-06,
1267.4,,,,,,,,,,1e-06,1.1e-05,7e-06,
1267.5,,,,,,,,,,1.5e-06,1.2e-05,7e-06,
1267.6,,,,,,,,,,2.00061e-06,1.30018e-05,7.00061e-06,
1267.7,,,,,,,,,,2.4997e-06,1.44991e-05,7.4997e-06,
1267.8,,,,,,,,,,3e-06,1.6e-05,8e-06,
1267.9,,,,,,,,,,3e-06,1.75e-05,8e-06,
1268.0,,,,,,,,,,3e-06,1.9e-05,8e-06,
1268.1,,,,,,,,,,4.50183e-06,1.79988e-05,8e-06,
1268.2,,,,,,,,,,6e-06,1.7e-05,8e-06,
1268.3,,,,,,,,,,7.00061e-06,1.59994e-05,8e-06,
1268.4,,,,,,,,,,8e-06,1.5e-05,8e-06,
1268.5,,,,,,,,,,9e-06,1.4e-05,8.5e-06,
1268.6,,,,,,,,,,1.00018e-05,1.29994e-05,9e-06,
1268.7,,,,,,,,,,1.14991e-05,1.25003e-05,9e-06,
1268.8,,,,,,,,,,1.3e-05,1.2e-05,9e-06,
1268.9,,,,,,,,,,1.4e-05,1.1e-05,9e-06,
1269.0,,,,,,,,,,1.5e-05,1e-05,9e-06,
1269.1,,,,,,,,,,1.44994e-05,8.99878e-06,9e-06,
1269.2,,,,,,,,,,1.4e-05,8e-06,9e-06,
1269.3,,,,,,,,,,1.4e-05,6.99939e-06,9e-06,
1269.4,,,,,,,,,,1.4e-05,6e-06,9e-06,
1269.5,,,,,,,,,,1.4e-05,5e-06,9e-06,
1269.6,,,,,,,,,,1.4e-05,3.99878e-06,9e-06,
1269.7,,,,,,,,,,1.4e-05,3.00061e-06,9e-06,
1269.8,,,,,,,,,,1.4e-05,2e-06,9e-06,
1269.9,,,,,,,,,,1.35e-05,1e-06,9e-06,
1270.0,,,,,,,,,,1.3e-05,,9e-06,
1270.1,,,,,,,,,,1.40012e-05,5.0061e-07,8.49939e-06,
1270.2,,,,,,,,,,1.5e-05,1e-06,8e-06,
1270.3,,,,,,,,,,1.60006e-05,1.50031e-06,7.4997e-06,
1270.4,,,,,,,,,,1.7e-05,2e-06,7e-06,
1270.5,,,,,,,,,,1.8e-05,3e-06,6.5e-06,
1270.6,,,,,,,,,,1.90012e-05,4.00061e-06,5.99939e-06,
1270.7,,,,,,,,,,1.99994e-05,4.4997e-06,5.50031e-06,
1270.8,,,,,,,,,,2.1e-05,5e-06,5e-06,
1270.9,,,,,,,,,,2.2e-05,5.5e-06,4e-06,
1271.0,,,,,,,,,,2.3e-05,6e-06,3e-06,
1271.1,,,,,,,,,,2.09976e-05,6e-06,3e-06,
1271.2,,,,,,,,,,1.9e-05,6e-06,3e-06,
1271.3,,,,,,,,,,1.74991e-05,5.49969e-06,3e-06,
1271.4,,,,,,,,,,1.6e-05,5e-06,3e-06,
1271.5,,,,,,,,,,1.4e-05,5e-06,3e-06,
1271.6,,,,,,,,,,1.19982e-05,4.99939e-06,2.99939e-06,
1271.7,,,,,,,,,,1.05009e-05,4.5003e-06,2.50031e-06,
1271.8,,,,,,,,,,9e-06,4e-06,2e-06,
1271.9,,,,,,,,,,7e-06,4e-06,2e-06,
1272.0,,,,,,,,,,5e-06,4e-06,2e-06,
1272.1,,,,,,,,,,4.49939e-06,4.50061e-06,2e-06,
1272.2,,,,,,,,,,4e-06,5e-06,2e-06,
1272.3,,,,,,,,,,3.49969e-06,6.00061e-06,2e-06,
1272.4,,,,,,,,,,3e-06,7e-06,2e-06,
1272.5,,,,,,,,,,2.5e-06,7.5e-06,2.5e-06,
1272.6,,,,,,,,,,1.99939e-06,8.00122e-06,3e-06,
1272.7,,,,,,,,,,1.50031e-06,8.99939e-06,3e-06,
1272.8,,,,,,,,,,1e-06,1e-05,3e-06,
1272.9,,,,,,,,,,5e-07,1.05e-05,3e-06,
1273.0,,,,,,,,,,,1.1e-05,3e-06,
1273.1,,,,,,,,,,,1.1e-05,2.49939e-06,
1273.2,,,,,,,,,,,1.1e-05,2e-06,
1273.3,,,,,,,,,,,1.1e-05,2e-06,
1273.4,,,,,,,,,,,1.1e-05,2e-06,
1273.5,,,,,,,,,,,1.1e-05,1.5e-06,
1273.6,,,,,,,,,,,1.1e-05,1e-06,
1273.7,,,,,,,,,,,1.1e-05,1e-06,
1273.8,,,,,,,,,,,1.1e-05,1e-06,
1273.9,,,,,,,,,,,1.1e-05,5e-07,
1274.0,,,,,,,,,,,1.1e-05,,
1274.1,,,,,,,,,,,1.04994e-05,,
1274.2,,,,,,,,,,,1e-05,,
1274.3,,,,,,,,,,,9.49969e-06,,
1274.4,,,,,,,,,,,9e-06,,
1274.5,,,,,,,,,,,8e-06,,
1274.6,,,,,,,,,,,6.99939e-06,,
1274.7,,,,,,,,,,,6.50031e-06,,
1274.8,,,,,,,,,,,6e-06,,
1274.9,,,,,,,,,,,5.5e-06,,
1275.0,,,,,,,,,,,5e-06,,
1275.1,,,,,,,,,,1.00122e-06,4.49939e-06,,
1275.2,,,,,,,,,,2e-06,4e-06,,
1275.3,,,,,,,,,,3.00061e-06,3.49969e-06,,
1275.4,,,,,,,,,,4e-06,3e-06,,
1275.5,,,,,,,,,,5e-06,3e-06,,
1275.6,,,,,,,,,,6.00061e-06,2.99939e-06,,
1275.7,,,,,,,,,,6.4997e-06,2.50031e-06,,
1275.8,,,,,,,,,,7e-06,2e-06,,
1275.9,,,,,,,,,,8e-06,1.5e-06,,
1276.0,,,,,,,,,,9e-06,1e-06,,
1276.1,,,,,,,,,,1.10024e-05,1e-06,,
1276.2,,,,,,,,,,1.3e-05,1e-06,,
1276.3,,,,,,,,,,1.50012e-05,1e-06,,
1276.4,,,,,,,,,,1.7e-05,1e-06,,
1276.5,,,,,,,,,,1.9e-05,1e-06,,
1276.6,,,,,,,,,,2.10024e-05,1e-06,,
1276.7,,,,,,,,,,2.29988e-05,1e-06,,
1276.8,,,,,,,,,,2.5e-05,1e-06,,
1276.9,,,,,,,,,,2.7e-05,1e-06,,
1277.0,,,,,,,,,,2.9e-05,1e-06,,
1277.1,,,,,,,,,,3.00012e-05,1e-06,,
1277.2,,,,,,,,,,3.1e-05,1e-06,,
1277.3,,,,,,,,,,3.15003e-05,4.99695e-07,,
1277.4,,,,,,,,,,3.2e-05,,,
1277.5,,,,,,,,,,3.3e-05,,,
1277.6,,,,,,,,,,3.40012e-05,,,
1277.7,,,,,,,,,,3.49994e-05,,,
1277.8,,,,,,,,,,3.6e-05,,,
1277.9,,,,,,,,,,3.7e-05,,,
1278.0,,,,,,,,,,3.8e-05,,,
1278.1,,,,,,,,,,3.69988e-05,,,
1278.2,,,,,,,,,,3.6e-05,,,
1278.3,,,,,,,,,,3.54997e-05,,,
1278.4,,,,,,,,,,3.5e-05,,,
1278.5,,,,,,,,,,3.4e-05,,,
1278.6,,,,,,,,,,3.29994e-05,,,
1278.7,,,,,,,,,,3.25003e-05,,,
1278.8,,,,,,,,,,3.2e-05,,,
1278.9,,,,,,,,,,3.1e-05,,,
1279.0,,,,,,,,,,3e-05,,,
1279.1,,,,,,,,,,2.89988e-05,,,
1279.2,,,,,,,,,,2.8e-05,,,
1279.3,,,,,,,,,,2.69994e-05,,,
1279.4,,,,,,,,,,2.6e-05,,,
1279.5,,,,,,,,,,2.5e-05,,,
1279.6,,,,,,,,,,2.39988e-05,,,
1279.7,,,,,,,,,,2.30006e-05,,,
1279.8,,,,,,,,,,2.2e-05,,,
1279.9,,,,,,,,,,2.1e-05,,,
1280.0,,,,,,,,,,2e-05,,,
1280.1,,,,,,,,,,2.05006e-05,5.0061e-07,,
1280.2,,,,,,,,,,2.1e-05,1e-06,,
1280.3,,,,,,,,,,2.15003e-05,2.00061e-06,5.00305e-07,
1280.4,,,,,,,,,,2.2e-05,3e-06,1e-06,
1280.5,,,,,,,,,,2.25e-05,3.5e-06,1e-06,
1280.6,,,,,,,,,,2.30006e-05,4.00061e-06,1.00061e-06,
1280.7,,,,,,,,,,2.34997e-05,4.4997e-06,1.49969e-06,
1280.8,,,,,,,,,,2.4e-05,5e-06,2e-06,
1280.9,,,,,,,,,,2.5e-05,5.5e-06,2e-06,
1281.0,,,,,,,,,,2.6e-05,6e-06,2e-06,
1281.1,,,,,,,,,,2.65006e-05,7.50183e-06,2.50061e-06,
1281.2,,,,,,,,,,2.7e-05,9e-06,3e-06,
1281.3,,,,,,,,,,2.80006e-05,1.00006e-05,3.50031e-06,
1281.4,,,,,,,,,,2.9e-05,1.1e-05,4e-06,
1281.5,,,,,,,,,,3e-05,1.25e-05,4.5e-06,
1281.6,,,,,,,,,,3.10012e-05,1.40012e-05,5.00122e-06,
1281.7,,,,,,,,,,3.19994e-05,1.49994e-05,5.99939e-06,
1281.8,,,,,,,,,,3.3e-05,1.6e-05,7e-06,
1281.9,,,,,,,,,,3.4e-05,1.75e-05,7.5e-06,
1282.0,,,,,,,,,,3.5e-05,1.9e-05,8e-06,
1282.1,,,,,,,,,,3.5e-05,2.00012e-05,8.50061e-06,
1282.2,,,,,,,,,,3.5e-05,2.1e-05,9e-06,
1282.3,,,,,,,,,,3.55003e-05,2.20006e-05,9.50031e-06,
1282.4,,,,,,,,,,3.6e-05,2.3e-05,1e-05,
1282.5,,,,,,,,,,3.65e-05,2.35e-05,1.05e-05,
1282.6,,,,,,,,,,3.70006e-05,2.40012e-05,1.10006e-05,
1282.7,,,,,,,,,,3.74997e-05,2.49994e-05,1.14997e-05,
1282.8,,,,,,,,,,3.8e-05,2.6e-05,1.2e-05,
1282.9,,,,,,,,,,3.85e-05,2.7e-05,1.25e-05,
1283.0,,,,,,,,,,3.9e-05,2.8e-05,1.3e-05,
1283.1,,,,,,,,,,3.84994e-05,2.74994e-05,1.3e-05,
1283.2,,,,,,,,,,3.8e-05,2.7e-05,1.3e-05,
1283.3,,,,,,,,,,3.8e-05,2.64997e-05,1.3e-05,
1283.4,,,,,,,,,,3.8e-05,2.6e-05,1.3e-05,
1283.5,,,,,,,,,,3.8e-05,2.6e-05,1.3e-05,
1283.6,,,,,,,,,,3.79994e-05,2.59994e-05,1.3e-05,
1283.7,,,,,,,,,,3.75003e-05,2.55003e-05,1.3e-05,
1283.8,,,,,,,,,,3.7e-05,2.5e-05,1.3e-05,
1283.9,,,,,,,,,,3.7e-05,2.45e-05,1.3e-05,
1284.0,,,,,,,,,,3.7e-05,2.4e-05,1.3e-05,
1284.1,,,,,,,,,,3.64994e-05,2.4e-05,1.3e-05,
1284.2,,,,,,,,,,3.6e-05,2.4e-05,1.3e-05,
1284.3,,,,,,,,,,3.6e-05,2.4e-05,1.24997e-05,
1284.4,,,,,,,,,,3.6e-05,2.4e-05,1.2e-05,
1284.5,,,,,,,,,,3.55e-05,2.4e-05,1.2e-05,
1284.6,,,,,,,,,,3.5e-05,2.39994e-05,1.2e-05,
1284.7,,,,,,,,,,3.5e-05,2.35003e-05,1.2e-05,
1284.8,,,,,,,,,,3.5e-05,2.3e-05,1.2e-05,
1284.9,,,,,,,,,,3.45e-05,2.3e-05,1.15e-05,
1285.0,,,,,,,,,,3.4e-05,2.3e-05,1.1e-05,
1285.1,,,,,,,,,,3.60024e-05,2.3e-05,1.15006e-05,
1285.2,,,,,,,,,,3.8e-05,2.3e-05,1.2e-05,
1285.3,,,,,,,,,,4.00012e-05,2.3e-05,1.25003e-05,
1285.4,,,,,,,,,,4.2e-05,2.3e-05,1.3e-05,
1285.5,,,,,,,,,,4.4e-05,2.3e-05,1.35e-05,
1285.6,,,,,,,,,,4.60024e-05,2.3e-05,1.4e-05,
1285.7,,,,,,,,,,4.79988e-05,2.3e-05,1.4e-05,
1285.8,,,,,,,,,,5e-05,2.3e-05,1.4e-05,
1285.9,,,,,,,,,,5.2e-05,2.3e-05,1.45e-05,
1286.0,,,,,,,,,,5.4e-05,2.3e-05,1.5e-05,
1286.1,,,,,,,,,,5.19976e-05,2.40012e-05,1.44994e-05,
1286.2,,,,,,,,,,5e-05,2.5e-05,1.4e-05,
1286.3,,,,,,,,,,4.79988e-05,2.60006e-05,1.4e-05,
1286.4,,,,,,,,,,4.6e-05,2.7e-05,1.4e-05,
1286.5,,,,,,,,,,4.4e-05,2.75e-05,1.35e-05,
1286.6,,,,,,,,,,4.19982e-05,2.80012e-05,1.3e-05,
1286.7,,,,,,,,,,4.05009e-05,2.89994e-05,1.3e-05,
1286.8,,,,,,,,,,3.9e-05,3e-05,1.3e-05,
1286.9,,,,,,,,,,3.7e-05,3.1e-05,1.25e-05,
1287.0,,,,,,,,,,3.5e-05,3.2e-05,1.2e-05,
1287.1,,,,,,,,,,3.24969e-05,3.25006e-05,1.14994e-05,
1287.2,,,,,,,,,,3e-05,3.3e-05,1.1e-05,
1287.3,,,,,,,,,,2.74985e-05,3.3e-05,9.99939e-06,
1287.4,,,,,,,,,,2.5e-05,3.3e-05,9e-06,
1287.5,,,,,,,,,,2.25e-05,3.35e-05,8.5e-06,
1287.6,,,,,,,,,,1.99969e-05,3.40006e-05,7.99939e-06,
1287.7,,,,,,,,,,1.75015e-05,3.44997e-05,7.5003e-06,
1287.8,,,,,,,,,,1.5e-05,3.5e-05,7e-06,
1287.9,,,,,,,,,,1.25e-05,3.5e-05,6.5e-06,
1288.0,,,,,,,,,,1e-05,3.5e-05,6e-06,
1288.1,,,,,,,,,,1e-05,3.55006e-05,6e-06,
1288.2,,,,,,,,,,1e-05,3.6e-05,6e-06,
1288.3,,,,,,,,,,1e-05,3.6e-05,6e-06,
1288.4,,,,,,,,,,1e-05,3.6e-05,6e-06,
1288.5,,,,,,,,,,1e-05,3.65e-05,6e-06,
1288.6,,,,,,,,,,1e-05,3.7e-05,6.00061e-06,
1288.7,,,,,,,,,,1e-05,3.7e-05,6.4997e-06,
1288.8,,,,,,,,,,1e-05,3.7e-05,7e-06,
1288.9,,,,,,,,,,9.5e-06,3.75e-05,7e-06,
1289.0,,,,,,,,,,9e-06,3.8e-05,7e-06,
1289.1,,,,,,,,,,1.00012e-05,3.8e-05,8.00122e-06,
1289.2,,,,,,,,,,1.1e-05,3.8e-05,9e-06,
1289.3,,,,,,,,,,1.15003e-05,3.85003e-05,1.00006e-05,
1289.4,,,,,,,,,,1.2e-05,3.9e-05,1.1e-05,
1289.5,,,,,,,,,,1.3e-05,3.95e-05,1.25e-05,
1289.6,,,,,,,,,,1.40006e-05,4e-05,1.40012e-05,
1289.7,,,,,,,,,,1.44997e-05,4e-05,1.49994e-05,
1289.8,,,,,,,,,,1.5e-05,4e-05,1.6e-05,
1289.9,,,,,,,,,,1.6e-05,4.05e-05,1.7e-05,
1290.0,,,,,,,,,,1.7e-05,4.1e-05,1.8e-05,
1290.1,,,,,,,,,,1.75006e-05,4.20012e-05,1.90012e-05,
1290.2,,,,,,,,,,1.8e-05,4.3e-05,2e-05,
1290.3,,,,,,,,,,1.85003e-05,4.35003e-05,2.10006e-05,
1290.4,,,,,,,,,,1.9e-05,4.4e-05,2.2e-05,
1290.5,,,,,,,,,,1.9e-05,4.5e-05,2.3e-05,
1290.6,,,,,,,,,,1.90006e-05,4.60006e-05,2.40012e-05,
1290.7,,,,,,,,,,1.94997e-05,4.64997e-05,2.49994e-05,
1290.8,,,,,,,,,,2e-05,4.7e-05,2.6e-05,
1290.9,,,,,,,,,,2.05e-05,4.8e-05,2.7e-05,
1291.0,,,,,,,,,,2.1e-05,4.9e-05,2.8e-05,
1291.1,,,,,,,,,,2.20012e-05,4.84994e-05,2.85006e-05,
1291.2,,,,,,,,,,2.3e-05,4.8e-05,2.9e-05,
1291.3,,,,,,,,,,2.40006e-05,4.69994e-05,2.9e-05,
1291.4,,,,,,,,,,2.5e-05,4.6e-05,2.9e-05,
1291.5,,,,,,,,,,2.6e-05,4.55e-05,2.9e-05,
1291.6,,,,,,,,,,2.70012e-05,4.49994e-05,2.90006e-05,
1291.7,,,,,,,,,,2.79994e-05,4.45003e-05,2.94997e-05,
1291.8,,,,,,,,,,2.9e-05,4.4e-05,3e-05,
1291.9,,,,,,,,,,2.95e-05,4.35e-05,3e-05,
1292.0,,,,,,,,,,3e-05,4.3e-05,3e-05,
1292.1,,,,,,,,,,3.30037e-05,4.24994e-05,3.05006e-05,
1292.2,,,,,,,,,,3.6e-05,4.2e-05,3.1e-05,
1292.3,,,,,,,,,,3.85015e-05,4.14997e-05,3.20006e-05,
1292.4,,,,,,,,,,4.1e-05,4.1e-05,3.3e-05,
1292.5,,,,,,,,,,4.35e-05,4e-05,3.35e-05,
1292.6,,,,,,,,,,4.60031e-05,3.89994e-05,3.40012e-05,
1292.7,,,,,,,,,,4.84985e-05,3.85003e-05,3.49994e-05,
1292.8,,,,,,,,,,5.1e-05,3.8e-05,3.6e-05,
1292.9,,,,,,,,,,5.4e-05,3.75e-05,3.65e-05,
1293.0,,,,,,,,,,5.7e-05,3.7e-05,3.7e-05,
1293.1,,,,,,,,,,5.64994e-05,3.7e-05,3.7e-05,
1293.2,,,,,,,,,,5.6e-05,3.7e-05,3.7e-05,
1293.3,,,,,,,,,,5.54997e-05,3.75003e-05,3.75003e-05,
1293.4,,,,,,,,,,5.5e-05,3.8e-05,3.8e-05,
1293.5,,,,,,,,,,5.45e-05,3.8e-05,3.8e-05,
1293.6,,,,,,,,,,5.39994e-05,3.8e-05,3.8e-05,
1293.7,,,,,,,,,,5.35003e-05,3.8e-05,3.8e-05,
1293.8,,,,,,,,,,5.3e-05,3.8e-05,3.8e-05,
1293.9,,,,,,,,,,5.25e-05,3.85e-05,3.85e-05,
1294.0,,,,,,,,,,5.2e-05,3.9e-05,3.9e-05,
1294.1,,,,,,,,,,5.2e-05,3.84994e-05,3.84994e-05,
1294.2,,,,,,,,,,5.2e-05,3.8e-05,3.8e-05,
1294.3,,,,,,,,,,5.2e-05,3.74997e-05,3.8e-05,
1294.4,,,,,,,,,,5.2e-05,3.7e-05,3.8e-05,
1294.5,,,,,,,,,,5.2e-05,3.65e-05,3.75e-05,
1294.6,,,,,,,,,,5.2e-05,3.59988e-05,3.7e-05,
1294.7,,,,,,,,,,5.2e-05,3.50006e-05,3.7e-05,
1294.8,,,,,,,,,,5.2e-05,3.4e-05,3.7e-05,
1294.9,,,,,,,,,,5.2e-05,3.35e-05,3.65e-05,
1295.0,,,,,,,,,,5.2e-05,3.3e-05,3.6e-05,
1295.1,,,,,,,,,,5.35018e-05,3.40012e-05,3.6e-05,
1295.2,,,,,,,,,,5.5e-05,3.5e-05,3.6e-05,
1295.3,,,,,,,,,,5.65009e-05,3.55003e-05,3.6e-05,
1295.4,,,,,,,,,,5.8e-05,3.6e-05,3.6e-05,
1295.5,,,,,,,,,,6e-05,3.65e-05,3.65e-05,
1295.6,,,,,,,,,,6.20018e-05,3.70012e-05,3.7e-05,
1295.7,,,,,,,,,,6.34991e-05,3.79994e-05,3.7e-05,
1295.8,,,,,,,,,,6.5e-05,3.9e-05,3.7e-05,
1295.9,,,,,,,,,,6.65e-05,3.95e-05,3.7e-05,
1296.0,,,,,,,,,,6.8e-05,4e-05,3.7e-05,
1296.1,,,,,,,,,,6.69988e-05,4e-05,3.59988e-05,
1296.2,,,,,,,,,,6.6e-05,4e-05,3.5e-05,
1296.3,,,,,,,,,,6.49994e-05,3.94997e-05,3.39994e-05,
1296.4,,,,,,,,,,6.4e-05,3.9e-05,3.3e-05,
1296.5,,,,,,,,,,6.3e-05,3.9e-05,3.25e-05,
1296.6,,,,,,,,,,6.19982e-05,3.9e-05,3.19988e-05,
1296.7,,,,,,,,,,6.05009e-05,3.9e-05,3.10006e-05,
1296.8,,,,,,,,,,5.9e-05,3.9e-05,3e-05,
1296.9,,,,,,,,,,5.8e-05,3.85e-05,2.9e-05,
1297.0,,,,,,,,,,5.7e-05,3.8e-05,2.8e-05,
1297.1,,,,,,,,,,5.64994e-05,3.90012e-05,2.69988e-05,
1297.2,,,,,,,,,,5.6e-05,4e-05,2.6e-05,
1297.3,,,,,,,,,,5.54997e-05,4.10006e-05,2.44991e-05,
1297.4,,,,,,,,,,5.5e-05,4.2e-05,2.3e-05,
1297.5,,,,,,,,,,5.45e-05,4.25e-05,2.2e-05,
1297.6,,,,,,,,,,5.39988e-05,4.30012e-05,2.09988e-05,
1297.7,,,,,,,,,,5.30006e-05,4.39994e-05,2.00006e-05,
1297.8,,,,,,,,,,5.2e-05,4.5e-05,1.9e-05,
1297.9,,,,,,,,,,5.15e-05,4.6e-05,1.75e-05,
1298.0,,,,,,,,,,5.1e-05,4.7e-05,1.6e-05,
1298.1,,,,,,,,,,4.74957e-05,4.64994e-05,1.49988e-05,
1298.2,,,,,,,,,,4.4e-05,4.6e-05,1.4e-05,
1298.3,,,,,,,,,,3.99976e-05,4.54997e-05,1.29994e-05,
1298.4,,,,,,,,,,3.6e-05,4.5e-05,1.2e-05,
1298.5,,,,,,,,,,3.25e-05,4.45e-05,1.1e-05,
1298.6,,,,,,,,,,2.89957e-05,4.39994e-05,9.99817e-06,
1298.7,,,,,,,,,,2.55021e-05,4.35003e-05,8.50092e-06,
1298.8,,,,,,,,,,2.2e-05,4.3e-05,7e-06,
1298.9,,,,,,,,,,1.85e-05,4.25e-05,6e-06,
1299.0,,,,,,,,,,1.5e-05,4.2e-05,5e-06,
1299.1,,,,,,,,,,1.5e-05,4.04982e-05,5e-06,
1299.2,,,,,,,,,,1.5e-05,3.9e-05,5e-06,
1299.3,,,,,,,,,,1.55003e-05,3.74991e-05,5e-06,
1299.4,,,,,,,,,,1.6e-05,3.6e-05,5e-06,
1299.5,,,,,,,,,,1.65e-05,3.45e-05,5e-06,
1299.6,,,,,,,,,,1.7e-05,3.29982e-05,5e-06,
1299.7,,,,,,,,,,1.7e-05,3.15009e-05,5e-06,
1299.8,,,,,,,,,,1.7e-05,3e-05,5e-06,
1299.9,,,,,,,,,,1.75e-05,2.85e-05,4.5e-06,
1300.0,,,,,,,,,,1.8e-05,2.7e-05,4e-06,
1300.1,,,,,,,,,,1.59976e-05,2.75006e-05,4e-06,
1300.2,,,,,,,,,,1.4e-05,2.8e-05,4e-06,
1300.3,,,,,,,,,,1.24991e-05,2.85003e-05,4e-06,
1300.4,,,,,,,,,,1.1e-05,2.9e-05,4e-06,
1300.5,,,,,,,,,,9e-06,2.95e-05,4e-06,
1300.6,,,,,,,,,,6.99817e-06,3.00006e-05,3.99939e-06,
1300.7,,,,,,,,,,5.50091e-06,3.04997e-05,3.50031e-06,
1300.8,,,,,,,,,,4e-06,3.1e-05,3e-06,
1300.9,,,,,,,,,,2e-06,3.15e-05,3e-06,
1301.0,,,,,,,,,,,3.2e-05,3e-06,
1301.1,,,,,,,,,,,3.04982e-05,3e-06,
1301.2,,,,,,,,,,,2.9e-05,3e-06,
1301.3,,,,,,,,,,,2.79994e-05,3.50031e-06,
1301.4,,,,,,,,,,,2.7e-05,4e-06,
1301.5,,,,,,,,,,,2.55e-05,4e-06,
1301.6,,,,,,,,,,,2.39988e-05,4e-06,
1301.7,,,,,,,,,,,2.30006e-05,4e-06,
1301.8,,,,,,,,,,,2.2e-05,4e-06,
1301.9,,,,,,,,,,,2.05e-05,4e-06,
1302.0,,,,,,,,,,,1.9e-05,4e-06,
1302.1,,,,,,,,,,2.50305e-06,1.9e-05,5.50183e-06,
1302.2,,,,,,,,,,5e-06,1.9e-05,7e-06,
1302.3,,,,,,,,,,7.50153e-06,1.95003e-05,8.00061e-06,
1302.4,,,,,,,,,,1e-05,2e-05,9e-06,
1302.5,,,,,,,,,,1.25e-05,2e-05,1.05e-05,
1302.6,,,,,,,,,,1.50031e-05,2e-05,1.20012e-05,
1302.7,,,,,,,,,,1.74985e-05,2e-05,1.29994e-05,
1302.8,,,,,,,,,,2e-05,2e-05,1.4e-05,
1302.9,,,,,,,,,,2.2e-05,2e-05,1.5e-05,
1303.0,,,,,,,,,,2.4e-05,2e-05,1.6e-05,
1303.1,,,,,,,,,,2.34994e-05,1.94994e-05,1.6e-05,
1303.2,,,,,,,,,,2.3e-05,1.9e-05,1.6e-05,
1303.3,,,,,,,,,,2.24997e-05,1.84997e-05,1.6e-05,
1303.4,,,,,,,,,,2.2e-05,1.8e-05,1.6e-05,
1303.5,,,,,,,,,,2.15e-05,1.75e-05,1.6e-05,
1303.6,,,,,,,,,,2.09994e-05,1.69994e-05,1.6e-05,
1303.7,,,,,,,,,,2.05003e-05,1.65003e-05,1.6e-05,
1303.8,,,,,,,,,,2e-05,1.6e-05,1.6e-05,
1303.9,,,,,,,,,,1.95e-05,1.5e-05,1.6e-05,
1304.0,,,,,,,,,,1.9e-05,1.4e-05,1.6e-05,
1304.1,,,,,,,,,,1.95006e-05,1.50012e-05,1.70012e-05,
1304.2,,,,,,,,,,2e-05,1.6e-05,1.8e-05,
1304.3,,,,,,,,,,2.05003e-05,1.65003e-05,1.85003e-05,
1304.4,,,,,,,,,,2.1e-05,1.7e-05,1.9e-05,
1304.5,,,,,,,,,,2.1e-05,1.75e-05,2e-05,
1304.6,,,,,,,,,,2.10006e-05,1.80006e-05,2.10006e-05,
1304.7,,,,,,,,,,2.14997e-05,1.84997e-05,2.14997e-05,
1304.8,,,,,,,,,,2.2e-05,1.9e-05,2.2e-05,
1304.9,,,,,,,,,,2.25e-05,1.95e-05,2.25e-05,
1305.0,,,,,,,,,,2.3e-05,2e-05,2.3e-05,
1305.1,,,,,,,,,,2.04969e-05,2.05006e-05,2.19988e-05,
1305.2,,,,,,,,,,1.8e-05,2.1e-05,2.1e-05,
1305.3,,,,,,,,,,1.59988e-05,2.15003e-05,1.99994e-05,
1305.4,,,,,,,,,,1.4e-05,2.2e-05,1.9e-05,
1305.5,,,,,,,,,,1.15e-05,2.25e-05,1.8e-05,
1305.6,,,,,,,,,,8.99756e-06,2.30012e-05,1.69988e-05,
1305.7,,,,,,,,,,7.00122e-06,2.39994e-05,1.60006e-05,
1305.8,,,,,,,,,,5e-06,2.5e-05,1.5e-05,
1305.9,,,,,,,,,,2.5e-06,2.55e-05,1.4e-05,
1306.0,,,,,,,,,,,2.6e-05,1.3e-05,
1306.1,,,,,,,,,,,2.6e-05,1.3e-05,
1306.2,,,,,,,,,,,2.6e-05,1.3e-05,
1306.3,,,,,,,,,,,2.54997e-05,1.24997e-05,
1306.4,,,,,,,,,,,2.5e-05,1.2e-05,
1306.5,,,,,,,,,,,2.5e-05,1.15e-05,
1306.6,,,,,,,,,,,2.5e-05,1.09994e-05,
1306.7,,,,,,,,,,,2.5e-05,1.05003e-05,
1306.8,,,,,,,,,,,2.5e-05,1e-05,
1306.9,,,,,,,,,,,2.5e-05,9.5e-06,
1307.0,,,,,,,,,,,2.5e-05,9e-06,
1307.1,,,,,,,,,,,2.5e-05,8.49939e-06,
1307.2,,,,,,,,,,,2.5e-05,8e-06,
1307.3,,,,,,,,,,,2.44997e-05,6.99939e-06,
1307.4,,,,,,,,,,,2.4e-05,6e-06,
1307.5,,,,,,,,,,,2.4e-05,5e-06,
1307.6,,,,,,,,,,,2.4e-05,3.99878e-06,
1307.7,,,,,,,,,,,2.4e-05,3.00061e-06,
1307.8,,,,,,,,,,,2.4e-05,2e-06,
1307.9,,,,,,,,,,,2.35e-05,1e-06,
1308.0,,,,,,,,,,,2.3e-05,,
1308.1,,,,,,,,,,,2.35006e-05,,
1308.2,,,,,,,,,,,2.4e-05,,
1308.3,,,,,,,,,,,2.4e-05,,
1308.4,,,,,,,,,,,2.4e-05,,
1308.5,,,,,,,,,,,2.4e-05,,
1308.6,,,,,,,,,,,2.40006e-05,,
1308.7,,,,,,,,,,,2.44997e-05,,
1308.8,,,,,,,,,,,2.5e-05,,
1308.9,,,,,,,,,,,2.5e-05,,
1309.0,,,,,,,,,,,2.5e-05,,
1309.1,,,,,,,,,,,2.75031e-05,,
1309.2,,,,,,,,,,,3e-05,,
1309.3,,,,,,,,,,,3.20012e-05,,
1309.4,,,,,,,,,,,3.4e-05,,
1309.5,,,,,,,,,,,3.65e-05,,
1309.6,,,,,,,,,,,3.90031e-05,,
1309.7,,,,,,,,,,,4.14985e-05,,
1309.8,,,,,,,,,,,4.4e-05,,
1309.9,,,,,,,,,,,4.6e-05,,
1310.0,,,,,,,,,,,4.8e-05,,
1310.1,,,,,,,,,,,5.10037e-05,,
1310.2,,,,,,,,,,,5.4e-05,,
1310.3,,,,,,,,,,,5.65015e-05,,
1310.4,,,,,,,,,,,5.9e-05,,
1310.5,,,,,,,,,,,6.2e-05,,
1310.6,,,,,,,,,,,6.5003e-05,,
1310.7,,,,,,,,,,,6.74985e-05,,
1310.8,,,,,,,,,,,7e-05,,
1310.9,,,,,,,,,,,7.25e-05,,
1311.0,,,,,,,,,,,7.5e-05,,
1311.1,,,,,,,,,,,8.05067e-05,1.00122e-06,
1311.2,,,,,,,,,,,8.6e-05,2e-06,
1311.3,,,,,,,,,,5.00305e-07,9.15034e-05,2.50031e-06,
1311.4,,,,,,,,,,1e-06,9.7e-05,3e-06,
1311.5,,,,,,,,,,1e-06,0.0001025,4e-06,
1311.6,,,,,,,,,,1e-06,0.000108007,5.00061e-06,
1311.7,,,,,,,,,,1e-06,0.000113497,5.49969e-06,
1311.8,,,,,,,,,,1e-06,0.000119,6e-06,
1311.9,,,,,,,,,,1.5e-06,0.000124,7e-06,
1312.0,,,,,,,,,,2e-06,0.000129,8e-06,
1312.1,,,,,,,,,,4.50305e-06,0.000126998,1.00024e-05,
1312.2,,,,,,,,,,7e-06,0.000125,1.2e-05,
1312.3,,,,,,,,,,1.00018e-05,0.000122999,1.45015e-05,
1312.4,,,,,,,,,,1.3e-05,0.000121,1.7e-05,
1312.5,,,,,,,,,,1.55e-05,0.000119,1.95e-05,
1312.6,,,,,,,,,,1.80037e-05,0.000116998,2.20024e-05,
1312.7,,,,,,,,,,2.09982e-05,0.000115001,2.39988e-05,
1312.8,,,,,,,,,,2.4e-05,0.000113,2.6e-05,
1312.9,,,,,,,,,,2.65e-05,0.000111,2.85e-05,
1313.0,,,,,,,,,,2.9e-05,0.000109,3.1e-05,
1313.1,,,,,,,,,,3.15031e-05,0.000103994,3.30024e-05,5.0061e-07
1313.2,,,,,,,,,,3.4e-05,9.9e-05,3.5e-05,1e-06
1313.3,,,,,,,,,,3.60012e-05,9.44973e-05,3.75015e-05,1e-06
1313.4,,,,,,,,,,3.8e-05,9e-05,4e-05,1e-06
1313.5,,,,,,,,,,4.05e-05,8.5e-05,4.2e-05,1.5e-06
1313.6,,,,,,,,,,4.30031e-05,7.99939e-05,4.40031e-05,2e-06
1313.7,,,,,,,,,,4.54985e-05,7.50031e-05,4.64985e-05,2e-06
1313.8,,,,,,,,,,4.8e-05,7e-05,4.9e-05,2e-06
1313.9,,,,,,,,,,5e-05,6.5e-05,5.1e-05,2.5e-06
1314.0,,,,,,,,,,5.2e-05,6e-05,5.3e-05,3e-06
1314.1,,,,,,,,,,4.99976e-05,5.89988e-05,5.3e-05,3e-06
1314.2,,,,,,,,,,4.8e-05,5.8e-05,5.3e-05,3e-06
1314.3,,,,,,,,,,4.54985e-05,5.64991e-05,5.35003e-05,3e-06
1314.4,,,,,,,,,,4.3e-05,5.5e-05,5.4e-05,3e-06
1314.5,,,,,,,,,,4.1e-05,5.4e-05,5.4e-05,3e-06
1314.6,,,,,,,,,,3.89969e-05,5.29982e-05,5.4e-05,2.99939e-06
1314.7,,,,,,,,,,3.65015e-05,5.15009e-05,5.4e-05,2.50031e-06
1314.8,,,,,,,,,,3.4e-05,5e-05,5.4e-05,2e-06
1314.9,,,,,,,,,,3.2e-05,4.85e-05,5.45e-05,2e-06
1315.0,,,,,,,,,,3e-05,4.7e-05,5.5e-05,2e-06
1315.1,,,,,,,,,,3e-05,4.39963e-05,5.55006e-05,3.00122e-06
1315.2,,,,,,,,,,3e-05,4.1e-05,5.6e-05,4e-06
1315.3,,,,,,,,,,3e-05,3.79982e-05,5.65003e-05,4.5003e-06
1315.4,,,,,,,,,,3e-05,3.5e-05,5.7e-05,5e-06
1315.5,,,,,,,,,,3e-05,3.2e-05,5.75e-05,5.5e-06
1315.6,,,,,,,,,,3e-05,2.89957e-05,5.80006e-05,6.00122e-06
1315.7,,,,,,,,,,3e-05,2.55021e-05,5.84997e-05,6.99939e-06
1315.8,,,,,,,,,,3e-05,2.2e-05,5.9e-05,8e-06
1315.9,,,,,,,,,,3e-05,1.9e-05,5.95e-05,8.5e-06
1316.0,,,,,,,,,,3e-05,1.6e-05,6e-05,9e-06
1316.1,,,,,,,,,,3.25031e-05,1.44982e-05,6.05006e-05,9.50061e-06
1316.2,,,,,,,,,,3.5e-05,1.3e-05,6.1e-05,1e-05
1316.3,,,,,,,,,,3.75015e-05,1.14991e-05,6.1e-05,1.05003e-05
1316.4,,,,,,,,,,4e-05,1e-05,6.1e-05,1.1e-05
1316.5,,,,,,,,,,4.25e-05,8e-06,6.1e-05,1.15e-05
1316.6,,,,,,,,,,4.50031e-05,5.99817e-06,6.10006e-05,1.20006e-05
1316.7,,,,,,,,,,4.74985e-05,4.50092e-06,6.14997e-05,1.24997e-05
1316.8,,,,,,,,,,5e-05,3e-06,6.2e-05,1.3e-05
1316.9,,,,,,,,,,5.2e-05,1.5e-06,6.2e-05,1.35e-05
1317.0,,,,,,,,,,5.4e-05,,6.2e-05,1.4e-05
1317.1,,,,,,,,,,5.50012e-05,2.00244e-06,6.04982e-05,1.4e-05
1317.2,,,,,,,,,,5.6e-05,4e-06,5.9e-05,1.4e-05
1317.3,,,,,,,,,,5.70006e-05,6.00122e-06,5.74991e-05,1.34997e-05
1317.4,,,,,,,,,,5.8e-05,8e-06,5.6e-05,1.3e-05
1317.5,,,,,,,,,,5.85e-05,1e-05,5.45e-05,1.3e-05
1317.6,,,,,,,,,,5.90012e-05,1.20031e-05,5.29982e-05,1.3e-05
1317.7,,,,,,,,,,5.99994e-05,1.44985e-05,5.15009e-05,1.3e-05
1317.8,,,,,,,,,,6.1e-05,1.7e-05,5e-05,1.3e-05
1317.9,,,,,,,,,,6.15e-05,1.9e-05,4.85e-05,1.3e-05
1318.0,,,,,,,,,,6.2e-05,2.1e-05,4.7e-05,1.3e-05
1318.1,,,,,,,,,,6.55043e-05,2.80085e-05,4.59988e-05,1.24994e-05
1318.2,,,,,,,,,,6.9e-05,3.5e-05,4.5e-05,1.2e-05
1318.3,,,,,,,,,,7.25021e-05,4.20043e-05,4.44997e-05,1.14997e-05
1318.4,,,,,,,,,,7.6e-05,4.9e-05,4.4e-05,1.1e-05
1318.5,,,,,,,,,,7.95e-05,5.65e-05,4.35e-05,1.05e-05
1318.6,,,,,,,,,,8.30037e-05,6.40085e-05,4.29994e-05,9.99939e-06
1318.7,,,,,,,,,,8.59982e-05,7.09957e-05,4.25003e-05,9.50031e-06
1318.8,,,,,,,,,,8.9e-05,7.8e-05,4.2e-05,9e-06
1318.9,,,,,,,,,,9.25e-05,8.5e-05,4.1e-05,8.5e-06
1319.0,,,,,,,,,,9.6e-05,9.2e-05,4e-05,8e-06
1319.1,,,,,,,,,,9.70012e-05,9.90085e-05,4.05006e-05,8e-06
1319.2,,,,,,,,,,9.8e-05,0.000106,4.1e-05,8e-06
1319.3,,,,,,,,,,9.90006e-05,0.000113004,4.1e-05,7.4997e-06
1319.4,,,,,,,,,,1e-04,0.00012,4.1e-05,7e-06
1319.5,,,,,,,,,,0.000101,0.0001265,4.1e-05,7e-06
1319.6,,,,,,,,,,0.000102001,0.000133009,4.1e-05,7e-06
1319.7,,,,,,,,,,0.0001025,0.000139996,4.1e-05,7e-06
1319.8,,,,,,,,,,0.000103,0.000147,4.1e-05,7e-06
1319.9,,,,,,,,,,0.000104,0.000154,4.1e-05,6.5e-06
1320.0,,,,,,,,,,0.000105,0.000161,4.1e-05,6e-06
1320.1,,,,,,,,,,0.000106001,0.000158998,4.04994e-05,5.49939e-06
1320.2,,,,,,,,,,0.000107,0.000157,4e-05,5e-06
1320.3,,,,,,,,,,0.000108001,0.000154999,3.94997e-05,4.4997e-06
1320.4,,,,,,,,,,0.000109,0.000153,3.9e-05,4e-06
1320.5,,,,,,,,,,0.0001095,0.0001505,3.85e-05,3e-06
1320.6,,,,,,,,,,0.000110001,0.000147998,3.79994e-05,1.99939e-06
1320.7,,,,,,,,,,0.000110999,0.000146001,3.75003e-05,1.50031e-06
1320.8,,,,,,,,,,0.000112,0.000144,3.7e-05,1e-06
1320.9,,,,,,,,,,0.000113,0.000142,3.65e-05,5e-07
1321.0,,,,,,,,,,0.000114,0.00014,3.6e-05,
1321.1,,,,,,,,,,0.000109995,0.000134493,3.49988e-05,
1321.2,,,,,,,,,,0.000106,0.000129,3.4e-05,
1321.3,,,,,,,,,,0.000102498,0.000123497,3.34997e-05,
1321.4,,,,,,,,,,9.9e-05,0.000118,3.3e-05,
1321.5,,,,,,,,,,9.5e-05,0.0001125,3.25e-05,
1321.6,,,,,,,,,,9.09957e-05,0.000106994,3.19994e-05,
1321.7,,,,,,,,,,8.75021e-05,0.000102003,3.15003e-05,
1321.8,,,,,,,,,,8.4e-05,9.7e-05,3.1e-05,
1321.9,,,,,,,,,,8e-05,9.15e-05,3e-05,
1322.0,,,,,,,,,,7.6e-05,8.6e-05,2.9e-05,
1322.1,,,,,,,,,,7.6e-05,8.80024e-05,2.95006e-05,
1322.2,,,,,,,,,,7.6e-05,9e-05,3e-05,
1322.3,,,,,,,,,,7.65003e-05,9.20012e-05,3e-05,
1322.4,,,,,,,,,,7.7e-05,9.4e-05,3e-05,
1322.5,,,,,,,,,,7.7e-05,9.6e-05,3e-05,
1322.6,,,,,,,,,,7.7e-05,9.80024e-05,3.00006e-05,
1322.7,,,,,,,,,,7.7e-05,9.99988e-05,3.04997e-05,
1322.8,,,,,,,,,,7.7e-05,0.000102,3.1e-05,
1322.9,,,,,,,,,,7.75e-05,0.000104,3.1e-05,
1323.0,,,,,,,,,,7.8e-05,0.000106,3.1e-05,
1323.1,,,,,,,,,,7.39951e-05,0.000110505,3.1e-05,
1323.2,,,,,,,,,,7e-05,0.000115,3.1e-05,
1323.3,,,,,,,,,,6.59976e-05,0.000120003,3.15003e-05,
1323.4,,,,,,,,,,6.2e-05,0.000125,3.2e-05,
1323.5,,,,,,,,,,5.85e-05,0.00013,3.2e-05,
1323.6,,,,,,,,,,5.49951e-05,0.000135005,3.2e-05,
1323.7,,,,,,,,,,5.10024e-05,0.000139497,3.2e-05,
1323.8,,,,,,,,,,4.7e-05,0.000144,3.2e-05,
1323.9,,,,,,,,,,4.35e-05,0.000149,3.25e-05,
1324.0,,,,,,,,,,4e-05,0.000154,3.3e-05,
1324.1,,,,,,,,,,3.95e-05,0.0001545,3.25e-05,
1324.2,,,,,,,,,,3.89994e-05,0.000155001,3.19994e-05,
1324.3,,,,,,,,,,3.84997e-05,0.0001555,3.14997e-05,
1324.4,,,,,,,,,,3.8e-05,0.000156,3.1e-05,
1324.5,,,,,,,,,,3.7e-05,0.000157,3.1e-05,
1324.6,,,,,,,,,,3.6e-05,0.000158,3.1e-05,
1324.7,,,,,,,,,,3.54997e-05,0.0001585,3.04997e-05,
1324.8,,,,,,,,,,3.5e-05,0.000159,3e-05,
1324.9,,,,,,,,,,3.45e-05,0.0001595,3e-05,
1325.0,,,,,,,,,,3.4e-05,0.00016,3e-05,
1325.1,,,,,,,,,,3.4e-05,0.000157,3e-05,
1325.2,,,,,,,,,,3.40006e-05,0.000153996,3e-05,
1325.3,,,,,,,,,,3.45003e-05,0.000150498,3e-05,
1325.4,,,,,,,,,,3.5e-05,0.000147,3e-05,
1325.5,,,,,,,,,,3.5e-05,0.0001435,3e-05,
1325.6,,,,,,,,,,3.5e-05,0.00014,3e-05,
1325.7,,,,,,,,,,3.5e-05,0.000136498,3e-05,
1325.8,,,,,,,,,,3.5e-05,0.000133,3e-05,
1325.9,,,,,,,,,,3.5e-05,0.00013,3e-05,
1326.0,,,,,,,,,,3.5e-05,0.000127,3e-05,
1326.1,,,,,,,,,,3.45e-05,0.0001265,3e-05,
1326.2,,,,,,,,,,3.39988e-05,0.000126,2.99994e-05,
1326.3,,,,,,,,,,3.29994e-05,0.000126,2.94997e-05,
1326.4,,,,,,,,,,3.2e-05,0.000126,2.9e-05,
1326.5,,,,,,,,,,3.15e-05,0.0001255,2.9e-05,
1326.6,,,,,,,,,,3.1e-05,0.000125,2.9e-05,
1326.7,,,,,,,,,,2.99994e-05,0.000125,2.84997e-05,
1326.8,,,,,,,,,,2.9e-05,0.000125,2.8e-05,
1326.9,,,,,,,,,,2.85e-05,0.0001245,2.8e-05,
1327.0,,,,,,,,,,2.8e-05,0.000124,2.8e-05,
1327.1,,,,,,,,,,3e-05,0.000128,2.85e-05,5e-07
1327.2,,,,,,,,,,3.20024e-05,0.000132004,2.9e-05,1.00122e-06
1327.3,,,,,,,,,,3.40012e-05,0.000135502,2.9e-05,2.00061e-06
1327.4,,,,,,,,,,3.6e-05,0.000139,2.9e-05,3e-06
1327.5,,,,,,,,,,3.8e-05,0.000143,2.95e-05,3.5e-06
1327.6,,,,,,,,,,4e-05,0.000147,3e-05,4e-06
1327.7,,,,,,,,,,4.15009e-05,0.000151002,3e-05,4.5003e-06
1327.8,,,,,,,,,,4.3e-05,0.000155,3e-05,5e-06
1327.9,,,,,,,,,,4.5e-05,0.0001585,3.05e-05,6e-06
1328.0,,,,,,,,,,4.7e-05,0.000162,3.1e-05,7e-06
1328.1,,,,,,,,,,4.9e-05,0.0001585,3.1e-05,6.5e-06
1328.2,,,,,,,,,,5.10031e-05,0.000154996,3.1e-05,5.99878e-06
1328.3,,,,,,,,,,5.35015e-05,0.000151498,3.1e-05,4.99939e-06
1328.4,,,,,,,,,,5.6e-05,0.000148,3.1e-05,4e-06
1328.5,,,,,,,,,,5.8e-05,0.0001445,3.1e-05,3.5e-06
1328.6,,,,,,,,,,6e-05,0.000141,3.1e-05,3e-06
1328.7,,,,,,,,,,6.20012e-05,0.000137498,3.1e-05,2.4997e-06
1328.8,,,,,,,,,,6.4e-05,0.000134,3.1e-05,2e-06
1328.9,,,,,,,,,,6.6e-05,0.0001305,3.1e-05,1.5e-06
1329.0,,,,,,,,,,6.8e-05,0.000127,3.1e-05,1e-06
1329.1,,,,,,,,,,7.05e-05,0.0001215,3.2e-05,1e-06
1329.2,,,,,,,,,,7.30031e-05,0.000115993,3.30006e-05,1e-06
1329.3,,,,,,,,,,7.55015e-05,0.000110497,3.35003e-05,1e-06
1329.4,,,,,,,,,,7.8e-05,0.000105,3.4e-05,1e-06
1329.5,,,,,,,,,,8e-05,9.95e-05,3.5e-05,1e-06
1329.6,,,,,,,,,,8.2e-05,9.4e-05,3.6e-05,1e-06
1329.7,,,,,,,,,,8.45015e-05,8.8997e-05,3.70006e-05,1e-06
1329.8,,,,,,,,,,8.7e-05,8.4e-05,3.8e-05,1e-06
1329.9,,,,,,,,,,8.95e-05,7.85e-05,3.9e-05,1e-06
1330.0,,,,,,,,,,9.2e-05,7.3e-05,4e-05,1e-06
1330.1,,,,,,,,,,9.15e-05,7.05e-05,4e-05,1e-06
1330.2,,,,,,,,,,9.1e-05,6.7997e-05,3.99994e-05,1e-06
1330.3,,,,,,,,,,9.1e-05,6.54985e-05,3.94997e-05,1e-06
1330.4,,,,,,,,,,9.1e-05,6.3e-05,3.9e-05,1e-06
1330.5,,,,,,,,,,9.05e-05,6.05e-05,3.85e-05,1e-06
1330.6,,,,,,,,,,9e-05,5.8e-05,3.8e-05,1e-06
1330.7,,,,,,,,,,9e-05,5.54985e-05,3.8e-05,1.50031e-06
1330.8,,,,,,,,,,9e-05,5.3e-05,3.8e-05,2e-06
1330.9,,,,,,,,,,8.95e-05,5.05e-05,3.75e-05,2e-06
1331.0,,,,,,,,,,8.9e-05,4.8e-05,3.7e-05,2e-06
1331.1,,,,,,,,,,8.75e-05,4.75e-05,3.7e-05,2e-06
1331.2,,,,,,,,,,8.59982e-05,4.7e-05,3.69994e-05,2.00061e-06
1331.3,,,,,,,,,,8.44991e-05,4.7e-05,3.64997e-05,2.50031e-06
1331.4,,,,,,,,,,8.3e-05,4.7e-05,3.6e-05,3e-06
1331.5,,,,,,,,,,8.15e-05,4.65e-05,3.55e-05,3e-06
1331.6,,,,,,,,,,8e-05,4.6e-05,3.5e-05,3e-06
1331.7,,,,,,,,,,7.84991e-05,4.6e-05,3.44997e-05,3e-06
1331.8,,,,,,,,,,7.7e-05,4.6e-05,3.4e-05,3e-06
1331.9,,,,,,,,,,7.55e-05,4.55e-05,3.35e-05,3.5e-06
1332.0,,,,,,,,,,7.4e-05,4.5e-05,3.3e-05,4e-06
1332.1,,,,,,,,,,7.35e-05,4.95e-05,3.3e-05,3.5e-06
1332.2,,,,,,,,,,7.29994e-05,5.40055e-05,3.30006e-05,2.99939e-06
1332.3,,,,,,,,,,7.24997e-05,5.85027e-05,3.35003e-05,2.4997e-06
1332.4,,,,,,,,,,7.2e-05,6.3e-05,3.4e-05,2e-06
1332.5,,,,,,,,,,7.1e-05,6.75e-05,3.4e-05,1.5e-06
1332.6,,,,,,,,,,7e-05,7.2e-05,3.4e-05,1e-06
1332.7,,,,,,,,,,6.94997e-05,7.60024e-05,3.45003e-05,1e-06
1332.8,,,,,,,,,,6.9e-05,8e-05,3.5e-05,1e-06
1332.9,,,,,,,,,,6.85e-05,8.45e-05,3.5e-05,5e-07
1333.0,,,,,,,,,,6.8e-05,8.9e-05,3.5e-05,
1333.1,,,,,,,,,,6.95e-05,9.25e-05,3.65e-05,
1333.2,,,,,,,,,,7.10018e-05,9.60037e-05,3.80012e-05,6.10128e-10
1333.3,,,,,,,,,,7.25009e-05,9.90018e-05,3.90006e-05,5.00305e-07
1333.4,,,,,,,,,,7.4e-05,0.000102,4e-05,1e-06
1333.5,,,,,,,,,,7.55e-05,0.0001055,4.1e-05,1e-06
1333.6,,,,,,,,,,7.7e-05,0.000109,4.2e-05,1e-06
1333.7,,,,,,,,,,7.85009e-05,0.000112502,4.30006e-05,1.50031e-06
1333.8,,,,,,,,,,8e-05,0.000116,4.4e-05,2e-06
1333.9,,,,,,,,,,8.15e-05,0.000119,4.55e-05,2e-06
1334.0,,,,,,,,,,8.3e-05,0.000122,4.7e-05,2e-06
1334.1,,,,,,,,,,8.45e-05,0.000128,4.7e-05,2e-06
1334.2,,,,,,,,,,8.60018e-05,0.000134007,4.70006e-05,2e-06
1334.3,,,,,,,,,,8.75009e-05,0.000139503,4.75003e-05,2e-06
1334.4,,,,,,,,,,8.9e-05,0.000145,4.8e-05,2e-06
1334.5,,,,,,,,,,9.1e-05,0.000151,4.85e-05,2e-06
1334.6,,,,,,,,,,9.3e-05,0.000157,4.9e-05,2e-06
1334.7,,,,,,,,,,9.45009e-05,0.000163004,4.95003e-05,2.50031e-06
1334.8,,,,,,,,,,9.6e-05,0.000169,5e-05,3e-06
1334.9,,,,,,,,,,9.75e-05,0.0001745,5e-05,3e-06
1335.0,,,,,,,,,,9.9e-05,0.00018,5e-05,3e-06
1335.1,,,,,,,,,,9.65e-05,0.0001865,4.95e-05,2.5e-06
1335.2,,,,,,,,,,9.39976e-05,0.000193007,4.89994e-05,2e-06
1335.3,,,,,,,,,,9.19988e-05,0.000199004,4.84997e-05,2e-06
1335.4,,,,,,,,,,9e-05,0.000205,4.8e-05,2e-06
1335.5,,,,,,,,,,8.8e-05,0.000211,4.75e-05,1.5e-06
1335.6,,,,,,,,,,8.6e-05,0.000217,4.7e-05,1e-06
1335.7,,,,,,,,,,8.39988e-05,0.000223504,4.64997e-05,1e-06
1335.8,,,,,,,,,,8.2e-05,0.00023,4.6e-05,1e-06
1335.9,,,,,,,,,,7.95e-05,0.000236,4.55e-05,5e-07
1336.0,,,,,,,,,,7.7e-05,0.000242,4.5e-05,
1336.1,,,,,,,,,,7.45e-05,0.0002535,4.5e-05,
1336.2,,,,,,,,,,7.1997e-05,0.000265014,4.5e-05,
1336.3,,,,,,,,,,6.94985e-05,0.000276507,4.5e-05,
1336.4,,,,,,,,,,6.7e-05,0.000288,4.5e-05,
1336.5,,,,,,,,,,6.5e-05,0.0002995,4.5e-05,
1336.6,,,,,,,,,,6.3e-05,0.000311,4.5e-05,
1336.7,,,,,,,,,,6.04985e-05,0.000322507,4.5e-05,
1336.8,,,,,,,,,,5.8e-05,0.000334,4.5e-05,
1336.9,,,,,,,,,,5.55e-05,0.000345,4.5e-05,
1337.0,,,,,,,,,,5.3e-05,0.000356,4.5e-05,
1337.1,,,,,,,,,,4.8e-05,0.000363,4.45e-05,
1337.2,,,,,,,,,,4.29945e-05,0.000370008,4.39994e-05,
1337.3,,,,,,,,,,3.84973e-05,0.000376504,4.34997e-05,
1337.4,,,,,,,,,,3.4e-05,0.000383,4.3e-05,
1337.5,,,,,,,,,,2.95e-05,0.0003895,4.3e-05,
1337.6,,,,,,,,,,2.5e-05,0.000396,4.3e-05,
1337.7,,,,,,,,,,1.99969e-05,0.000402504,4.24997e-05,
1337.8,,,,,,,,,,1.5e-05,0.000409,4.2e-05,
1337.9,,,,,,,,,,1.05e-05,0.000416,4.15e-05,
1338.0,,,,,,,,,,6e-06,0.000423,4.1e-05,
1338.1,,,,,,,,,,5.5e-06,0.000425,4.15e-05,
1338.2,,,,,,,,,,4.99939e-06,0.000427002,4.2e-05,
1338.3,,,,,,,,,,4.4997e-06,0.000428501,4.2e-05,
1338.4,,,,,,,,,,4e-06,0.00043,4.2e-05,
1338.5,,,,,,,,,,3e-06,0.000432,4.25e-05,
1338.6,,,,,,,,,,2e-06,0.000434,4.3e-05,
1338.7,,,,,,,,,,1.49969e-06,0.000436001,4.3e-05,
1338.8,,,,,,,,,,1e-06,0.000438,4.3e-05,
1338.9,,,,,,,,,,5e-07,0.00044,4.3e-05,
1339.0,,,,,,,,,,,0.000442,4.3e-05,
1339.1,,,,,,,,,,,0.000439,4.3e-05,
1339.2,,,,,,,,,,,0.000435996,4.29994e-05,
1339.3,,,,,,,,,,,0.000432998,4.24997e-05,
1339.4,,,,,,,,,,,0.00043,4.2e-05,
1339.5,,,,,,,,,,,0.000427,4.2e-05,
1339.6,,,,,,,,,,,0.000424,4.2e-05,
1339.7,,,,,,,,,,,0.000420998,4.14997e-05,
1339.8,,,,,,,,,,,0.000418,4.1e-05,
1339.9,,,,,,,,,,,0.000415,4.1e-05,
1340.0,,,,,,,,,,,0.000412,4.1e-05,
1340.1,,,,,,,,,,,0.0004135,4e-05,
1340.2,,,,,,,,,,,0.000415002,3.89994e-05,
1340.3,,,,,,,,,,,0.000416501,3.84997e-05,
1340.4,,,,,,,,,,,0.000418,3.8e-05,
1340.5,,,,,,,,,,,0.000419,3.75e-05,
1340.6,,,,,,,,,,,0.00042,3.7e-05,
1340.7,,,,,,,,,,,0.000421501,3.64997e-05,
1340.8,,,,,,,,,,,0.000423,3.6e-05,
1340.9,,,,,,,,,,,0.0004245,3.5e-05,
1341.0,,,,,,,,,,,0.000426,3.4e-05,
1341.1,,,,,,,,,,,0.000434,3.35e-05,
1341.2,,,,,,,,,,,0.00044201,3.3e-05,
1341.3,,,,,,,,,,,0.000450505,3.3e-05,
1341.4,,,,,,,,,,,0.000459,3.3e-05,
1341.5,,,,,,,,,,,0.000467,3.25e-05,
1341.6,,,,,,,,,,,0.000475,3.2e-05,
1341.7,,,,,,,,,,,0.000483505,3.14997e-05,
1341.8,,,,,,,,,,,0.000492,3.1e-05,
1341.9,,,,,,,,,,,0.0005005,3.05e-05,
1342.0,,,,,,,,,,,0.000509,3e-05,
1342.1,,,,,,,,,,,0.000511,3.05e-05,
1342.2,,,,,,,,,,,0.000513003,3.1e-05,
1342.3,,,,,,,,,,,0.000515502,3.1e-05,
1342.4,,,,,,,,,,,0.000518,3.1e-05,
1342.5,,,,,,,,,,,0.0005205,3.15e-05,
1342.6,,,,,,,,,,,0.000523,3.2e-05,
1342.7,,,,,,,,,,,0.000525001,3.25003e-05,
1342.8,,,,,,,,,,,0.000527,3.3e-05,
1342.9,,,,,,,,,,,0.0005295,3.35e-05,
1343.0,,,,,,,,,,,0.000532,3.4e-05,
1343.1,,,,,,,,,,2.5e-06,0.000543,3.4e-05,
1343.2,,,,,,,,,,5.00305e-06,0.000554014,3.40006e-05,6.10128e-10
1343.3,,,,,,,,,,7.50153e-06,0.000565507,3.45003e-05,5.00305e-07
1343.4,,,,,,,,,,1e-05,0.000577,3.5e-05,1e-06
1343.5,,,,,,,,,,1.25e-05,0.000588,3.5e-05,1e-06
1343.6,,,,,,,,,,1.5e-05,0.000599,3.5e-05,1e-06
1343.7,,,,,,,,,,1.75015e-05,0.000610007,3.55003e-05,1e-06
1343.8,,,,,,,,,,2e-05,0.000621,3.6e-05,1e-06
1343.9,,,,,,,,,,2.25e-05,0.000632,3.6e-05,1.5e-06
1344.0,,,,,,,,,,2.5e-05,0.000643,3.6e-05,2e-06
1344.1,,,,,,,,,,2.6e-05,0.0006595,3.45e-05,2e-06
1344.2,,,,,,,,,,2.70012e-05,0.000676021,3.29982e-05,2e-06
1344.3,,,,,,,,,,2.80006e-05,0.00069301,3.14991e-05,2e-06
1344.4,,,,,,,,,,2.9e-05,0.00071,3e-05,2e-06
1344.5,,,,,,,,,,3e-05,0.0007265,2.85e-05,2e-06
1344.6,,,,,,,,,,3.1e-05,0.000743,2.7e-05,2e-06
1344.7,,,,,,,,,,3.15003e-05,0.00075951,2.54991e-05,2.50031e-06
1344.8,,,,,,,,,,3.2e-05,0.000776,2.4e-05,3e-06
1344.9,,,,,,,,,,3.3e-05,0.0007925,2.25e-05,3e-06
1345.0,,,,,,,,,,3.4e-05,0.000809,2.1e-05,3e-06
1345.1,,,,,,,,,,3.05e-05,0.000759,1.9e-05,2.5e-06
1345.2,,,,,,,,,,2.69957e-05,0.000708939,1.69976e-05,2e-06
1345.3,,,,,,,,,,2.34979e-05,0.000658969,1.49988e-05,2e-06
1345.4,,,,,,,,,,2e-05,0.000609,1.3e-05,2e-06
1345.5,,,,,,,,,,1.7e-05,0.0005585,1.1e-05,2e-06
1345.6,,,,,,,,,,1.4e-05,0.000508,9e-06,2e-06
1345.7,,,,,,,,,,1.04979e-05,0.000457969,6.49847e-06,1.49969e-06
1345.8,,,,,,,,,,7e-06,0.000408,4e-06,1e-06
1345.9,,,,,,,,,,3.5e-06,0.000358,2e-06,1e-06
1346.0,,,,,,,,,,,0.000308,,1e-06
1346.1,,,,,,,,,,,0.000312,,1e-06
1346.2,,,,,,,,,,,0.000316004,,1e-06
1346.3,,,,,,,,,,,0.000319502,,1e-06
1346.4,,,,,,,,,,,0.000323,,1e-06
1346.5,,,,,,,,,,,0.000327,,5e-07
1346.6,,,,,,,,,,,0.000331,,
1346.7,,,,,,,,,,,0.000335002,,
1346.8,,,,,,,,,,,0.000339,,
1346.9,,,,,,,,,,,0.0003425,,
1347.0,,,,,,,,,,,0.000346,,
1347.1,,,,,,,,,,,0.00035,,
1347.2,,,,,,,,,,,0.000354004,,
1347.3,,,,,,,,,,,0.000357502,,
1347.4,,,,,,,,,,,0.000361,,
1347.5,,,,,,,,,,,0.0003645,,
1347.6,,,,,,,,,,,0.000368,,
1347.7,,,,,,,,,,,0.000371502,,
1347.8,,,,,,,,,,,0.000375,,
1347.9,,,,,,,,,,,0.0003785,,
1348.0,,,,,,,,,,,0.000382,,
1348.1,,,,,,,,,,,0.00039,,
1348.2,,,,,,,,,,,0.000398009,,
1348.3,,,,,,,,,,,0.000405505,,
1348.4,,,,,,,,,,,0.000413,,
1348.5,,,,,,,,,,,0.000421,,
1348.6,,,,,,,,,,,0.000429,,
1348.7,,,,,,,,,,,0.000436505,,
1348.8,,,,,,,,,,,0.000444,,
1348.9,,,,,,,,,,,0.0004515,,
1349.0,,,,,,,,,,,0.000459,,
1349.1,,,,,,,,,,,0.0004645,,
1349.2,,,,,,,,,,,0.000470007,,
1349.3,,,,,,,,,,,0.000475503,,
1349.4,,,,,,,,,,,0.000481,,
1349.5,,,,,,,,,,,0.0004865,,
1349.6,,,,,,,,,,,0.000492,,
1349.7,,,,,,,,,,,0.000497503,,
1349.8,,,,,,,,,,,0.000503,,
1349.9,,,,,,,,,,,0.0005085,,
1350.0,,,,,,,,,,,0.000514,,
1350.1,,,,,,,,,,,0.0005175,,
1350.2,,,,,,,,,,,0.000521004,6.10128e-10,
1350.3,,,,,,,,,,,0.000524502,5.00305e-07,
1350.4,,,,,,,,,,,0.000528,1e-06,
1350.5,,,,,,,,,,,0.0005315,1e-06,
1350.6,,,,,,,,,,,0.000535,1e-06,
1350.7,,,,,,,,,,,0.000538502,1.50031e-06,
1350.8,,,,,,,,,,,0.000542,2e-06,
1350.9,,,,,,,,,,,0.0005455,2e-06,
1351.0,,,,,,,,,,,0.000549,2e-06,
1351.1,,,,,,,,,,,0.000548,4e-06,
1351.2,,,,,,,,,,,0.000546999,6.00244e-06,
1351.3,,,,,,,,,,,0.000545999,8.00122e-06,
1351.4,,,,,,,,,,,0.000545,1e-05,
1351.5,,,,,,,,,,,0.000544,1.2e-05,
1351.6,,,,,,,,,,,0.000543,1.4e-05,
1351.7,,,,,,,,,,,0.000541999,1.60012e-05,
1351.8,,,,,,,,,,,0.000541,1.8e-05,
1351.9,,,,,,,,,,,0.00054,2e-05,
1352.0,,,,,,,,,,,0.000539,2.2e-05,
1352.1,,,,,,,,,,,0.000542,2.4e-05,
1352.2,,,,,,,,,,,0.000545004,2.60031e-05,
1352.3,,,,,,,,,,,0.000548002,2.85015e-05,
1352.4,,,,,,,,,,,0.000551,3.1e-05,
1352.5,,,,,,,,,,,0.000554,3.3e-05,
1352.6,,,,,,,,,,,0.000557,3.5e-05,
1352.7,,,,,,,,,,,0.000560002,3.75015e-05,
1352.8,,,,,,,,,,,0.000563,4e-05,
1352.9,,,,,,,,,,,0.000566,4.2e-05,
1353.0,,,,,,,,,,,0.000569,4.4e-05,
1353.1,,,,,,,,,,,0.0005755,4.45e-05,
1353.2,,,,,,,,,,,0.000582008,4.50006e-05,
1353.3,,,,,,,,,,,0.000588504,4.55003e-05,
1353.4,,,,,,,,,,,0.000595,4.6e-05,
1353.5,,,,,,,,,,,0.0006015,4.65e-05,
1353.6,,,,,,,,,,,0.000608,4.7e-05,
1353.7,,,,,,,,,,,0.000614504,4.80006e-05,
1353.8,,,,,,,,,,,0.000621,4.9e-05,
1353.9,,,,,,,,,,,0.000627,4.95e-05,
1354.0,,,,,,,,,,,0.000633,5e-05,
1354.1,,,,,,,,,,,0.0006385,5e-05,
1354.2,,,,,,,,,,,0.000644007,5.00006e-05,
1354.3,,,,,,,,,,,0.000649503,5.05003e-05,
1354.4,,,,,,,,,,,0.000655,5.1e-05,
1354.5,,,,,,,,,,,0.0006605,5.15e-05,
1354.6,,,,,,,,,,,0.000666,5.2e-05,
1354.7,,,,,,,,,,,0.000671503,5.2e-05,
1354.8,,,,,,,,,,,0.000677,5.2e-05,
1354.9,,,,,,,,,,,0.0006825,5.25e-05,
1355.0,,,,,,,,,,,0.000688,5.3e-05,
1355.1,,,,,,,,,,,0.0007085,5.25e-05,
1355.2,,,,,,,,,,,0.000729025,5.2e-05,
1355.3,,,,,,,,,,,0.000749513,5.2e-05,
1355.4,,,,,,,,,,,0.00077,5.2e-05,
1355.5,,,,,,,,,,,0.0007905,5.15e-05,
1355.6,,,,,,,,,,,0.000811,5.1e-05,
1355.7,,,,,,,,,,,0.000831513,5.1e-05,
1355.8,,,,,,,,,,,0.000852,5.1e-05,
1355.9,,,,,,,,,,,0.0008725,5.05e-05,
1356.0,,,,,,,,,,,0.000893,5e-05,
1356.1,,,,,,,,,,,0.0009285,5.05e-05,5e-07
1356.2,,,,,,,,,,,0.000964043,5.10006e-05,1.00061e-06
1356.3,,,,,,,,,,,0.000999021,5.15003e-05,1.50031e-06
1356.4,,,,,,,,,,,0.001034,5.2e-05,2e-06
1356.5,,,,,,,,,,,0.0010695,5.2e-05,2.5e-06
1356.6,,,,,,,,,,,0.001105,5.2e-05,3e-06
1356.7,,,,,,,,,,,0.00114052,5.25003e-05,3.50031e-06
1356.8,,,,,,,,,,,0.001176,5.3e-05,4e-06
1356.9,,,,,,,,,,,0.0012115,5.35e-05,4.5e-06
1357.0,,,,,,,,,,,0.001247,5.4e-05,5e-06
1357.1,,,,,,,,,,,0.0012925,5.5e-05,5e-06
1357.2,,,,,,,,,,,0.00133806,5.60018e-05,5.00061e-06
1357.3,,,,,,,,,,,0.00138353,5.75009e-05,5.50031e-06
1357.4,,,,,,,,,,,0.001429,5.9e-05,6e-06
1357.5,,,,,,,,,,,0.0014745,6.05e-05,6e-06
1357.6,,,,,,,,,,,0.00152,6.2e-05,6e-06
1357.7,,,,,,,,,,,0.00156553,6.30006e-05,6e-06
1357.8,,,,,,,,,,,0.001611,6.4e-05,6e-06
1357.9,,,,,,,,,,,0.0016565,6.55e-05,6.5e-06
1358.0,,,,,,,,,,,0.001702,6.7e-05,7e-06
1358.1,,,,,,,,,,1e-06,0.0017565,6.75e-05,7.5e-06
1358.2,,,,,,,,,,2.00122e-06,0.00181107,6.80012e-05,8e-06
1358.3,,,,,,,,,,3.00061e-06,0.00186553,6.90006e-05,8e-06
1358.4,,,,,,,,,,4e-06,0.00192,7e-05,8e-06
1358.5,,,,,,,,,,5e-06,0.0019745,7.05e-05,8.5e-06
1358.6,,,,,,,,,,6e-06,0.002029,7.1e-05,9e-06
1358.7,,,,,,,,,,7.00061e-06,0.00208353,7.15003e-05,9.50031e-06
1358.8,,,,,,,,,,8e-06,0.002138,7.2e-05,1e-05
1358.9,,,,,,,,,,9e-06,0.0021925,7.3e-05,1.05e-05
1359.0,,,,,,,,,,1e-05,0.002247,7.4e-05,1.1e-05
1359.1,,,,,,,,,,1.15e-05,0.0023175,7.35e-05,1.05e-05
1359.2,,,,,,,,,,1.30018e-05,0.00238809,7.3e-05,9.99939e-06
1359.3,,,,,,,,,,1.45009e-05,0.00245854,7.3e-05,9.49969e-06
1359.4,,,,,,,,,,1.6e-05,0.002529,7.3e-05,9e-06
1359.5,,,,,,,,,,1.75e-05,0.0026,7.25e-05,9e-06
1359.6,,,,,,,,,,1.9e-05,0.002671,7.2e-05,9e-06
1359.7,,,,,,,,,,2.05009e-05,0.00274154,7.2e-05,8.4997e-06
1359.8,,,,,,,,,,2.2e-05,0.002812,7.2e-05,8e-06
1359.9,,,,,,,,,,2.35e-05,0.0028825,7.2e-05,7.5e-06
1360.0,,,,,,,,,,2.5e-05,0.002953,7.2e-05,7e-06
1360.1,,,,,,,,,,2.25e-05,0.0030475,7.05e-05,6.5e-06
1360.2,,,,,,,,,,1.99969e-05,0.00314211,6.89988e-05,5.99939e-06
1360.3,,,,,,,,,,1.74985e-05,0.00323606,6.79994e-05,5.49969e-06
1360.4,,,,,,,,,,1.5e-05,0.00333,6.7e-05,5e-06
1360.5,,,,,,,,,,1.3e-05,0.0034245,6.55e-05,4.5e-06
1360.6,,,,,,,,,,1.1e-05,0.003519,6.4e-05,4e-06
1360.7,,,,,,,,,,8.49847e-06,0.00361306,6.29994e-05,3.49969e-06
1360.8,,,,,,,,,,6e-06,0.003707,6.2e-05,3e-06
1360.9,,,,,,,,,,3.5e-06,0.003801,6.05e-05,2.5e-06
1361.0,,,,,,,,,,1e-06,0.003895,5.9e-05,2e-06
1361.1,,,,,,,,,,1e-06,0.004013,5.85e-05,2e-06
1361.2,,,,,,,,,,1e-06,0.00413114,5.79988e-05,2e-06
1361.3,,,,,,,,,,1e-06,0.00424907,5.69994e-05,2e-06
1361.4,,,,,,,,,,1e-06,0.004367,5.6e-05,2e-06
1361.5,,,,,,,,,,5e-07,0.004485,5.5e-05,2.5e-06
1361.6,,,,,,,,,,,0.004603,5.4e-05,3e-06
1361.7,,,,,,,,,,,0.00472107,5.29994e-05,3e-06
1361.8,,,,,,,,,,,0.004839,5.2e-05,3e-06
1361.9,,,,,,,,,,,0.0049575,5.1e-05,3e-06
1362.0,,,,,,,,,,,0.005076,5e-05,3e-06
1362.1,,,,,,,,,,1e-06,0.005239,5.1e-05,3e-06
1362.2,,,,,,,,,,2.00122e-06,0.0054022,5.20012e-05,3.00061e-06
1362.3,,,,,,,,,,3.00061e-06,0.0055651,5.30006e-05,3.50031e-06
1362.4,,,,,,,,,,4e-06,0.005728,5.4e-05,4e-06
1362.5,,,,,,,,,,5e-06,0.0058915,5.45e-05,4e-06
1362.6,,,,,,,,,,6e-06,0.006055,5.5e-05,4e-06
1362.7,,,,,,,,,,6.50031e-06,0.0062181,5.60006e-05,4.5003e-06
1362.8,,,,,,,,,,7e-06,0.006381,5.7e-05,5e-06
1362.9,,,,,,,,,,8e-06,0.0065445,5.8e-05,5.5e-06
1363.0,,,,,,,,,,9e-06,0.006708,5.9e-05,6e-06
1363.1,,,,,,,,,,1.05e-05,0.0069345,5.7e-05,5.5e-06
1363.2,,,,,,,,,,1.20018e-05,0.00716128,5.49982e-05,5e-06
1363.3,,,,,,,,,,1.35009e-05,0.00738764,5.34991e-05,5e-06
1363.4,,,,,,,,,,1.5e-05,0.007614,5.2e-05,5e-06
1363.5,,,,,,,,,,1.6e-05,0.0078405,5e-05,5e-06
1363.6,,,,,,,,,,1.7e-05,0.008067,4.8e-05,5e-06
1363.7,,,,,,,,,,1.85009e-05,0.00829314,4.59988e-05,5e-06
1363.8,,,,,,,,,,2e-05,0.008519,4.4e-05,5e-06
1363.9,,,,,,,,,,2.1e-05,0.0087455,4.2e-05,5e-06
1364.0,,,,,,,,,,2.2e-05,0.008972,4e-05,5e-06
1364.1,,,,,,,,,,2.2e-05,0.009307,3.9e-05,5e-06
1364.2,,,,,,,,,,2.2e-05,0.00964241,3.79988e-05,5e-06
1364.3,,,,,,,,,,2.2e-05,0.0099772,3.69994e-05,5e-06
1364.4,,,,,,,,,,2.2e-05,0.010312,3.6e-05,5e-06
1364.5,,,,,,,,,,2.15e-05,0.0106465,3.5e-05,5e-06
1364.6,,,,,,,,,,2.1e-05,0.010981,3.4e-05,5e-06
1364.7,,,,,,,,,,2.1e-05,0.0113162,3.29994e-05,5.50031e-06
1364.8,,,,,,,,,,2.1e-05,0.011651,3.2e-05,6e-06
1364.9,,,,,,,,,,2.05e-05,0.0119855,3.1e-05,6e-06
1365.0,,,,,,,,,,2e-05,0.01232,3e-05,6e-06
1365.1,,,,,,,,,,2.15e-05,0.0128115,2.95e-05,6e-06
1365.2,,,,,,,,,,2.30012e-05,0.0133036,2.89994e-05,6e-06
1365.3,,,,,,,,,,2.40006e-05,0.0137943,2.84997e-05,6e-06
1365.4,,,,,,,,,,2.5e-05,0.014285,2.8e-05,6e-06
1365.5,,,,,,,,,,2.65e-05,0.014776,2.75e-05,6e-06
1365.6,,,,,,,,,,2.8e-05,0.015267,2.7e-05,6e-06
1365.7,,,,,,,,,,2.90006e-05,0.0157583,2.64997e-05,6.50031e-06
1365.8,,,,,,,,,,3e-05,0.016249,2.6e-05,7e-06
1365.9,,,,,,,,,,3.15e-05,0.01674,2.55e-05,7e-06
1366.0,,,,,,,,,,3.3e-05,0.017231,2.5e-05,7e-06
1366.1,,,,,,,,,,3.7e-05,0.017943,2.6e-05,7e-06
1366.2,,,,,,,,,,4.10049e-05,0.0186559,2.70012e-05,7e-06
1366.3,,,,,,,,,,4.50024e-05,0.0193679,2.80006e-05,7e-06
1366.4,,,,,,,,,,4.9e-05,0.02008,2.9e-05,7e-06
1366.5,,,,,,,,,,5.3e-05,0.020792,3e-05,7.5e-06
1366.6,,,,,,,,,,5.7e-05,0.021504,3.1e-05,8e-06
1366.7,,,,,,,,,,6.10024e-05,0.0222169,3.20006e-05,8e-06
1366.8,,,,,,,,,,6.5e-05,0.022929,3.3e-05,8e-06
1366.9,,,,,,,,,,6.95e-05,0.023641,3.4e-05,8e-06
1367.0,,,,,,,,,,7.4e-05,0.024353,3.5e-05,8e-06
1367.1,,,,,,,,,,7.2e-05,0.0254235,3.5e-05,7.5e-06
1367.2,,,,,,,,,,6.99976e-05,0.0264953,3.49994e-05,6.99878e-06
1367.3,,,,,,,,,,6.79988e-05,0.0275647,3.44997e-05,5.99939e-06
1367.4,,,,,,,,,,6.6e-05,0.028634,3.4e-05,5e-06
1367.5,,,,,,,,,,6.4e-05,0.029704,3.35e-05,4e-06
1367.6,,,,,,,,,,6.2e-05,0.030774,3.3e-05,3e-06
1367.7,,,,,,,,,,5.99988e-05,0.0318447,3.24997e-05,2.4997e-06
1367.8,,,,,,,,,,5.8e-05,0.032914,3.2e-05,2e-06
1367.9,,,,,,,,,,5.6e-05,0.0339845,3.2e-05,1e-06
1368.0,,,,,,,,,,5.4e-05,0.035055,3.2e-05,
1368.1,,,,,,,,,,4.9e-05,0.036715,3.15e-05,
1368.2,,,,,,,,,,4.39945e-05,0.038377,3.09994e-05,
1368.3,,,,,,,,,,3.94973e-05,0.040036,3.04997e-05,
1368.4,,,,,,,,,,3.5e-05,0.041695,3e-05,
1368.5,,,,,,,,,,3.05e-05,0.0433555,2.95e-05,
1368.6,,,,,,,,,,2.6e-05,0.045016,2.9e-05,
1368.7,,,,,,,,,,2.09969e-05,0.046677,2.9e-05,
1368.8,,,,,,,,,,1.6e-05,0.048336,2.9e-05,
1368.9,,,,,,,,,,1.15e-05,0.049996,2.85e-05,
1369.0,,,,,,,,,,7e-06,0.051656,2.8e-05,
1369.1,,,,,,,,,,6e-06,0.0542365,2.9e-05,
1369.2,,,,,,,,,,4.99939e-06,0.0568201,3.00018e-05,
1369.3,,,,,,,,,,4.4997e-06,0.0593991,3.15009e-05,
1369.4,,,,,,,,,,4e-06,0.061978,3.3e-05,
1369.5,,,,,,,,,,3.5e-06,0.0645585,3.4e-05,
1369.6,,,,,,,,,,3e-06,0.067139,3.5e-05,
1369.7,,,,,,,,,,1.99939e-06,0.0697211,3.65009e-05,
1369.8,,,,,,,,,,1e-06,0.0723,3.8e-05,
1369.9,,,,,,,,,,5e-07,0.0748805,3.9e-05,
1370.0,,,,,,,,,,,0.077461,4e-05,
1370.1,,,,,,,,,,,0.081327,4.15e-05,
1370.2,,,,,,,,,,,0.0851977,4.30018e-05,
1370.3,,,,,,,,,,,0.0890614,4.45009e-05,
1370.4,,,,,,,,,,,0.092925,4.6e-05,
1370.5,,,,,,,,,,,0.096791,4.75e-05,
1370.6,,,,,,,,,,,0.100657,4.9e-05,
1370.7,,,,,,,,,,,0.104525,5.05009e-05,
1370.8,,,,,,,,,,,0.108389,5.2e-05,
1370.9,,,,,,,,,,,0.112255,5.35e-05,
1371.0,,,,,,,,,,,0.116121,5.5e-05,
1371.1,,,,,,,,,,,0.121738,5.5e-05,
1371.2,,,,,,,,,,,0.127362,5.5e-05,
1371.3,,,,,,,,,,,0.132975,5.5e-05,
1371.4,,,,,,,,,,,0.138589,5.5e-05,
1371.5,,,,,,,,,,,0.144206,5.5e-05,
1371.6,,,,,,,,,,,0.149823,5.5e-05,
1371.7,,,,,,,,,,,0.155443,5.5e-05,
1371.8,,,,,,,,,,,0.161057,5.5e-05,
1371.9,,,,,,,,,,,0.166674,5.5e-05,
1372.0,,,,,,,,,,,0.172291,5.5e-05,
1372.1,,,,,,,,,,,0.180093,5.35e-05,
1372.2,,,,,,,,,,,0.187905,5.19988e-05,
1372.3,,,,,,,,,,,0.195701,5.09994e-05,
1372.4,,,,,,,,,,,0.203498,5e-05,
1372.5,,,,,,,,,,,0.2113,4.85e-05,
1372.6,,,,,,,,,,,0.219102,4.7e-05,
1372.7,,,,,,,,,,,0.226908,4.59994e-05,
1372.8,,,,,,,,,,,0.234705,4.5e-05,
1372.9,,,,,,,,,,,0.242507,4.4e-05,
1373.0,,,,,,,,,,,0.250309,4.3e-05,
1373.1,,,,,,,,,,,0.260267,4.15e-05,
1373.2,,,,,,,,,,,0.270237,3.99988e-05,
1373.3,,,,,,,,,,,0.28019,3.89994e-05,
1373.4,,,,,,,,,,,0.290142,3.8e-05,
1373.5,,,,,,,,,,,0.3001,3.7e-05,
1373.6,,,,,,,,,,,0.310058,3.6e-05,
1373.7,,,,,,,,,,,0.320022,3.49994e-05,
1373.8,,,,,,,,,,,0.329974,3.4e-05,
1373.9,,,,,,,,,,,0.339933,3.25e-05,
1374.0,,,,,,,,,,,0.349891,3.1e-05,
1374.1,,,,,,,,,,,0.361765,2.95e-05,
1374.2,,,,,,,,,,,0.373653,2.79982e-05,
1374.3,,,,,,,,,,,0.385521,2.64991e-05,
1374.4,,,,,,,,,,,0.397388,2.5e-05,
1374.5,,,,,,,,,,,0.409263,2.35e-05,
1374.6,,,,,,,,,,,0.421137,2.2e-05,
1374.7,,,,,,,,,,,0.433019,2.04991e-05,
1374.8,,,,,,,,,,,0.444886,1.9e-05,
1374.9,,,,,,,,,,,0.45676,1.75e-05,
1375.0,,,,,,,,,,,0.468634,1.6e-05,
1375.1,,,,,,,,,,,0.481369,1.45e-05,
1375.2,,,,,,,,,,,0.494121,1.29982e-05,
1375.3,,,,,,,,,,,0.506848,1.14991e-05,
1375.4,,,,,,,,,,,0.519576,1e-05,
1375.5,,,,,,,,,,,0.532311,8.5e-06,
1375.6,,,,,,,,,,,0.545047,7e-06,
1375.7,,,,,,,,,,,0.557791,5.49909e-06,
1375.8,,,,,,,,,,,0.570519,4e-06,
1375.9,,,,,,,,,,,0.583254,2.5e-06,
1376.0,,,,,,,,,,,0.59599,1e-06,
1376.1,,,,,,,,,,1e-06,0.607915,1e-06,
1376.2,,,,,,,,,,2.00061e-06,0.619855,1e-06,
1376.3,,,,,,,,,,2.50031e-06,0.631773,1e-06,
1376.4,,,,,,,,,,3e-06,0.643691,1e-06,
1376.5,,,,,,,,,,4e-06,0.655616,1.5e-06,
1376.6,,,,,,,,,,5e-06,0.667541,2e-06,
1376.7,,,,,,,,,,6.00061e-06,0.679474,2e-06,
1376.8,,,,,,,,,,7e-06,0.691392,2e-06,
1376.9,,,,,,,,,,7.5e-06,0.703318,2.5e-06,
1377.0,,,,,,,,,,8e-06,0.715243,3e-06,
1377.1,,,,,,,,,,7.5e-06,0.725451,2.5e-06,
1377.2,,,,,,,,,,6.99878e-06,0.735672,2e-06,
1377.3,,,,,,,,,,5.99939e-06,0.745875,2e-06,
1377.4,,,,,,,,,,5e-06,0.756078,2e-06,
1377.5,,,,,,,,,,4e-06,0.766286,1.5e-06,
1377.6,,,,,,,,,,3e-06,0.776495,1e-06,
1377.7,,,,,,,,,,2.4997e-06,0.78671,1e-06,
1377.8,,,,,,,,,,2e-06,0.796913,1e-06,
1377.9,,,,,,,,,,1e-06,0.807122,5e-07,
1378.0,,,,,,,,,,,0.81733,,
1378.1,,,,,,,,,,,0.825071,,
1378.2,,,,,,,,,,,0.83282,,
1378.3,,,,,,,,,,,0.840556,,
1378.4,,,,,,,,,,,0.848292,,
1378.5,,,,,,,,,,,0.856032,,
1378.6,,,,,,,,,,,0.863773,,
1378.7,,,,,,,,,,,0.871518,,
1378.8,,,,,,,,,,,0.879254,,
1378.9,,,,,,,,,,,0.886994,,
1379.0,,,,,,,,,,,0.894735,,
1379.1,,,,,,,,,,,0.899603,,
1379.2,,,,,,,,,,,0.904476,6.10128e-10,
1379.3,,,,,,,,,,,0.909341,5.00305e-07,
1379.4,,,,,,,,,,,0.914206,1e-06,
1379.5,,,,,,,,,,,0.919074,1e-06,
1379.6,,,,,,,,,,,0.923941,1e-06,
1379.7,,,,,,,,,,,0.928812,1e-06,
1379.8,,,,,,,,,,,0.933677,1e-06,
1379.9,,,,,,,,,,,0.938545,1.5e-06,
1380.0,,,,,,,,,,,0.943412,2e-06,
1380.1,,,,,,,,,,3e-06,0.945696,6e-06,
1380.2,,,,,,,,,,6.00366e-06,0.947984,1.00049e-05,
1380.3,,,,,,,,,,9.00183e-06,0.950266,1.40024e-05,
1380.4,,,,,,,,,,1.2e-05,0.952549,1.8e-05,
1380.5,,,,,,,,,,1.55e-05,0.954834,2.2e-05,
1380.6,,,,,,,,,,1.9e-05,0.957118,2.6e-05,
1380.7,,,,,,,,,,2.20018e-05,0.959403,3.00024e-05,
1380.8,,,,,,,,,,2.5e-05,0.961686,3.4e-05,
1380.9,,,,,,,,,,2.8e-05,0.963971,3.8e-05,
1381.0,,,,,,,,,,3.1e-05,0.966255,4.2e-05,
1381.1,,,,,,,,,,3e-05,0.967299,4.35e-05,
1381.2,,,,,,,,,,2.89994e-05,0.968343,4.50018e-05,
1381.3,,,,,,,,,,2.84997e-05,0.969387,4.65009e-05,
1381.4,,,,,,,,,,2.8e-05,0.97043,4.8e-05,
1381.5,,,,,,,,,,2.7e-05,0.971474,4.95e-05,
1381.6,,,,,,,,,,2.6e-05,0.972518,5.1e-05,
1381.7,,,,,,,,,,2.49994e-05,0.973562,5.25009e-05,
1381.8,,,,,,,,,,2.4e-05,0.974605,5.4e-05,
1381.9,,,,,,,,,,2.35e-05,0.975649,5.55e-05,
1382.0,,,,,,,,,,2.3e-05,0.976693,5.7e-05,
1382.1,,,,,,,,,,2.1e-05,0.977481,5.7e-05,
1382.2,,,,,,,,,,1.89976e-05,0.97827,5.7e-05,
1382.3,,,,,,,,,,1.69988e-05,0.979058,5.7e-05,
1382.4,,,,,,,,,,1.5e-05,0.979846,5.7e-05,
1382.5,,,,,,,,,,1.35e-05,0.980634,5.65e-05,
1382.6,,,,,,,,,,1.2e-05,0.981422,5.6e-05,
1382.7,,,,,,,,,,9.99878e-06,0.982211,5.6e-05,
1382.8,,,,,,,,,,8e-06,0.982999,5.6e-05,
1382.9,,,,,,,,,,6e-06,0.983787,5.6e-05,
1383.0,,,,,,,,,,4e-06,0.984575,5.6e-05,
1383.1,,,,,,,,,,4e-06,0.984916,5.45e-05,
1383.2,,,,,,,,,,3.99939e-06,0.985258,5.29982e-05,
1383.3,,,,,,,,,,3.49969e-06,0.9856,5.14991e-05,
1383.4,,,,,,,,,,3e-06,0.985942,5e-05,
1383.5,,,,,,,,,,2.5e-06,0.986284,4.9e-05,
1383.6,,,,,,,,,,2e-06,0.986625,4.8e-05,
1383.7,,,,,,,,,,1.49969e-06,0.986967,4.64991e-05,
1383.8,,,,,,,,,,1e-06,0.987308,4.5e-05,
1383.9,,,,,,,,,,5e-07,0.98765,4.35e-05,
1384.0,,,,,,,,,,,0.987991,4.2e-05,
1384.1,,,,,,,,,,,0.988386,4.25e-05,
1384.2,,,,,,,,,,,0.988781,4.3e-05,
1384.3,,,,,,,,,,,0.989177,4.3e-05,
1384.4,,,,,,,,,,,0.989572,4.3e-05,
1384.5,,,,,,,,,,,0.989967,4.3e-05,
1384.6,,,,,,,,,,,0.990363,4.3e-05,
1384.7,,,,,,,,,,,0.990758,4.35003e-05,
1384.8,,,,,,,,,,,0.991153,4.4e-05,
1384.9,,,,,,,,,,,0.991549,4.4e-05,
1385.0,,,,,,,,,,,0.991944,4.4e-05,
1385.1,,,,,,,,,,,0.992414,4.35e-05,
1385.2,,,,,,,,,,,0.992885,4.3e-05,
1385.3,,,,,,,,,,,0.993355,4.3e-05,
1385.4,,,,,,,,,,,0.993825,4.3e-05,
1385.5,,,,,,,,,,,0.994295,4.25e-05,
1385.6,,,,,,,,,,,0.994765,4.2e-05,
1385.7,,,,,,,,,,,0.995236,4.2e-05,
1385.8,,,,,,,,,,,0.995706,4.2e-05,
1385.9,,,,,,,,,,,0.996176,4.15e-05,
1386.0,,,,,,,,,,,0.996646,4.1e-05,
1386.1,,,,,,,,,,,0.996982,4.05e-05,
1386.2,,,,,,,,,,,0.997317,3.99994e-05,
1386.3,,,,,,,,,,,0.997653,3.94997e-05,
1386.4,,,,,,,,,,,0.997988,3.9e-05,
1386.5,,,,,,,,,,,0.998323,3.8e-05,
1386.6,,,,,,,,,,,0.998658,3.7e-05,
1386.7,,,,,,,,,,,0.998994,3.64997e-05,
1386.8,,,,,,,,,,,0.999329,3.6e-05,
1386.9,,,,,,,,,,,0.999664,3.55e-05,
1387.0,,,,,,,,,,,1.0,3.5e-05,
1387.1,,,,,,,,,,,0.999534,3.5e-05,
1387.2,,,,,,,,,,,0.999067,3.5e-05,
1387.3,,,,,,,,,,,0.998602,3.5e-05,
1387.4,,,,,,,,,,,0.998137,3.5e-05,
1387.5,,,,,,,,,,,0.997671,3.5e-05,
1387.6,,,,,,,,,,,0.997205,3.5e-05,
1387.7,,,,,,,,,,,0.996739,3.5e-05,
1387.8,,,,,,,,,,,0.996273,3.5e-05,
1387.9,,,,,,,,,,,0.995808,3.5e-05,
1388.0,,,,,,,,,,,0.995342,3.5e-05,
1388.1,,,,,,,,,,,0.993887,3.4e-05,
1388.2,,,,,,,,,,,0.99243,3.29988e-05,
1388.3,,,,,,,,,,,0.990976,3.19994e-05,
1388.4,,,,,,,,,,,0.989522,3.1e-05,
1388.5,,,,,,,,,,,0.988067,3.05e-05,
1388.6,,,,,,,,,,,0.986612,3e-05,
1388.7,,,,,,,,,,,0.985157,2.89994e-05,
1388.8,,,,,,,,,,,0.983703,2.8e-05,
1388.9,,,,,,,,,,,0.982248,2.7e-05,
1389.0,,,,,,,,,,,0.980793,2.6e-05,
1389.1,,,,,,,,,,,0.978179,2.6e-05,
1389.2,,,,,,,,,,,0.975562,2.6e-05,
1389.3,,,,,,,,,,,0.972949,2.6e-05,
1389.4,,,,,,,,,,,0.970337,2.6e-05,
1389.5,,,,,,,,,,,0.967722,2.6e-05,
1389.6,,,,,,,,,,,0.965108,2.6e-05,
1389.7,,,,,,,,,,,0.962492,2.6e-05,
1389.8,,,,,,,,,,,0.95988,2.6e-05,
1389.9,,,,,,,,,,,0.957266,2.6e-05,
1390.0,,,,,,,,,,,0.954652,2.6e-05,
1390.1,,,,,,,,,,,0.950452,2.65e-05,
1390.2,,,,,,,,,,,0.946247,2.70012e-05,
1390.3,,,,,,,,,,,0.942049,2.80006e-05,
1390.4,,,,,,,,,,,0.937852,2.9e-05,
1390.5,,,,,,,,,,,0.933653,3e-05,
1390.6,,,,,,,,,,,0.929453,3.1e-05,
1390.7,,,,,,,,,,,0.92525,3.20006e-05,
1390.8,,,,,,,,,,,0.921053,3.3e-05,
1390.9,,,,,,,,,,,0.916853,3.4e-05,
1391.0,,,,,,,,,,,0.912653,3.5e-05,
1391.1,,,,,,,,,,,0.90642,3.5e-05,
1391.2,,,,,,,,,,,0.900179,3.5e-05,
1391.3,,,,,,,,,,,0.89395,3.5e-05,
1391.4,,,,,,,,,,,0.887721,3.5e-05,
1391.5,,,,,,,,,,,0.881489,3.55e-05,
1391.6,,,,,,,,,,,0.875256,3.6e-05,
1391.7,,,,,,,,,,,0.869019,3.6e-05,
1391.8,,,,,,,,,,,0.86279,3.6e-05,
1391.9,,,,,,,,,,,0.856557,3.6e-05,
1392.0,,,,,,,,,,,0.850324,3.6e-05,
1392.1,,,,,,,,,,,0.841867,3.35e-05,
1392.2,,,,,,,,,,,0.8334,3.09969e-05,
1392.3,,,,,,,,,,,0.824947,2.84985e-05,
1392.4,,,,,,,,,,,0.816495,2.6e-05,
1392.5,,,,,,,,,,,0.808038,2.3e-05,5e-07
1392.6,,,,,,,,,,,0.799581,2e-05,1e-06
1392.7,,,,,,,,,,,0.791119,1.74985e-05,1e-06
1392.8,,,,,,,,,,,0.782667,1.5e-05,1e-06
1392.9,,,,,,,,,,,0.774209,1.25e-05,1e-06
1393.0,,,,,,,,,,,0.765752,1e-05,1e-06
1393.1,,,,,,,,,,,0.755202,9e-06,1e-06
1393.2,,,,,,,,,,,0.744638,7.99878e-06,1e-06
1393.3,,,,,,,,,,,0.734094,6.99939e-06,1e-06
1393.4,,,,,,,,,,,0.72355,6e-06,1e-06
1393.5,,,,,,,,,,,0.713,5e-06,5e-07
1393.6,,,,,,,,,,,0.702449,4e-06,
1393.7,,,,,,,,,,,0.691892,2.99939e-06,
1393.8,,,,,,,,,,,0.681348,2e-06,
1393.9,,,,,,,,,,,0.670798,1e-06,
1394.0,,,,,,,,,,,0.660247,,
1394.1,,,,,,,,,,,0.648675,5e-07,
1394.2,,,,,,,,,,,0.637089,1e-06,
1394.3,,,,,,,,,,,0.625523,1e-06,
1394.4,,,,,,,,,,,0.613958,1e-06,
1394.5,,,,,,,,,,,0.602386,1.5e-06,
1394.6,,,,,,,,,,,0.590814,2e-06,
1394.7,,,,,,,,,,,0.579235,2e-06,
1394.8,,,,,,,,,,,0.56767,2e-06,
1394.9,,,,,,,,,,5e-07,0.556098,2.5e-06,
1395.0,,,,,,,,,,1e-06,0.544526,3e-06,
1395.1,,,,,,,,,,1e-06,0.532765,5.5e-06,
1395.2,,,,,,,,,,9.9939e-07,0.52099,8.00305e-06,
1395.3,,,,,,,,,,4.99695e-07,0.509236,1.05015e-05,
1395.4,,,,,,,,,,,0.497482,1.3e-05,
1395.5,,,,,,,,,,,0.485721,1.55e-05,
1395.6,,,,,,,,,,,0.47396,1.8e-05,
1395.7,,,,,,,,,,,0.462192,2.05015e-05,
1395.8,,,,,,,,,,,0.450439,2.3e-05,
1395.9,,,,,,,,,,,0.438678,2.55e-05,
1396.0,,,,,,,,,,,0.426917,2.8e-05,
1396.1,,,,,,,,,,1e-06,0.416016,3.15e-05,1e-06
1396.2,,,,,,,,,,2.00061e-06,0.405103,3.50049e-05,2.00122e-06
1396.3,,,,,,,,,,2.50031e-06,0.394209,3.90024e-05,3.00061e-06
1396.4,,,,,,,,,,3e-06,0.383315,4.3e-05,4e-06
1396.5,,,,,,,,,,3.5e-06,0.372414,4.7e-05,5e-06
1396.6,,,,,,,,,,4e-06,0.361514,5.1e-05,6e-06
1396.7,,,,,,,,,,5.00061e-06,0.350607,5.45021e-05,6.50031e-06
1396.8,,,,,,,,,,6e-06,0.339713,5.8e-05,7e-06
1396.9,,,,,,,,,,6.5e-06,0.328813,6.2e-05,8e-06
1397.0,,,,,,,,,,7e-06,0.317912,6.6e-05,9e-06
1397.1,,,,,,,,,,7.5e-06,0.308576,6.8e-05,9.5e-06
1397.2,,,,,,,,,,8.00061e-06,0.299228,7.00024e-05,1.00006e-05
1397.3,,,,,,,,,,8.5003e-06,0.289897,7.20012e-05,1.05003e-05
1397.4,,,,,,,,,,9e-06,0.280566,7.4e-05,1.1e-05
1397.5,,,,,,,,,,1e-05,0.27123,7.6e-05,1.1e-05
1397.6,,,,,,,,,,1.1e-05,0.261893,7.8e-05,1.1e-05
1397.7,,,,,,,,,,1.15003e-05,0.252551,7.95009e-05,1.15003e-05
1397.8,,,,,,,,,,1.2e-05,0.243221,8.1e-05,1.2e-05
1397.9,,,,,,,,,,1.25e-05,0.233884,8.3e-05,1.25e-05
1398.0,,,,,,,,,,1.3e-05,0.224548,8.5e-05,1.3e-05
1398.1,,,,,,,,,,1.25e-05,0.217497,8.6e-05,1.25e-05
1398.2,,,,,,,,,,1.19994e-05,0.210438,8.70012e-05,1.19994e-05
1398.3,,,,,,,,,,1.14997e-05,0.203392,8.80006e-05,1.14997e-05
1398.4,,,,,,,,,,1.1e-05,0.196345,8.9e-05,1.1e-05
1398.5,,,,,,,,,,1.1e-05,0.189295,9e-05,1e-05
1398.6,,,,,,,,,,1.1e-05,0.182244,9.1e-05,9e-06
1398.7,,,,,,,,,,1.04997e-05,0.175189,9.20006e-05,8.4997e-06
1398.8,,,,,,,,,,1e-05,0.168143,9.3e-05,8e-06
1398.9,,,,,,,,,,9.5e-06,0.161093,9.4e-05,7.5e-06
1399.0,,,,,,,,,,9e-06,0.154042,9.5e-05,7e-06
1399.1,,,,,,,,,,9e-06,0.149273,9.5e-05,6.5e-06
1399.2,,,,,,,,,,8.99939e-06,0.144499,9.5e-05,5.99878e-06
1399.3,,,,,,,,,,8.4997e-06,0.139734,9.5e-05,4.99939e-06
1399.4,,,,,,,,,,8e-06,0.134969,9.5e-05,4e-06
1399.5,,,,,,,,,,8e-06,0.130201,9.55e-05,3.5e-06
1399.6,,,,,,,,,,8e-06,0.125432,9.6e-05,3e-06
1399.7,,,,,,,,,,8e-06,0.120661,9.6e-05,1.99939e-06
1399.8,,,,,,,,,,8e-06,0.115895,9.6e-05,1e-06
1399.9,,,,,,,,,,7.5e-06,0.111126,9.6e-05,5e-07
1400.0,,,,,,,,,,7e-06,0.106358,9.6e-05,
1400.1,,,,,,,,,,8.5e-06,0.10312,9.5e-05,
1400.2,,,,,,,,,,1.00018e-05,0.0998781,9.39988e-05,
1400.3,,,,,,,,,,1.15009e-05,0.096642,9.29994e-05,
1400.4,,,,,,,,,,1.3e-05,0.093406,9.2e-05,
1400.5,,,,,,,,,,1.45e-05,0.090168,9.15e-05,
1400.6,,,,,,,,,,1.6e-05,0.08693,9.1e-05,
1400.7,,,,,,,,,,1.75009e-05,0.08369,8.99994e-05,
1400.8,,,,,,,,,,1.9e-05,0.080454,8.9e-05,
1400.9,,,,,,,,,,2e-05,0.077216,8.8e-05,
1401.0,,,,,,,,,,2.1e-05,0.073978,8.7e-05,
1401.1,,,,,,,,,,2.55e-05,0.071681,8.75e-05,
1401.2,,,,,,,,,,3.00055e-05,0.0693812,8.8e-05,
1401.3,,,,,,,,,,3.45027e-05,0.0670851,8.8e-05,
1401.4,,,,,,,,,,3.9e-05,0.064789,8.8e-05,
1401.5,,,,,,,,,,4.4e-05,0.062492,8.8e-05,
1401.6,,,,,,,,,,4.9e-05,0.060195,8.8e-05,
1401.7,,,,,,,,,,5.35027e-05,0.0578966,8.85003e-05,
1401.8,,,,,,,,,,5.8e-05,0.055601,8.9e-05,
1401.9,,,,,,,,,,6.25e-05,0.0533035,8.9e-05,
1402.0,,,,,,,,,,6.7e-05,0.051006,8.9e-05,
1402.1,,,,,,,,,,6.25e-05,0.0494325,8.65e-05,
1402.2,,,,,,,,,,5.79945e-05,0.0478571,8.3997e-05,
1402.3,,,,,,,,,,5.34973e-05,0.046284,8.14985e-05,
1402.4,,,,,,,,,,4.9e-05,0.044711,7.9e-05,
1402.5,,,,,,,,,,4.45e-05,0.043137,7.65e-05,
1402.6,,,,,,,,,,4e-05,0.041563,7.4e-05,
1402.7,,,,,,,,,,3.54973e-05,0.0399885,7.14985e-05,
1402.8,,,,,,,,,,3.1e-05,0.038416,6.9e-05,
1402.9,,,,,,,,,,2.65e-05,0.036842,6.65e-05,
1403.0,,,,,,,,,,2.2e-05,0.035268,6.4e-05,
1403.1,,,,,,,,,,2.5e-05,0.034238,6.25e-05,
1403.2,,,,,,,,,,2.80043e-05,0.0332067,6.09988e-05,
1403.3,,,,,,,,,,3.15021e-05,0.0321769,5.99994e-05,
1403.4,,,,,,,,,,3.5e-05,0.031147,5.9e-05,
1403.5,,,,,,,,,,3.8e-05,0.030117,5.8e-05,
1403.6,,,,,,,,,,4.1e-05,0.029087,5.7e-05,
1403.7,,,,,,,,,,4.45021e-05,0.0280564,5.59994e-05,
1403.8,,,,,,,,,,4.8e-05,0.027027,5.5e-05,
1403.9,,,,,,,,,,5.15e-05,0.025997,5.35e-05,
1404.0,,,,,,,,,,5.5e-05,0.024967,5.2e-05,
1404.1,,,,,,,,,,5.65e-05,0.0242805,5.1e-05,
1404.2,,,,,,,,,,5.80024e-05,0.0235932,4.99988e-05,
1404.3,,,,,,,,,,6.00012e-05,0.0229071,4.89994e-05,
1404.4,,,,,,,,,,6.2e-05,0.022221,4.8e-05,
1404.5,,,,,,,,,,6.4e-05,0.0215345,4.7e-05,
1404.6,,,,,,,,,,6.6e-05,0.020848,4.6e-05,
1404.7,,,,,,,,,,6.80012e-05,0.0201616,4.49994e-05,
1404.8,,,,,,,,,,7e-05,0.019476,4.4e-05,
1404.9,,,,,,,,,,7.2e-05,0.0187895,4.25e-05,
1405.0,,,,,,,,,,7.4e-05,0.018103,4.1e-05,
1405.1,,,,,,,,,,7.6e-05,0.017629,4.35e-05,
1405.2,,,,,,,,,,7.80024e-05,0.0171544,4.60037e-05,6.10128e-10
1405.3,,,,,,,,,,8.00012e-05,0.0166807,4.90018e-05,5.00305e-07
1405.4,,,,,,,,,,8.2e-05,0.016207,5.2e-05,1e-06
1405.5,,,,,,,,,,8.4e-05,0.0157335,5.45e-05,1e-06
1405.6,,,,,,,,,,8.6e-05,0.01526,5.7e-05,1e-06
1405.7,,,,,,,,,,8.80012e-05,0.0147857,5.95015e-05,1.50031e-06
1405.8,,,,,,,,,,9e-05,0.014312,6.2e-05,2e-06
1405.9,,,,,,,,,,9.25e-05,0.013838,6.45e-05,2e-06
1406.0,,,,,,,,,,9.5e-05,0.013364,6.7e-05,2e-06
1406.1,,,,,,,,,,9.2e-05,0.013035,6.8e-05,2e-06
1406.2,,,,,,,,,,8.89963e-05,0.0127056,6.90006e-05,2e-06
1406.3,,,,,,,,,,8.59982e-05,0.0123768,6.95003e-05,2e-06
1406.4,,,,,,,,,,8.3e-05,0.012048,7e-05,2e-06
1406.5,,,,,,,,,,8e-05,0.0117195,7.1e-05,2e-06
1406.6,,,,,,,,,,7.7e-05,0.011391,7.2e-05,2e-06
1406.7,,,,,,,,,,7.39982e-05,0.0110618,7.25003e-05,1.49969e-06
1406.8,,,,,,,,,,7.1e-05,0.010733,7.3e-05,1e-06
1406.9,,,,,,,,,,6.8e-05,0.010404,7.4e-05,1e-06
1407.0,,,,,,,,,,6.5e-05,0.010075,7.5e-05,1e-06
1407.1,,,,,,,,,,6.75e-05,0.0098395,7.65e-05,1e-06
1407.2,,,,,,,,,,7.00031e-05,0.00960371,7.80024e-05,1e-06
1407.3,,,,,,,,,,7.25015e-05,0.00936886,8.00012e-05,1e-06
1407.4,,,,,,,,,,7.5e-05,0.009134,8.2e-05,1e-06
1407.5,,,,,,,,,,7.8e-05,0.008899,8.35e-05,1e-06
1407.6,,,,,,,,,,8.1e-05,0.008664,8.5e-05,1e-06
1407.7,,,,,,,,,,8.35015e-05,0.00842886,8.65009e-05,4.99695e-07
1407.8,,,,,,,,,,8.6e-05,0.008194,8.8e-05,
1407.9,,,,,,,,,,8.85e-05,0.0079585,9e-05,
1408.0,,,,,,,,,,9.1e-05,0.007723,9.2e-05,
1408.1,,,,,,,,,,9.1e-05,0.0075535,9.2e-05,
1408.2,,,,,,,,,,9.10006e-05,0.00738379,9.20006e-05,6.10128e-10
1408.3,,,,,,,,,,9.15003e-05,0.0072144,9.25003e-05,5.00305e-07
1408.4,,,,,,,,,,9.2e-05,0.007045,9.3e-05,1e-06
1408.5,,,,,,,,,,9.2e-05,0.006875,9.35e-05,1e-06
1408.6,,,,,,,,,,9.2e-05,0.006705,9.4e-05,1e-06
1408.7,,,,,,,,,,9.2e-05,0.0065354,9.45003e-05,1.50031e-06
1408.8,,,,,,,,,,9.2e-05,0.006366,9.5e-05,2e-06
1408.9,,,,,,,,,,9.2e-05,0.0061965,9.5e-05,2e-06
1409.0,,,,,,,,,,9.2e-05,0.006027,9.5e-05,2e-06
1409.1,,,,,,,,,,9.2e-05,0.005899,9.4e-05,2e-06
1409.2,,,,,,,,,,9.2e-05,0.00577084,9.29994e-05,1.99939e-06
1409.3,,,,,,,,,,9.2e-05,0.00564342,9.24997e-05,1.49969e-06
1409.4,,,,,,,,,,9.2e-05,0.005516,9.2e-05,1e-06
1409.5,,,,,,,,,,9.2e-05,0.005388,9.1e-05,1e-06
1409.6,,,,,,,,,,9.2e-05,0.00526,9e-05,1e-06
1409.7,,,,,,,,,,9.2e-05,0.00513242,8.89994e-05,4.99695e-07
1409.8,,,,,,,,,,9.2e-05,0.005005,8.8e-05,
1409.9,,,,,,,,,,9.2e-05,0.004877,8.7e-05,
1410.0,,,,,,,,,,9.2e-05,0.004749,8.6e-05,
1410.1,,,,,,,,,,8.65e-05,0.004653,8.35e-05,
1410.2,,,,,,,,,,8.09939e-05,0.00455688,8.09976e-05,
1410.3,,,,,,,,,,7.59969e-05,0.00446094,7.89988e-05,
1410.4,,,,,,,,,,7.1e-05,0.004365,7.7e-05,
1410.5,,,,,,,,,,6.55e-05,0.0042685,7.45e-05,
1410.6,,,,,,,,,,6e-05,0.004172,7.2e-05,
1410.7,,,,,,,,,,5.49969e-05,0.00407594,6.99988e-05,
1410.8,,,,,,,,,,5e-05,0.00398,6.8e-05,
1410.9,,,,,,,,,,4.45e-05,0.0038835,6.55e-05,
1411.0,,,,,,,,,,3.9e-05,0.003787,6.3e-05,
1411.1,,,,,,,,,,3.5e-05,0.003716,6.2e-05,
1411.2,,,,,,,,,,3.09951e-05,0.00364491,6.09988e-05,
1411.3,,,,,,,,,,2.69976e-05,0.00357396,5.99994e-05,
1411.4,,,,,,,,,,2.3e-05,0.003503,5.9e-05,
1411.5,,,,,,,,,,1.95e-05,0.003432,5.8e-05,
1411.6,,,,,,,,,,1.6e-05,0.003361,5.7e-05,
1411.7,,,,,,,,,,1.19976e-05,0.00328996,5.59994e-05,
1411.8,,,,,,,,,,8e-06,0.003219,5.5e-05,
1411.9,,,,,,,,,,4e-06,0.003148,5.4e-05,
1412.0,,,,,,,,,,,0.003077,5.3e-05,
1412.1,,,,,,,,,,,0.0030195,5.2e-05,
1412.2,,,,,,,,,,,0.00296193,5.09982e-05,
1412.3,,,,,,,,,,,0.00290446,4.94991e-05,
1412.4,,,,,,,,,,,0.002847,4.8e-05,
1412.5,,,,,,,,,,,0.002789,4.7e-05,
1412.6,,,,,,,,,,,0.002731,4.6e-05,
1412.7,,,,,,,,,,,0.00267346,4.49994e-05,
1412.8,,,,,,,,,,,0.002616,4.4e-05,
1412.9,,,,,,,,,,,0.0025585,4.25e-05,
1413.0,,,,,,,,,,,0.002501,4.1e-05,
1413.1,,,,,,,,,,,0.0024595,4.1e-05,
1413.2,,,,,,,,,,,0.00241795,4.1e-05,
1413.3,,,,,,,,,,,0.00237647,4.1e-05,
1413.4,,,,,,,,,,,0.002335,4.1e-05,
1413.5,,,,,,,,,,,0.002294,4.1e-05,
1413.6,,,,,,,,,,,0.002253,4.1e-05,
1413.7,,,,,,,,,,,0.00221147,4.1e-05,
1413.8,,,,,,,,,,,0.00217,4.1e-05,
1413.9,,,,,,,,,,,0.0021285,4.1e-05,
1414.0,,,,,,,,,,,0.002087,4.1e-05,
1414.1,,,,,,,,,,,0.002055,4.1e-05,
1414.2,,,,,,,,,,,0.00202296,4.1e-05,
1414.3,,,,,,,,,,,0.00199098,4.1e-05,
1414.4,,,,,,,,,,,0.001959,4.1e-05,
1414.5,,,,,,,,,,,0.0019265,4.1e-05,
1414.6,,,,,,,,,,,0.001894,4.1e-05,
1414.7,,,,,,,,,,,0.00186198,4.04997e-05,
1414.8,,,,,,,,,,,0.00183,4e-05,
1414.9,,,,,,,,,,,0.001798,4e-05,
1415.0,,,,,,,,,,,0.001766,4e-05,
1415.1,,,,,,,,,,,0.001738,4e-05,
1415.2,,,,,,,,,,,0.00170997,4e-05,
1415.3,,,,,,,,,,,0.00168198,4e-05,
1415.4,,,,,,,,,,,0.001654,4e-05,
1415.5,,,,,,,,,,,0.001626,3.95e-05,
1415.6,,,,,,,,,,,0.001598,3.9e-05,
1415.7,,,,,,,,,,,0.00156998,3.9e-05,
1415.8,,,,,,,,,,,0.001542,3.9e-05,
1415.9,,,,,,,,,,,0.0015145,3.9e-05,
1416.0,,,,,,,,,,,0.001487,3.9e-05,
1416.1,,,,,,,,,,,0.001463,4.05e-05,
1416.2,,,,,,,,,,,0.00143897,4.20012e-05,
1416.3,,,,,,,,,,,0.00141499,4.30006e-05,
1416.4,,,,,,,,,,,0.001391,4.4e-05,
1416.5,,,,,,,,,,,0.0013675,4.55e-05,
1416.6,,,,,,,,,,,0.001344,4.7e-05,
1416.7,,,,,,,,,,,0.00131999,4.85009e-05,
1416.8,,,,,,,,,,,0.001296,5e-05,
1416.9,,,,,,,,,,,0.001272,5.1e-05,
1417.0,,,,,,,,,,,0.001248,5.2e-05,
1417.1,,,,,,,,,,,0.0012295,5.4e-05,
1417.2,,,,,,,,,,,0.00121098,5.60018e-05,
1417.3,,,,,,,,,,,0.00119249,5.75009e-05,
1417.4,,,,,,,,,,,0.001174,5.9e-05,
1417.5,,,,,,,,,,,0.001155,6.1e-05,
1417.6,,,,,,,,,,,0.001136,6.3e-05,
1417.7,,,,,,,,,,,0.00111749,6.45009e-05,
1417.8,,,,,,,,,,,0.001099,6.6e-05,
1417.9,,,,,,,,,,,0.00108,6.8e-05,
1418.0,,,,,,,,,,,0.001061,7e-05,
1418.1,,,,,,,,,,,0.0010485,6.95e-05,
1418.2,,,,,,,,,,,0.00103599,6.89994e-05,
1418.3,,,,,,,,,,,0.00102399,6.84997e-05,
1418.4,,,,,,,,,,,0.001012,6.8e-05,
1418.5,,,,,,,,,,,0.0009995,6.75e-05,
1418.6,,,,,,,,,,,0.000987,6.7e-05,
1418.7,,,,,,,,,,,0.000974492,6.59994e-05,
1418.8,,,,,,,,,,,0.000962,6.5e-05,
1418.9,,,,,,,,,,,0.0009495,6.45e-05,
1419.0,,,,,,,,,,,0.000937,6.4e-05,
1419.1,,,,,,,,,,,0.000927,6.4e-05,
1419.2,,,,,,,,,,,0.000916988,6.39994e-05,
1419.3,,,,,,,,,,,0.000906994,6.34997e-05,
1419.4,,,,,,,,,,,0.000897,6.3e-05,
1419.5,,,,,,,,,,,0.000887,6.25e-05,
1419.6,,,,,,,,,,,0.000877,6.2e-05,
1419.7,,,,,,,,,,,0.000866994,6.2e-05,
1419.8,,,,,,,,,,,0.000857,6.2e-05,
1419.9,,,,,,,,,,,0.000847,6.15e-05,
1420.0,,,,,,,,,,,0.000837,6.1e-05,
1420.1,,,,,,,,,,,0.000827,5.8e-05,
1420.2,,,,,,,,,,,0.000816988,5.49957e-05,
1420.3,,,,,,,,,,,0.000806994,5.14979e-05,
1420.4,,,,,,,,,,,0.000797,4.8e-05,
1420.5,,,,,,,,,,,0.000787,4.5e-05,
1420.6,,,,,,,,,,,0.000777,4.2e-05,
1420.7,,,,,,,,,,,0.000766494,3.89982e-05,
1420.8,,,,,,,,,,,0.000756,3.6e-05,
1420.9,,,,,,,,,,,0.000746,3.25e-05,
1421.0,,,,,,,,,,,0.000736,2.9e-05,
1421.1,,,,,,,,,,,0.0007295,2.9e-05,
1421.2,,,,,,,,,,,0.000722993,2.90006e-05,
1421.3,,,,,,,,,,,0.000716996,2.95003e-05,
1421.4,,,,,,,,,,,0.000711,3e-05,
1421.5,,,,,,,,,,,0.0007045,3e-05,
1421.6,,,,,,,,,,,0.000698,3e-05,
1421.7,,,,,,,,,,,0.000691496,3.05003e-05,
1421.8,,,,,,,,,,,0.000685,3.1e-05,
1421.9,,,,,,,,,,,0.0006785,3.1e-05,
1422.0,,,,,,,,,,,0.000672,3.1e-05,
1422.1,,,,,,,,,,,0.000667,3.25e-05,
1422.2,,,,,,,,,,,0.000661994,3.40012e-05,
1422.3,,,,,,,,,,,0.000656997,3.50006e-05,
1422.4,,,,,,,,,,,0.000652,3.6e-05,
1422.5,,,,,,,,,,,0.000647,3.75e-05,
1422.6,,,,,,,,,,,0.000642,3.9e-05,
1422.7,,,,,,,,,,,0.000636997,4.05009e-05,
1422.8,,,,,,,,,,,0.000632,4.2e-05,
1422.9,,,,,,,,,,,0.000627,4.3e-05,
1423.0,,,,,,,,,,,0.000622,4.4e-05,
1423.1,,,,,,,,,,,0.0006195,4.55e-05,5e-07
1423.2,,,,,,,,,,,0.000616997,4.70018e-05,1e-06
1423.3,,,,,,,,,,,0.000614498,4.85009e-05,1e-06
1423.4,,,,,,,,,,,0.000612,5e-05,1e-06
1423.5,,,,,,,,,,,0.00061,5.1e-05,1.5e-06
1423.6,,,,,,,,,,,0.000608,5.2e-05,2e-06
1423.7,,,,,,,,,,,0.000605498,5.35009e-05,2e-06
1423.8,,,,,,,,,,,0.000603,5.5e-05,2e-06
1423.9,,,,,,,,,,,0.0006005,5.65e-05,2.5e-06
1424.0,,,,,,,,,,,0.000598,5.8e-05,3e-06
1424.1,,,,,,,,,,,0.000596,5.8e-05,2.5e-06
1424.2,,,,,,,,,,,0.000593998,5.79994e-05,2e-06
1424.3,,,,,,,,,,,0.000591999,5.74997e-05,2e-06
1424.4,,,,,,,,,,,0.00059,5.7e-05,2e-06
1424.5,,,,,,,,,,,0.000588,5.7e-05,1.5e-06
1424.6,,,,,,,,,,,0.000586,5.7e-05,1e-06
1424.7,,,,,,,,,,,0.000583999,5.7e-05,1e-06
1424.8,,,,,,,,,,,0.000582,5.7e-05,1e-06
1424.9,,,,,,,,,,,0.00058,5.7e-05,5e-07
1425.0,,,,,,,,,,,0.000578,5.7e-05,
1425.1,,,,,,,,,,,0.000538,5.7e-05,
1425.2,,,,,,,,,,,0.000497952,5.7e-05,
1425.3,,,,,,,,,,,0.000458476,5.7e-05,
1425.4,,,,,,,,,,,0.000419,5.7e-05,
1425.5,,,,,,,,,,,0.000379,5.75e-05,
1425.6,,,,,,,,,,,0.000339,5.8e-05,
1425.7,,,,,,,,,,,0.000298976,5.8e-05,
1425.8,,,,,,,,,,,0.000259,5.8e-05,
1425.9,,,,,,,,,,,0.0002195,5.85e-05,
1426.0,,,,,,,,,,,0.00018,5.9e-05,
1426.1,,,,,,,,,,1e-06,0.0001745,6e-05,
1426.2,,,,,,,,,,2.00122e-06,0.000168994,6.10012e-05,
1426.3,,,,,,,,,,3.00061e-06,0.000163997,6.20006e-05,
1426.4,,,,,,,,,,4e-06,0.000159,6.3e-05,
1426.5,,,,,,,,,,5.5e-06,0.000154,6.45e-05,
1426.6,,,,,,,,,,7e-06,0.000149,6.6e-05,
1426.7,,,,,,,,,,8.00061e-06,0.000143497,6.70006e-05,
1426.8,,,,,,,,,,9e-06,0.000138,6.8e-05,
1426.9,,,,,,,,,,1e-05,0.000133,6.95e-05,
1427.0,,,,,,,,,,1.1e-05,0.000128,7.1e-05,
1427.1,,,,,,,,,,1.75e-05,0.0001285,7.25e-05,
1427.2,,,,,,,,,,2.40079e-05,0.000129,7.40024e-05,
1427.3,,,,,,,,,,3.0504e-05,0.000129,7.60012e-05,
1427.4,,,,,,,,,,3.7e-05,0.000129,7.8e-05,
1427.5,,,,,,,,,,4.4e-05,0.0001295,7.95e-05,
1427.6,,,,,,,,,,5.1e-05,0.00013,8.1e-05,
1427.7,,,,,,,,,,5.7504e-05,0.0001305,8.30012e-05,
1427.8,,,,,,,,,,6.4e-05,0.000131,8.5e-05,
1427.9,,,,,,,,,,7.05e-05,0.0001315,8.65e-05,
1428.0,,,,,,,,,,7.7e-05,0.000132,8.8e-05,
1428.1,,,,,,,,,,7.65e-05,0.0001375,8.7e-05,
1428.2,,,,,,,,,,7.59994e-05,0.000143006,8.59994e-05,
1428.3,,,,,,,,,,7.54997e-05,0.000148003,8.54997e-05,
1428.4,,,,,,,,,,7.5e-05,0.000153,8.5e-05,
1428.5,,,,,,,,,,7.45e-05,0.0001585,8.4e-05,
1428.6,,,,,,,,,,7.4e-05,0.000164,8.3e-05,
1428.7,,,,,,,,,,7.34997e-05,0.000169503,8.24997e-05,
1428.8,,,,,,,,,,7.3e-05,0.000175,8.2e-05,
1428.9,,,,,,,,,,7.25e-05,0.0001805,8.1e-05,
1429.0,,,,,,,,,,7.2e-05,0.000186,8e-05,
1429.1,,,,,,,,,,7.2e-05,0.0001735,7.8e-05,5e-07
1429.2,,,,,,,,,,7.2e-05,0.000160985,7.59976e-05,1.00061e-06
1429.3,,,,,,,,,,7.2e-05,0.000148492,7.39988e-05,1.50031e-06
1429.4,,,,,,,,,,7.2e-05,0.000136,7.2e-05,2e-06
1429.5,,,,,,,,,,7.25e-05,0.000124,7e-05,2.5e-06
1429.6,,,,,,,,,,7.3e-05,0.000112,6.8e-05,3e-06
1429.7,,,,,,,,,,7.3e-05,9.94924e-05,6.59988e-05,4.00061e-06
1429.8,,,,,,,,,,7.3e-05,8.7e-05,6.4e-05,5e-06
1429.9,,,,,,,,,,7.3e-05,7.5e-05,6.2e-05,5.5e-06
1430.0,,,,,,,,,,7.3e-05,6.3e-05,6e-05,6e-06
1430.1,,,,,,,,,,7.1e-05,6.25e-05,5.95e-05,6e-06
1430.2,,,,,,,,,,6.8997e-05,6.2e-05,5.9e-05,6.00061e-06
1430.3,,,,,,,,,,6.64985e-05,6.2e-05,5.9e-05,6.50031e-06
1430.4,,,,,,,,,,6.4e-05,6.2e-05,5.9e-05,7e-06
1430.5,,,,,,,,,,6.15e-05,6.15e-05,5.85e-05,7.5e-06
1430.6,,,,,,,,,,5.9e-05,6.1e-05,5.8e-05,8e-06
1430.7,,,,,,,,,,5.69988e-05,6.1e-05,5.8e-05,8.5003e-06
1430.8,,,,,,,,,,5.5e-05,6.1e-05,5.8e-05,9e-06
1430.9,,,,,,,,,,5.25e-05,6.05e-05,5.75e-05,9.5e-06
1431.0,,,,,,,,,,5e-05,6e-05,5.7e-05,1e-05
1431.1,,,,,,,,,,4.8e-05,6.3e-05,5.6e-05,9.5e-06
1431.2,,,,,,,,,,4.59976e-05,6.60037e-05,5.49994e-05,8.99939e-06
1431.3,,,,,,,,,,4.39988e-05,6.90018e-05,5.44997e-05,8.4997e-06
1431.4,,,,,,,,,,4.2e-05,7.2e-05,5.4e-05,8e-06
1431.5,,,,,,,,,,3.95e-05,7.5e-05,5.3e-05,7.5e-06
1431.6,,,,,,,,,,3.7e-05,7.8e-05,5.2e-05,7e-06
1431.7,,,,,,,,,,3.49988e-05,8.10018e-05,5.09994e-05,6.4997e-06
1431.8,,,,,,,,,,3.3e-05,8.4e-05,5e-05,6e-06
1431.9,,,,,,,,,,3.1e-05,8.65e-05,4.9e-05,5.5e-06
1432.0,,,,,,,,,,2.9e-05,8.9e-05,4.8e-05,5e-06
1432.1,,,,,,,,,,2.75e-05,9.35e-05,4.95e-05,4.5e-06
1432.2,,,,,,,,,,2.59982e-05,9.80049e-05,5.10012e-05,3.99939e-06
1432.3,,,,,,,,,,2.44991e-05,0.000102002,5.20006e-05,3.49969e-06
1432.4,,,,,,,,,,2.3e-05,0.000106,5.3e-05,3e-06
1432.5,,,,,,,,,,2.15e-05,0.0001105,5.4e-05,2.5e-06
1432.6,,,,,,,,,,2e-05,0.000115,5.5e-05,2e-06
1432.7,,,,,,,,,,1.84991e-05,0.000119002,5.65009e-05,1.49969e-06
1432.8,,,,,,,,,,1.7e-05,0.000123,5.8e-05,1e-06
1432.9,,,,,,,,,,1.55e-05,0.0001275,5.9e-05,5e-07
1433.0,,,,,,,,,,1.4e-05,0.000132,6e-05,
1433.1,,,,,,,,,,1.25e-05,0.0001315,6.2e-05,
1433.2,,,,,,,,,,1.09982e-05,0.000130999,6.40024e-05,
1433.3,,,,,,,,,,9.49908e-06,0.000129999,6.60012e-05,
1433.4,,,,,,,,,,8e-06,0.000129,6.8e-05,
1433.5,,,,,,,,,,6.5e-06,0.0001285,7e-05,
1433.6,,,,,,,,,,5e-06,0.000128,7.2e-05,
1433.7,,,,,,,,,,3.99939e-06,0.0001275,7.40012e-05,
1433.8,,,,,,,,,,3e-06,0.000127,7.6e-05,
1433.9,,,,,,,,,,1.5e-06,0.000126,7.8e-05,
1434.0,,,,,,,,,,,0.000125,8e-05,
1434.1,,,,,,,,,,,0.000123,8e-05,
1434.2,,,,,,,,,,,0.000120998,8e-05,
1434.3,,,,,,,,,,,0.000118999,8e-05,
1434.4,,,,,,,,,,,0.000117,8e-05,
1434.5,,,,,,,,,,,0.000115,8.05e-05,
1434.6,,,,,,,,,,,0.000113,8.1e-05,
1434.7,,,,,,,,,,,0.000110498,8.1e-05,
1434.8,,,,,,,,,,,0.000108,8.1e-05,
1434.9,,,,,,,,,,,0.000106,8.1e-05,
1435.0,,,,,,,,,,,0.000104,8.1e-05,
1435.1,,,,,,,,,,,0.000105,8.15e-05,
1435.2,,,,,,,,,,,0.000106001,8.20012e-05,
1435.3,,,,,,,,,,,0.000107001,8.30006e-05,
1435.4,,,,,,,,,,,0.000108,8.4e-05,
1435.5,,,,,,,,,,,0.000109,8.45e-05,
1435.6,,,,,,,,,,,0.00011,8.5e-05,
1435.7,,,,,,,,,,,0.000111001,8.55003e-05,
1435.8,,,,,,,,,,,0.000112,8.6e-05,
1435.9,,,,,,,,,,,0.0001125,8.65e-05,
1436.0,,,,,,,,,,,0.000113,8.7e-05,
1436.1,,,,,,,,,,,0.000104,8.85e-05,
1436.2,,,,,,,,,,,9.49884e-05,9.00012e-05,
1436.3,,,,,,,,,,,8.54942e-05,9.10006e-05,
1436.4,,,,,,,,,,,7.6e-05,9.2e-05,
1436.5,,,,,,,,,,,6.65e-05,9.3e-05,
1436.6,,,,,,,,,,,5.7e-05,9.4e-05,
1436.7,,,,,,,,,,,4.79945e-05,9.50006e-05,
1436.8,,,,,,,,,,,3.9e-05,9.6e-05,
1436.9,,,,,,,,,,,2.95e-05,9.7e-05,
1437.0,,,,,,,,,,,2e-05,9.8e-05,
1437.1,,,,,,,,,,,2.45e-05,9.8e-05,
1437.2,,,,,,,,,,,2.90061e-05,9.8e-05,
1437.3,,,,,,,,,,,3.4003e-05,9.8e-05,
1437.4,,,,,,,,,,,3.9e-05,9.8e-05,
1437.5,,,,,,,,,,,4.35e-05,9.8e-05,
1437.6,,,,,,,,,,,4.8e-05,9.8e-05,
1437.7,,,,,,,,,,,5.30031e-05,9.8e-05,
1437.8,,,,,,,,,,,5.8e-05,9.8e-05,
1437.9,,,,,,,,,,,6.25e-05,9.8e-05,
1438.0,,,,,,,,,,,6.7e-05,9.8e-05,
1438.1,,,,,,,,,,,7.65e-05,0.0001085,
1438.2,,,,,,,,,,,8.60116e-05,0.000119013,
1438.3,,,,,,,,,,,9.55058e-05,0.000129506,
1438.4,,,,,,,,,,,0.000105,0.00014,
1438.5,,,,,,,,,,,0.000114,0.0001505,
1438.6,,,,,,,,,,,0.000123,0.000161,
1438.7,,,,,,,,,,,0.000132506,0.000171006,
1438.8,,,,,,,,,,,0.000142,0.000181,
1438.9,,,,,,,,,,,0.0001515,0.0001915,
1439.0,,,,,,,,,,,0.000161,0.000202,
1439.1,,,,,,,,,,,0.0001625,0.000202,
1439.2,,,,,,,,,,,0.000164002,0.000202,
1439.3,,,,,,,,,,,0.000166001,0.000202,
1439.4,,,,,,,,,,,0.000168,0.000202,
1439.5,,,,,,,,,,,0.0001695,0.000202,
1439.6,,,,,,,,,,,0.000171,0.000202,
1439.7,,,,,,,,,,,0.000172501,0.000202,
1439.8,,,,,,,,,,,0.000174,0.000202,
1439.9,,,,,,,,,,,0.000176,0.000202,
1440.0,,,,,,,,,,,0.000178,0.000202,
1440.1,,,,,,,,,,1.5e-06,0.0001665,0.000202,
1440.2,,,,,,,,,,3.00122e-06,0.000154986,0.000202,
1440.3,,,,,,,,,,4.00061e-06,0.000143493,0.000202,
1440.4,,,,,,,,,,5e-06,0.000132,0.000202,
1440.5,,,,,,,,,,6.5e-06,0.000121,0.000202,
1440.6,,,,,,,,,,8e-06,0.00011,0.000202,
1440.7,,,,,,,,,,9.00061e-06,9.8493e-05,0.000202,
1440.8,,,,,,,,,,1e-05,8.7e-05,0.000202,
1440.9,,,,,,,,,,1.15e-05,7.55e-05,0.000202,
1441.0,,,,,,,,,,1.3e-05,6.4e-05,0.000202,
1441.1,,,,,,,,,,1.45e-05,6.1e-05,0.000202,
1441.2,,,,,,,,,,1.60024e-05,5.79957e-05,0.000202,
1441.3,,,,,,,,,,1.80012e-05,5.44979e-05,0.000202,
1441.4,,,,,,,,,,2e-05,5.1e-05,0.000202,
1441.5,,,,,,,,,,2.2e-05,4.8e-05,0.0002025,
1441.6,,,,,,,,,,2.4e-05,4.5e-05,0.000203,
1441.7,,,,,,,,,,2.55009e-05,4.14979e-05,0.000203,
1441.8,,,,,,,,,,2.7e-05,3.8e-05,0.000203,
1441.9,,,,,,,,,,2.9e-05,3.5e-05,0.000203,
1442.0,,,,,,,,,,3.1e-05,3.2e-05,0.000203,
1442.1,,,,,,,,,,2.85e-05,3.55e-05,0.000203,
1442.2,,,,,,,,,,2.59976e-05,3.90037e-05,0.000203,
1442.3,,,,,,,,,,2.39988e-05,4.20018e-05,0.000203,
1442.4,,,,,,,,,,2.2e-05,4.5e-05,0.000203,
1442.5,,,,,,,,,,1.95e-05,4.85e-05,0.000203,
1442.6,,,,,,,,,,1.7e-05,5.2e-05,0.000203,
1442.7,,,,,,,,,,1.49988e-05,5.50018e-05,0.000203,
1442.8,,,,,,,,,,1.3e-05,5.8e-05,0.000203,
1442.9,,,,,,,,,,1.05e-05,6.15e-05,0.000203,
1443.0,,,,,,,,,,8e-06,6.5e-05,0.000203,
1443.1,,,,,,,,,,7e-06,7.1e-05,0.000203,
1443.2,,,,,,,,,,5.99939e-06,7.70067e-05,0.000203,
1443.3,,,,,,,,,,5.49969e-06,8.25034e-05,0.000203,
1443.4,,,,,,,,,,5e-06,8.8e-05,0.000203,
1443.5,,,,,,,,,,4e-06,9.4e-05,0.000203,
1443.6,,,,,,,,,,3e-06,1e-04,0.000203,
1443.7,,,,,,,,,,2.4997e-06,0.000106004,0.000203,
1443.8,,,,,,,,,,2e-06,0.000112,0.000203,
1443.9,,,,,,,,,,1e-06,0.000118,0.000203,
1444.0,,,,,,,,,,,0.000124,0.000203,
1444.1,,,,,,,,,,,0.0001195,0.000203,
1444.2,,,,,,,,,,,0.000114995,0.000203,
1444.3,,,,,,,,,,,0.000110497,0.000203,
1444.4,,,,,,,,,,,0.000106,0.000203,
1444.5,,,,,,,,,,,0.0001015,0.000203,
1444.6,,,,,,,,,,,9.7e-05,0.000203,
1444.7,,,,,,,,,,,9.24973e-05,0.000203,
1444.8,,,,,,,,,,,8.8e-05,0.000203,
1444.9,,,,,,,,,,,8.4e-05,0.000203,
1445.0,,,,,,,,,,,8e-05,0.000203,
1445.1,,,,,,,,,,,8.15e-05,0.000203,
1445.2,,,,,,,,,,,8.30024e-05,0.000203,
1445.3,,,,,,,,,,,8.50012e-05,0.000203,
1445.4,,,,,,,,,,,8.7e-05,0.000203,
1445.5,,,,,,,,,,,8.9e-05,0.000203,
1445.6,,,,,,,,,,,9.1e-05,0.000203,
1445.7,,,,,,,,,,,9.30012e-05,0.000203,
1445.8,,,,,,,,,,,9.5e-05,0.000203,
1445.9,,,,,,,,,,,9.65e-05,0.0002035,
1446.0,,,,,,,,,,,9.8e-05,0.000204,
1446.1,,,,,,,,,,,9.75e-05,0.000204,
1446.2,,,,,,,,,,,9.69994e-05,0.000204,
1446.3,,,,,,,,,,,9.64997e-05,0.000204,
1446.4,,,,,,,,,,,9.6e-05,0.000204,
1446.5,,,,,,,,,,,9.55e-05,0.000204,
1446.6,,,,,,,,,,,9.5e-05,0.000204,
1446.7,,,,,,,,,,,9.44997e-05,0.000204,
1446.8,,,,,,,,,,,9.4e-05,0.000204,
1446.9,,,,,,,,,,,9.35e-05,0.000204,
1447.0,,,,,,,,,,,9.3e-05,0.000204,
1447.1,,,,,,,,,,,8.6e-05,0.000204,
1447.2,,,,,,,,,,,7.89915e-05,0.000204,
1447.3,,,,,,,,,,,7.19957e-05,0.000204,
1447.4,,,,,,,,,,,6.5e-05,0.000204,
1447.5,,,,,,,,,,,5.8e-05,0.000204,
1447.6,,,,,,,,,,,5.1e-05,0.000204,
1447.7,,,,,,,,,,,4.39957e-05,0.000204,
1447.8,,,,,,,,,,,3.7e-05,0.000204,
1447.9,,,,,,,,,,,3e-05,0.000204,
1448.0,,,,,,,,,,,2.3e-05,0.000204,
1448.1,,,,,,,,,,,2.9e-05,0.000204,
1448.2,,,,,,,,,,,3.50079e-05,0.000204,
1448.3,,,,,,,,,,,4.1504e-05,0.000204,
1448.4,,,,,,,,,,,4.8e-05,0.000204,
1448.5,,,,,,,,,,,5.4e-05,0.000204,
1448.6,,,,,,,,,,,6e-05,0.000204,
1448.7,,,,,,,,,,,6.6504e-05,0.0002035,
1448.8,,,,,,,,,,,7.3e-05,0.000203,
1448.9,,,,,,,,,,,7.95e-05,0.000203,
1449.0,,,,,,,,,,,8.6e-05,0.000203,
1449.1,,,,,,,,,,,8.3e-05,0.000203,
1449.2,,,,,,,,,,,7.99963e-05,0.000203001,
1449.3,,,,,,,,,,,7.69982e-05,0.0002035,
1449.4,,,,,,,,,,,7.4e-05,0.000204,
1449.5,,,,,,,,,,,7.15e-05,0.000204,
1449.6,,,,,,,,,,,6.9e-05,0.000204,
1449.7,,,,,,,,,,,6.59982e-05,0.000204,
1449.8,,,,,,,,,,,6.3e-05,0.000204,
1449.9,,,,,,,,,,,6.05e-05,0.0002045,
1450.0,,,,,,,,,,,5.8e-05,0.000205,
1450.1,,,,,,,,,,,5.55e-05,0.000206,
1450.2,,,,,,,,,,,5.29976e-05,0.000207001,
1450.3,,,,,,,,,,,5.09988e-05,0.000208001,
1450.4,,,,,,,,,,,4.9e-05,0.000209,
1450.5,,,,,,,,,,,4.7e-05,0.00021,
1450.6,,,,,,,,,,,4.5e-05,0.000211,
1450.7,,,,,,,,,,,4.24985e-05,0.0002115,
1450.8,,,,,,,,,,,4e-05,0.000212,
1450.9,,,,,,,,,,,3.8e-05,0.000213,
1451.0,,,,,,,,,,,3.6e-05,0.000214,
1451.1,,,,,,,,,,,3.3e-05,0.0002155,
1451.2,,,,,,,,,,,2.99969e-05,0.000217001,
1451.3,,,,,,,,,,,2.74985e-05,0.000218001,
1451.4,,,,,,,,,,,2.5e-05,0.000219,
1451.5,,,,,,,,,,,2.2e-05,0.00022,
1451.6,,,,,,,,,,,1.9e-05,0.000221,
1451.7,,,,,,,,,,,1.64985e-05,0.000222501,
1451.8,,,,,,,,,,,1.4e-05,0.000224,
1451.9,,,,,,,,,,,1.1e-05,0.000225,
1452.0,,,,,,,,,,,8e-06,0.000226,
1452.1,,,,,,,,,,,7e-06,0.000227,
1452.2,,,,,,,,,,,5.99939e-06,0.000228001,
1452.3,,,,,,,,,,,5.49969e-06,0.000229001,
1452.4,,,,,,,,,,,5e-06,0.00023,
1452.5,,,,,,,,,,,4e-06,0.0002305,
1452.6,,,,,,,,,,,3e-06,0.000231,
1452.7,,,,,,,,,,,2.4997e-06,0.000232001,
1452.8,,,,,,,,,,,2e-06,0.000233,
1452.9,,,,,,,,,,,1e-06,0.000234,
1453.0,,,,,,,,,,,,0.000235,
1453.1,,,,,,,,,,,,0.000236,
1453.2,,,,,,,,,,,,0.000237001,
1453.3,,,,,,,,,,,,0.0002375,
1453.4,,,,,,,,,,,,0.000238,
1453.5,,,,,,,,,,,,0.000239,
1453.6,,,,,,,,,,,,0.00024,
1453.7,,,,,,,,,,,,0.0002405,
1453.8,,,,,,,,,,,,0.000241,
1453.9,,,,,,,,,,,,0.000242,
1454.0,,,,,,,,,,,,0.000243,
1454.1,,,,,,,,,,5e-07,,0.0002435,
1454.2,,,,,,,,,,1e-06,,0.000244001,
1454.3,,,,,,,,,,1e-06,,0.0002445,
1454.4,,,,,,,,,,1e-06,,0.000245,
1454.5,,,,,,,,,,1.5e-06,,0.0002455,
1454.6,,,,,,,,,,2e-06,,0.000246,
1454.7,,,,,,,,,,2.50031e-06,,0.0002465,
1454.8,,,,,,,,,,3e-06,,0.000247,
1454.9,,,,,,,,,,3e-06,,0.0002475,
1455.0,,,,,,,,,,3e-06,,0.000248,
1455.1,,,,,,,,,,8e-06,5e-07,0.000249,
1455.2,,,,,,,,,,1.30061e-05,1.00061e-06,0.000250001,
1455.3,,,,,,,,,,1.80031e-05,1.50031e-06,0.0002505,
1455.4,,,,,,,,,,2.3e-05,2e-06,0.000251,
1455.5,,,,,,,,,,2.8e-05,2e-06,0.0002515,
1455.6,,,,,,,,,,3.3e-05,2e-06,0.000252,
1455.7,,,,,,,,,,3.75027e-05,2.50031e-06,0.0002525,
1455.8,,,,,,,,,,4.2e-05,3e-06,0.000253,
1455.9,,,,,,,,,,4.7e-05,3.5e-06,0.0002535,
1456.0,,,,,,,,,,5.2e-05,4e-06,0.000254,
1456.1,,,,,,,,,,5.25e-05,6e-06,0.0002545,
1456.2,,,,,,,,,,5.30006e-05,8.00183e-06,0.000255001,
1456.3,,,,,,,,,,5.35003e-05,9.50092e-06,0.000256001,
1456.4,,,,,,,,,,5.4e-05,1.1e-05,0.000257,
1456.5,,,,,,,,,,5.45e-05,1.3e-05,0.0002575,
1456.6,,,,,,,,,,5.5e-05,1.5e-05,0.000258,
1456.7,,,,,,,,,,5.55003e-05,1.70012e-05,0.000259001,
1456.8,,,,,,,,,,5.6e-05,1.9e-05,0.00026,
1456.9,,,,,,,,,,5.65e-05,2.05e-05,0.0002605,
1457.0,,,,,,,,,,5.7e-05,2.2e-05,0.000261,
1457.1,,,,,,,,,,5.25e-05,2.25e-05,0.000262,
1457.2,,,,,,,,,,4.79945e-05,2.30006e-05,0.000263001,
1457.3,,,,,,,,,,4.34973e-05,2.35003e-05,0.0002635,
1457.4,,,,,,,,,,3.9e-05,2.4e-05,0.000264,
1457.5,,,,,,,,,,3.5e-05,2.4e-05,0.0002645,
1457.6,,,,,,,,,,3.1e-05,2.4e-05,0.000265,
1457.7,,,,,,,,,,2.64973e-05,2.45003e-05,0.000266001,
1457.8,,,,,,,,,,2.2e-05,2.5e-05,0.000267,
1457.9,,,,,,,,,,1.75e-05,2.55e-05,0.0002675,
1458.0,,,,,,,,,,1.3e-05,2.6e-05,0.000268,
1458.1,,,,,,,,,,1.2e-05,2.5e-05,0.000268,
1458.2,,,,,,,,,,1.09982e-05,2.39994e-05,0.000268001,
1458.3,,,,,,,,,,9.49908e-06,2.34997e-05,0.0002685,
1458.4,,,,,,,,,,8e-06,2.3e-05,0.000269,
1458.5,,,,,,,,,,6.5e-06,2.2e-05,0.000269,
1458.6,,,,,,,,,,5e-06,2.1e-05,0.000269,
1458.7,,,,,,,,,,3.99939e-06,1.99994e-05,0.000269,
1458.8,,,,,,,,,,3e-06,1.9e-05,0.000269,
1458.9,,,,,,,,,,1.5e-06,1.85e-05,0.0002695,
1459.0,,,,,,,,,,,1.8e-05,0.00027,
1459.1,,,,,,,,,,,1.8e-05,0.00027,
1459.2,,,,,,,,,,,1.80006e-05,0.000270001,
1459.3,,,,,,,,,,,1.85003e-05,0.0002705,
1459.4,,,,,,,,,,,1.9e-05,0.000271,
1459.5,,,,,,,,,,,1.9e-05,0.000271,
1459.6,,,,,,,,,,,1.9e-05,0.000271,
1459.7,,,,,,,,,,,1.95003e-05,0.000271,
1459.8,,,,,,,,,,,2e-05,0.000271,
1459.9,,,,,,,,,,,2e-05,0.0002715,
1460.0,,,,,,,,,,,2e-05,0.000272,
1460.1,,,,,,,,,,,2.25e-05,0.000272,
1460.2,,,,,,,,,,,2.50037e-05,0.000272001,
1460.3,,,,,,,,,,,2.80018e-05,0.0002725,
1460.4,,,,,,,,,,,3.1e-05,0.000273,
1460.5,,,,,,,,,,,3.35e-05,0.0002735,
1460.6,,,,,,,,,,,3.6e-05,0.000274,
1460.7,,,,,,,,,,,3.85015e-05,0.0002745,
1460.8,,,,,,,,,,,4.1e-05,0.000275,
1460.9,,,,,,,,,,,4.35e-05,0.0002755,
1461.0,,,,,,,,,,,4.6e-05,0.000276,
1461.1,,,,,,,,,,,4.8e-05,0.0002765,
1461.2,,,,,,,,,,,5.00031e-05,0.000277001,
1461.3,,,,,,,,,,,5.25015e-05,0.000278001,
1461.4,,,,,,,,,,,5.5e-05,0.000279,
1461.5,,,,,,,,,,,5.7e-05,0.0002795,
1461.6,,,,,,,,,,,5.9e-05,0.00028,
1461.7,,,,,,,,,,,6.10012e-05,0.000281001,
1461.8,,,,,,,,,,,6.3e-05,0.000282,
1461.9,,,,,,,,,,,6.55e-05,0.0002825,
1462.0,,,,,,,,,,,6.8e-05,0.000283,
1462.1,,,,,,,,,,2.5e-06,7e-05,0.000284,2.5e-06
1462.2,,,,,,,,,,5.00305e-06,7.20031e-05,0.000285002,5.00244e-06
1462.3,,,,,,,,,,7.50153e-06,7.45015e-05,0.000286501,7.00122e-06
1462.4,,,,,,,,,,1e-05,7.7e-05,0.000288,9e-06
1462.5,,,,,,,,,,1.3e-05,7.95e-05,0.000289,1.15e-05
1462.6,,,,,,,,,,1.6e-05,8.2e-05,0.00029,1.4e-05
1462.7,,,,,,,,,,1.85015e-05,8.45015e-05,0.000291001,1.60012e-05
1462.8,,,,,,,,,,2.1e-05,8.7e-05,0.000292,1.8e-05
1462.9,,,,,,,,,,2.35e-05,8.95e-05,0.0002935,2.05e-05
1463.0,,,,,,,,,,2.6e-05,9.2e-05,0.000295,2.3e-05
1463.1,,,,,,,,,,2.35e-05,9e-05,0.000296,2.35e-05
1463.2,,,,,,,,,,2.09969e-05,8.79982e-05,0.000297001,2.40012e-05
1463.3,,,,,,,,,,1.84985e-05,8.64991e-05,0.000298001,2.50006e-05
1463.4,,,,,,,,,,1.6e-05,8.5e-05,0.000299,2.6e-05
1463.5,,,,,,,,,,1.3e-05,8.35e-05,0.0003005,2.65e-05
1463.6,,,,,,,,,,1e-05,8.2e-05,0.000302,2.7e-05
1463.7,,,,,,,,,,7.49847e-06,8.04991e-05,0.000303001,2.80006e-05
1463.8,,,,,,,,,,5e-06,7.9e-05,0.000304,2.9e-05
1463.9,,,,,,,,,,2.5e-06,7.75e-05,0.000305,3e-05
1464.0,,,,,,,,,,,7.6e-05,0.000306,3.1e-05
1464.1,,,,,,,,,,2e-06,7.55e-05,0.0003065,3.25e-05
1464.2,,,,,,,,,,4.00244e-06,7.49994e-05,0.000307001,3.40024e-05
1464.3,,,,,,,,,,6.00122e-06,7.44997e-05,0.0003075,3.60012e-05
1464.4,,,,,,,,,,8e-06,7.4e-05,0.000308,3.8e-05
1464.5,,,,,,,,,,9.5e-06,7.4e-05,0.000309,4e-05
1464.6,,,,,,,,,,1.1e-05,7.4e-05,0.00031,4.2e-05
1464.7,,,,,,,,,,1.30012e-05,7.34997e-05,0.0003105,4.40012e-05
1464.8,,,,,,,,,,1.5e-05,7.3e-05,0.000311,4.6e-05
1464.9,,,,,,,,,,1.7e-05,7.25e-05,0.0003115,4.8e-05
1465.0,,,,,,,,,,1.9e-05,7.2e-05,0.000312,5e-05
1465.1,,,,,,,,,,1.7e-05,6.9e-05,0.000312,4.95e-05
1465.2,,,,,,,,,,1.49976e-05,6.59963e-05,0.000312001,4.9e-05
1465.3,,,,,,,,,,1.29988e-05,6.29982e-05,0.0003125,4.9e-05
1465.4,,,,,,,,,,1.1e-05,6e-05,0.000313,4.9e-05
1465.5,,,,,,,,,,9.5e-06,5.75e-05,0.0003135,4.9e-05
1465.6,,,,,,,,,,8e-06,5.5e-05,0.000314,4.9e-05
1465.7,,,,,,,,,,5.99878e-06,5.19982e-05,0.0003145,4.84997e-05
1465.8,,,,,,,,,,4e-06,4.9e-05,0.000315,4.8e-05
1465.9,,,,,,,,,,2e-06,4.6e-05,0.000315,4.8e-05
1466.0,,,,,,,,,,,4.3e-05,0.000315,4.8e-05
1466.1,,,,,,,,,,,3.85e-05,0.000315,4.6e-05
1466.2,,,,,,,,,,,3.39951e-05,0.000315001,4.39969e-05
1466.3,,,,,,,,,,,2.99976e-05,0.0003155,4.14985e-05
1466.4,,,,,,,,,,,2.6e-05,0.000316,3.9e-05
1466.5,,,,,,,,,,,2.2e-05,0.000316,3.7e-05
1466.6,,,,,,,,,,,1.8e-05,0.000316,3.5e-05
1466.7,,,,,,,,,,,1.34973e-05,0.000316,3.24985e-05
1466.8,,,,,,,,,,,9e-06,0.000316,3e-05
1466.9,,,,,,,,,,,5e-06,0.0003165,2.8e-05
1467.0,,,,,,,,,,,1e-06,0.000317,2.6e-05
1467.1,,,,,,,,,,,1e-06,0.000317,2.45e-05
1467.2,,,,,,,,,,,1e-06,0.000317,2.29982e-05
1467.3,,,,,,,,,,,1e-06,0.000317,2.14991e-05
1467.4,,,,,,,,,,,1e-06,0.000317,2e-05
1467.5,,,,,,,,,,,5e-07,0.0003175,1.85e-05
1467.6,,,,,,,,,,,,0.000318,1.7e-05
1467.7,,,,,,,,,,,,0.000318,1.54991e-05
1467.8,,,,,,,,,,,,0.000318,1.4e-05
1467.9,,,,,,,,,,,,0.0003185,1.25e-05
1468.0,,,,,,,,,,,,0.000319,1.1e-05
1468.1,,,,,,,,,,,,0.0003195,1e-05
1468.2,,,,,,,,,,,,0.000320001,8.99878e-06
1468.3,,,,,,,,,,,,0.000321001,7.99939e-06
1468.4,,,,,,,,,,,,0.000322,7e-06
1468.5,,,,,,,,,,,,0.0003225,5.5e-06
1468.6,,,,,,,,,,,,0.000323,4e-06
1468.7,,,,,,,,,,,,0.000324001,2.99939e-06
1468.8,,,,,,,,,,,,0.000325,2e-06
1468.9,,,,,,,,,,,,0.0003255,1e-06
1469.0,,,,,,,,,,,,0.000326,
1469.1,,,,,,,,,,5e-07,,0.000327,
1469.2,,,,,,,,,,1e-06,,0.000328001,
1469.3,,,,,,,,,,1e-06,,0.0003285,
1469.4,,,,,,,,,,1e-06,,0.000329,
1469.5,,,,,,,,,,1.5e-06,,0.00033,
1469.6,,,,,,,,,,2e-06,,0.000331,
1469.7,,,,,,,,,,2e-06,,0.000332001,
1469.8,,,,,,,,,,2e-06,,0.000333,
1469.9,,,,,,,,,,2.5e-06,,0.0003335,
1470.0,,,,,,,,,,3e-06,,0.000334,
1470.1,,,,,,,,,,3e-06,5e-07,0.0003345,
1470.2,,,,,,,,,,3e-06,1.00061e-06,0.000335001,
1470.3,,,,,,,,,,3e-06,1.50031e-06,0.000336001,
1470.4,,,,,,,,,,3e-06,2e-06,0.000337,
1470.5,,,,,,,,,,3e-06,2.5e-06,0.0003375,
1470.6,,,,,,,,,,3e-06,3e-06,0.000338,
1470.7,,,,,,,,,,3e-06,3.50031e-06,0.0003385,
1470.8,,,,,,,,,,3e-06,4e-06,0.000339,
1470.9,,,,,,,,,,3e-06,4e-06,0.0003395,
1471.0,,,,,,,,,,3e-06,4e-06,0.00034,
1471.1,,,,,,,,,,5e-06,4.5e-06,0.00034,
1471.2,,,,,,,,,,7.00244e-06,5e-06,0.000340001,
1471.3,,,,,,,,,,9.00122e-06,5e-06,0.0003405,
1471.4,,,,,,,,,,1.1e-05,5e-06,0.000341,
1471.5,,,,,,,,,,1.3e-05,5.5e-06,0.000341,
1471.6,,,,,,,,,,1.5e-05,6e-06,0.000341,
1471.7,,,,,,,,,,1.65009e-05,6e-06,0.000341,
1471.8,,,,,,,,,,1.8e-05,6e-06,0.000341,
1471.9,,,,,,,,,,2e-05,6.5e-06,0.000341,
1472.0,,,,,,,,,,2.2e-05,7e-06,0.000341,
1472.1,,,,,,,,,,2.05e-05,8e-06,0.00034,
1472.2,,,,,,,,,,1.89982e-05,9.00183e-06,0.000338999,
1472.3,,,,,,,,,,1.74991e-05,1.05009e-05,0.000337999,
1472.4,,,,,,,,,,1.6e-05,1.2e-05,0.000337,
1472.5,,,,,,,,,,1.45e-05,1.35e-05,0.000336,
1472.6,,,,,,,,,,1.3e-05,1.5e-05,0.000335,
1472.7,,,,,,,,,,1.19994e-05,1.60006e-05,0.000333999,
1472.8,,,,,,,,,,1.1e-05,1.7e-05,0.000333,
1472.9,,,,,,,,,,9.5e-06,1.85e-05,0.000332,
1473.0,,,,,,,,,,8e-06,2e-05,0.000331,
1473.1,,,,,,,,,,7e-06,2.1e-05,0.00033,
1473.2,,,,,,,,,,5.99939e-06,2.20012e-05,0.000328999,
1473.3,,,,,,,,,,5.49969e-06,2.30006e-05,0.000327999,
1473.4,,,,,,,,,,5e-06,2.4e-05,0.000327,
1473.5,,,,,,,,,,4e-06,2.55e-05,0.000326,
1473.6,,,,,,,,,,3e-06,2.7e-05,0.000325,
1473.7,,,,,,,,,,2.4997e-06,2.80006e-05,0.000323999,
1473.8,,,,,,,,,,2e-06,2.9e-05,0.000323,
1473.9,,,,,,,,,,1e-06,3e-05,0.000322,
1474.0,,,,,,,,,,,3.1e-05,0.000321,
1474.1,,,,,,,,,,,3.2e-05,0.000321,
1474.2,,,,,,,,,,,3.30006e-05,0.000321,
1474.3,,,,,,,,,,,3.35003e-05,0.000321,
1474.4,,,,,,,,,,,3.4e-05,0.000321,
1474.5,,,,,,,,,,,3.5e-05,0.000321,
1474.6,,,,,,,,,,,3.6e-05,0.000321,
1474.7,,,,,,,,,,,3.70006e-05,0.0003215,
1474.8,,,,,,,,,,,3.8e-05,0.000322,
1474.9,,,,,,,,,,,3.9e-05,0.000322,
1475.0,,,,,,,,,,,4e-05,0.000322,
1475.1,,,,,,,,,,,3.95e-05,0.000323,
1475.2,,,,,,,,,,,3.89994e-05,0.000324001,
1475.3,,,,,,,,,,,3.84997e-05,0.0003245,
1475.4,,,,,,,,,,,3.8e-05,0.000325,
1475.5,,,,,,,,,,,3.75e-05,0.000326,
1475.6,,,,,,,,,,,3.7e-05,0.000327,
1475.7,,,,,,,,,,,3.64997e-05,0.000328001,
1475.8,,,,,,,,,,,3.6e-05,0.000329,
1475.9,,,,,,,,,,,3.55e-05,0.00033,
1476.0,,,,,,,,,,,3.5e-05,0.000331,
1476.1,,,,,,,,,,,3.45e-05,0.0003325,
1476.2,,,,,,,,,,,3.39994e-05,0.000334002,
1476.3,,,,,,,,,,,3.34997e-05,0.000335501,
1476.4,,,,,,,,,,,3.3e-05,0.000337,
1476.5,,,,,,,,,,,3.25e-05,0.000339,
1476.6,,,,,,,,,,,3.2e-05,0.000341,
1476.7,,,,,,,,,,,3.14997e-05,0.000342501,
1476.8,,,,,,,,,,,3.1e-05,0.000344,
1476.9,,,,,,,,,,,3.05e-05,0.0003455,
1477.0,,,,,,,,,,,3e-05,0.000347,
1477.1,,,,,,,,,,,2.75e-05,0.000349,
1477.2,,,,,,,,,,,2.49976e-05,0.000351002,
1477.3,,,,,,,,,,,2.29988e-05,0.000353001,
1477.4,,,,,,,,,,,2.1e-05,0.000355,
1477.5,,,,,,,,,,,1.9e-05,0.000357,
1477.6,,,,,,,,,,,1.7e-05,0.000359,
1477.7,,,,,,,,,,,1.49988e-05,0.000361001,
1477.8,,,,,,,,,,,1.3e-05,0.000363,
1477.9,,,,,,,,,,,1.05e-05,0.000365,
1478.0,,,,,,,,,,,8e-06,0.000367,
1478.1,,,,,,,,,,,9.5e-06,0.000369,
1478.2,,,,,,,,,,,1.10018e-05,0.000371003,
1478.3,,,,,,,,,,,1.25009e-05,0.000373502,
1478.4,,,,,,,,,,,1.4e-05,0.000376,
1478.5,,,,,,,,,,,1.55e-05,0.000378,
1478.6,,,,,,,,,,,1.7e-05,0.00038,
1478.7,,,,,,,,,,,1.85009e-05,0.000382001,
1478.8,,,,,,,,,,,2e-05,0.000384,
1478.9,,,,,,,,,,,2.15e-05,0.000386,
1479.0,,,,,,,,,,,2.3e-05,0.000388,
1479.1,,,,,,,,,,,2.25e-05,0.0003895,
1479.2,,,,,,,,,,,2.19988e-05,0.000391002,
1479.3,,,,,,,,,,,2.09994e-05,0.000393001,
1479.4,,,,,,,,,,,2e-05,0.000395,
1479.5,,,,,,,,,,,1.95e-05,0.000397,
1479.6,,,,,,,,,,,1.9e-05,0.000399,
1479.7,,,,,,,,,,,1.84997e-05,0.000401001,
1479.8,,,,,,,,,,,1.8e-05,0.000403,
1479.9,,,,,,,,,,,1.7e-05,0.0004045,
1480.0,,,,,,,,,,,1.6e-05,0.000406,
1480.1,,,,,,,,,,,1.6e-05,0.0004075,
1480.2,,,,,,,,,,,1.6e-05,0.000409001,
1480.3,,,,,,,,,,,1.6e-05,0.000410001,
1480.4,,,,,,,,,,,1.6e-05,0.000411,
1480.5,,,,,,,,,,,1.55e-05,0.000412,
1480.6,,,,,,,,,,,1.5e-05,0.000413,
1480.7,,,,,,,,,,,1.5e-05,0.000414001,
1480.8,,,,,,,,,,,1.5e-05,0.000415,
1480.9,,,,,,,,,,,1.5e-05,0.000416,
1481.0,,,,,,,,,,,1.5e-05,0.000417,
1481.1,,,,,,,,,,,1.35e-05,0.0004175,5e-07
1481.2,,,,,,,,,,,1.19982e-05,0.000418001,1e-06
1481.3,,,,,,,,,,,1.04991e-05,0.000419001,1e-06
1481.4,,,,,,,,,,,9e-06,0.00042,1e-06
1481.5,,,,,,,,,,,7.5e-06,0.0004205,1.5e-06
1481.6,,,,,,,,,,,6e-06,0.000421,2e-06
1481.7,,,,,,,,,,,4.49908e-06,0.000422001,2e-06
1481.8,,,,,,,,,,,3e-06,0.000423,2e-06
1481.9,,,,,,,,,,,1.5e-06,0.0004235,2.5e-06
1482.0,,,,,,,,,,,,0.000424,3e-06
1482.1,,,,,,,,,,5e-07,5e-07,0.000425,3.5e-06
1482.2,,,,,,,,,,1e-06,1.00061e-06,0.000426001,4.00061e-06
1482.3,,,,,,,,,,1e-06,1.50031e-06,0.0004265,4.5003e-06
1482.4,,,,,,,,,,1e-06,2e-06,0.000427,5e-06
1482.5,,,,,,,,,,1.5e-06,2e-06,0.000428,5.5e-06
1482.6,,,,,,,,,,2e-06,2e-06,0.000429,6e-06
1482.7,,,,,,,,,,2e-06,2.50031e-06,0.0004295,6.50031e-06
1482.8,,,,,,,,,,2e-06,3e-06,0.00043,7e-06
1482.9,,,,,,,,,,2.5e-06,3.5e-06,0.000431,7.5e-06
1483.0,,,,,,,,,,3e-06,4e-06,0.000432,8e-06
1483.1,,,,,,,,,,2.5e-06,6.5e-06,0.000433,1e-05
1483.2,,,,,,,,,,2e-06,9.00305e-06,0.000434001,1.20024e-05
1483.3,,,,,,,,,,2e-06,1.15015e-05,0.000435001,1.40012e-05
1483.4,,,,,,,,,,2e-06,1.4e-05,0.000436,1.6e-05
1483.5,,,,,,,,,,1.5e-06,1.7e-05,0.000437,1.8e-05
1483.6,,,,,,,,,,1e-06,2e-05,0.000438,2e-05
1483.7,,,,,,,,,,1e-06,2.25015e-05,0.000439001,2.20012e-05
1483.8,,,,,,,,,,1e-06,2.5e-05,0.00044,2.4e-05
1483.9,,,,,,,,,,5e-07,2.75e-05,0.000441,2.55e-05
1484.0,,,,,,,,,,,3e-05,0.000442,2.7e-05
1484.1,,,,,,,,,,,2.8e-05,0.0004435,2.65e-05
1484.2,,,,,,,,,,,2.59976e-05,0.000445002,2.59994e-05
1484.3,,,,,,,,,,,2.39988e-05,0.000446501,2.54997e-05
1484.4,,,,,,,,,,,2.2e-05,0.000448,2.5e-05
1484.5,,,,,,,,,,,1.95e-05,0.0004495,2.4e-05
1484.6,,,,,,,,,,,1.7e-05,0.000451,2.3e-05
1484.7,,,,,,,,,,,1.49988e-05,0.000452501,2.24997e-05
1484.8,,,,,,,,,,,1.3e-05,0.000454,2.2e-05
1484.9,,,,,,,,,,,1.1e-05,0.0004555,2.1e-05
1485.0,,,,,,,,,,,9e-06,0.000457,2e-05
1485.1,,,,,,,,,,,1.05e-05,0.0004595,2.1e-05
1485.2,,,,,,,,,,6.10128e-10,1.20018e-05,0.000462002,2.20018e-05
1485.3,,,,,,,,,,5.00305e-07,1.35009e-05,0.000464001,2.35009e-05
1485.4,,,,,,,,,,1e-06,1.5e-05,0.000466,2.5e-05
1485.5,,,,,,,,,,1e-06,1.65e-05,0.000468,2.6e-05
1485.6,,,,,,,,,,1e-06,1.8e-05,0.00047,2.7e-05
1485.7,,,,,,,,,,1e-06,1.95009e-05,0.000472001,2.80006e-05
1485.8,,,,,,,,,,1e-06,2.1e-05,0.000474,2.9e-05
1485.9,,,,,,,,,,1.5e-06,2.25e-05,0.000476,3.05e-05
1486.0,,,,,,,,,,2e-06,2.4e-05,0.000478,3.2e-05
1486.1,,,,,,,,,,1.5e-06,2.55e-05,0.000481,3.1e-05
1486.2,,,,,,,,,,1e-06,2.70024e-05,0.000484003,2.99988e-05
1486.3,,,,,,,,,,1e-06,2.90012e-05,0.000486502,2.89994e-05
1486.4,,,,,,,,,,1e-06,3.1e-05,0.000489,2.8e-05
1486.5,,,,,,,,,,1e-06,3.25e-05,0.000492,2.75e-05
1486.6,,,,,,,,,,1e-06,3.4e-05,0.000495,2.7e-05
1486.7,,,,,,,,,,4.99695e-07,3.60012e-05,0.000497502,2.59994e-05
1486.8,,,,,,,,,,,3.8e-05,0.0005,2.5e-05
1486.9,,,,,,,,,,,3.95e-05,0.000503,2.45e-05
1487.0,,,,,,,,,,,4.1e-05,0.000506,2.4e-05
1487.1,,,,,,,,,,,4.3e-05,0.000509,2.45e-05
1487.2,,,,,,,,,,,4.50024e-05,0.000512004,2.50012e-05
1487.3,,,,,,,,,,,4.70012e-05,0.000515002,2.60006e-05
1487.4,,,,,,,,,,,4.9e-05,0.000518,2.7e-05
1487.5,,,,,,,,,,,5.1e-05,0.0005215,2.8e-05
1487.6,,,,,,,,,,,5.3e-05,0.000525,2.9e-05
1487.7,,,,,,,,,,,5.50012e-05,0.000528002,2.95003e-05
1487.8,,,,,,,,,,,5.7e-05,0.000531,3e-05
1487.9,,,,,,,,,,,5.9e-05,0.000534,3.1e-05
1488.0,,,,,,,,,,,6.1e-05,0.000537,3.2e-05
1488.1,,,,,,,,,,1e-06,6.3e-05,0.0005405,3.15e-05
1488.2,,,,,,,,,,2.00122e-06,6.50024e-05,0.000544004,3.09994e-05
1488.3,,,,,,,,,,3.00061e-06,6.70012e-05,0.000547502,3.04997e-05
1488.4,,,,,,,,,,4e-06,6.9e-05,0.000551,3e-05
1488.5,,,,,,,,,,4.5e-06,7.1e-05,0.0005545,2.95e-05
1488.6,,,,,,,,,,5e-06,7.3e-05,0.000558,2.9e-05
1488.7,,,,,,,,,,6.00061e-06,7.50012e-05,0.000561502,2.84997e-05
1488.8,,,,,,,,,,7e-06,7.7e-05,0.000565,2.8e-05
1488.9,,,,,,,,,,8e-06,7.9e-05,0.0005685,2.7e-05
1489.0,,,,,,,,,,9e-06,8.1e-05,0.000572,2.6e-05
1489.1,,,,,,,,,,1.5e-05,8.3e-05,0.000576,2.55e-05
1489.2,,,,,,,,,,2.10073e-05,8.50018e-05,0.000580005,2.49994e-05
1489.3,,,,,,,,,,2.70037e-05,8.65009e-05,0.000584002,2.44997e-05
1489.4,,,,,,,,,,3.3e-05,8.8e-05,0.000588,2.4e-05
1489.5,,,,,,,,,,3.9e-05,8.95e-05,0.000592,2.35e-05
1489.6,,,,,,,,,,4.5e-05,9.1e-05,0.000596,2.3e-05
1489.7,,,,,,,,,,5.10037e-05,9.30012e-05,0.000600002,2.19994e-05
1489.8,,,,,,,,,,5.7e-05,9.5e-05,0.000604,2.1e-05
1489.9,,,,,,,,,,6.3e-05,9.65e-05,0.000608,2.05e-05
1490.0,,,,,,,,,,6.9e-05,9.8e-05,0.000612,2e-05
1490.1,,,,,,,,,,6.75e-05,9.55e-05,0.0006165,1.9e-05
1490.2,,,,,,,,,,6.59982e-05,9.2997e-05,0.000621005,1.79982e-05
1490.3,,,,,,,,,,6.44991e-05,9.04985e-05,0.000625503,1.64991e-05
1490.4,,,,,,,,,,6.3e-05,8.8e-05,0.00063,1.5e-05
1490.5,,,,,,,,,,6.2e-05,8.55e-05,0.000635,1.35e-05
1490.6,,,,,,,,,,6.1e-05,8.3e-05,0.00064,1.2e-05
1490.7,,,,,,,,,,5.94991e-05,8.04985e-05,0.000644503,1.04991e-05
1490.8,,,,,,,,,,5.8e-05,7.8e-05,0.000649,9e-06
1490.9,,,,,,,,,,5.65e-05,7.55e-05,0.0006535,8e-06
1491.0,,,,,,,,,,5.5e-05,7.3e-05,0.000658,7e-06
1491.1,,,,,,,,,,5.35e-05,7.15e-05,0.000663,6e-06
1491.2,,,,,,,,,,5.19976e-05,6.99988e-05,0.000668007,4.99939e-06
1491.3,,,,,,,,,,4.99988e-05,6.89994e-05,0.000673503,4.4997e-06
1491.4,,,,,,,,,,4.8e-05,6.8e-05,0.000679,4e-06
1491.5,,,,,,,,,,4.65e-05,6.7e-05,0.000684,3.5e-06
1491.6,,,,,,,,,,4.5e-05,6.6e-05,0.000689,3e-06
1491.7,,,,,,,,,,4.34991e-05,6.44991e-05,0.000694003,1.99939e-06
1491.8,,,,,,,,,,4.2e-05,6.3e-05,0.000699,1e-06
1491.9,,,,,,,,,,4e-05,6.2e-05,0.0007045,5e-07
1492.0,,,,,,,,,,3.8e-05,6.1e-05,0.00071,
1492.1,,,,,,,,,,3.9e-05,5.9e-05,0.000715,
1492.2,,,,,,,,,,4.00006e-05,5.69976e-05,0.000720007,6.10128e-10
1492.3,,,,,,,,,,4.05003e-05,5.49988e-05,0.000725503,5.00305e-07
1492.4,,,,,,,,,,4.1e-05,5.3e-05,0.000731,1e-06
1492.5,,,,,,,,,,4.15e-05,5.05e-05,0.000736,1e-06
1492.6,,,,,,,,,,4.2e-05,4.8e-05,0.000741,1e-06
1492.7,,,,,,,,,,4.25003e-05,4.59988e-05,0.000746503,1e-06
1492.8,,,,,,,,,,4.3e-05,4.4e-05,0.000752,1e-06
1492.9,,,,,,,,,,4.4e-05,4.2e-05,0.0007575,1e-06
1493.0,,,,,,,,,,4.5e-05,4e-05,0.000763,1e-06
1493.1,,,,,,,,,,4.3e-05,3.75e-05,0.000769,1e-06
1493.2,,,,,,,,,,4.09976e-05,3.49976e-05,0.000775007,1.00061e-06
1493.3,,,,,,,,,,3.89988e-05,3.29988e-05,0.000781004,1.50031e-06
1493.4,,,,,,,,,,3.7e-05,3.1e-05,0.000787,2e-06
1493.5,,,,,,,,,,3.5e-05,2.85e-05,0.000793,2e-06
1493.6,,,,,,,,,,3.3e-05,2.6e-05,0.000799,2e-06
1493.7,,,,,,,,,,3.09988e-05,2.34985e-05,0.000805004,2e-06
1493.8,,,,,,,,,,2.9e-05,2.1e-05,0.000811,2e-06
1493.9,,,,,,,,,,2.75e-05,1.85e-05,0.0008175,2.5e-06
1494.0,,,,,,,,,,2.6e-05,1.6e-05,0.000824,3e-06
1494.1,,,,,,,,,,2.8e-05,1.85e-05,0.000831,3.5e-06
1494.2,,,,,,,,,,3.00024e-05,2.10024e-05,0.000838009,4.00061e-06
1494.3,,,,,,,,,,3.20012e-05,2.30012e-05,0.000845505,4.5003e-06
1494.4,,,,,,,,,,3.4e-05,2.5e-05,0.000853,5e-06
1494.5,,,,,,,,,,3.6e-05,2.7e-05,0.00086,5.5e-06
1494.6,,,,,,,,,,3.8e-05,2.9e-05,0.000867,6e-06
1494.7,,,,,,,,,,4.00012e-05,3.10012e-05,0.000874505,7.00061e-06
1494.8,,,,,,,,,,4.2e-05,3.3e-05,0.000882,8e-06
1494.9,,,,,,,,,,4.45e-05,3.55e-05,0.000889,8.5e-06
1495.0,,,,,,,,,,4.7e-05,3.8e-05,0.000896,9e-06
1495.1,,,,,,,,,,5.1e-05,3.85e-05,0.000905,1e-05
1495.2,,,,,,,,,,5.50055e-05,3.90006e-05,0.000914011,1.10012e-05
1495.3,,,,,,,,,,5.95027e-05,3.95003e-05,0.000923005,1.20006e-05
1495.4,,,,,,,,,,6.4e-05,4e-05,0.000932,1.3e-05
1495.5,,,,,,,,,,6.8e-05,4.1e-05,0.0009405,1.4e-05
1495.6,,,,,,,,,,7.2e-05,4.2e-05,0.000949,1.5e-05
1495.7,,,,,,,,,,7.65027e-05,4.25003e-05,0.000958005,1.60006e-05
1495.8,,,,,,,,,,8.1e-05,4.3e-05,0.000967,1.7e-05
1495.9,,,,,,,,,,8.55e-05,4.35e-05,0.000976,1.8e-05
1496.0,,,,,,,,,,9e-05,4.4e-05,0.000985,1.9e-05
1496.1,,,,,,,,,,8.85e-05,4.5e-05,0.0009955,1.9e-05
1496.2,,,,,,,,,,8.69988e-05,4.60018e-05,0.00100601,1.9e-05
1496.3,,,,,,,,,,8.59994e-05,4.75009e-05,0.00101651,1.9e-05
1496.4,,,,,,,,,,8.5e-05,4.9e-05,0.001027,1.9e-05
1496.5,,,,,,,,,,8.4e-05,5e-05,0.001038,1.9e-05
1496.6,,,,,,,,,,8.3e-05,5.1e-05,0.001049,1.9e-05
1496.7,,,,,,,,,,8.19994e-05,5.20006e-05,0.00105951,1.9e-05
1496.8,,,,,,,,,,8.1e-05,5.3e-05,0.00107,1.9e-05
1496.9,,,,,,,,,,8e-05,5.45e-05,0.001081,1.9e-05
1497.0,,,,,,,,,,7.9e-05,5.6e-05,0.001092,1.9e-05
1497.1,,,,,,,,,,7.4e-05,5.55e-05,0.001105,1.7e-05
1497.2,,,,,,,,,,6.89945e-05,5.49988e-05,0.00111802,1.49982e-05
1497.3,,,,,,,,,,6.44973e-05,5.39994e-05,0.00113101,1.34991e-05
1497.4,,,,,,,,,,6e-05,5.3e-05,0.001144,1.2e-05
1497.5,,,,,,,,,,5.5e-05,5.25e-05,0.001157,1.05e-05
1497.6,,,,,,,,,,5e-05,5.2e-05,0.00117,9e-06
1497.7,,,,,,,,,,4.49969e-05,5.14997e-05,0.00118301,6.99878e-06
1497.8,,,,,,,,,,4e-05,5.1e-05,0.001196,5e-06
1497.9,,,,,,,,,,3.55e-05,5.05e-05,0.0012095,3.5e-06
1498.0,,,,,,,,,,3.1e-05,5e-05,0.001223,2e-06
1498.1,,,,,,,,,,2.8e-05,4.55e-05,0.0012385,1.5e-06
1498.2,,,,,,,,,,2.49963e-05,4.09945e-05,0.00125402,1e-06
1498.3,,,,,,,,,,2.19982e-05,3.64973e-05,0.00127001,1e-06
1498.4,,,,,,,,,,1.9e-05,3.2e-05,0.001286,1e-06
1498.5,,,,,,,,,,1.6e-05,2.75e-05,0.001302,1e-06
1498.6,,,,,,,,,,1.3e-05,2.3e-05,0.001318,1e-06
1498.7,,,,,,,,,,9.99817e-06,1.84973e-05,0.00133401,4.99695e-07
1498.8,,,,,,,,,,7e-06,1.4e-05,0.00135,
1498.9,,,,,,,,,,4.5e-06,9.5e-06,0.001366,
1499.0,,,,,,,,,,2e-06,5e-06,0.001382,
1499.1,,,,,,,,,,1.5e-06,4.5e-06,0.0014005,
1499.2,,,,,,,,,,1e-06,3.99939e-06,0.00141902,
1499.3,,,,,,,,,,1e-06,3.49969e-06,0.00143751,
1499.4,,,,,,,,,,1e-06,3e-06,0.001456,
1499.5,,,,,,,,,,1e-06,2.5e-06,0.0014745,
1499.6,,,,,,,,,,1e-06,2e-06,0.001493,
1499.7,,,,,,,,,,4.99695e-07,1.49969e-06,0.00151151,
1499.8,,,,,,,,,,,1e-06,0.00153,
1499.9,,,,,,,,,,,5e-07,0.0015485,
1500.0,,,,,,,,,,,,0.001567,
1500.1,,,,,,,,,,,,0.001588,
1500.2,,,,,,,,,,,,0.00160903,
1500.3,,,,,,,,,,,,0.00163051,
1500.4,,,,,,,,,,,,0.001652,
1500.5,,,,,,,,,,,,0.001673,
1500.6,,,,,,,,,,,,0.001694,
1500.7,,,,,,,,,,,,0.00171501,
1500.8,,,,,,,,,,,,0.001736,
1500.9,,,,,,,,,,,,0.001757,
1501.0,,,,,,,,,,,,0.001778,
1501.1,,,,,,,,,,,,0.001803,
1501.2,,,,,,,,,,,,0.00182803,
1501.3,,,,,,,,,,,,0.00185251,
1501.4,,,,,,,,,,,,0.001877,
1501.5,,,,,,,,,,,,0.0019015,
1501.6,,,,,,,,,,,,0.001926,
1501.7,,,,,,,,,,,,0.00195102,
1501.8,,,,,,,,,,,,0.001976,
1501.9,,,,,,,,,,,,0.0020005,
1502.0,,,,,,,,,,,,0.002025,
1502.1,,,,,,,,,,,,0.0020535,
1502.2,,,,,,,,,,,,0.00208204,
1502.3,,,,,,,,,,,,0.00211102,
1502.4,,,,,,,,,,,,0.00214,
1502.5,,,,,,,,,,,,0.0021685,
1502.6,,,,,,,,,,,,0.002197,
1502.7,,,,,,,,,,,,0.00222552,
1502.8,,,,,,,,,,,,0.002254,
1502.9,,,,,,,,,,,,0.0022825,
1503.0,,,,,,,,,,,,0.002311,
1503.1,,,,,,,,,,,,0.002345,
1503.2,,,,,,,,,,,,0.00237904,
1503.3,,,,,,,,,,,,0.00241302,
1503.4,,,,,,,,,,,,0.002447,
1503.5,,,,,,,,,,,,0.002481,
1503.6,,,,,,,,,,,,0.002515,
1503.7,,,,,,,,,,,,0.00254902,
1503.8,,,,,,,,,,,,0.002583,
1503.9,,,,,,,,,,,,0.002617,
1504.0,,,,,,,,,,,,0.002651,
1504.1,,,,,,,,,,2e-06,1e-06,0.002691,1.5e-06
1504.2,,,,,,,,,,4.00244e-06,2.00061e-06,0.00273105,3.00183e-06
1504.3,,,,,,,,,,6.00122e-06,2.50031e-06,0.00277152,4.50092e-06
1504.4,,,,,,,,,,8e-06,3e-06,0.002812,6e-06
1504.5,,,,,,,,,,9.5e-06,4e-06,0.0028525,7e-06
1504.6,,,,,,,,,,1.1e-05,5e-06,0.002893,8e-06
1504.7,,,,,,,,,,1.30012e-05,5.50031e-06,0.00293302,9.50092e-06
1504.8,,,,,,,,,,1.5e-05,6e-06,0.002973,1.1e-05
1504.9,,,,,,,,,,1.7e-05,7e-06,0.0030135,1.25e-05
1505.0,,,,,,,,,,1.9e-05,8e-06,0.003054,1.4e-05
1505.1,,,,,,,,,,2e-05,1e-05,0.0031025,1.3e-05
1505.2,,,,,,,,,,2.10018e-05,1.20024e-05,0.00315106,1.19988e-05
1505.3,,,,,,,,,,2.25009e-05,1.40012e-05,0.00319953,1.09994e-05
1505.4,,,,,,,,,,2.4e-05,1.6e-05,0.003248,1e-05
1505.5,,,,,,,,,,2.5e-05,1.8e-05,0.0032965,9.5e-06
1505.6,,,,,,,,,,2.6e-05,2e-05,0.003345,9e-06
1505.7,,,,,,,,,,2.75009e-05,2.20012e-05,0.00339353,7.99939e-06
1505.8,,,,,,,,,,2.9e-05,2.4e-05,0.003442,7e-06
1505.9,,,,,,,,,,3e-05,2.6e-05,0.0034905,6.5e-06
1506.0,,,,,,,,,,3.1e-05,2.8e-05,0.003539,6e-06
1506.1,,,,,,,,,,3.05e-05,2.75e-05,0.003597,5.5e-06
1506.2,,,,,,,,,,2.99994e-05,2.69994e-05,0.00365507,4.99939e-06
1506.3,,,,,,,,,,2.94997e-05,2.64997e-05,0.00371304,4.4997e-06
1506.4,,,,,,,,,,2.9e-05,2.6e-05,0.003771,4e-06
1506.5,,,,,,,,,,2.85e-05,2.55e-05,0.003829,3e-06
1506.6,,,,,,,,,,2.8e-05,2.5e-05,0.003887,2e-06
1506.7,,,,,,,,,,2.74997e-05,2.44997e-05,0.00394504,1.49969e-06
1506.8,,,,,,,,,,2.7e-05,2.4e-05,0.004003,1e-06
1506.9,,,,,,,,,,2.65e-05,2.35e-05,0.004061,5e-07
1507.0,,,,,,,,,,2.6e-05,2.3e-05,0.004119,
1507.1,,,,,,,,,,2.45e-05,2.15e-05,0.0041895,
1507.2,,,,,,,,,,2.29982e-05,1.99976e-05,0.00426009,
1507.3,,,,,,,,,,2.14991e-05,1.79988e-05,0.00433004,
1507.4,,,,,,,,,,2e-05,1.6e-05,0.0044,
1507.5,,,,,,,,,,1.85e-05,1.45e-05,0.00447,
1507.6,,,,,,,,,,1.7e-05,1.3e-05,0.00454,
1507.7,,,,,,,,,,1.54991e-05,1.14991e-05,0.00461004,
1507.8,,,,,,,,,,1.4e-05,1e-05,0.00468,
1507.9,,,,,,,,,,1.25e-05,8.5e-06,0.0047505,
1508.0,,,,,,,,,,1.1e-05,7e-06,0.004821,
1508.1,,,,,,,,,,1.3e-05,7.5e-06,0.004905,
1508.2,,,,,,,,,,1.50024e-05,8.00122e-06,0.0049891,
1508.3,,,,,,,,,,1.70012e-05,9.00061e-06,0.00507355,
1508.4,,,,,,,,,,1.9e-05,1e-05,0.005158,
1508.5,,,,,,,,,,2.1e-05,1.1e-05,0.005242,
1508.6,,,,,,,,,,2.3e-05,1.2e-05,0.005326,
1508.7,,,,,,,,,,2.55015e-05,1.25003e-05,0.00541005,
1508.8,,,,,,,,,,2.8e-05,1.3e-05,0.005494,
1508.9,,,,,,,,,,3e-05,1.4e-05,0.0055785,
1509.0,,,,,,,,,,3.2e-05,1.5e-05,0.005663,
1509.1,,,,,,,,,,3.45e-05,1.55e-05,0.005765,
1509.2,,,,,,,,,,3.70037e-05,1.6e-05,0.00586712,
1509.3,,,,,,,,,,4.00018e-05,1.6e-05,0.00596906,
1509.4,,,,,,,,,,4.3e-05,1.6e-05,0.006071,
1509.5,,,,,,,,,,4.55e-05,1.65e-05,0.0061735,
1509.6,,,,,,,,,,4.8e-05,1.7e-05,0.006276,
1509.7,,,,,,,,,,5.05015e-05,1.7e-05,0.00637806,
1509.8,,,,,,,,,,5.3e-05,1.7e-05,0.00648,
1509.9,,,,,,,,,,5.6e-05,1.75e-05,0.006582,
1510.0,,,,,,,,,,5.9e-05,1.8e-05,0.006684,
1510.1,,,,,,,,,,5.4e-05,1.7e-05,0.006805,
1510.2,,,,,,,,,,4.89939e-05,1.59988e-05,0.00692615,
1510.3,,,,,,,,,,4.39969e-05,1.49994e-05,0.00704657,
1510.4,,,,,,,,,,3.9e-05,1.4e-05,0.007167,
1510.5,,,,,,,,,,3.45e-05,1.3e-05,0.007288,
1510.6,,,,,,,,,,3e-05,1.2e-05,0.007409,
1510.7,,,,,,,,,,2.49969e-05,1.04991e-05,0.00752957,
1510.8,,,,,,,,,,2e-05,9e-06,0.00765,
1510.9,,,,,,,,,,1.5e-05,8e-06,0.007771,
1511.0,,,,,,,,,,1e-05,7e-06,0.007892,
1511.1,,,,,,,,,,9e-06,6.5e-06,0.008039,
1511.2,,,,,,,,,,7.99878e-06,5.99878e-06,0.00818618,
1511.3,,,,,,,,,,6.99939e-06,4.99939e-06,0.00833359,
1511.4,,,,,,,,,,6e-06,4e-06,0.008481,
1511.5,,,,,,,,,,5e-06,3.5e-06,0.0086285,
1511.6,,,,,,,,,,4e-06,3e-06,0.008776,
1511.7,,,,,,,,,,2.99939e-06,1.99939e-06,0.00892359,
1511.8,,,,,,,,,,2e-06,1e-06,0.009071,
1511.9,,,,,,,,,,1e-06,5e-07,0.009218,
1512.0,,,,,,,,,,,,0.009365,
1512.1,,,,,,,,,,5e-07,2.5e-06,0.0095445,
1512.2,,,,,,,,,,1.00061e-06,5.00244e-06,0.00972422,
1512.3,,,,,,,,,,1.50031e-06,7.00122e-06,0.00990361,
1512.4,,,,,,,,,,2e-06,9e-06,0.010083,
1512.5,,,,,,,,,,2e-06,1.15e-05,0.0102625,
1512.6,,,,,,,,,,2e-06,1.4e-05,0.010442,
1512.7,,,,,,,,,,2.50031e-06,1.60012e-05,0.0106216,
1512.8,,,,,,,,,,3e-06,1.8e-05,0.010801,
1512.9,,,,,,,,,,3.5e-06,2.05e-05,0.0109805,
1513.0,,,,,,,,,,4e-06,2.3e-05,0.01116,
1513.1,,,,,,,,,,3.5e-06,2.15e-05,0.01138,
1513.2,,,,,,,,,,2.99939e-06,1.99982e-05,0.0116003,
1513.3,,,,,,,,,,2.4997e-06,1.84991e-05,0.0118201,
1513.4,,,,,,,,,,2e-06,1.7e-05,0.01204,
1513.5,,,,,,,,,,2e-06,1.55e-05,0.0122605,
1513.6,,,,,,,,,,2e-06,1.4e-05,0.012481,
1513.7,,,,,,,,,,1.49969e-06,1.19988e-05,0.0127011,
1513.8,,,,,,,,,,1e-06,1e-05,0.012921,
1513.9,,,,,,,,,,5e-07,8.5e-06,0.013141,
1514.0,,,,,,,,,,,7e-06,0.013361,
1514.1,,,,,,,,,,,6.5e-06,0.0136315,
1514.2,,,,,,,,,,,5.99878e-06,0.0139023,
1514.3,,,,,,,,,,,4.99939e-06,0.0141722,
1514.4,,,,,,,,,,,4e-06,0.014442,
1514.5,,,,,,,,,,,3.5e-06,0.0147125,
1514.6,,,,,,,,,,,3e-06,0.014983,
1514.7,,,,,,,,,,,1.99939e-06,0.0152532,
1514.8,,,,,,,,,,,1e-06,0.015523,
1514.9,,,,,,,,,,,5e-07,0.0157935,
1515.0,,,,,,,,,,,,0.016064,
1515.1,,,,,,,,,,,,0.0163985,
1515.2,,,,,,,,,,,,0.0167334,
1515.3,,,,,,,,,,,,0.0170677,
1515.4,,,,,,,,,,,,0.017402,
1515.5,,,,,,,,,,,,0.017737,
1515.6,,,,,,,,,,,,0.018072,
1515.7,,,,,,,,,,,,0.0184067,
1515.8,,,,,,,,,,,,0.018741,
1515.9,,,,,,,,,,,,0.0190755,
1516.0,,,,,,,,,,,,0.01941,
1516.1,,,,,,,,,,,,0.0198205,
1516.2,,,,,,,,,,,,0.0202315,
1516.3,,,,,,,,,,,,0.0206413,
1516.4,,,,,,,,,,,,0.021051,
1516.5,,,,,,,,,,,,0.021461,
1516.6,,,,,,,,,,,,0.021871,
1516.7,,,,,,,,,,,,0.0222818,
1516.8,,,,,,,,,,,,0.022692,
1516.9,,,,,,,,,,,,0.023102,
1517.0,,,,,,,,,,,,0.023512,
1517.1,,,,,,,,,,,,0.024022,
1517.2,,,,,,,,,,,,0.0245326,
1517.3,,,,,,,,,,,,0.0250423,
1517.4,,,,,,,,,,,,0.025552,
1517.5,,,,,,,,,,,,0.026062,
1517.6,,,,,,,,,,,,0.026572,
1517.7,,,,,,,,,,,,0.0270818,
1517.8,,,,,,,,,,,,0.027591,
1517.9,,,,,,,,,,,,0.028101,
1518.0,,,,,,,,,,,,0.028611,
1518.1,,,,,,,,,,2.5e-06,,0.0292335,5e-07
1518.2,,,,,,,,,,5.00244e-06,,0.0298568,1.00061e-06
1518.3,,,,,,,,,,7.00122e-06,,0.0304789,1.50031e-06
1518.4,,,,,,,,,,9e-06,,0.031101,2e-06
1518.5,,,,,,,,,,1.15e-05,,0.0317235,2.5e-06
1518.6,,,,,,,,,,1.4e-05,,0.032346,3e-06
1518.7,,,,,,,,,,1.60012e-05,,0.0329684,3.50031e-06
1518.8,,,,,,,,,,1.8e-05,,0.03359,4e-06
1518.9,,,,,,,,,,2.05e-05,,0.0342125,4.5e-06
1519.0,,,,,,,,,,2.3e-05,,0.034835,5e-06
1519.1,,,,,,,,,,2.8e-05,,0.0355985,5.5e-06
1519.2,,,,,,,,,,3.30055e-05,,0.0363629,6.00122e-06
1519.3,,,,,,,,,,3.75027e-05,,0.037126,7.00061e-06
1519.4,,,,,,,,,,4.2e-05,,0.037889,8e-06
1519.5,,,,,,,,,,4.7e-05,,0.0386525,9e-06
1519.6,,,,,,,,,,5.2e-05,,0.039416,1e-05
1519.7,,,,,,,,,,5.7003e-05,,0.04018,1.10006e-05
1519.8,,,,,,,,,,6.2e-05,,0.040943,1.2e-05
1519.9,,,,,,,,,,6.65e-05,,0.0417065,1.3e-05
1520.0,,,,,,,,,,7.1e-05,,0.04247,1.4e-05
1520.1,,,,,,,,,,7.55e-05,2.5e-06,0.043408,1.5e-05
1520.2,,,,,,,,,,8.00055e-05,5.00244e-06,0.0443471,1.60018e-05
1520.3,,,,,,,,,,8.45027e-05,7.00122e-06,0.0452846,1.75009e-05
1520.4,,,,,,,,,,8.9e-05,9e-06,0.046222,1.9e-05
1520.5,,,,,,,,,,9.35e-05,1.15e-05,0.04716,2.05e-05
1520.6,,,,,,,,,,9.8e-05,1.4e-05,0.048098,2.2e-05
1520.7,,,,,,,,,,0.000102503,1.65015e-05,0.0490366,2.30006e-05
1520.8,,,,,,,,,,0.000107,1.9e-05,0.049974,2.4e-05
1520.9,,,,,,,,,,0.0001115,2.1e-05,0.050912,2.55e-05
1521.0,,,,,,,,,,0.000116,2.3e-05,0.05185,2.7e-05
1521.1,,,,,,,,,,0.0001135,2.35e-05,0.0529855,2.7e-05
1521.2,,,,,,,,,,0.000110998,2.40006e-05,0.0541224,2.7e-05
1521.3,,,,,,,,,,0.000108999,2.45003e-05,0.0552567,2.7e-05
1521.4,,,,,,,,,,0.000107,2.5e-05,0.056391,2.7e-05
1521.5,,,,,,,,,,0.0001045,2.55e-05,0.0575265,2.7e-05
1521.6,,,,,,,,,,0.000102,2.6e-05,0.058662,2.7e-05
1521.7,,,,,,,,,,9.94985e-05,2.65003e-05,0.0597977,2.7e-05
1521.8,,,,,,,,,,9.7e-05,2.7e-05,0.060932,2.7e-05
1521.9,,,,,,,,,,9.5e-05,2.75e-05,0.0620675,2.7e-05
1522.0,,,,,,,,,,9.3e-05,2.8e-05,0.063203,2.7e-05
1522.1,,,,,,,,,,9.15e-05,2.8e-05,0.0645735,2.55e-05
1522.2,,,,,,,,,,8.99988e-05,2.8e-05,0.0659457,2.39982e-05
1522.3,,,,,,,,,,8.89994e-05,2.8e-05,0.0673153,2.24991e-05
1522.4,,,,,,,,,,8.8e-05,2.8e-05,0.068685,2.1e-05
1522.5,,,,,,,,,,8.65e-05,2.8e-05,0.070055,1.95e-05
1522.6,,,,,,,,,,8.5e-05,2.8e-05,0.071425,1.8e-05
1522.7,,,,,,,,,,8.39994e-05,2.8e-05,0.0727963,1.64991e-05
1522.8,,,,,,,,,,8.3e-05,2.8e-05,0.074166,1.5e-05
1522.9,,,,,,,,,,8.15e-05,2.8e-05,0.0755365,1.35e-05
1523.0,,,,,,,,,,8e-05,2.8e-05,0.076907,1.2e-05
1523.1,,,,,,,,,,7.45e-05,2.55e-05,0.078531,1.1e-05
1523.2,,,,,,,,,,6.89927e-05,2.29963e-05,0.080157,9.99817e-06
1523.3,,,,,,,,,,6.29963e-05,1.99982e-05,0.08178,8.49908e-06
1523.4,,,,,,,,,,5.7e-05,1.7e-05,0.083403,7e-06
1523.5,,,,,,,,,,5.1e-05,1.45e-05,0.085027,6e-06
1523.6,,,,,,,,,,4.5e-05,1.2e-05,0.086651,5e-06
1523.7,,,,,,,,,,3.89963e-05,9.49848e-06,0.088276,3.49908e-06
1523.8,,,,,,,,,,3.3e-05,7e-06,0.089899,2e-06
1523.9,,,,,,,,,,2.75e-05,4.5e-06,0.091523,1e-06
1524.0,,,,,,,,,,2.2e-05,2e-06,0.093147,
1524.1,,,,,,,,,,1.95e-05,1.5e-06,0.0950525,
1524.2,,,,,,,,,,1.69976e-05,1e-06,0.0969603,
1524.3,,,,,,,,,,1.49988e-05,1e-06,0.0988642,
1524.4,,,,,,,,,,1.3e-05,1e-06,0.100768,
1524.5,,,,,,,,,,1.1e-05,1e-06,0.102673,
1524.6,,,,,,,,,,9e-06,1e-06,0.104578,
1524.7,,,,,,,,,,6.49847e-06,4.99695e-07,0.106484,
1524.8,,,,,,,,,,4e-06,,0.108388,
1524.9,,,,,,,,,,2e-06,,0.110293,
1525.0,,,,,,,,,,,,0.112198,
1525.1,,,,,,,,,,,,0.114382,
1525.2,,,,,,,,,,,,0.116569,
1525.3,,,,,,,,,,,,0.118751,
1525.4,,,,,,,,,,,,0.120934,
1525.5,,,,,,,,,,,,0.123118,
1525.6,,,,,,,,,,,,0.125302,
1525.7,,,,,,,,,,,,0.127487,
1525.8,,,,,,,,,,,,0.12967,
1525.9,,,,,,,,,,,,0.131854,
1526.0,,,,,,,,,,,,0.134038,
1526.1,,,,,,,,,,,,0.136535,
1526.2,,,,,,,,,,,6.10128e-10,0.139036,
1526.3,,,,,,,,,,,5.00305e-07,0.141532,
1526.4,,,,,,,,,,,1e-06,0.144028,
1526.5,,,,,,,,,,,1e-06,0.146526,
1526.6,,,,,,,,,,,1e-06,0.149023,
1526.7,,,,,,,,,,,1.50031e-06,0.151523,
1526.8,,,,,,,,,,,2e-06,0.154019,
1526.9,,,,,,,,,,,2e-06,0.156516,
1527.0,,,,,,,,,,,2e-06,0.159014,
1527.1,,,,,,,,,,,2e-06,0.161804,
1527.2,,,,,,,,,,,1.99939e-06,0.164598,
1527.3,,,,,,,,,,,1.49969e-06,0.167387,
1527.4,,,,,,,,,,,1e-06,0.170175,
1527.5,,,,,,,,,,,1e-06,0.172965,
1527.6,,,,,,,,,,,1e-06,0.175756,
1527.7,,,,,,,,,,,4.99695e-07,0.178548,
1527.8,,,,,,,,,,,,0.181337,
1527.9,,,,,,,,,,,,0.184127,
1528.0,,,,,,,,,,,,0.186917,
1528.1,,,,,,,,,,,1e-06,0.189996,
1528.2,,,,,,,,,,,2.00122e-06,0.193079,
1528.3,,,,,,,,,,,3.00061e-06,0.196155,
1528.4,,,,,,,,,,,4e-06,0.199232,
1528.5,,,,,,,,,,,5e-06,0.202311,
1528.6,,,,,,,,,,,6e-06,0.20539,
1528.7,,,,,,,,,,,7.00061e-06,0.20847,
1528.8,,,,,,,,,,,8e-06,0.211547,
1528.9,,,,,,,,,,,9e-06,0.214626,
1529.0,,,,,,,,,,,1e-05,0.217704,
1529.1,,,,,,,,,,3e-06,9.5e-06,0.221037,
1529.2,,,,,,,,,,6.00366e-06,8.99939e-06,0.224374,
1529.3,,,,,,,,,,9.00183e-06,8.4997e-06,0.227705,
1529.4,,,,,,,,,,1.2e-05,8e-06,0.231036,
1529.5,,,,,,,,,,1.5e-05,7.5e-06,0.234369,
1529.6,,,,,,,,,,1.8e-05,7e-06,0.237702,
1529.7,,,,,,,,,,2.10018e-05,7e-06,0.241037,
1529.8,,,,,,,,,,2.4e-05,7e-06,0.244368,
1529.9,,,,,,,,,,2.7e-05,6.5e-06,0.247701,
1530.0,,,,,,,,,,3e-05,6e-06,0.251033,
1530.1,,,,,,,,,,3.1e-05,5.5e-06,0.254631,5e-07
1530.2,,,,,,,,,,3.20018e-05,4.99939e-06,0.258232,1.00122e-06
1530.3,,,,,,,,,,3.35009e-05,4.4997e-06,0.261827,2.00061e-06
1530.4,,,,,,,,,,3.5e-05,4e-06,0.265422,3e-06
1530.5,,,,,,,,,,3.65e-05,4e-06,0.269019,3.5e-06
1530.6,,,,,,,,,,3.8e-05,4e-06,0.272617,4e-06
1530.7,,,,,,,,,,3.95009e-05,3.49969e-06,0.276217,5.00061e-06
1530.8,,,,,,,,,,4.1e-05,3e-06,0.279812,6e-06
1530.9,,,,,,,,,,4.2e-05,2.5e-06,0.283409,6.5e-06
1531.0,,,,,,,,,,4.3e-05,2e-06,0.287006,7e-06
1531.1,,,,,,,,,,3.9e-05,2e-06,0.290817,7.5e-06
1531.2,,,,,,,,,,3.49957e-05,1.99939e-06,0.294633,8e-06
1531.3,,,,,,,,,,3.14979e-05,1.49969e-06,0.298441,8e-06
1531.4,,,,,,,,,,2.8e-05,1e-06,0.30225,8e-06
1531.5,,,,,,,,,,2.4e-05,1e-06,0.306061,8e-06
1531.6,,,,,,,,,,2e-05,1e-06,0.309872,8e-06
1531.7,,,,,,,,,,1.59976e-05,4.99695e-07,0.313685,8e-06
1531.8,,,,,,,,,,1.2e-05,,0.317494,8e-06
1531.9,,,,,,,,,,8e-06,,0.321305,8.5e-06
1532.0,,,,,,,,,,4e-06,,0.325116,9e-06
1532.1,,,,,,,,,,5e-06,,0.32913,9.5e-06
1532.2,,,,,,,,,,6.00061e-06,,0.333148,1.00006e-05
1532.3,,,,,,,,,,6.50031e-06,,0.337158,1.05003e-05
1532.4,,,,,,,,,,7e-06,,0.341169,1.1e-05
1532.5,,,,,,,,,,8e-06,,0.345182,1.15e-05
1532.6,,,,,,,,,,9e-06,,0.349196,1.2e-05
1532.7,,,,,,,,,,1.00006e-05,,0.353212,1.25003e-05
1532.8,,,,,,,,,,1.1e-05,,0.357223,1.3e-05
1532.9,,,,,,,,,,1.2e-05,,0.361236,1.35e-05
1533.0,,,,,,,,,,1.3e-05,,0.365249,1.4e-05
1533.1,,,,,,,,,,1.65e-05,,0.369342,1.45e-05
1533.2,,,,,,,,,,2.00043e-05,,0.37344,1.5e-05
1533.3,,,,,,,,,,2.35021e-05,,0.37753,1.5e-05
1533.4,,,,,,,,,,2.7e-05,,0.381621,1.5e-05
1533.5,,,,,,,,,,3.05e-05,,0.385714,1.55e-05
1533.6,,,,,,,,,,3.4e-05,,0.389807,1.6e-05
1533.7,,,,,,,,,,3.75021e-05,,0.393902,1.6e-05
1533.8,,,,,,,,,,4.1e-05,,0.397992,1.6e-05
1533.9,,,,,,,,,,4.5e-05,,0.402085,1.65e-05
1534.0,,,,,,,,,,4.9e-05,,0.406178,1.7e-05
1534.1,,,,,,,,,,5.7e-05,,0.410401,1.65e-05
1534.2,,,,,,,,,,6.50098e-05,,0.414628,1.59994e-05
1534.3,,,,,,,,,,7.30049e-05,,0.418848,1.54997e-05
1534.4,,,,,,,,,,8.1e-05,,0.423067,1.5e-05
1534.5,,,,,,,,,,8.9e-05,,0.427289,1.45e-05
1534.6,,,,,,,,,,9.7e-05,,0.431512,1.4e-05
1534.7,,,,,,,,,,0.000105505,,0.435737,1.34997e-05
1534.8,,,,,,,,,,0.000114,,0.439956,1.3e-05
1534.9,,,,,,,,,,0.000122,,0.444179,1.25e-05
1535.0,,,,,,,,,,0.00013,,0.448401,1.2e-05
1535.1,,,,,,,,,,0.000126,,0.452702,1.1e-05
1535.2,,,,,,,,,,0.000121996,,0.457007,9.99817e-06
1535.3,,,,,,,,,,0.000118498,,0.461305,8.49908e-06
1535.4,,,,,,,,,,0.000115,,0.465603,7e-06
1535.5,,,,,,,,,,0.000111,,0.469903,6e-06
1535.6,,,,,,,,,,0.000107,,0.474204,5e-06
1535.7,,,,,,,,,,0.000103498,,0.478508,3.49908e-06
1535.8,,,,,,,,,,1e-04,,0.482806,2e-06
1535.9,,,,,,,,,,9.6e-05,,0.487107,1e-06
1536.0,,,,,,,,,,9.2e-05,,0.491407,
1536.1,,,,,,,,,,9.25e-05,,0.495767,
1536.2,,,,,,,,,,9.30012e-05,,0.500132,
1536.3,,,,,,,,,,9.40006e-05,,0.50449,
1536.4,,,,,,,,,,9.5e-05,,0.508847,
1536.5,,,,,,,,,,9.55e-05,,0.513207,
1536.6,,,,,,,,,,9.6e-05,,0.517567,
1536.7,,,,,,,,,,9.65003e-05,,0.52193,
1536.8,,,,,,,,,,9.7e-05,,0.526287,
1536.9,,,,,,,,,,9.8e-05,,0.530647,
1537.0,,,,,,,,,,9.9e-05,,0.535007,
1537.1,,,,,,,,,,9.5e-05,,0.539392,
1537.2,,,,,,,,,,9.09951e-05,,0.543783,
1537.3,,,,,,,,,,8.69976e-05,,0.548167,
1537.4,,,,,,,,,,8.3e-05,,0.55255,
1537.5,,,,,,,,,,7.9e-05,,0.556936,
1537.6,,,,,,,,,,7.5e-05,,0.561321,
1537.7,,,,,,,,,,7.09976e-05,,0.565709,
1537.8,,,,,,,,,,6.7e-05,,0.570092,
1537.9,,,,,,,,,,6.3e-05,,0.574478,
1538.0,,,,,,,,,,5.9e-05,,0.578863,
1538.1,,,,,,,,,,5.45e-05,,0.583161,
1538.2,,,,,,,,,,4.99939e-05,,0.587463,
1538.3,,,,,,,,,,4.49969e-05,,0.591758,
1538.4,,,,,,,,,,4e-05,,0.596053,
1538.5,,,,,,,,,,3.55e-05,,0.60035,
1538.6,,,,,,,,,,3.1e-05,,0.604648,
1538.7,,,,,,,,,,2.59969e-05,,0.608948,
1538.8,,,,,,,,,,2.1e-05,,0.613243,
1538.9,,,,,,,,,,1.65e-05,,0.61754,
1539.0,,,,,,,,,,1.2e-05,,0.621837,
1539.1,,,,,,,,,,1.05e-05,,0.625985,4e-06
1539.2,,,,,,,,,,8.99878e-06,,0.630138,8.00549e-06
1539.3,,,,,,,,,,7.99939e-06,,0.634283,1.25027e-05
1539.4,,,,,,,,,,7e-06,,0.638429,1.7e-05
1539.5,,,,,,,,,,6e-06,,0.642577,2.1e-05
1539.6,,,,,,,,,,5e-06,,0.646725,2.5e-05
1539.7,,,,,,,,,,3.49908e-06,,0.650875,2.90024e-05
1539.8,,,,,,,,,,2e-06,,0.65502,3.3e-05
1539.9,,,,,,,,,,1e-06,,0.659168,3.75e-05
1540.0,,,,,,,,,,,,0.663316,4.2e-05
1540.1,,,,,,,,,,,,0.66725,4.25e-05
1540.2,,,,,,,,,,,,0.671189,4.30006e-05
1540.3,,,,,,,,,,,,0.675121,4.35003e-05
1540.4,,,,,,,,,,,,0.679053,4.4e-05
1540.5,,,,,,,,,,,,0.682987,4.5e-05
1540.6,,,,,,,,,,,,0.686921,4.6e-05
1540.7,,,,,,,,,,,,0.690857,4.65003e-05
1540.8,,,,,,,,,,,,0.694789,4.7e-05
1540.9,,,,,,,,,,,,0.698723,4.8e-05
1541.0,,,,,,,,,,,,0.702657,4.9e-05
1541.1,,,,,,,,,,,2.5e-06,0.7064,4.9e-05
1541.2,,,,,,,,,,,5.00305e-06,0.710148,4.9e-05
1541.3,,,,,,,,,,,7.50153e-06,0.713888,4.9e-05
1541.4,,,,,,,,,,,1e-05,0.717629,4.9e-05
1541.5,,,,,,,,,,,1.2e-05,0.721372,4.9e-05
1541.6,,,,,,,,,,,1.4e-05,0.725115,4.9e-05
1541.7,,,,,,,,,,,1.65015e-05,0.72886,4.9e-05
1541.8,,,,,,,,,,,1.9e-05,0.7326,4.9e-05
1541.9,,,,,,,,,,,2.15e-05,0.736343,4.9e-05
1542.0,,,,,,,,,,,2.4e-05,0.740086,4.9e-05
1542.1,,,,,,,,,,4e-06,2.75e-05,0.743555,4.95e-05
1542.2,,,,,,,,,,8.00488e-06,3.10049e-05,0.747028,5.00012e-05
1542.3,,,,,,,,,,1.20024e-05,3.50024e-05,0.750495,5.10006e-05
1542.4,,,,,,,,,,1.6e-05,3.9e-05,0.753962,5.2e-05
1542.5,,,,,,,,,,2e-05,4.25e-05,0.75743,5.25e-05
1542.6,,,,,,,,,,2.4e-05,4.6e-05,0.760899,5.3e-05
1542.7,,,,,,,,,,2.80024e-05,4.95021e-05,0.76437,5.40006e-05
1542.8,,,,,,,,,,3.2e-05,5.3e-05,0.767837,5.5e-05
1542.9,,,,,,,,,,3.6e-05,5.7e-05,0.771306,5.55e-05
1543.0,,,,,,,,,,4e-05,6.1e-05,0.774775,5.6e-05
1543.1,,,,,,,,,,5e-05,6.3e-05,0.777892,5.8e-05
1543.2,,,,,,,,,,6.00122e-05,6.50024e-05,0.781014,6.00031e-05
1543.3,,,,,,,,,,7.00061e-05,6.70012e-05,0.784129,6.25015e-05
1543.4,,,,,,,,,,8e-05,6.9e-05,0.787244,6.5e-05
1543.5,,,,,,,,,,9e-05,7.1e-05,0.790362,6.7e-05
1543.6,,,,,,,,,,1e-04,7.3e-05,0.793479,6.9e-05
1543.7,,,,,,,,,,0.000109506,7.50012e-05,0.796598,7.10012e-05
1543.8,,,,,,,,,,0.000119,7.7e-05,0.799714,7.3e-05
1543.9,,,,,,,,,,0.000129,7.9e-05,0.802831,7.5e-05
1544.0,,,,,,,,,,0.000139,8.1e-05,0.805948,7.7e-05
1544.1,,,,,,,,,,0.0001375,7.8e-05,0.808649,7.8e-05
1544.2,,,,,,,,,,0.000135999,7.4997e-05,0.811353,7.90006e-05
1544.3,,,,,,,,,,0.000134999,7.24985e-05,0.814052,7.95003e-05
1544.4,,,,,,,,,,0.000134,7e-05,0.816751,8e-05
1544.5,,,,,,,,,,0.0001325,6.7e-05,0.819452,8.1e-05
1544.6,,,,,,,,,,0.000131,6.4e-05,0.822153,8.2e-05
1544.7,,,,,,,,,,0.000129499,6.14985e-05,0.824855,8.25003e-05
1544.8,,,,,,,,,,0.000128,5.9e-05,0.827554,8.3e-05
1544.9,,,,,,,,,,0.0001265,5.6e-05,0.830255,8.4e-05
1545.0,,,,,,,,,,0.000125,5.3e-05,0.832956,8.5e-05
1545.1,,,,,,,,,,0.0001165,4.85e-05,0.83518,8.65e-05
1545.2,,,,,,,,,,0.00010799,4.39939e-05,0.837406,8.80012e-05
1545.3,,,,,,,,,,9.99951e-05,3.8997e-05,0.839628,8.90006e-05
1545.4,,,,,,,,,,9.2e-05,3.4e-05,0.84185,9e-05
1545.5,,,,,,,,,,8.4e-05,2.9e-05,0.844074,9.15e-05
1545.6,,,,,,,,,,7.6e-05,2.4e-05,0.846297,9.3e-05
1545.7,,,,,,,,,,6.74948e-05,1.8997e-05,0.848522,9.45009e-05
1545.8,,,,,,,,,,5.9e-05,1.4e-05,0.850745,9.6e-05
1545.9,,,,,,,,,,5.1e-05,9.5e-06,0.852969,9.75e-05
1546.0,,,,,,,,,,4.3e-05,5e-06,0.855192,9.9e-05
1546.1,,,,,,,,,,3.85e-05,4.5e-06,0.857031,0.0001005
1546.2,,,,,,,,,,3.39951e-05,3.99939e-06,0.858873,0.000102002
1546.3,,,,,,,,,,2.99976e-05,3.49969e-06,0.860712,0.000103501
1546.4,,,,,,,,,,2.6e-05,3e-06,0.862551,0.000105
1546.5,,,,,,,,,,2.15e-05,2.5e-06,0.86439,0.0001065
1546.6,,,,,,,,,,1.7e-05,2e-06,0.86623,0.000108
1546.7,,,,,,,,,,1.29976e-05,1.49969e-06,0.868071,0.000109501
1546.8,,,,,,,,,,9e-06,1e-06,0.86991,0.000111
1546.9,,,,,,,,,,4.5e-06,5e-07,0.87175,0.0001125
1547.0,,,,,,,,,,,,0.873589,0.000114
1547.1,,,,,,,,,,,,0.874864,0.0001155
1547.2,,,,,,,,,,,,0.876142,0.000117002
1547.3,,,,,,,,,,,,0.877417,0.000118501
1547.4,,,,,,,,,,,,0.878692,0.00012
1547.5,,,,,,,,,,,,0.879967,0.0001215
1547.6,,,,,,,,,,,,0.881243,0.000123
1547.7,,,,,,,,,,,,0.882519,0.000124501
1547.8,,,,,,,,,,,,0.883794,0.000126
1547.9,,,,,,,,,,,,0.885069,0.000127
1548.0,,,,,,,,,,,,0.886345,0.000128
1548.1,,,,,,,,,,,,0.887309,0.000131
1548.2,,,,,,,,,,,,0.888273,0.000134004
1548.3,,,,,,,,,,,,0.889236,0.000137002
1548.4,,,,,,,,,,,,0.890199,0.00014
1548.5,,,,,,,,,,,,0.891163,0.000143
1548.6,,,,,,,,,,,,0.892126,0.000146
1548.7,,,,,,,,,,,,0.89309,0.000149002
1548.8,,,,,,,,,,,,0.894053,0.000152
1548.9,,,,,,,,,,,,0.895016,0.0001545
1549.0,,,,,,,,,,,,0.89598,0.000157
1549.1,,,,,,,,,,,,0.896575,0.00016
1549.2,,,,,,,,,,,,0.897171,0.000163004
1549.3,,,,,,,,,,,,0.897765,0.000166002
1549.4,,,,,,,,,,,,0.89836,0.000169
1549.5,,,,,,,,,,,,0.898955,0.000172
1549.6,,,,,,,,,,,,0.899551,0.000175
1549.7,,,,,,,,,,,,0.900146,0.000178002
1549.8,,,,,,,,,,,,0.900741,0.000181
1549.9,,,,,,,,,,,,0.901336,0.0001835
1550.0,,,,,,,,,,,,0.901932,0.000186
1550.1,,,,,,,,,,,1e-06,0.902364,0.00019
1550.2,,,,,,,,,,,2.00122e-06,0.902797,0.000194004
1550.3,,,,,,,,,,,3.00061e-06,0.903228,0.000197502
1550.4,,,,,,,,,,,4e-06,0.90366,0.000201
1550.5,,,,,,,,,,,5e-06,0.904091,0.0002045
1550.6,,,,,,,,,,,6e-06,0.904523,0.000208
1550.7,,,,,,,,,,,6.50031e-06,0.904955,0.000212002
1550.8,,,,,,,,,,,7e-06,0.905387,0.000216
1550.9,,,,,,,,,,,8e-06,0.905819,0.0002195
1551.0,,,,,,,,,,,9e-06,0.906251,0.000223
1551.1,,,,,,,,,,5e-07,1.4e-05,0.90664,0.0002285
1551.2,,,,,,,,,,1.00122e-06,1.90055e-05,0.907028,0.000234007
1551.3,,,,,,,,,,2.00061e-06,2.35027e-05,0.907417,0.000240004
1551.4,,,,,,,,,,3e-06,2.8e-05,0.907806,0.000246
1551.5,,,,,,,,,,3.5e-06,3.25e-05,0.908194,0.000252
1551.6,,,,,,,,,,4e-06,3.7e-05,0.908583,0.000258
1551.7,,,,,,,,,,4.5003e-06,4.15027e-05,0.908972,0.000263503
1551.8,,,,,,,,,,5e-06,4.6e-05,0.90936,0.000269
1551.9,,,,,,,,,,6e-06,5.05e-05,0.909748,0.000275
1552.0,,,,,,,,,,7e-06,5.5e-05,0.910137,0.000281
1552.1,,,,,,,,,,9.5e-06,5.4e-05,0.910489,0.0002855
1552.2,,,,,,,,,,1.20031e-05,5.29994e-05,0.910842,0.000290005
1552.3,,,,,,,,,,1.45015e-05,5.24997e-05,0.911194,0.000294503
1552.4,,,,,,,,,,1.7e-05,5.2e-05,0.911546,0.000299
1552.5,,,,,,,,,,1.95e-05,5.1e-05,0.911898,0.0003035
1552.6,,,,,,,,,,2.2e-05,5e-05,0.91225,0.000308
1552.7,,,,,,,,,,2.40012e-05,4.89994e-05,0.912602,0.000312503
1552.8,,,,,,,,,,2.6e-05,4.8e-05,0.912954,0.000317
1552.9,,,,,,,,,,2.85e-05,4.7e-05,0.913306,0.000321
1553.0,,,,,,,,,,3.1e-05,4.6e-05,0.913659,0.000325
1553.1,,,,,,,,,,3.2e-05,4.5e-05,0.914002,0.0003335
1553.2,,,,,,,,,,3.30012e-05,4.39982e-05,0.914345,0.00034201
1553.3,,,,,,,,,,3.40006e-05,4.24991e-05,0.914688,0.000350005
1553.4,,,,,,,,,,3.5e-05,4.1e-05,0.915031,0.000358
1553.5,,,,,,,,,,3.6e-05,4e-05,0.915374,0.000366
1553.6,,,,,,,,,,3.7e-05,3.9e-05,0.915717,0.000374
1553.7,,,,,,,,,,3.80006e-05,3.74991e-05,0.91606,0.000382005
1553.8,,,,,,,,,,3.9e-05,3.6e-05,0.916403,0.00039
1553.9,,,,,,,,,,4e-05,3.5e-05,0.916746,0.0003985
1554.0,,,,,,,,,,4.1e-05,3.4e-05,0.917089,0.000407
1554.1,,,,,,,,,,3.7e-05,3.2e-05,0.917375,0.0004145
1554.2,,,,,,,,,,3.29951e-05,2.99976e-05,0.917661,0.000422009
1554.3,,,,,,,,,,2.89976e-05,2.79988e-05,0.917947,0.000429004
1554.4,,,,,,,,,,2.5e-05,2.6e-05,0.918232,0.000436
1554.5,,,,,,,,,,2.05e-05,2.4e-05,0.918518,0.0004435
1554.6,,,,,,,,,,1.6e-05,2.2e-05,0.918804,0.000451
1554.7,,,,,,,,,,1.19976e-05,1.99988e-05,0.91909,0.000458505
1554.8,,,,,,,,,,8e-06,1.8e-05,0.919376,0.000466
1554.9,,,,,,,,,,4e-06,1.6e-05,0.919662,0.0004735
1555.0,,,,,,,,,,,1.4e-05,0.919947,0.000481
1555.1,,,,,,,,,,,1.25e-05,0.920193,0.00049
1555.2,,,,,,,,,,,1.09982e-05,0.920439,0.000499011
1555.3,,,,,,,,,,,9.49908e-06,0.920685,0.000508005
1555.4,,,,,,,,,,,8e-06,0.92093,0.000517
1555.5,,,,,,,,,,,6.5e-06,0.921176,0.000526
1555.6,,,,,,,,,,,5e-06,0.921422,0.000535
1555.7,,,,,,,,,,,3.99939e-06,0.921668,0.000543505
1555.8,,,,,,,,,,,3e-06,0.921913,0.000552
1555.9,,,,,,,,,,,1.5e-06,0.922159,0.000561
1556.0,,,,,,,,,,,,0.922405,0.00057
1556.1,,,,,,,,,,,,0.922708,0.0005815
1556.2,,,,,,,,,,,,0.923011,0.000593013
1556.3,,,,,,,,,,,,0.923315,0.000604007
1556.4,,,,,,,,,,,,0.923618,0.000615
1556.5,,,,,,,,,,,,0.923921,0.0006265
1556.6,,,,,,,,,,,,0.924224,0.000638
1556.7,,,,,,,,,,,,0.924528,0.000649007
1556.8,,,,,,,,,,,,0.924831,0.00066
1556.9,,,,,,,,,,,,0.925134,0.000671
1557.0,,,,,,,,,,,,0.925437,0.000682
1557.1,,,,,,,,,,,,0.925694,0.000694
1557.2,,,,,,,,,,,,0.925952,0.000706015
1557.3,,,,,,,,,,,,0.92621,0.000718007
1557.4,,,,,,,,,,,,0.926467,0.00073
1557.5,,,,,,,,,,,,0.926724,0.000742
1557.6,,,,,,,,,,,,0.926981,0.000754
1557.7,,,,,,,,,,,,0.927239,0.000766007
1557.8,,,,,,,,,,,,0.927496,0.000778
1557.9,,,,,,,,,,,,0.927754,0.00079
1558.0,,,,,,,,,,,,0.928011,0.000802
1558.1,,,,,,,,,,,,0.928237,0.000815
1558.2,,,,,,,,,,,,0.928463,0.000828015
1558.3,,,,,,,,,,,,0.928689,0.000840508
1558.4,,,,,,,,,,,,0.928915,0.000853
1558.5,,,,,,,,,,,,0.929142,0.0008655
1558.6,,,,,,,,,,,,0.929368,0.000878
1558.7,,,,,,,,,,,,0.929594,0.000891008
1558.8,,,,,,,,,,,,0.92982,0.000904
1558.9,,,,,,,,,,,,0.930046,0.0009165
1559.0,,,,,,,,,,,,0.930272,0.000929
1559.1,,,,,,,,,,,,0.93048,0.0009425
1559.2,,,,,,,,,,,,0.930687,0.000956016
1559.3,,,,,,,,,,,,0.930895,0.000969508
1559.4,,,,,,,,,,,,0.931102,0.000983
1559.5,,,,,,,,,,,,0.931309,0.0009965
1559.6,,,,,,,,,,,,0.931517,0.00101
1559.7,,,,,,,,,,,,0.931724,0.00102351
1559.8,,,,,,,,,,,,0.931931,0.001037
1559.9,,,,,,,,,,,,0.932139,0.0010505
1560.0,,,,,,,,,,,,0.932346,0.001064
1560.1,,,,,,,,,,,,0.932613,0.001079
1560.2,,,,,,,,,,,,0.932881,0.00109402
1560.3,,,,,,,,,,,,0.933149,0.00110901
1560.4,,,,,,,,,,,,0.933416,0.001124
1560.5,,,,,,,,,,,,0.933684,0.001139
1560.6,,,,,,,,,,,,0.933951,0.001154
1560.7,,,,,,,,,,,,0.934219,0.00116901
1560.8,,,,,,,,,,,,0.934486,0.001184
1560.9,,,,,,,,,,,,0.934754,0.0011995
1561.0,,,,,,,,,,,,0.935022,0.001215
1561.1,,,,,,,,,,,,0.935219,0.0012315
1561.2,,,,,,,,,,,,0.935416,0.00124802
1561.3,,,,,,,,,,,,0.935613,0.00126451
1561.4,,,,,,,,,,,,0.93581,0.001281
1561.5,,,,,,,,,,,,0.936007,0.0012975
1561.6,,,,,,,,,,,,0.936204,0.001314
1561.7,,,,,,,,,,,,0.936401,0.00133051
1561.8,,,,,,,,,,,,0.936598,0.001347
1561.9,,,,,,,,,,,,0.936795,0.0013635
1562.0,,,,,,,,,,,,0.936992,0.00138
1562.1,,,,,,,,,,,,0.937338,0.0013965
1562.2,,,,,,,,,,,,0.937684,0.00141302
1562.3,,,,,,,,,,,,0.938031,0.00143001
1562.4,,,,,,,,,,,,0.938377,0.001447
1562.5,,,,,,,,,,,,0.938723,0.0014635
1562.6,,,,,,,,,,,,0.939069,0.00148
1562.7,,,,,,,,,,,,0.939416,0.00149701
1562.8,,,,,,,,,,,,0.939762,0.001514
1562.9,,,,,,,,,,,,0.940108,0.001531
1563.0,,,,,,,,,,,,0.940454,0.001548
1563.1,,,,,,,,,,,,0.940732,0.001567
1563.2,,,,,,,,,,,,0.941009,0.00158602
1563.3,,,,,,,,,,,,0.941287,0.00160501
1563.4,,,,,,,,,,,,0.941564,0.001624
1563.5,,,,,,,,,,,,0.941841,0.001643
1563.6,,,,,,,,,,,,0.942119,0.001662
1563.7,,,,,,,,,,,,0.942397,0.00168101
1563.8,,,,,,,,,,,,0.942674,0.0017
1563.9,,,,,,,,,,,,0.942952,0.001719
1564.0,,,,,,,,,,,,0.943229,0.001738
1564.1,,,,,,,,,,,,0.9436,0.0017565
1564.2,,,,,,,,,,,,0.943971,0.00177502
1564.3,,,,,,,,,,,,0.944342,0.00179401
1564.4,,,,,,,,,,,,0.944713,0.001813
1564.5,,,,,,,,,,,,0.945084,0.0018315
1564.6,,,,,,,,,,,,0.945455,0.00185
1564.7,,,,,,,,,,,,0.945826,0.00186851
1564.8,,,,,,,,,,,,0.946197,0.001887
1564.9,,,,,,,,,,,,0.946568,0.001906
1565.0,,,,,,,,,,,,0.94694,0.001925
1565.1,,,,,,,,,,,,0.947369,0.001943
1565.2,,,,,,,,,,,,0.947798,0.00196102
1565.3,,,,,,,,,,,,0.948226,0.00197951
1565.4,,,,,,,,,,,,0.948655,0.001998
1565.5,,,,,,,,,,,,0.949084,0.002016
1565.6,,,,,,,,,,,,0.949512,0.002034
1565.7,,,,,,,,,,,,0.949941,0.00205251
1565.8,,,,,,,,,,,,0.950369,0.002071
1565.9,,,,,,,,,,,,0.950798,0.002089
1566.0,,,,,,,,,,,,0.951227,0.002107
1566.1,,,,,,,,,,3e-06,,0.951578,0.002127
1566.2,,,,,,,,,,6.00366e-06,,0.951928,0.00214702
1566.3,,,,,,,,,,9.00183e-06,,0.952279,0.00216651
1566.4,,,,,,,,,,1.2e-05,,0.95263,0.002186
1566.5,,,,,,,,,,1.5e-05,,0.952981,0.002206
1566.6,,,,,,,,,,1.8e-05,,0.953332,0.002226
1566.7,,,,,,,,,,2.10018e-05,,0.953683,0.00224601
1566.8,,,,,,,,,,2.4e-05,,0.954033,0.002266
1566.9,,,,,,,,,,2.7e-05,,0.954384,0.0022855
1567.0,,,,,,,,,,3e-05,,0.954735,0.002305
1567.1,,,,,,,,,,3.15e-05,5e-07,0.955022,0.0023245
1567.2,,,,,,,,,,3.30012e-05,1e-06,0.95531,0.00234402
1567.3,,,,,,,,,,3.40006e-05,1e-06,0.955597,0.00236301
1567.4,,,,,,,,,,3.5e-05,1e-06,0.955884,0.002382
1567.5,,,,,,,,,,3.6e-05,1.5e-06,0.956172,0.002401
1567.6,,,,,,,,,,3.7e-05,2e-06,0.956459,0.00242
1567.7,,,,,,,,,,3.85009e-05,2e-06,0.956747,0.00243951
1567.8,,,,,,,,,,4e-05,2e-06,0.957034,0.002459
1567.9,,,,,,,,,,4.1e-05,2.5e-06,0.957322,0.002478
1568.0,,,,,,,,,,4.2e-05,3e-06,0.957609,0.002497
1568.1,,,,,,,,,,3.8e-05,7e-06,0.957803,0.0025155
1568.2,,,,,,,,,,3.39951e-05,1.10043e-05,0.957996,0.00253402
1568.3,,,,,,,,,,2.99976e-05,1.45021e-05,0.95819,0.00255251
1568.4,,,,,,,,,,2.6e-05,1.8e-05,0.958383,0.002571
1568.5,,,,,,,,,,2.2e-05,2.2e-05,0.958577,0.0025895
1568.6,,,,,,,,,,1.8e-05,2.6e-05,0.95877,0.002608
1568.7,,,,,,,,,,1.39976e-05,3.00024e-05,0.958964,0.00262601
1568.8,,,,,,,,,,1e-05,3.4e-05,0.959157,0.002644
1568.9,,,,,,,,,,6e-06,3.8e-05,0.95935,0.0026625
1569.0,,,,,,,,,,2e-06,4.2e-05,0.959544,0.002681
1569.1,,,,,,,,,,1.5e-06,4.15e-05,0.959584,0.002701
1569.2,,,,,,,,,,1e-06,4.1e-05,0.959624,0.00272102
1569.3,,,,,,,,,,1e-06,4.1e-05,0.959664,0.00274051
1569.4,,,,,,,,,,1e-06,4.1e-05,0.959704,0.00276
1569.5,,,,,,,,,,1e-06,4.05e-05,0.959744,0.00278
1569.6,,,,,,,,,,1e-06,4e-05,0.959784,0.0028
1569.7,,,,,,,,,,4.99695e-07,3.94997e-05,0.959825,0.00281951
1569.8,,,,,,,,,,,3.9e-05,0.959865,0.002839
1569.9,,,,,,,,,,,3.9e-05,0.959905,0.002859
1570.0,,,,,,,,,,,3.9e-05,0.959945,0.002879
1570.1,,,,,,,,,,,3.8e-05,0.960077,0.002897
1570.2,,,,,,,,,,,3.69988e-05,0.960208,0.00291502
1570.3,,,,,,,,,,,3.59994e-05,0.96034,0.00293251
1570.4,,,,,,,,,,,3.5e-05,0.960471,0.00295
1570.5,,,,,,,,,,,3.4e-05,0.960603,0.002968
1570.6,,,,,,,,,,,3.3e-05,0.960734,0.002986
1570.7,,,,,,,,,,,3.24997e-05,0.960866,0.00300401
1570.8,,,,,,,,,,,3.2e-05,0.960997,0.003022
1570.9,,,,,,,,,,,3.1e-05,0.961128,0.00304
1571.0,,,,,,,,,,,3e-05,0.96126,0.003058
1571.1,,,,,,,,,,,2.8e-05,0.961285,0.0030735
1571.2,,,,,,,,,,,2.59969e-05,0.96131,0.00308902
1571.3,,,,,,,,,,,2.34985e-05,0.961335,0.00310451
1571.4,,,,,,,,,,,2.1e-05,0.96136,0.00312
1571.5,,,,,,,,,,,1.9e-05,0.961385,0.0031355
1571.6,,,,,,,,,,,1.7e-05,0.96141,0.003151
1571.7,,,,,,,,,,,1.49988e-05,0.961435,0.00316651
1571.8,,,,,,,,,,,1.3e-05,0.96146,0.003182
1571.9,,,,,,,,,,,1.1e-05,0.961485,0.0031975
1572.0,,,,,,,,,,,9e-06,0.96151,0.003213
1572.1,,,,,,,,,,,8e-06,0.961452,0.0032245
1572.2,,,,,,,,,,,6.99939e-06,0.961394,0.00323601
1572.3,,,,,,,,,,,6.4997e-06,0.961336,0.00324751
1572.4,,,,,,,,,,,6e-06,0.961279,0.003259
1572.5,,,,,,,,,,,5e-06,0.961221,0.003271
1572.6,,,,,,,,,,,4e-06,0.961163,0.003283
1572.7,,,,,,,,,,,2.99939e-06,0.961105,0.00329451
1572.8,,,,,,,,,,,2e-06,0.961048,0.003306
1572.9,,,,,,,,,,,1.5e-06,0.960991,0.0033175
1573.0,,,,,,,,,,,1e-06,0.960933,0.003329
1573.1,,,,,,,,,,,1e-06,0.96086,0.003339
1573.2,,,,,,,,,,,1e-06,0.960788,0.00334901
1573.3,,,,,,,,,,,1e-06,0.960715,0.00335951
1573.4,,,,,,,,,,,1e-06,0.960643,0.00337
1573.5,,,,,,,,,,,5e-07,0.96057,0.00338
1573.6,,,,,,,,,,,,0.960498,0.00339
1573.7,,,,,,,,,,,,0.960425,0.00340001
1573.8,,,,,,,,,,,,0.960353,0.00341
1573.9,,,,,,,,,,,,0.960281,0.00342
1574.0,,,,,,,,,,,,0.960208,0.00343
1574.1,,,,,,,,,,,,0.96007,0.0034365
1574.2,,,,,,,,,,,,0.959932,0.00344301
1574.3,,,,,,,,,,,,0.959794,0.003449
1574.4,,,,,,,,,,,,0.959656,0.003455
1574.5,,,,,,,,,,,,0.959517,0.003461
1574.6,,,,,,,,,,,,0.959379,0.003467
1574.7,,,,,,,,,,,,0.959241,0.0034735
1574.8,,,,,,,,,,,,0.959103,0.00348
1574.9,,,,,,,,,,,,0.958965,0.003486
1575.0,,,,,,,,,,,,0.958827,0.003492
1575.1,,,,,,,,,,,,0.95873,0.0034945
1575.2,,,,,,,,,,,,0.958632,0.003497
1575.3,,,,,,,,,,,,0.958535,0.0034995
1575.4,,,,,,,,,,,,0.958438,0.003502
1575.5,,,,,,,,,,,,0.958341,0.0035045
1575.6,,,,,,,,,,,,0.958244,0.003507
1575.7,,,,,,,,,,,,0.958147,0.0035095
1575.8,,,,,,,,,,,,0.95805,0.003512
1575.9,,,,,,,,,,,,0.957952,0.0035145
1576.0,,,,,,,,,,,,0.957855,0.003517
1576.1,,,,,,,,,,2.5e-06,,0.957652,0.0035145
1576.2,,,,,,,,,,5.00244e-06,,0.957449,0.003512
1576.3,,,,,,,,,,7.00122e-06,,0.957245,0.00351
1576.4,,,,,,,,,,9e-06,,0.957042,0.003508
1576.5,,,,,,,,,,1.15e-05,,0.956839,0.0035055
1576.6,,,,,,,,,,1.4e-05,,0.956636,0.003503
1576.7,,,,,,,,,,1.60012e-05,,0.956433,0.0035005
1576.8,,,,,,,,,,1.8e-05,,0.95623,0.003498
1576.9,,,,,,,,,,2.05e-05,,0.956026,0.0034955
1577.0,,,,,,,,,,2.3e-05,,0.955823,0.003493
1577.1,,,,,,,,,,2.45e-05,,0.955516,0.0034845
1577.2,,,,,,,,,,2.60024e-05,,0.955208,0.00347599
1577.3,,,,,,,,,,2.80012e-05,,0.9549,0.003468
1577.4,,,,,,,,,,3e-05,,0.954593,0.00346
1577.5,,,,,,,,,,3.15e-05,,0.954286,0.0034515
1577.6,,,,,,,,,,3.3e-05,,0.953978,0.003443
1577.7,,,,,,,,,,3.50012e-05,,0.95367,0.003435
1577.8,,,,,,,,,,3.7e-05,,0.953363,0.003427
1577.9,,,,,,,,,,3.85e-05,,0.953056,0.0034185
1578.0,,,,,,,,,,4e-05,,0.952748,0.00341
1578.1,,,,,,,,,,3.6e-05,,0.952546,0.0033985
1578.2,,,,,,,,,,3.19951e-05,,0.952343,0.00338699
1578.3,,,,,,,,,,2.79976e-05,,0.952141,0.00337499
1578.4,,,,,,,,,,2.4e-05,,0.951939,0.003363
1578.5,,,,,,,,,,2e-05,,0.951736,0.003351
1578.6,,,,,,,,,,1.6e-05,,0.951534,0.003339
1578.7,,,,,,,,,,1.19976e-05,,0.951332,0.00332749
1578.8,,,,,,,,,,8e-06,,0.95113,0.003316
1578.9,,,,,,,,,,4e-06,,0.950928,0.003304
1579.0,,,,,,,,,,,,0.950726,0.003292
1579.1,,,,,,,,,,,,0.950637,0.003275
1579.2,,,,,,,,,,,,0.950547,0.00325798
1579.3,,,,,,,,,,,,0.950457,0.00324149
1579.4,,,,,,,,,,,,0.950368,0.003225
1579.5,,,,,,,,,,,,0.950279,0.003208
1579.6,,,,,,,,,,,,0.950189,0.003191
1579.7,,,,,,,,,,,,0.950099,0.00317399
1579.8,,,,,,,,,,,,0.95001,0.003157
1579.9,,,,,,,,,,,,0.949921,0.00314
1580.0,,,,,,,,,,,,0.949831,0.003123
1580.1,,,,,,,,,,,,0.949736,0.003102
1580.2,,,,,,,,,,,,0.949641,0.00308097
1580.3,,,,,,,,,,,,0.949546,0.00305999
1580.4,,,,,,,,,,,,0.949451,0.003039
1580.5,,,,,,,,,,,,0.949356,0.003018
1580.6,,,,,,,,,,,,0.949261,0.002997
1580.7,,,,,,,,,,,,0.949166,0.00297599
1580.8,,,,,,,,,,,,0.949071,0.002955
1580.9,,,,,,,,,,,,0.948976,0.002934
1581.0,,,,,,,,,,,,0.948881,0.002913
1581.1,,,,,,,,,,,,0.948873,0.0028905
1581.2,,,,,,,,,,,,0.948865,0.00286797
1581.3,,,,,,,,,,,,0.948857,0.00284549
1581.4,,,,,,,,,,,,0.948849,0.002823
1581.5,,,,,,,,,,,,0.948841,0.0028005
1581.6,,,,,,,,,,,,0.948833,0.002778
1581.7,,,,,,,,,,,,0.948825,0.00275549
1581.8,,,,,,,,,,,,0.948817,0.002733
1581.9,,,,,,,,,,,,0.948809,0.00271
1582.0,,,,,,,,,,,,0.948801,0.002687
1582.1,,,,,,,,,,,,0.948822,0.00266
1582.2,,,,,,,,,,,,0.948844,0.00263297
1582.3,,,,,,,,,,,,0.948866,0.00260548
1582.4,,,,,,,,,,,,0.948887,0.002578
1582.5,,,,,,,,,,,,0.948909,0.0025505
1582.6,,,,,,,,,,,,0.94893,0.002523
1582.7,,,,,,,,,,,,0.948952,0.00249548
1582.8,,,,,,,,,,,,0.948973,0.002468
1582.9,,,,,,,,,,,,0.948995,0.002441
1583.0,,,,,,,,,,,,0.949016,0.002414
1583.1,,,,,,,,,,,,0.948945,0.002386
1583.2,,,,,,,,,,,,0.948874,0.00235797
1583.3,,,,,,,,,,,,0.948802,0.00232998
1583.4,,,,,,,,,,,,0.948731,0.002302
1583.5,,,,,,,,,,,,0.94866,0.002274
1583.6,,,,,,,,,,,,0.948589,0.002246
1583.7,,,,,,,,,,,,0.948517,0.00221848
1583.8,,,,,,,,,,,,0.948446,0.002191
1583.9,,,,,,,,,,,,0.948375,0.002163
1584.0,,,,,,,,,,,,0.948303,0.002135
1584.1,,,,,,,,,,1.5e-06,2e-06,0.948375,0.0021095
1584.2,,,,,,,,,,3.00244e-06,4.00244e-06,0.948447,0.00208397
1584.3,,,,,,,,,,5.00122e-06,6.00122e-06,0.948519,0.00205848
1584.4,,,,,,,,,,7e-06,8e-06,0.94859,0.002033
1584.5,,,,,,,,,,8.5e-06,1e-05,0.948661,0.002008
1584.6,,,,,,,,,,1e-05,1.2e-05,0.948733,0.001983
1584.7,,,,,,,,,,1.15009e-05,1.40012e-05,0.948805,0.00195748
1584.8,,,,,,,,,,1.3e-05,1.6e-05,0.948876,0.001932
1584.9,,,,,,,,,,1.5e-05,1.8e-05,0.948948,0.0019065
1585.0,,,,,,,,,,1.7e-05,2e-05,0.949019,0.001881
1585.1,,,,,,,,,,1.95e-05,1.95e-05,0.948955,0.001856
1585.2,,,,,,,,,,2.20037e-05,1.89994e-05,0.948891,0.00183097
1585.3,,,,,,,,,,2.50018e-05,1.84997e-05,0.948827,0.00180598
1585.4,,,,,,,,,,2.8e-05,1.8e-05,0.948763,0.001781
1585.5,,,,,,,,,,3.05e-05,1.75e-05,0.948699,0.0017555
1585.6,,,,,,,,,,3.3e-05,1.7e-05,0.948635,0.00173
1585.7,,,,,,,,,,3.55015e-05,1.64997e-05,0.948571,0.00170498
1585.8,,,,,,,,,,3.8e-05,1.6e-05,0.948507,0.00168
1585.9,,,,,,,,,,4.1e-05,1.55e-05,0.948443,0.001655
1586.0,,,,,,,,,,4.4e-05,1.5e-05,0.948379,0.00163
1586.1,,,,,,,,,,4.3e-05,1.35e-05,0.948303,0.001607
1586.2,,,,,,,,,,4.19988e-05,1.19982e-05,0.948226,0.00158397
1586.3,,,,,,,,,,4.09994e-05,1.04991e-05,0.948149,0.00156149
1586.4,,,,,,,,,,4e-05,9e-06,0.948073,0.001539
1586.5,,,,,,,,,,3.9e-05,7.5e-06,0.947996,0.001516
1586.6,,,,,,,,,,3.8e-05,6e-06,0.94792,0.001493
1586.7,,,,,,,,,,3.69994e-05,4.49908e-06,0.947843,0.00146999
1586.8,,,,,,,,,,3.6e-05,3e-06,0.947767,0.001447
1586.9,,,,,,,,,,3.5e-05,1.5e-06,0.94769,0.001424
1587.0,,,,,,,,,,3.4e-05,,0.947614,0.001401
1587.1,,,,,,,,,,3.05e-05,,0.947599,0.0013815
1587.2,,,,,,,,,,2.69957e-05,,0.947584,0.00136198
1587.3,,,,,,,,,,2.34979e-05,,0.947569,0.00134199
1587.4,,,,,,,,,,2e-05,,0.947555,0.001322
1587.5,,,,,,,,,,1.7e-05,,0.947541,0.0013025
1587.6,,,,,,,,,,1.4e-05,,0.947526,0.001283
1587.7,,,,,,,,,,1.04979e-05,,0.947511,0.00126349
1587.8,,,,,,,,,,7e-06,,0.947497,0.001244
1587.9,,,,,,,,,,3.5e-06,,0.947482,0.001224
1588.0,,,,,,,,,,,,0.947467,0.001204
1588.1,,,,,,,,,,,,0.947337,0.0011855
1588.2,,,,,,,,,,,,0.947207,0.00116698
1588.3,,,,,,,,,,,,0.947077,0.00114899
1588.4,,,,,,,,,,,,0.946947,0.001131
1588.5,,,,,,,,,,,,0.946817,0.0011125
1588.6,,,,,,,,,,,,0.946687,0.001094
1588.7,,,,,,,,,,,,0.946557,0.00107549
1588.8,,,,,,,,,,,,0.946427,0.001057
1588.9,,,,,,,,,,,,0.946297,0.001039
1589.0,,,,,,,,,,,,0.946167,0.001021
1589.1,,,,,,,,,,,,0.946213,0.0010055
1589.2,,,,,,,,,,,,0.946259,0.000989982
1589.3,,,,,,,,,,,,0.946305,0.000974991
1589.4,,,,,,,,,,,,0.946351,0.00096
1589.5,,,,,,,,,,,,0.946397,0.000945
1589.6,,,,,,,,,,,,0.946443,0.00093
1589.7,,,,,,,,,,,,0.946489,0.000914991
1589.8,,,,,,,,,,,,0.946535,0.0009
1589.9,,,,,,,,,,,,0.946581,0.000885
1590.0,,,,,,,,,,,,0.946627,0.00087
1590.1,,,,,,,,,,,,0.946531,0.000859
1590.2,,,,,,,,,,,,0.946434,0.000847986
1590.3,,,,,,,,,,,,0.946337,0.000836493
1590.4,,,,,,,,,,,,0.946241,0.000825
1590.5,,,,,,,,,,,,0.946145,0.000814
1590.6,,,,,,,,,,,,0.946048,0.000803
1590.7,,,,,,,,,,,,0.945951,0.000791493
1590.8,,,,,,,,,,,,0.945855,0.00078
1590.9,,,,,,,,,,,,0.945759,0.000769
1591.0,,,,,,,,,,,,0.945662,0.000758
1591.1,,,,,,,,,,,,0.945639,0.000749
1591.2,,,,,,,,,,,,0.945617,0.000739989
1591.3,,,,,,,,,,,,0.945594,0.000730995
1591.4,,,,,,,,,,,,0.945572,0.000722
1591.5,,,,,,,,,,,,0.94555,0.0007135
1591.6,,,,,,,,,,,,0.945528,0.000705
1591.7,,,,,,,,,,,,0.945505,0.000695995
1591.8,,,,,,,,,,,,0.945483,0.000687
1591.9,,,,,,,,,,,,0.945461,0.0006785
1592.0,,,,,,,,,,,,0.945438,0.00067
1592.1,,,,,,,,,,,1.5e-06,0.945566,0.000662
1592.2,,,,,,,,,,,3.00244e-06,0.945693,0.00065399
1592.3,,,,,,,,,,,5.00122e-06,0.94582,0.000645995
1592.4,,,,,,,,,,,7e-06,0.945947,0.000638
1592.5,,,,,,,,,,,8.5e-06,0.946074,0.00063
1592.6,,,,,,,,,,,1e-05,0.946202,0.000622
1592.7,,,,,,,,,,,1.15009e-05,0.94633,0.000613995
1592.8,,,,,,,,,,,1.3e-05,0.946457,0.000606
1592.9,,,,,,,,,,,1.5e-05,0.946585,0.000598
1593.0,,,,,,,,,,,1.7e-05,0.946712,0.00059
1593.1,,,,,,,,,,,1.95e-05,0.946948,0.0005835
1593.2,,,,,,,,,,,2.20037e-05,0.947183,0.000576993
1593.3,,,,,,,,,,,2.50018e-05,0.947419,0.000570996
1593.4,,,,,,,,,,,2.8e-05,0.947655,0.000565
1593.5,,,,,,,,,,,3.1e-05,0.947891,0.0005585
1593.6,,,,,,,,,,,3.4e-05,0.948126,0.000552
1593.7,,,,,,,,,,,3.70018e-05,0.948362,0.000545996
1593.8,,,,,,,,,,,4e-05,0.948598,0.00054
1593.9,,,,,,,,,,,4.25e-05,0.948834,0.0005335
1594.0,,,,,,,,,,,4.5e-05,0.949069,0.000527
1594.1,,,,,,,,,,,4.35e-05,0.949211,0.0005205
1594.2,,,,,,,,,,,4.19976e-05,0.949352,0.000513992
1594.3,,,,,,,,,,,3.99988e-05,0.949494,0.000507496
1594.4,,,,,,,,,,,3.8e-05,0.949635,0.000501
1594.5,,,,,,,,,,,3.6e-05,0.949776,0.000495
1594.6,,,,,,,,,,,3.4e-05,0.949917,0.000489
1594.7,,,,,,,,,,,3.24991e-05,0.950059,0.000482496
1594.8,,,,,,,,,,,3.1e-05,0.9502,0.000476
1594.9,,,,,,,,,,,2.9e-05,0.950341,0.0004695
1595.0,,,,,,,,,,,2.7e-05,0.950482,0.000463
1595.1,,,,,,,,,,,2.75e-05,0.95064,0.000459
1595.2,,,,,,,,,,,2.80006e-05,0.950798,0.000454995
1595.3,,,,,,,,,,,2.85003e-05,0.950956,0.000450998
1595.4,,,,,,,,,,,2.9e-05,0.951114,0.000447
1595.5,,,,,,,,,,,2.95e-05,0.951272,0.000443
1595.6,,,,,,,,,,,3e-05,0.95143,0.000439
1595.7,,,,,,,,,,,3.05003e-05,0.951588,0.000434998
1595.8,,,,,,,,,,,3.1e-05,0.951745,0.000431
1595.9,,,,,,,,,,,3.1e-05,0.951903,0.000427
1596.0,,,,,,,,,,,3.1e-05,0.952061,0.000423
1596.1,,,,,,,,,,,3e-05,0.952224,0.000419
1596.2,,,,,,,,,,,2.89988e-05,0.952388,0.000414995
1596.3,,,,,,,,,,,2.79994e-05,0.952552,0.000410998
1596.4,,,,,,,,,,,2.7e-05,0.952715,0.000407
1596.5,,,,,,,,,,,2.6e-05,0.952878,0.000403
1596.6,,,,,,,,,,,2.5e-05,0.953042,0.000399
1596.7,,,,,,,,,,,2.39994e-05,0.953206,0.000394998
1596.8,,,,,,,,,,,2.3e-05,0.953369,0.000391
1596.9,,,,,,,,,,,2.2e-05,0.953533,0.000387
1597.0,,,,,,,,,,,2.1e-05,0.953696,0.000383
1597.1,,,,,,,,,,,2e-05,0.953815,0.0003805
1597.2,,,,,,,,,,,1.89988e-05,0.953934,0.000377997
1597.3,,,,,,,,,,,1.79994e-05,0.954054,0.000375498
1597.4,,,,,,,,,,,1.7e-05,0.954173,0.000373
1597.5,,,,,,,,,,,1.55e-05,0.954293,0.000371
1597.6,,,,,,,,,,,1.4e-05,0.954412,0.000369
1597.7,,,,,,,,,,,1.29994e-05,0.954531,0.000366498
1597.8,,,,,,,,,,,1.2e-05,0.95465,0.000364
1597.9,,,,,,,,,,,1.1e-05,0.954769,0.0003615
1598.0,,,,,,,,,,,1e-05,0.954889,0.000359
1598.1,,,,,,,,,,,1.15e-05,0.955135,0.0003555
1598.2,,,,,,,,,,,1.30024e-05,0.95538,0.000351996
1598.3,,,,,,,,,,,1.50012e-05,0.955626,0.000348998
1598.4,,,,,,,,,,,1.7e-05,0.955872,0.000346
1598.5,,,,,,,,,,,1.9e-05,0.956118,0.000343
1598.6,,,,,,,,,,,2.1e-05,0.956363,0.00034
1598.7,,,,,,,,,,,2.25009e-05,0.956609,0.000336498
1598.8,,,,,,,,,,,2.4e-05,0.956855,0.000333
1598.9,,,,,,,,,,,2.6e-05,0.957101,0.00033
1599.0,,,,,,,,,,,2.8e-05,0.957346,0.000327
1599.1,,,,,,,,,,,3.1e-05,0.957536,0.0003255
1599.2,,,,,,,,,,,3.40037e-05,0.957725,0.000323998
1599.3,,,,,,,,,,,3.70018e-05,0.957915,0.000322499
1599.4,,,,,,,,,,,4e-05,0.958104,0.000321
1599.5,,,,,,,,,,,4.3e-05,0.958294,0.000319
1599.6,,,,,,,,,,,4.6e-05,0.958484,0.000317
1599.7,,,,,,,,,,,4.90018e-05,0.958674,0.000315499
1599.8,,,,,,,,,,,5.2e-05,0.958863,0.000314
1599.9,,,,,,,,,,,5.5e-05,0.959053,0.0003125
1600.0,,,,,,,,,,,5.8e-05,0.959242,0.000311
1600.1,,,,,,,,,,,5.7e-05,0.959442,0.000308
1600.2,,,,,,,,,,,5.59982e-05,0.959642,0.000304996
1600.3,,,,,,,,,,,5.44991e-05,0.959842,0.000301498
1600.4,,,,,,,,,,,5.3e-05,0.960042,0.000298
1600.5,,,,,,,,,,,5.2e-05,0.960242,0.000295
1600.6,,,,,,,,,,,5.1e-05,0.960442,0.000292
1600.7,,,,,,,,,,,4.99994e-05,0.960642,0.000288498
1600.8,,,,,,,,,,,4.9e-05,0.960842,0.000285
1600.9,,,,,,,,,,,4.8e-05,0.961042,0.000282
1601.0,,,,,,,,,,,4.7e-05,0.961242,0.000279
1601.1,,,,,,,,,,,4.45e-05,0.961532,0.0002765
1601.2,,,,,,,,,,,4.19969e-05,0.961821,0.000273997
1601.3,,,,,,,,,,,3.94985e-05,0.962111,0.000271498
1601.4,,,,,,,,,,,3.7e-05,0.9624,0.000269
1601.5,,,,,,,,,,,3.45e-05,0.96269,0.0002665
1601.6,,,,,,,,,,,3.2e-05,0.962979,0.000264
1601.7,,,,,,,,,,,2.99988e-05,0.963268,0.000261999
1601.8,,,,,,,,,,,2.8e-05,0.963557,0.00026
1601.9,,,,,,,,,,,2.55e-05,0.963847,0.0002575
1602.0,,,,,,,,,,,2.3e-05,0.964136,0.000255
1602.1,,,,,,,,,,,2.05e-05,0.964357,0.000254
1602.2,,,,,,,,,,,1.79976e-05,0.964577,0.000252999
1602.3,,,,,,,,,,,1.59988e-05,0.964797,0.0002525
1602.4,,,,,,,,,,,1.4e-05,0.965017,0.000252
1602.5,,,,,,,,,,,1.15e-05,0.965237,0.000251
1602.6,,,,,,,,,,,9e-06,0.965458,0.00025
1602.7,,,,,,,,,,,6.99878e-06,0.965678,0.0002495
1602.8,,,,,,,,,,,5e-06,0.965898,0.000249
1602.9,,,,,,,,,,,2.5e-06,0.966118,0.000248
1603.0,,,,,,,,,,,,0.966339,0.000247
1603.1,,,,,,,,,,,,0.966703,0.0002445
1603.2,,,,,,,,,,,,0.967067,0.000241997
1603.3,,,,,,,,,,,,0.967431,0.000239498
1603.4,,,,,,,,,,,,0.967795,0.000237
1603.5,,,,,,,,,,,,0.968159,0.000235
1603.6,,,,,,,,,,,,0.968523,0.000233
1603.7,,,,,,,,,,,,0.968887,0.000230498
1603.8,,,,,,,,,,,,0.969251,0.000228
1603.9,,,,,,,,,,,,0.969615,0.0002255
1604.0,,,,,,,,,,,,0.96998,0.000223
1604.1,,,,,,,,,,,,0.970284,0.000222
1604.2,,,,,,,,,,,,0.970588,0.000220999
1604.3,,,,,,,,,,,,0.970892,0.0002205
1604.4,,,,,,,,,,,,0.971196,0.00022
1604.5,,,,,,,,,,,,0.971501,0.000219
1604.6,,,,,,,,,,,,0.971805,0.000218
1604.7,,,,,,,,,,,,0.972109,0.0002175
1604.8,,,,,,,,,,,,0.972413,0.000217
1604.9,,,,,,,,,,,,0.972718,0.000216
1605.0,,,,,,,,,,,,0.973022,0.000215
1605.1,,,,,,,,,,,,0.973119,0.000215
1605.2,,,,,,,,,,,,0.973216,0.000215
1605.3,,,,,,,,,,,,0.973314,0.000215
1605.4,,,,,,,,,,,,0.973411,0.000215
1605.5,,,,,,,,,,,,0.973508,0.000215
1605.6,,,,,,,,,,,,0.973605,0.000215
1605.7,,,,,,,,,,,,0.973702,0.000215
1605.8,,,,,,,,,,,,0.973799,0.000215
1605.9,,,,,,,,,,,,0.973897,0.000215
1606.0,,,,,,,,,,,,0.973994,0.000215
1606.1,,,,,,,,,,,,0.974092,0.0002135
1606.2,,,,,,,,,,,,0.974191,0.000211998
1606.3,,,,,,,,,,,,0.97429,0.000210499
1606.4,,,,,,,,,,,,0.974388,0.000209
1606.5,,,,,,,,,,,,0.974487,0.000207
1606.6,,,,,,,,,,,,0.974586,0.000205
1606.7,,,,,,,,,,,,0.974685,0.000203499
1606.8,,,,,,,,,,,,0.974783,0.000202
1606.9,,,,,,,,,,,,0.974882,0.0002005
1607.0,,,,,,,,,,,,0.97498,0.000199
1607.1,,,,,,,,,,,,0.975159,0.000198
1607.2,,,,,,,,,,,,0.975338,0.000196999
1607.3,,,,,,,,,,,,0.975518,0.0001965
1607.4,,,,,,,,,,,,0.975697,0.000196
1607.5,,,,,,,,,,,,0.975876,0.000195
1607.6,,,,,,,,,,,,0.976055,0.000194
1607.7,,,,,,,,,,,,0.976235,0.0001935
1607.8,,,,,,,,,,,,0.976414,0.000193
1607.9,,,,,,,,,,,,0.976593,0.000192
1608.0,,,,,,,,,,,,0.976772,0.000191
1608.1,,,,,,,,,,1e-06,4.5e-06,0.97692,0.000191
1608.2,,,,,,,,,,2.00183e-06,9.00488e-06,0.977069,0.000191
1608.3,,,,,,,,,,3.50092e-06,1.30024e-05,0.977218,0.000191
1608.4,,,,,,,,,,5e-06,1.7e-05,0.977366,0.000191
1608.5,,,,,,,,,,6e-06,2.1e-05,0.977514,0.000191
1608.6,,,,,,,,,,7e-06,2.5e-05,0.977662,0.000191
1608.7,,,,,,,,,,8.00061e-06,2.95027e-05,0.977811,0.000191
1608.8,,,,,,,,,,9e-06,3.4e-05,0.977959,0.000191
1608.9,,,,,,,,,,1.05e-05,3.8e-05,0.978107,0.000191
1609.0,,,,,,,,,,1.2e-05,4.2e-05,0.978255,0.000191
1609.1,,,,,,,,,,1.05e-05,4.45e-05,0.978468,0.0001885
1609.2,,,,,,,,,,8.99878e-06,4.70031e-05,0.978681,0.000185997
1609.3,,,,,,,,,,7.99939e-06,4.95015e-05,0.978894,0.000183498
1609.4,,,,,,,,,,7e-06,5.2e-05,0.979107,0.000181
1609.5,,,,,,,,,,6e-06,5.45e-05,0.97932,0.000179
1609.6,,,,,,,,,,5e-06,5.7e-05,0.979532,0.000177
1609.7,,,,,,,,,,3.49908e-06,5.90012e-05,0.979745,0.000174498
1609.8,,,,,,,,,,2e-06,6.1e-05,0.979958,0.000172
1609.9,,,,,,,,,,1e-06,6.35e-05,0.980171,0.0001695
1610.0,,,,,,,,,,,6.6e-05,0.980384,0.000167
1610.1,,,,,,,,,,,6.9e-05,0.980618,0.000167
1610.2,,,,,,,,,,,7.20037e-05,0.980853,0.000167
1610.3,,,,,,,,,,,7.50018e-05,0.981088,0.000167
1610.4,,,,,,,,,,,7.8e-05,0.981323,0.000167
1610.5,,,,,,,,,,,8.05e-05,0.981557,0.000167
1610.6,,,,,,,,,,,8.3e-05,0.981792,0.000167
1610.7,,,,,,,,,,,8.60018e-05,0.982027,0.000167
1610.8,,,,,,,,,,,8.9e-05,0.982262,0.000167
1610.9,,,,,,,,,,,9.2e-05,0.982497,0.000167
1611.0,,,,,,,,,,,9.5e-05,0.982731,0.000167
1611.1,,,,,,,,,,,9.3e-05,0.982879,0.000167
1611.2,,,,,,,,,,,9.0997e-05,0.983027,0.000167
1611.3,,,,,,,,,,,8.84985e-05,0.983175,0.000167
1611.4,,,,,,,,,,,8.6e-05,0.983323,0.000167
1611.5,,,,,,,,,,,8.4e-05,0.983471,0.000167
1611.6,,,,,,,,,,,8.2e-05,0.983619,0.000167
1611.7,,,,,,,,,,,7.99988e-05,0.983767,0.000167
1611.8,,,,,,,,,,,7.8e-05,0.983915,0.000167
1611.9,,,,,,,,,,,7.6e-05,0.984063,0.0001675
1612.0,,,,,,,,,,,7.4e-05,0.984211,0.000168
1612.1,,,,,,,,,,,7.3e-05,0.984344,0.0001655
1612.2,,,,,,,,,,,7.19994e-05,0.984477,0.000162997
1612.3,,,,,,,,,,,7.14997e-05,0.98461,0.000160498
1612.4,,,,,,,,,,,7.1e-05,0.984743,0.000158
1612.5,,,,,,,,,,,7e-05,0.984876,0.0001555
1612.6,,,,,,,,,,,6.9e-05,0.985008,0.000153
1612.7,,,,,,,,,,,6.84997e-05,0.985141,0.000150498
1612.8,,,,,,,,,,,6.8e-05,0.985274,0.000148
1612.9,,,,,,,,,,,6.7e-05,0.985407,0.0001455
1613.0,,,,,,,,,,,6.6e-05,0.98554,0.000143
1613.1,,,,,,,,,,,6.65e-05,0.985546,0.0001435
1613.2,,,,,,,,,,,6.7e-05,0.985551,0.000144001
1613.3,,,,,,,,,,,6.7e-05,0.985556,0.000145001
1613.4,,,,,,,,,,,6.7e-05,0.985561,0.000146
1613.5,,,,,,,,,,,6.75e-05,0.985566,0.000147
1613.6,,,,,,,,,,,6.8e-05,0.985572,0.000148
1613.7,,,,,,,,,,,6.8e-05,0.985577,0.000149001
1613.8,,,,,,,,,,,6.8e-05,0.985582,0.00015
1613.9,,,,,,,,,,,6.8e-05,0.985587,0.0001505
1614.0,,,,,,,,,,,6.8e-05,0.985593,0.000151
1614.1,,,,,,,,,,,6.55e-05,0.985581,0.0001505
1614.2,,,,,,,,,,,6.2997e-05,0.985569,0.000149999
1614.3,,,,,,,,,,,6.04985e-05,0.985556,0.000148999
1614.4,,,,,,,,,,,5.8e-05,0.985544,0.000148
1614.5,,,,,,,,,,,5.55e-05,0.985532,0.000147
1614.6,,,,,,,,,,,5.3e-05,0.98552,0.000146
1614.7,,,,,,,,,,,5.04985e-05,0.985508,0.0001455
1614.8,,,,,,,,,,,4.8e-05,0.985496,0.000145
1614.9,,,,,,,,,,,4.55e-05,0.985484,0.000144
1615.0,,,,,,,,,,,4.3e-05,0.985472,0.000143
1615.1,,,,,,,,,,,4.3e-05,0.985612,0.000142
1615.2,,,,,,,,,,,4.3e-05,0.985752,0.000140999
1615.3,,,,,,,,,,,4.3e-05,0.985892,0.0001405
1615.4,,,,,,,,,,,4.3e-05,0.986032,0.00014
1615.5,,,,,,,,,,,4.35e-05,0.986172,0.000139
1615.6,,,,,,,,,,,4.4e-05,0.986313,0.000138
1615.7,,,,,,,,,,,4.4e-05,0.986453,0.0001375
1615.8,,,,,,,,,,,4.4e-05,0.986593,0.000137
1615.9,,,,,,,,,,,4.4e-05,0.986733,0.000136
1616.0,,,,,,,,,,,4.4e-05,0.986873,0.000135
1616.1,,,,,,,,,,,4.25e-05,0.986859,0.000134
1616.2,,,,,,,,,,,4.09982e-05,0.986845,0.000132999
1616.3,,,,,,,,,,,3.94991e-05,0.98683,0.0001325
1616.4,,,,,,,,,,,3.8e-05,0.986816,0.000132
1616.5,,,,,,,,,,,3.65e-05,0.986802,0.000131
1616.6,,,,,,,,,,,3.5e-05,0.986788,0.00013
1616.7,,,,,,,,,,,3.34991e-05,0.986774,0.000128999
1616.8,,,,,,,,,,,3.2e-05,0.98676,0.000128
1616.9,,,,,,,,,,,3.05e-05,0.986745,0.0001275
1617.0,,,,,,,,,,,2.9e-05,0.986731,0.000127
1617.1,,,,,,,,,,,2.9e-05,0.986809,0.0001275
1617.2,,,,,,,,,,,2.9e-05,0.986887,0.000128001
1617.3,,,,,,,,,,,2.9e-05,0.986965,0.000129001
1617.4,,,,,,,,,,,2.9e-05,0.987042,0.00013
1617.5,,,,,,,,,,,2.9e-05,0.987119,0.000131
1617.6,,,,,,,,,,,2.9e-05,0.987197,0.000132
1617.7,,,,,,,,,,,2.9e-05,0.987275,0.000133001
1617.8,,,,,,,,,,,2.9e-05,0.987353,0.000134
1617.9,,,,,,,,,,,2.9e-05,0.987431,0.000135
1618.0,,,,,,,,,,,2.9e-05,0.987508,0.000136
1618.1,,,,,,,,,,,2.9e-05,0.987596,0.000135
1618.2,,,,,,,,,,,2.89994e-05,0.987684,0.000133999
1618.3,,,,,,,,,,,2.84997e-05,0.987772,0.000132999
1618.4,,,,,,,,,,,2.8e-05,0.98786,0.000132
1618.5,,,,,,,,,,,2.75e-05,0.987948,0.0001315
1618.6,,,,,,,,,,,2.7e-05,0.988036,0.000131
1618.7,,,,,,,,,,,2.7e-05,0.988124,0.000129999
1618.8,,,,,,,,,,,2.7e-05,0.988212,0.000129
1618.9,,,,,,,,,,,2.65e-05,0.988299,0.000128
1619.0,,,,,,,,,,,2.6e-05,0.988387,0.000127
1619.1,,,,,,,,,,,2.75e-05,0.988205,0.0001265
1619.2,,,,,,,,,,,2.90018e-05,0.988024,0.000125999
1619.3,,,,,,,,,,,3.05009e-05,0.987842,0.000124999
1619.4,,,,,,,,,,,3.2e-05,0.987661,0.000124
1619.5,,,,,,,,,,,3.3e-05,0.98748,0.000123
1619.6,,,,,,,,,,,3.4e-05,0.987299,0.000122
1619.7,,,,,,,,,,,3.55009e-05,0.987117,0.0001215
1619.8,,,,,,,,,,,3.7e-05,0.986936,0.000121
1619.9,,,,,,,,,,,3.85e-05,0.986754,0.00012
1620.0,,,,,,,,,,,4e-05,0.986573,0.000119
1620.1,,,,,,,,,,,3.95e-05,0.986341,0.000118
1620.2,,,,,,,,,,,3.89988e-05,0.986109,0.000116999
1620.3,,,,,,,,,,,3.79994e-05,0.985877,0.0001165
1620.4,,,,,,,,,,,3.7e-05,0.985646,0.000116
1620.5,,,,,,,,,,,3.65e-05,0.985415,0.000115
1620.6,,,,,,,,,,,3.6e-05,0.985183,0.000114
1620.7,,,,,,,,,,,3.54997e-05,0.984951,0.000112999
1620.8,,,,,,,,,,,3.5e-05,0.98472,0.000112
1620.9,,,,,,,,,,,3.45e-05,0.984488,0.000111
1621.0,,,,,,,,,,,3.4e-05,0.984257,0.00011
1621.1,,,,,,,,,,1e-06,3.35e-05,0.984074,0.0001095
1621.2,,,,,,,,,,2.00183e-06,3.3e-05,0.983891,0.000108999
1621.3,,,,,,,,,,3.50092e-06,3.3e-05,0.983708,0.000107999
1621.4,,,,,,,,,,5e-06,3.3e-05,0.983526,0.000107
1621.5,,,,,,,,,,6e-06,3.3e-05,0.983343,0.000106
1621.6,,,,,,,,,,7e-06,3.3e-05,0.98316,0.000105
1621.7,,,,,,,,,,8.00061e-06,3.3e-05,0.982977,0.0001045
1621.8,,,,,,,,,,9e-06,3.3e-05,0.982795,0.000104
1621.9,,,,,,,,,,1.05e-05,3.25e-05,0.982612,0.000103
1622.0,,,,,,,,,,1.2e-05,3.2e-05,0.982429,0.000102
1622.1,,,,,,,,,,1.6e-05,3.2e-05,0.982208,0.000103
1622.2,,,,,,,,,,2.00049e-05,3.2e-05,0.981987,0.000104001
1622.3,,,,,,,,,,2.40024e-05,3.2e-05,0.981765,0.0001045
1622.4,,,,,,,,,,2.8e-05,3.2e-05,0.981544,0.000105
1622.5,,,,,,,,,,3.25e-05,3.2e-05,0.981323,0.000106
1622.6,,,,,,,,,,3.7e-05,3.2e-05,0.981101,0.000107
1622.7,,,,,,,,,,4.10024e-05,3.2e-05,0.980879,0.000108001
1622.8,,,,,,,,,,4.5e-05,3.2e-05,0.980658,0.000109
1622.9,,,,,,,,,,4.9e-05,3.2e-05,0.980437,0.0001095
1623.0,,,,,,,,,,5.3e-05,3.2e-05,0.980216,0.00011
1623.1,,,,,,,,,,5.2e-05,3.1e-05,0.980076,0.00011
1623.2,,,,,,,,,,5.09982e-05,2.99982e-05,0.979936,0.00011
1623.3,,,,,,,,,,4.94991e-05,2.84991e-05,0.979796,0.00011
1623.4,,,,,,,,,,4.8e-05,2.7e-05,0.979656,0.00011
1623.5,,,,,,,,,,4.65e-05,2.6e-05,0.979516,0.00011
1623.6,,,,,,,,,,4.5e-05,2.5e-05,0.979376,0.00011
1623.7,,,,,,,,,,4.39994e-05,2.34991e-05,0.979236,0.00011
1623.8,,,,,,,,,,4.3e-05,2.2e-05,0.979096,0.00011
1623.9,,,,,,,,,,4.15e-05,2.1e-05,0.978956,0.00011
1624.0,,,,,,,,,,4e-05,2e-05,0.978816,0.00011
1624.1,,,,,,,,,,3.7e-05,2e-05,0.978737,0.0001095
1624.2,,,,,,,,,,3.39963e-05,2.00006e-05,0.978659,0.000108999
1624.3,,,,,,,,,,3.09982e-05,2.05003e-05,0.97858,0.000107999
1624.4,,,,,,,,,,2.8e-05,2.1e-05,0.978501,0.000107
1624.5,,,,,,,,,,2.5e-05,2.15e-05,0.978422,0.000106
1624.6,,,,,,,,,,2.2e-05,2.2e-05,0.978343,0.000105
1624.7,,,,,,,,,,1.89982e-05,2.2e-05,0.978264,0.0001045
1624.8,,,,,,,,,,1.6e-05,2.2e-05,0.978186,0.000104
1624.9,,,,,,,,,,1.35e-05,2.25e-05,0.978107,0.000103
1625.0,,,,,,,,,,1.1e-05,2.3e-05,0.978028,0.000102
1625.1,,,,,,,,,,9.5e-06,2.25e-05,0.978025,0.000103
1625.2,,,,,,,,,,7.99878e-06,2.19994e-05,0.978023,0.000104001
1625.3,,,,,,,,,,6.99939e-06,2.14997e-05,0.978021,0.000105001
1625.4,,,,,,,,,,6e-06,2.1e-05,0.978019,0.000106
1625.5,,,,,,,,,,5e-06,2.05e-05,0.978016,0.0001065
1625.6,,,,,,,,,,4e-06,2e-05,0.978014,0.000107
1625.7,,,,,,,,,,2.99939e-06,1.94997e-05,0.978012,0.000108001
1625.8,,,,,,,,,,2e-06,1.9e-05,0.97801,0.000109
1625.9,,,,,,,,,,1e-06,1.85e-05,0.978007,0.00011
1626.0,,,,,,,,,,,1.8e-05,0.978005,0.000111
1626.1,,,,,,,,,,,1.9e-05,0.977977,0.00011
1626.2,,,,,,,,,,,2.00012e-05,0.977949,0.000108999
1626.3,,,,,,,,,,,2.10006e-05,0.977921,0.0001085
1626.4,,,,,,,,,,,2.2e-05,0.977893,0.000108
1626.5,,,,,,,,,,,2.3e-05,0.977865,0.000107
1626.6,,,,,,,,,,,2.4e-05,0.977837,0.000106
1626.7,,,,,,,,,,,2.45003e-05,0.977809,0.000104999
1626.8,,,,,,,,,,,2.5e-05,0.977781,0.000104
1626.9,,,,,,,,,,,2.6e-05,0.977753,0.0001035
1627.0,,,,,,,,,,,2.7e-05,0.977725,0.000103
1627.1,,,,,,,,,,,2.8e-05,0.977684,0.000102
1627.2,,,,,,,,,,,2.90012e-05,0.977643,0.000100999
1627.3,,,,,,,,,,,3.00006e-05,0.977601,9.99994e-05
1627.4,,,,,,,,,,,3.1e-05,0.97756,9.9e-05
1627.5,,,,,,,,,,,3.2e-05,0.977519,9.85e-05
1627.6,,,,,,,,,,,3.3e-05,0.977478,9.8e-05
1627.7,,,,,,,,,,,3.40006e-05,0.977436,9.69994e-05
1627.8,,,,,,,,,,,3.5e-05,0.977395,9.6e-05
1627.9,,,,,,,,,,,3.55e-05,0.977354,9.5e-05
1628.0,,,,,,,,,,,3.6e-05,0.977313,9.4e-05
1628.1,,,,,,,,,,,3.6e-05,0.977165,9.4e-05
1628.2,,,,,,,,,,,3.6e-05,0.977016,9.4e-05
1628.3,,,,,,,,,,,3.6e-05,0.976868,9.4e-05
1628.4,,,,,,,,,,,3.6e-05,0.97672,9.4e-05
1628.5,,,,,,,,,,,3.6e-05,0.976572,9.4e-05
1628.6,,,,,,,,,,,3.6e-05,0.976423,9.4e-05
1628.7,,,,,,,,,,,3.6e-05,0.976275,9.4e-05
1628.8,,,,,,,,,,,3.6e-05,0.976127,9.4e-05
1628.9,,,,,,,,,,,3.65e-05,0.975979,9.4e-05
1629.0,,,,,,,,,,,3.7e-05,0.975831,9.4e-05
1629.1,,,,,,,,,,,3.75e-05,0.97582,9.5e-05
1629.2,,,,,,,,,,,3.80012e-05,0.97581,9.60012e-05
1629.3,,,,,,,,,,,3.90006e-05,0.9758,9.70006e-05
1629.4,,,,,,,,,,,4e-05,0.975789,9.8e-05
1629.5,,,,,,,,,,,4.05e-05,0.975779,9.9e-05
1629.6,,,,,,,,,,,4.1e-05,0.975769,1e-04
1629.7,,,,,,,,,,,4.20006e-05,0.975758,0.0001005
1629.8,,,,,,,,,,,4.3e-05,0.975748,0.000101
1629.9,,,,,,,,,,,4.4e-05,0.975738,0.000102
1630.0,,,,,,,,,,,4.5e-05,0.975728,0.000103
1630.1,,,,,,,,,,,4.25e-05,0.975661,0.0001015
1630.2,,,,,,,,,,,3.99976e-05,0.975594,9.99976e-05
1630.3,,,,,,,,,,,3.79988e-05,0.975527,9.79988e-05
1630.4,,,,,,,,,,,3.6e-05,0.975461,9.6e-05
1630.5,,,,,,,,,,,3.4e-05,0.975394,9.45e-05
1630.6,,,,,,,,,,,3.2e-05,0.975327,9.3e-05
1630.7,,,,,,,,,,,2.99988e-05,0.97526,9.09988e-05
1630.8,,,,,,,,,,,2.8e-05,0.975194,8.9e-05
1630.9,,,,,,,,,,,2.6e-05,0.975127,8.75e-05
1631.0,,,,,,,,,,,2.4e-05,0.97506,8.6e-05
1631.1,,,,,,,,,,,2.15e-05,0.975116,8.7e-05
1631.2,,,,,,,,,,,1.89969e-05,0.975172,8.80012e-05
1631.3,,,,,,,,,,,1.64985e-05,0.975228,8.90006e-05
1631.4,,,,,,,,,,,1.4e-05,0.975283,9e-05
1631.5,,,,,,,,,,,1.15e-05,0.975339,9.05e-05
1631.6,,,,,,,,,,,9e-06,0.975394,9.1e-05
1631.7,,,,,,,,,,,6.99878e-06,0.97545,9.20006e-05
1631.8,,,,,,,,,,,5e-06,0.975505,9.3e-05
1631.9,,,,,,,,,,,2.5e-06,0.975561,9.4e-05
1632.0,,,,,,,,,,,,0.975617,9.5e-05
1632.1,,,,,,,,,,2.5e-06,,0.975699,9.5e-05
1632.2,,,,,,,,,,5.00305e-06,,0.975782,9.5e-05
1632.3,,,,,,,,,,7.50153e-06,,0.975865,9.5e-05
1632.4,,,,,,,,,,1e-05,,0.975947,9.5e-05
1632.5,,,,,,,,,,1.25e-05,,0.97603,9.5e-05
1632.6,,,,,,,,,,1.5e-05,,0.976113,9.5e-05
1632.7,,,,,,,,,,1.75015e-05,,0.976196,9.5e-05
1632.8,,,,,,,,,,2e-05,,0.976278,9.5e-05
1632.9,,,,,,,,,,2.25e-05,,0.97636,9.5e-05
1633.0,,,,,,,,,,2.5e-05,,0.976443,9.5e-05
1633.1,,,,,,,,,,2.45e-05,,0.976431,9.4e-05
1633.2,,,,,,,,,,2.39988e-05,,0.97642,9.29994e-05
1633.3,,,,,,,,,,2.29994e-05,,0.976408,9.24997e-05
1633.4,,,,,,,,,,2.2e-05,,0.976397,9.2e-05
1633.5,,,,,,,,,,2.15e-05,,0.976385,9.1e-05
1633.6,,,,,,,,,,2.1e-05,,0.976374,9e-05
1633.7,,,,,,,,,,1.99994e-05,,0.976362,8.89994e-05
1633.8,,,,,,,,,,1.9e-05,,0.976351,8.8e-05
1633.9,,,,,,,,,,1.85e-05,,0.97634,8.75e-05
1634.0,,,,,,,,,,1.8e-05,,0.976328,8.7e-05
1634.1,,,,,,,,,,1.65e-05,,0.976206,8.7e-05
1634.2,,,,,,,,,,1.49982e-05,,0.976084,8.7e-05
1634.3,,,,,,,,,,1.34991e-05,,0.975962,8.7e-05
1634.4,,,,,,,,,,1.2e-05,,0.97584,8.7e-05
1634.5,,,,,,,,,,1.1e-05,,0.975718,8.7e-05
1634.6,,,,,,,,,,1e-05,,0.975597,8.7e-05
1634.7,,,,,,,,,,8.49908e-06,,0.975475,8.7e-05
1634.8,,,,,,,,,,7e-06,,0.975353,8.7e-05
1634.9,,,,,,,,,,6e-06,,0.975231,8.7e-05
1635.0,,,,,,,,,,5e-06,,0.975109,8.7e-05
1635.1,,,,,,,,,,6e-06,1e-06,0.975095,8.6e-05
1635.2,,,,,,,,,,7.00122e-06,2.00122e-06,0.975081,8.49988e-05
1635.3,,,,,,,,,,8.00061e-06,3.00061e-06,0.975067,8.39994e-05
1635.4,,,,,,,,,,9e-06,4e-06,0.975054,8.3e-05
1635.5,,,,,,,,,,1.05e-05,4.5e-06,0.97504,8.25e-05
1635.6,,,,,,,,,,1.2e-05,5e-06,0.975026,8.2e-05
1635.7,,,,,,,,,,1.30006e-05,6.00061e-06,0.975012,8.09994e-05
1635.8,,,,,,,,,,1.4e-05,7e-06,0.974998,8e-05
1635.9,,,,,,,,,,1.5e-05,8e-06,0.974984,7.9e-05
1636.0,,,,,,,,,,1.6e-05,9e-06,0.97497,7.8e-05
1636.1,,,,,,,,,,1.5e-05,9.5e-06,0.974922,7.8e-05
1636.2,,,,,,,,,,1.39988e-05,1.00006e-05,0.974874,7.8e-05
1636.3,,,,,,,,,,1.29994e-05,1.05003e-05,0.974826,7.8e-05
1636.4,,,,,,,,,,1.2e-05,1.1e-05,0.974778,7.8e-05
1636.5,,,,,,,,,,1.1e-05,1.15e-05,0.97473,7.8e-05
1636.6,,,,,,,,,,1e-05,1.2e-05,0.974681,7.8e-05
1636.7,,,,,,,,,,9.49969e-06,1.30006e-05,0.974633,7.8e-05
1636.8,,,,,,,,,,9e-06,1.4e-05,0.974585,7.8e-05
1636.9,,,,,,,,,,8e-06,1.45e-05,0.974537,7.8e-05
1637.0,,,,,,,,,,7e-06,1.5e-05,0.974489,7.8e-05
1637.1,,,,,,,,,,7.5e-06,1.45e-05,0.974513,7.8e-05
1637.2,,,,,,,,,,8.00122e-06,1.39994e-05,0.974537,7.8e-05
1637.3,,,,,,,,,,9.00061e-06,1.34997e-05,0.974561,7.8e-05
1637.4,,,,,,,,,,1e-05,1.3e-05,0.974585,7.8e-05
1637.5,,,,,,,,,,1.1e-05,1.25e-05,0.974609,7.8e-05
1637.6,,,,,,,,,,1.2e-05,1.2e-05,0.974634,7.8e-05
1637.7,,,,,,,,,,1.25003e-05,1.2e-05,0.974658,7.8e-05
1637.8,,,,,,,,,,1.3e-05,1.2e-05,0.974682,7.8e-05
1637.9,,,,,,,,,,1.4e-05,1.15e-05,0.974707,7.8e-05
1638.0,,,,,,,,,,1.5e-05,1.1e-05,0.974731,7.8e-05
1638.1,,,,,,,,,,1.6e-05,1.05e-05,0.974847,7.9e-05
1638.2,,,,,,,,,,1.70006e-05,1e-05,0.974963,8.00012e-05
1638.3,,,,,,,,,,1.75003e-05,1e-05,0.975079,8.10006e-05
1638.4,,,,,,,,,,1.8e-05,1e-05,0.975195,8.2e-05
1638.5,,,,,,,,,,1.9e-05,9.5e-06,0.975311,8.3e-05
1638.6,,,,,,,,,,2e-05,9e-06,0.975427,8.4e-05
1638.7,,,,,,,,,,2.10006e-05,9e-06,0.975543,8.45003e-05
1638.8,,,,,,,,,,2.2e-05,9e-06,0.975659,8.5e-05
1638.9,,,,,,,,,,2.25e-05,9e-06,0.975775,8.6e-05
1639.0,,,,,,,,,,2.3e-05,9e-06,0.975891,8.7e-05
1639.1,,,,,,,,,,2.2e-05,8e-06,0.975965,8.55e-05
1639.2,,,,,,,,,,2.09994e-05,6.99878e-06,0.976039,8.39976e-05
1639.3,,,,,,,,,,2.04997e-05,5.99939e-06,0.976113,8.19988e-05
1639.4,,,,,,,,,,2e-05,5e-06,0.976186,8e-05
1639.5,,,,,,,,,,1.9e-05,4e-06,0.97626,7.85e-05
1639.6,,,,,,,,,,1.8e-05,3e-06,0.976334,7.7e-05
1639.7,,,,,,,,,,1.69994e-05,2.4997e-06,0.976408,7.49988e-05
1639.8,,,,,,,,,,1.6e-05,2e-06,0.976481,7.3e-05
1639.9,,,,,,,,,,1.55e-05,1e-06,0.976555,7.15e-05
1640.0,,,,,,,,,,1.5e-05,,0.976629,7e-05
1640.1,,,,,,,,,,1.35e-05,,0.976695,6.5e-05
1640.2,,,,,,,,,,1.19982e-05,,0.97676,5.99945e-05
1640.3,,,,,,,,,,1.04991e-05,,0.976826,5.54973e-05
1640.4,,,,,,,,,,9e-06,,0.976892,5.1e-05
1640.5,,,,,,,,,,7.5e-06,,0.976957,4.6e-05
1640.6,,,,,,,,,,6e-06,,0.977023,4.1e-05
1640.7,,,,,,,,,,4.49908e-06,,0.977089,3.59969e-05
1640.8,,,,,,,,,,3e-06,,0.977155,3.1e-05
1640.9,,,,,,,,,,1.5e-06,,0.977221,2.6e-05
1641.0,,,,,,,,,,,,0.977286,2.1e-05
1641.1,,,,,,,,,,,,0.977479,1.9e-05
1641.2,,,,,,,,,,,,0.977672,1.69976e-05
1641.3,,,,,,,,,,,,0.977865,1.49988e-05
1641.4,,,,,,,,,,,,0.978058,1.3e-05
1641.5,,,,,,,,,,,,0.978251,1.1e-05
1641.6,,,,,,,,,,,,0.978443,9e-06
1641.7,,,,,,,,,,,,0.978636,6.49847e-06
1641.8,,,,,,,,,,,,0.978829,4e-06
1641.9,,,,,,,,,,,,0.979022,2e-06
1642.0,,,,,,,,,,,,0.979215,
1642.1,,,,,,,,,,,,0.979336,
1642.2,,,,,,,,,,,,0.979457,
1642.3,,,,,,,,,,,,0.979578,
1642.4,,,,,,,,,,,,0.979699,
1642.5,,,,,,,,,,,,0.97982,
1642.6,,,,,,,,,,,,0.979941,
1642.7,,,,,,,,,,,,0.980062,
1642.8,,,,,,,,,,,,0.980183,
1642.9,,,,,,,,,,,,0.980304,
1643.0,,,,,,,,,,,,0.980424,
1643.1,,,,,,,,,,,,0.980444,
1643.2,,,,,,,,,,,6.10128e-10,0.980465,
1643.3,,,,,,,,,,,5.00305e-07,0.980485,
1643.4,,,,,,,,,,,1e-06,0.980505,
1643.5,,,,,,,,,,,1e-06,0.980525,
1643.6,,,,,,,,,,,1e-06,0.980545,
1643.7,,,,,,,,,,,1.50031e-06,0.980565,
1643.8,,,,,,,,,,,2e-06,0.980585,
1643.9,,,,,,,,,,,2e-06,0.980605,
1644.0,,,,,,,,,,,2e-06,0.980625,
1644.1,,,,,,,,,,,2e-06,0.980696,
1644.2,,,,,,,,,,,2.00061e-06,0.980768,
1644.3,,,,,,,,,,,2.50031e-06,0.98084,
1644.4,,,,,,,,,,,3e-06,0.980911,
1644.5,,,,,,,,,,,3e-06,0.980982,
1644.6,,,,,,,,,,,3e-06,0.981053,
1644.7,,,,,,,,,,,3e-06,0.981125,
1644.8,,,,,,,,,,,3e-06,0.981196,
1644.9,,,,,,,,,,,3.5e-06,0.981267,
1645.0,,,,,,,,,,,4e-06,0.981339,
1645.1,,,,,,,,,,,3.5e-06,0.981393,
1645.2,,,,,,,,,,,3e-06,0.981447,
1645.3,,,,,,,,,,,3e-06,0.981501,
1645.4,,,,,,,,,,,3e-06,0.981555,
1645.5,,,,,,,,,,,2.5e-06,0.981609,
1645.6,,,,,,,,,,,2e-06,0.981663,
1645.7,,,,,,,,,,,2e-06,0.981717,
1645.8,,,,,,,,,,,2e-06,0.98177,
1645.9,,,,,,,,,,,1.5e-06,0.981824,
1646.0,,,,,,,,,,,1e-06,0.981878,
1646.1,,,,,,,,,,,1e-06,0.981931,
1646.2,,,,,,,,,,,1e-06,0.981985,
1646.3,,,,,,,,,,,1e-06,0.982039,
1646.4,,,,,,,,,,,1e-06,0.982093,
1646.5,,,,,,,,,,,1e-06,0.982147,
1646.6,,,,,,,,,,,1e-06,0.9822,
1646.7,,,,,,,,,,,4.99695e-07,0.982254,
1646.8,,,,,,,,,,,,0.982307,
1646.9,,,,,,,,,,,,0.98236,
1647.0,,,,,,,,,,,,0.982414,
1647.1,,,,,,,,,,,,0.982387,
1647.2,,,,,,,,,,,,0.98236,
1647.3,,,,,,,,,,,,0.982333,
1647.4,,,,,,,,,,,,0.982306,
1647.5,,,,,,,,,,,,0.982279,
1647.6,,,,,,,,,,,,0.982252,
1647.7,,,,,,,,,,,,0.982225,
1647.8,,,,,,,,,,,,0.982198,
1647.9,,,,,,,,,,,,0.982171,
1648.0,,,,,,,,,,,,0.982144,
1648.1,,,,,,,,,,,,0.982111,
1648.2,,,,,,,,,,,,0.982077,
1648.3,,,,,,,,,,,,0.982044,
1648.4,,,,,,,,,,,,0.982011,
1648.5,,,,,,,,,,,,0.981978,
1648.6,,,,,,,,,,,,0.981944,
1648.7,,,,,,,,,,,,0.981911,
1648.8,,,,,,,,,,,,0.981878,
1648.9,,,,,,,,,,,,0.981844,
1649.0,,,,,,,,,,,,0.981811,
1649.1,,,,,,,,,,,,0.981763,
1649.2,,,,,,,,,,,,0.981715,
1649.3,,,,,,,,,,,,0.981667,
1649.4,,,,,,,,,,,,0.981619,
1649.5,,,,,,,,,,,,0.981571,
1649.6,,,,,,,,,,,,0.981524,
1649.7,,,,,,,,,,,,0.981476,
1649.8,,,,,,,,,,,,0.981428,
1649.9,,,,,,,,,,,,0.98138,
1650.0,,,,,,,,,,,,0.981332,
1650.1,,,,,,,,,,,5e-07,0.981268,
1650.2,,,,,,,,,,,1e-06,0.981204,
1650.3,,,,,,,,,,,1e-06,0.98114,
1650.4,,,,,,,,,,,1e-06,0.981077,
1650.5,,,,,,,,,,,1.5e-06,0.981014,
1650.6,,,,,,,,,,,2e-06,0.98095,
1650.7,,,,,,,,,,,2e-06,0.980886,
1650.8,,,,,,,,,,,2e-06,0.980822,
1650.9,,,,,,,,,,,2.5e-06,0.980759,
1651.0,,,,,,,,,,,3e-06,0.980695,
1651.1,,,,,,,,,,,3e-06,0.980704,
1651.2,,,,,,,,,,,3.00061e-06,0.980713,
1651.3,,,,,,,,,,,3.50031e-06,0.980722,
1651.4,,,,,,,,,,,4e-06,0.980731,
1651.5,,,,,,,,,,,4e-06,0.98074,
1651.6,,,,,,,,,,,4e-06,0.980749,
1651.7,,,,,,,,,,,4.5003e-06,0.980758,
1651.8,,,,,,,,,,,5e-06,0.980767,
1651.9,,,,,,,,,,,5.5e-06,0.980776,
1652.0,,,,,,,,,,,6e-06,0.980785,
1652.1,,,,,,,,,,,6.5e-06,0.980834,
1652.2,,,,,,,,,,,7.00061e-06,0.980883,
1652.3,,,,,,,,,,,7.5003e-06,0.980932,
1652.4,,,,,,,,,,,8e-06,0.98098,
1652.5,,,,,,,,,,,9e-06,0.981029,
1652.6,,,,,,,,,,,1e-05,0.981078,
1652.7,,,,,,,,,,,1.05003e-05,0.981127,
1652.8,,,,,,,,,,,1.1e-05,0.981175,
1652.9,,,,,,,,,,,1.15e-05,0.981223,
1653.0,,,,,,,,,,,1.2e-05,0.981272,
1653.1,,,,,,,,,,,1.2e-05,0.981331,
1653.2,,,,,,,,,,,1.2e-05,0.981389,
1653.3,,,,,,,,,,,1.2e-05,0.981448,
1653.4,,,,,,,,,,,1.2e-05,0.981507,
1653.5,,,,,,,,,,,1.15e-05,0.981565,
1653.6,,,,,,,,,,,1.1e-05,0.981624,
1653.7,,,,,,,,,,,1.1e-05,0.981683,
1653.8,,,,,,,,,,,1.1e-05,0.981741,
1653.9,,,,,,,,,,,1.1e-05,0.981799,
1654.0,,,,,,,,,,,1.1e-05,0.981858,
1654.1,,,,,,,,,,,1.05e-05,0.982,
1654.2,,,,,,,,,,,1e-05,0.982143,
1654.3,,,,,,,,,,,1e-05,0.982286,
1654.4,,,,,,,,,,,1e-05,0.982428,
1654.5,,,,,,,,,,,9.5e-06,0.982571,
1654.6,,,,,,,,,,,9e-06,0.982713,
1654.7,,,,,,,,,,,8.4997e-06,0.982856,
1654.8,,,,,,,,,,,8e-06,0.982998,
1654.9,,,,,,,,,,,8e-06,0.98314,
1655.0,,,,,,,,,,,8e-06,0.983282,
1655.1,,,,,,,,,,,8e-06,0.983467,3e-06
1655.2,,,,,,,,,,,8e-06,0.983652,6.00427e-06
1655.3,,,,,,,,,,,8e-06,0.983837,9.50214e-06
1655.4,,,,,,,,,,,8e-06,0.984022,1.3e-05
1655.5,,,,,,,,,,,8e-06,0.984207,1.6e-05
1655.6,,,,,,,,,,,8e-06,0.984392,1.9e-05
1655.7,,,,,,,,,,,8e-06,0.984577,2.20018e-05
1655.8,,,,,,,,,,,8e-06,0.984762,2.5e-05
1655.9,,,,,,,,,,,8e-06,0.984947,2.85e-05
1656.0,,,,,,,,,,,8e-06,0.985132,3.2e-05
1656.1,,,,,,,,,,,8e-06,0.985289,3.4e-05
1656.2,,,,,,,,,,,8e-06,0.985445,3.60018e-05
1656.3,,,,,,,,,,,8e-06,0.985602,3.75009e-05
1656.4,,,,,,,,,,,8e-06,0.985758,3.9e-05
1656.5,,,,,,,,,,,8e-06,0.985914,4.1e-05
1656.6,,,,,,,,,,,8e-06,0.986071,4.3e-05
1656.7,,,,,,,,,,,8e-06,0.986228,4.50012e-05
1656.8,,,,,,,,,,,8e-06,0.986384,4.7e-05
1656.9,,,,,,,,,,,8e-06,0.98654,4.9e-05
1657.0,,,,,,,,,,,8e-06,0.986696,5.1e-05
1657.1,,,,,,,,,,,8e-06,0.98678,5.15e-05
1657.2,,,,,,,,,,,8e-06,0.986864,5.20012e-05
1657.3,,,,,,,,,,,8e-06,0.986948,5.30006e-05
1657.4,,,,,,,,,,,8e-06,0.987031,5.4e-05
1657.5,,,,,,,,,,,8e-06,0.987114,5.5e-05
1657.6,,,,,,,,,,,8e-06,0.987198,5.6e-05
1657.7,,,,,,,,,,,8e-06,0.987282,5.65003e-05
1657.8,,,,,,,,,,,8e-06,0.987365,5.7e-05
1657.9,,,,,,,,,,,8e-06,0.987449,5.8e-05
1658.0,,,,,,,,,,,8e-06,0.987532,5.9e-05
1658.1,,,,,,,,,,,8e-06,0.987543,6e-05
1658.2,,,,,,,,,,,8e-06,0.987554,6.10006e-05
1658.3,,,,,,,,,,,8e-06,0.987565,6.15003e-05
1658.4,,,,,,,,,,,8e-06,0.987575,6.2e-05
1658.5,,,,,,,,,,,8e-06,0.987586,6.3e-05
1658.6,,,,,,,,,,,8e-06,0.987597,6.4e-05
1658.7,,,,,,,,,,,8e-06,0.987608,6.50006e-05
1658.8,,,,,,,,,,,8e-06,0.987618,6.6e-05
1658.9,,,,,,,,,,,8e-06,0.987629,6.7e-05
1659.0,,,,,,,,,,,8e-06,0.98764,6.8e-05
1659.1,,,,,,,,,,,7.5e-06,0.987733,6.7e-05
1659.2,,,,,,,,,,,7e-06,0.987827,6.59988e-05
1659.3,,,,,,,,,,,7e-06,0.987921,6.49994e-05
1659.4,,,,,,,,,,,7e-06,0.988015,6.4e-05
1659.5,,,,,,,,,,5e-07,7e-06,0.988109,6.3e-05
1659.6,,,,,,,,,,1e-06,7e-06,0.988202,6.2e-05
1659.7,,,,,,,,,,1e-06,6.4997e-06,0.988296,6.14997e-05
1659.8,,,,,,,,,,1e-06,6e-06,0.988389,6.1e-05
1659.9,,,,,,,,,,1e-06,6e-06,0.988483,6e-05
1660.0,,,,,,,,,,1e-06,6e-06,0.988577,5.9e-05
1660.1,,,,,,,,,,1.5e-06,6e-06,0.988657,5.75e-05
1660.2,,,,,,,,,,2.00061e-06,6e-06,0.988737,5.59988e-05
1660.3,,,,,,,,,,2.50031e-06,6e-06,0.988817,5.49994e-05
1660.4,,,,,,,,,,3e-06,6e-06,0.988897,5.4e-05
1660.5,,,,,,,,,,3e-06,6e-06,0.988978,5.25e-05
1660.6,,,,,,,,,,3e-06,6e-06,0.989058,5.1e-05
1660.7,,,,,,,,,,3.50031e-06,6e-06,0.989138,4.99994e-05
1660.8,,,,,,,,,,4e-06,6e-06,0.989218,4.9e-05
1660.9,,,,,,,,,,4.5e-06,6e-06,0.989298,4.75e-05
1661.0,,,,,,,,,,5e-06,6e-06,0.989378,4.6e-05
1661.1,,,,,,,,,,5e-06,6e-06,0.989377,4.5e-05
1661.2,,,,,,,,,,5.00061e-06,5.99939e-06,0.989376,4.39982e-05
1661.3,,,,,,,,,,5.50031e-06,5.49969e-06,0.989375,4.24991e-05
1661.4,,,,,,,,,,6e-06,5e-06,0.989373,4.1e-05
1661.5,,,,,,,,,,6e-06,5e-06,0.989372,4e-05
1661.6,,,,,,,,,,6e-06,5e-06,0.98937,3.9e-05
1661.7,,,,,,,,,,6e-06,5e-06,0.989369,3.74991e-05
1661.8,,,,,,,,,,6e-06,5e-06,0.989368,3.6e-05
1661.9,,,,,,,,,,6.5e-06,4.5e-06,0.989367,3.5e-05
1662.0,,,,,,,,,,7e-06,4e-06,0.989365,3.4e-05
1662.1,,,,,,,,,,6.5e-06,4e-06,0.989341,3.15e-05
1662.2,,,,,,,,,,6e-06,4.00061e-06,0.989318,2.8997e-05
1662.3,,,,,,,,,,6e-06,4.5003e-06,0.989294,2.64985e-05
1662.4,,,,,,,,,,6e-06,5e-06,0.98927,2.4e-05
1662.5,,,,,,,,,,6e-06,5e-06,0.989246,2.15e-05
1662.6,,,,,,,,,,6e-06,5e-06,0.989222,1.9e-05
1662.7,,,,,,,,,,5.49969e-06,5e-06,0.989198,1.69988e-05
1662.8,,,,,,,,,,5e-06,5e-06,0.989174,1.5e-05
1662.9,,,,,,,,,,5e-06,5.5e-06,0.989151,1.25e-05
1663.0,,,,,,,,,,5e-06,6e-06,0.989127,1e-05
1663.1,,,,,,,,,,5e-06,5.5e-06,0.989135,9e-06
1663.2,,,,,,,,,,5e-06,5e-06,0.989143,7.99878e-06
1663.3,,,,,,,,,,5e-06,5e-06,0.989152,6.99939e-06
1663.4,,,,,,,,,,5e-06,5e-06,0.98916,6e-06
1663.5,,,,,,,,,,5e-06,4.5e-06,0.989169,5e-06
1663.6,,,,,,,,,,5e-06,4e-06,0.989177,4e-06
1663.7,,,,,,,,,,4.4997e-06,4e-06,0.989186,2.99939e-06
1663.8,,,,,,,,,,4e-06,4e-06,0.989194,2e-06
1663.9,,,,,,,,,,4e-06,3.5e-06,0.989202,1e-06
1664.0,,,,,,,,,,4e-06,3e-06,0.98921,
1664.1,,,,,,,,,,4e-06,3e-06,0.989379,
1664.2,,,,,,,,,,3.99939e-06,3e-06,0.989548,
1664.3,,,,,,,,,,3.49969e-06,3e-06,0.989717,
1664.4,,,,,,,,,,3e-06,3e-06,0.989886,
1664.5,,,,,,,,,,3e-06,3e-06,0.990054,
1664.6,,,,,,,,,,3e-06,3e-06,0.990223,
1664.7,,,,,,,,,,3e-06,3e-06,0.990392,
1664.8,,,,,,,,,,3e-06,3e-06,0.990561,
1664.9,,,,,,,,,,2.5e-06,3e-06,0.99073,
1665.0,,,,,,,,,,2e-06,3e-06,0.990898,
1665.1,,,,,,,,,,2.5e-06,3e-06,0.991163,
1665.2,,,,,,,,,,3e-06,3.00061e-06,0.991428,6.10128e-10
1665.3,,,,,,,,,,3e-06,3.50031e-06,0.991693,5.00305e-07
1665.4,,,,,,,,,,3e-06,4e-06,0.991958,1e-06
1665.5,,,,,,,,,,3.5e-06,4e-06,0.992223,1e-06
1665.6,,,,,,,,,,4e-06,4e-06,0.992488,1e-06
1665.7,,,,,,,,,,4e-06,4.5003e-06,0.992754,1e-06
1665.8,,,,,,,,,,4e-06,5e-06,0.993019,1e-06
1665.9,,,,,,,,,,4.5e-06,5e-06,0.993284,1e-06
1666.0,,,,,,,,,,5e-06,5e-06,0.993549,1e-06
1666.1,,,,,,,,,,5e-06,5e-06,0.993681,2e-06
1666.2,,,,,,,,,,5.00061e-06,5e-06,0.993814,3.00122e-06
1666.3,,,,,,,,,,5.50031e-06,5e-06,0.993947,4.00061e-06
1666.4,,,,,,,,,,6e-06,5e-06,0.994079,5e-06
1666.5,,,,,,,,,,6e-06,5e-06,0.994211,6e-06
1666.6,,,,,,,,,,6e-06,5e-06,0.994344,7e-06
1666.7,,,,,,,,,,6e-06,5e-06,0.994477,8.00061e-06
1666.8,,,,,,,,,,6e-06,5e-06,0.99461,9e-06
1666.9,,,,,,,,,,6.5e-06,4.5e-06,0.994743,1e-05
1667.0,,,,,,,,,,7e-06,4e-06,0.994875,1.1e-05
1667.1,,,,,,,,,,6.5e-06,4.5e-06,0.994974,1.05e-05
1667.2,,,,,,,,,,6e-06,5e-06,0.995074,9.99939e-06
1667.3,,,,,,,,,,6e-06,5e-06,0.995174,9.49969e-06
1667.4,,,,,,,,,,6e-06,5e-06,0.995273,9e-06
1667.5,,,,,,,,,,5.5e-06,5e-06,0.995372,8.5e-06
1667.6,,,,,,,,,,5e-06,5e-06,0.995471,8e-06
1667.7,,,,,,,,,,5e-06,5e-06,0.995571,8e-06
1667.8,,,,,,,,,,5e-06,5e-06,0.99567,8e-06
1667.9,,,,,,,,,,4.5e-06,5e-06,0.99577,7.5e-06
1668.0,,,,,,,,,,4e-06,5e-06,0.995869,7e-06
1668.1,,,,,,,,,,3.5e-06,5e-06,0.995968,6.5e-06
1668.2,,,,,,,,,,2.99939e-06,5e-06,0.996068,5.99878e-06
1668.3,,,,,,,,,,2.4997e-06,5e-06,0.996167,4.99939e-06
1668.4,,,,,,,,,,2e-06,5e-06,0.996266,4e-06
1668.5,,,,,,,,,,2e-06,5e-06,0.996365,3.5e-06
1668.6,,,,,,,,,,2e-06,5e-06,0.996464,3e-06
1668.7,,,,,,,,,,1.49969e-06,4.4997e-06,0.996564,1.99939e-06
1668.8,,,,,,,,,,1e-06,4e-06,0.996663,1e-06
1668.9,,,,,,,,,,5e-07,4e-06,0.996762,5e-07
1669.0,,,,,,,,,,,4e-06,0.996861,
1669.1,,,,,,,,,,,4e-06,0.996969,5e-07
1669.2,,,,,,,,,,,3.99939e-06,0.997077,1.00061e-06
1669.3,,,,,,,,,,,3.49969e-06,0.997185,1.50031e-06
1669.4,,,,,,,,,,,3e-06,0.997293,2e-06
1669.5,,,,,,,,,,,3e-06,0.997401,2.5e-06
1669.6,,,,,,,,,,,3e-06,0.997509,3e-06
1669.7,,,,,,,,,,,3e-06,0.997617,3.50031e-06
1669.8,,,,,,,,,,,3e-06,0.997724,4e-06
1669.9,,,,,,,,,,,2.5e-06,0.997832,4.5e-06
1670.0,,,,,,,,,,,2e-06,0.99794,5e-06
1670.1,,,,,,,,,,,2.5e-06,0.99796,5.5e-06
1670.2,,,,,,,,,,,3e-06,0.99798,6.00122e-06
1670.3,,,,,,,,,,,3e-06,0.998,7.00061e-06
1670.4,,,,,,,,,,,3e-06,0.99802,8e-06
1670.5,,,,,,,,,,,3e-06,0.99804,8.5e-06
1670.6,,,,,,,,,,,3e-06,0.99806,9e-06
1670.7,,,,,,,,,,,3e-06,0.99808,1.00006e-05
1670.8,,,,,,,,,,,3e-06,0.9981,1.1e-05
1670.9,,,,,,,,,,,3e-06,0.99812,1.15e-05
1671.0,,,,,,,,,,,3e-06,0.99814,1.2e-05
1671.1,,,,,,,,,,1e-06,3e-06,0.998086,1.5e-05
1671.2,,,,,,,,,,2.00061e-06,3.00061e-06,0.998033,1.80031e-05
1671.3,,,,,,,,,,2.50031e-06,3.50031e-06,0.997979,2.05015e-05
1671.4,,,,,,,,,,3e-06,4e-06,0.997926,2.3e-05
1671.5,,,,,,,,,,4e-06,4e-06,0.997873,2.55e-05
1671.6,,,,,,,,,,5e-06,4e-06,0.99782,2.8e-05
1671.7,,,,,,,,,,5.50031e-06,4e-06,0.997766,3.10018e-05
1671.8,,,,,,,,,,6e-06,4e-06,0.997713,3.4e-05
1671.9,,,,,,,,,,7e-06,4.5e-06,0.99766,3.65e-05
1672.0,,,,,,,,,,8e-06,5e-06,0.997606,3.9e-05
1672.1,,,,,,,,,,8e-06,5e-06,0.997589,4e-05
1672.2,,,,,,,,,,8.00061e-06,5e-06,0.997571,4.10018e-05
1672.3,,,,,,,,,,8.5003e-06,5e-06,0.997553,4.25009e-05
1672.4,,,,,,,,,,9e-06,5e-06,0.997535,4.4e-05
1672.5,,,,,,,,,,9e-06,5e-06,0.997517,4.5e-05
1672.6,,,,,,,,,,9e-06,5e-06,0.9975,4.6e-05
1672.7,,,,,,,,,,9e-06,5e-06,0.997482,4.70006e-05
1672.8,,,,,,,,,,9e-06,5e-06,0.997465,4.8e-05
1672.9,,,,,,,,,,9.5e-06,5.5e-06,0.997447,4.9e-05
1673.0,,,,,,,,,,1e-05,6e-06,0.99743,5e-05
1673.1,,,,,,,,,,9.5e-06,6e-06,0.997446,5.05e-05
1673.2,,,,,,,,,,9e-06,6e-06,0.997461,5.10006e-05
1673.3,,,,,,,,,,9e-06,6e-06,0.997477,5.15003e-05
1673.4,,,,,,,,,,9e-06,6e-06,0.997492,5.2e-05
1673.5,,,,,,,,,,9e-06,6e-06,0.997507,5.2e-05
1673.6,,,,,,,,,,9e-06,6e-06,0.997522,5.2e-05
1673.7,,,,,,,,,,9e-06,6e-06,0.997537,5.25003e-05
1673.8,,,,,,,,,,9e-06,6e-06,0.997553,5.3e-05
1673.9,,,,,,,,,,9e-06,6e-06,0.997568,5.3e-05
1674.0,,,,,,,,,,9e-06,6e-06,0.997584,5.3e-05
1674.1,,,,,,,,,,8.5e-06,6e-06,0.997692,5.15e-05
1674.2,,,,,,,,,,7.99939e-06,5.99939e-06,0.997799,4.99976e-05
1674.3,,,,,,,,,,7.4997e-06,5.49969e-06,0.997907,4.79988e-05
1674.4,,,,,,,,,,7e-06,5e-06,0.998015,4.6e-05
1674.5,,,,,,,,,,6.5e-06,5e-06,0.998122,4.4e-05
1674.6,,,,,,,,,,6e-06,5e-06,0.99823,4.2e-05
1674.7,,,,,,,,,,5.49969e-06,5e-06,0.998338,4.04991e-05
1674.8,,,,,,,,,,5e-06,5e-06,0.998446,3.9e-05
1674.9,,,,,,,,,,5e-06,5e-06,0.998554,3.7e-05
1675.0,,,,,,,,,,5e-06,5e-06,0.998661,3.5e-05
1675.1,,,,,,,,,,5e-06,4.5e-06,0.998788,3.3e-05
1675.2,,,,,,,,,,4.99939e-06,3.99939e-06,0.998915,3.09976e-05
1675.3,,,,,,,,,,4.4997e-06,3.49969e-06,0.999043,2.89988e-05
1675.4,,,,,,,,,,4e-06,3e-06,0.99917,2.7e-05
1675.5,,,,,,,,,,4e-06,3e-06,0.999297,2.5e-05
1675.6,,,,,,,,,,4e-06,3e-06,0.999424,2.3e-05
1675.7,,,,,,,,,,4e-06,2.4997e-06,0.999552,2.09988e-05
1675.8,,,,,,,,,,4e-06,2e-06,0.999679,1.9e-05
1675.9,,,,,,,,,,4e-06,1.5e-06,0.999806,1.7e-05
1676.0,,,,,,,,,,4e-06,1e-06,0.999933,1.5e-05
1676.1,,,,,,,,,,3.5e-06,1e-06,0.99994,1.5e-05
1676.2,,,,,,,,,,2.99939e-06,1e-06,0.999947,1.49994e-05
1676.3,,,,,,,,,,2.4997e-06,1e-06,0.999954,1.44997e-05
1676.4,,,,,,,,,,2e-06,1e-06,0.99996,1.4e-05
1676.5,,,,,,,,,,2e-06,1e-06,0.999967,1.35e-05
1676.6,,,,,,,,,,2e-06,1e-06,0.999973,1.3e-05
1676.7,,,,,,,,,,1.49969e-06,4.99695e-07,0.99998,1.24997e-05
1676.8,,,,,,,,,,1e-06,,0.999987,1.2e-05
1676.9,,,,,,,,,,5e-07,,0.999994,1.2e-05
1677.0,,,,,,,,,,,,1.0,1.2e-05
1677.1,,,,,,,,,,,,0.999919,1.05e-05
1677.2,,,,,,,,,,,,0.999838,8.99878e-06
1677.3,,,,,,,,,,,,0.999756,7.99939e-06
1677.4,,,,,,,,,,,,0.999675,7e-06
1677.5,,,,,,,,,,,,0.999594,6e-06
1677.6,,,,,,,,,,,,0.999513,5e-06
1677.7,,,,,,,,,,,,0.999432,3.49908e-06
1677.8,,,,,,,,,,,,0.999351,2e-06
1677.9,,,,,,,,,,,,0.999269,1e-06
1678.0,,,,,,,,,,,,0.999188,
1678.1,,,,,,,,,,,,0.999112,
1678.2,,,,,,,,,,,,0.999037,
1678.3,,,,,,,,,,,,0.998962,
1678.4,,,,,,,,,,,,0.998887,
1678.5,,,,,,,,,,,,0.998811,
1678.6,,,,,,,,,,,,0.998736,
1678.7,,,,,,,,,,,,0.99866,
1678.8,,,,,,,,,,,,0.998585,
1678.9,,,,,,,,,,,,0.99851,
1679.0,,,,,,,,,,,,0.998435,
1679.1,,,,,,,,,,,,0.998428,
1679.2,,,,,,,,,,,,0.99842,
1679.3,,,,,,,,,,,,0.998412,
1679.4,,,,,,,,,,,,0.998404,
1679.5,,,,,,,,,,,,0.998397,
1679.6,,,,,,,,,,,,0.998389,
1679.7,,,,,,,,,,,,0.998381,
1679.8,,,,,,,,,,,,0.998374,
1679.9,,,,,,,,,,,,0.998366,
1680.0,,,,,,,,,,,,0.998359,
1680.1,,,,,,,,,,,,0.99834,
1680.2,,,,,,,,,,,,0.99832,
1680.3,,,,,,,,,,,,0.9983,
1680.4,,,,,,,,,,,,0.99828,
1680.5,,,,,,,,,,5e-07,,0.99826,
1680.6,,,,,,,,,,1e-06,,0.998241,
1680.7,,,,,,,,,,1e-06,,0.998221,
1680.8,,,,,,,,,,1e-06,,0.998201,
1680.9,,,,,,,,,,1e-06,,0.998181,
1681.0,,,,,,,,,,1e-06,,0.998162,
1681.1,,,,,,,,,,1e-06,,0.998106,
1681.2,,,,,,,,,,1.00061e-06,,0.998049,
1681.3,,,,,,,,,,1.50031e-06,,0.997992,
1681.4,,,,,,,,,,2e-06,,0.997936,
1681.5,,,,,,,,,,2e-06,,0.99788,
1681.6,,,,,,,,,,2e-06,,0.997823,
1681.7,,,,,,,,,,2.50031e-06,,0.997766,
1681.8,,,,,,,,,,3e-06,,0.99771,
1681.9,,,,,,,,,,3e-06,,0.997653,
1682.0,,,,,,,,,,3e-06,,0.997597,
1682.1,,,,,,,,,,3e-06,,0.997549,
1682.2,,,,,,,,,,2.99939e-06,,0.997501,
1682.3,,,,,,,,,,2.4997e-06,,0.997453,
1682.4,,,,,,,,,,2e-06,,0.997405,
1682.5,,,,,,,,,,2e-06,5e-07,0.997357,
1682.6,,,,,,,,,,2e-06,1e-06,0.997309,
1682.7,,,,,,,,,,1.49969e-06,1e-06,0.997261,
1682.8,,,,,,,,,,1e-06,1e-06,0.997213,
1682.9,,,,,,,,,,1e-06,1e-06,0.997166,
1683.0,,,,,,,,,,1e-06,1e-06,0.997118,
1683.1,,,,,,,,,,1e-06,1e-06,0.997054,
1683.2,,,,,,,,,,9.9939e-07,1e-06,0.99699,
1683.3,,,,,,,,,,4.99695e-07,1e-06,0.996926,
1683.4,,,,,,,,,,,1e-06,0.996862,
1683.5,,,,,,,,,,,1e-06,0.996798,
1683.6,,,,,,,,,,,1e-06,0.996734,
1683.7,,,,,,,,,,,1e-06,0.99667,
1683.8,,,,,,,,,,,1e-06,0.996607,
1683.9,,,,,,,,,,,1e-06,0.996543,
1684.0,,,,,,,,,,,1e-06,0.996479,
1684.1,,,,,,,,,,,5e-07,0.996428,
1684.2,,,,,,,,,,,,0.996377,
1684.3,,,,,,,,,,,,0.996325,
1684.4,,,,,,,,,,,,0.996274,
1684.5,,,,,,,,,,,,0.996223,
1684.6,,,,,,,,,,,,0.996172,
1684.7,,,,,,,,,,,,0.99612,
1684.8,,,,,,,,,,,,0.996069,
1684.9,,,,,,,,,,,,0.996018,
1685.0,,,,,,,,,,,,0.995967,
1685.1,,,,,,,,,,,,0.995931,
1685.2,,,,,,,,,,,,0.995895,
1685.3,,,,,,,,,,,,0.995859,
1685.4,,,,,,,,,,,,0.995823,
1685.5,,,,,,,,,,,,0.995787,
1685.6,,,,,,,,,,,,0.995751,
1685.7,,,,,,,,,,,,0.995715,
1685.8,,,,,,,,,,,,0.995679,
1685.9,,,,,,,,,,,,0.995643,
1686.0,,,,,,,,,,,,0.995607,
1686.1,,,,,,,,,,,,0.995646,
1686.2,,,,,,,,,,,,0.995685,
1686.3,,,,,,,,,,,,0.995724,
1686.4,,,,,,,,,,,,0.995763,
1686.5,,,,,,,,,,,,0.995802,
1686.6,,,,,,,,,,,,0.995841,
1686.7,,,,,,,,,,,5.00305e-07,0.99588,
1686.8,,,,,,,,,,,1e-06,0.995919,
1686.9,,,,,,,,,,,1e-06,0.995957,
1687.0,,,,,,,,,,,1e-06,0.995996,
1687.1,,,,,,,,,,,1e-06,0.99599,
1687.2,,,,,,,,,,,1e-06,0.995984,
1687.3,,,,,,,,,,,1e-06,0.995978,
1687.4,,,,,,,,,,,1e-06,0.995972,
1687.5,,,,,,,,,,,1e-06,0.995965,
1687.6,,,,,,,,,,,1e-06,0.995959,
1687.7,,,,,,,,,,,1e-06,0.995953,
1687.8,,,,,,,,,,,1e-06,0.995947,
1687.9,,,,,,,,,,,1e-06,0.995941,
1688.0,,,,,,,,,,,1e-06,0.995935,
1688.1,,,,,,,,,,,1e-06,0.995834,
1688.2,,,,,,,,,,,1e-06,0.995732,
1688.3,,,,,,,,,,,1e-06,0.99563,
1688.4,,,,,,,,,,,1e-06,0.995529,
1688.5,,,,,,,,,,,1e-06,0.995428,
1688.6,,,,,,,,,,,1e-06,0.995327,
1688.7,,,,,,,,,,,1e-06,0.995225,
1688.8,,,,,,,,,,,1e-06,0.995124,
1688.9,,,,,,,,,,,1e-06,0.995023,
1689.0,,,,,,,,,,,1e-06,0.994921,
1689.1,,,,,,,,,,,1e-06,0.994884,3e-06
1689.2,,,,,,,,,,,1.00061e-06,0.994848,6.00305e-06
1689.3,,,,,,,,,,,1.50031e-06,0.994811,8.50153e-06
1689.4,,,,,,,,,,,2e-06,0.994775,1.1e-05
1689.5,,,,,,,,,,,2e-06,0.994738,1.4e-05
1689.6,,,,,,,,,,,2e-06,0.994702,1.7e-05
1689.7,,,,,,,,,,,2e-06,0.994666,1.95015e-05
1689.8,,,,,,,,,,,2e-06,0.994629,2.2e-05
1689.9,,,,,,,,,,,2e-06,0.994593,2.5e-05
1690.0,,,,,,,,,,,2e-06,0.994556,2.8e-05
1690.1,,,,,,,,,,,2e-06,0.994483,3.15e-05
1690.2,,,,,,,,,,,2.00061e-06,0.994411,3.50037e-05
1690.3,,,,,,,,,,,2.50031e-06,0.994339,3.80018e-05
1690.4,,,,,,,,,,,3e-06,0.994267,4.1e-05
1690.5,,,,,,,,,,,3e-06,0.994195,4.45e-05
1690.6,,,,,,,,,,,3e-06,0.994122,4.8e-05
1690.7,,,,,,,,,,,3e-06,0.994049,5.15021e-05
1690.8,,,,,,,,,,,3e-06,0.993977,5.5e-05
1690.9,,,,,,,,,,,3e-06,0.993904,5.8e-05
1691.0,,,,,,,,,,,3e-06,0.993832,6.1e-05
1691.1,,,,,,,,,,,3e-06,0.993791,6.15e-05
1691.2,,,,,,,,,,,3e-06,0.993751,6.2e-05
1691.3,,,,,,,,,,,3e-06,0.99371,6.2e-05
1691.4,,,,,,,,,,,3e-06,0.993669,6.2e-05
1691.5,,,,,,,,,,,3e-06,0.993628,6.25e-05
1691.6,,,,,,,,,,,3e-06,0.993587,6.3e-05
1691.7,,,,,,,,,,,3e-06,0.993546,6.3e-05
1691.8,,,,,,,,,,,3e-06,0.993506,6.3e-05
1691.9,,,,,,,,,,,3e-06,0.993465,6.3e-05
1692.0,,,,,,,,,,,3e-06,0.993424,6.3e-05
1692.1,,,,,,,,,,,2.5e-06,0.993364,5.95e-05
1692.2,,,,,,,,,,,2e-06,0.993304,5.59957e-05
1692.3,,,,,,,,,,,2e-06,0.993244,5.24979e-05
1692.4,,,,,,,,,,,2e-06,0.993185,4.9e-05
1692.5,,,,,,,,,,,2e-06,0.993125,4.5e-05
1692.6,,,,,,,,,,,2e-06,0.993065,4.1e-05
1692.7,,,,,,,,,,,1.49969e-06,0.993005,3.74979e-05
1692.8,,,,,,,,,,,1e-06,0.992946,3.4e-05
1692.9,,,,,,,,,,,1e-06,0.992886,3e-05
1693.0,,,,,,,,,,,1e-06,0.992826,2.6e-05
1693.1,,,,,,,,,,,1e-06,0.99272,2.35e-05
1693.2,,,,,,,,,,,1e-06,0.992615,2.09969e-05
1693.3,,,,,,,,,,,1e-06,0.99251,1.84985e-05
1693.4,,,,,,,,,,,1e-06,0.992405,1.6e-05
1693.5,,,,,,,,,,,1e-06,0.992299,1.3e-05
1693.6,,,,,,,,,,,1e-06,0.992194,1e-05
1693.7,,,,,,,,,,,1e-06,0.992089,7.49847e-06
1693.8,,,,,,,,,,,1e-06,0.991984,5e-06
1693.9,,,,,,,,,,,1e-06,0.991879,2.5e-06
1694.0,,,,,,,,,,,1e-06,0.991773,
1694.1,,,,,,,,,,,1e-06,0.991724,
1694.2,,,,,,,,,,,1e-06,0.991675,
1694.3,,,,,,,,,,,1e-06,0.991625,
1694.4,,,,,,,,,,,1e-06,0.991576,
1694.5,,,,,,,,,,,5e-07,0.991527,
1694.6,,,,,,,,,,,,0.991478,
1694.7,,,,,,,,,,,,0.991429,
1694.8,,,,,,,,,,,,0.99138,
1694.9,,,,,,,,,,,,0.991331,
1695.0,,,,,,,,,,,,0.991282,
1695.1,,,,,,,,,,,,0.991141,
1695.2,,,,,,,,,,,,0.991001,
1695.3,,,,,,,,,,,,0.990861,
1695.4,,,,,,,,,,,,0.990721,
1695.5,,,,,,,,,,,,0.99058,
1695.6,,,,,,,,,,,,0.99044,
1695.7,,,,,,,,,,,,0.9903,
1695.8,,,,,,,,,,,,0.99016,
1695.9,,,,,,,,,,,,0.99002,
1696.0,,,,,,,,,,,,0.989879,
1696.1,,,,,,,,,,,,0.989712,
1696.2,,,,,,,,,,,,0.989546,
1696.3,,,,,,,,,,,,0.989379,
1696.4,,,,,,,,,,,,0.989213,
1696.5,,,,,,,,,,,,0.989046,
1696.6,,,,,,,,,,,,0.98888,
1696.7,,,,,,,,,,,,0.988713,
1696.8,,,,,,,,,,,,0.988546,
1696.9,,,,,,,,,,,,0.988379,
1697.0,,,,,,,,,,,,0.988213,
1697.1,,,,,,,,,,,,0.988072,
1697.2,,,,,,,,,,,6.10128e-10,0.987931,
1697.3,,,,,,,,,,,5.00305e-07,0.98779,
1697.4,,,,,,,,,,,1e-06,0.98765,
1697.5,,,,,,,,,,,1e-06,0.987509,
1697.6,,,,,,,,,,,1e-06,0.987369,
1697.7,,,,,,,,,,,1e-06,0.987228,
1697.8,,,,,,,,,,,1e-06,0.987087,
1697.9,,,,,,,,,,,1e-06,0.986946,
1698.0,,,,,,,,,,,1e-06,0.986806,
1698.1,,,,,,,,,,,5e-07,0.98668,
1698.2,,,,,,,,,,,,0.986554,
1698.3,,,,,,,,,,,,0.986428,
1698.4,,,,,,,,,,,,0.986303,
1698.5,,,,,,,,,,,,0.986177,
1698.6,,,,,,,,,,,,0.986051,
1698.7,,,,,,,,,,,,0.985925,
1698.8,,,,,,,,,,,,0.985799,
1698.9,,,,,,,,,,,,0.985674,
1699.0,,,,,,,,,,,,0.985548,
1699.1,,,,,,,,,,,,0.985438,
1699.2,,,,,,,,,,,,0.985327,
1699.3,,,,,,,,,,,,0.985216,
1699.4,,,,,,,,,,,,0.985106,
1699.5,,,,,,,,,,,,0.984995,
1699.6,,,,,,,,,,,,0.984885,
1699.7,,,,,,,,,,,,0.984774,
1699.8,,,,,,,,,,,,0.984664,
1699.9,,,,,,,,,,,,0.984554,
1700.0,,,,,,,,,,,,0.984444,
1700.1,,,,,,,,,,,,0.98445,2.5e-06
1700.2,,,,,,,,,,,,0.984456,5.00305e-06
1700.3,,,,,,,,,,,,0.984462,7.50153e-06
1700.4,,,,,,,,,,,,0.984468,1e-05
1700.5,,,,,,,,,,,,0.984474,1.3e-05
1700.6,,,,,,,,,,,,0.98448,1.6e-05
1700.7,,,,,,,,,,,,0.984486,1.85015e-05
1700.8,,,,,,,,,,,,0.984492,2.1e-05
1700.9,,,,,,,,,,,,0.984498,2.35e-05
1701.0,,,,,,,,,,,,0.984504,2.6e-05
1701.1,,,,,,,,,,,5e-07,0.984673,2.75e-05
1701.2,,,,,,,,,,,1e-06,0.984842,2.90012e-05
1701.3,,,,,,,,,,,1e-06,0.985012,3.00006e-05
1701.4,,,,,,,,,,,1e-06,0.985181,3.1e-05
1701.5,,,,,,,,,,,1e-06,0.98535,3.2e-05
1701.6,,,,,,,,,,,1e-06,0.98552,3.3e-05
1701.7,,,,,,,,,,,1e-06,0.985689,3.45009e-05
1701.8,,,,,,,,,,,1e-06,0.985858,3.6e-05
1701.9,,,,,,,,,,,1e-06,0.986027,3.7e-05
1702.0,,,,,,,,,,,1e-06,0.986197,3.8e-05
1702.1,,,,,,,,,,,1e-06,0.986203,3.85e-05
1702.2,,,,,,,,,,,1e-06,0.98621,3.90006e-05
1702.3,,,,,,,,,,,1e-06,0.986216,3.95003e-05
1702.4,,,,,,,,,,,1e-06,0.986223,4e-05
1702.5,,,,,,,,,,,1e-06,0.98623,4e-05
1702.6,,,,,,,,,,,1e-06,0.986237,4e-05
1702.7,,,,,,,,,,,1e-06,0.986243,4.05003e-05
1702.8,,,,,,,,,,,1e-06,0.98625,4.1e-05
1702.9,,,,,,,,,,,1e-06,0.986256,4.15e-05
1703.0,,,,,,,,,,,1e-06,0.986263,4.2e-05
1703.1,,,,,,,,,,,1e-06,0.986217,4.15e-05
1703.2,,,,,,,,,,,1e-06,0.986172,4.1e-05
1703.3,,,,,,,,,,,1e-06,0.986126,4.1e-05
1703.4,,,,,,,,,,,1e-06,0.986081,4.1e-05
1703.5,,,,,,,,,,,1e-06,0.986035,4.05e-05
1703.6,,,,,,,,,,,1e-06,0.98599,4e-05
1703.7,,,,,,,,,,5.00305e-07,1.50031e-06,0.985944,4e-05
1703.8,,,,,,,,,,1e-06,2e-06,0.985899,4e-05
1703.9,,,,,,,,,,1e-06,2e-06,0.985853,3.95e-05
1704.0,,,,,,,,,,1e-06,2e-06,0.985807,3.9e-05
1704.1,,,,,,,,,,1e-06,2e-06,0.985753,3.85e-05
1704.2,,,,,,,,,,1e-06,2e-06,0.985699,3.79988e-05
1704.3,,,,,,,,,,1e-06,2e-06,0.985645,3.69994e-05
1704.4,,,,,,,,,,1e-06,2e-06,0.985591,3.6e-05
1704.5,,,,,,,,,,1e-06,2e-06,0.985537,3.55e-05
1704.6,,,,,,,,,,1e-06,2e-06,0.985483,3.5e-05
1704.7,,,,,,,,,,1e-06,2e-06,0.985429,3.44997e-05
1704.8,,,,,,,,,,1e-06,2e-06,0.985375,3.4e-05
1704.9,,,,,,,,,,1.5e-06,2e-06,0.985321,3.3e-05
1705.0,,,,,,,,,,2e-06,2e-06,0.985267,3.2e-05
1705.1,,,,,,,,,,2e-06,2.5e-06,0.985356,3.25e-05
1705.2,,,,,,,,,,2e-06,3e-06,0.985445,3.30006e-05
1705.3,,,,,,,,,,2e-06,3e-06,0.985534,3.35003e-05
1705.4,,,,,,,,,,2e-06,3e-06,0.985622,3.4e-05
1705.5,,,,,,,,,,2e-06,3e-06,0.985711,3.45e-05
1705.6,,,,,,,,,,2e-06,3e-06,0.9858,3.5e-05
1705.7,,,,,,,,,,2e-06,3e-06,0.985889,3.55003e-05
1705.8,,,,,,,,,,2e-06,3e-06,0.985978,3.6e-05
1705.9,,,,,,,,,,2e-06,3e-06,0.986066,3.65e-05
1706.0,,,,,,,,,,2e-06,3e-06,0.986155,3.7e-05
1706.1,,,,,,,,,,2e-06,3e-06,0.986192,3.55e-05
1706.2,,,,,,,,,,2e-06,3e-06,0.98623,3.39988e-05
1706.3,,,,,,,,,,2e-06,3e-06,0.986267,3.29994e-05
1706.4,,,,,,,,,,2e-06,3e-06,0.986304,3.2e-05
1706.5,,,,,,,,,,2e-06,2.5e-06,0.986341,3.05e-05
1706.6,,,,,,,,,,2e-06,2e-06,0.986379,2.9e-05
1706.7,,,,,,,,,,1.49969e-06,2e-06,0.986416,2.79994e-05
1706.8,,,,,,,,,,1e-06,2e-06,0.986453,2.7e-05
1706.9,,,,,,,,,,1e-06,2e-06,0.98649,2.55e-05
1707.0,,,,,,,,,,1e-06,2e-06,0.986528,2.4e-05
1707.1,,,,,,,,,,1e-06,2e-06,0.986413,2.55e-05
1707.2,,,,,,,,,,1e-06,2e-06,0.986298,2.70012e-05
1707.3,,,,,,,,,,1e-06,2e-06,0.986183,2.80006e-05
1707.4,,,,,,,,,,1e-06,2e-06,0.986068,2.9e-05
1707.5,,,,,,,,,,1e-06,2e-06,0.985953,3.05e-05
1707.6,,,,,,,,,,1e-06,2e-06,0.985838,3.2e-05
1707.7,,,,,,,,,,1e-06,2e-06,0.985723,3.30006e-05
1707.8,,,,,,,,,,1e-06,2e-06,0.985608,3.4e-05
1707.9,,,,,,,,,,1e-06,2e-06,0.985493,3.55e-05
1708.0,,,,,,,,,,1e-06,2e-06,0.985379,3.7e-05
1708.1,,,,,,,,,,1e-06,1.5e-06,0.985336,3.65e-05
1708.2,,,,,,,,,,1e-06,1e-06,0.985293,3.6e-05
1708.3,,,,,,,,,,1e-06,1e-06,0.98525,3.6e-05
1708.4,,,,,,,,,,1e-06,1e-06,0.985207,3.6e-05
1708.5,,,,,,,,,,1e-06,1e-06,0.985164,3.6e-05
1708.6,,,,,,,,,,1e-06,1e-06,0.985121,3.6e-05
1708.7,,,,,,,,,,4.99695e-07,1e-06,0.985079,3.54997e-05
1708.8,,,,,,,,,,,1e-06,0.985036,3.5e-05
1708.9,,,,,,,,,,,1e-06,0.984993,3.5e-05
1709.0,,,,,,,,,,,1e-06,0.98495,3.5e-05
1709.1,,,,,,,,,,,5e-07,0.984797,3.6e-05
1709.2,,,,,,,,,,,,0.984643,3.70012e-05
1709.3,,,,,,,,,,,,0.98449,3.80006e-05
1709.4,,,,,,,,,,,,0.984337,3.9e-05
1709.5,,,,,,,,,,,,0.984183,4.05e-05
1709.6,,,,,,,,,,,,0.98403,4.2e-05
1709.7,,,,,,,,,,,,0.983877,4.30006e-05
1709.8,,,,,,,,,,,,0.983724,4.4e-05
1709.9,,,,,,,,,,,,0.983571,4.5e-05
1710.0,,,,,,,,,,,,0.983418,4.6e-05
1710.1,,,,,,,,,,,,0.983088,4.55e-05
1710.2,,,,,,,,,,,,0.982759,4.49988e-05
1710.3,,,,,,,,,,,,0.982429,4.39994e-05
1710.4,,,,,,,,,,,,0.9821,4.3e-05
1710.5,,,,,,,,,,,,0.981771,4.25e-05
1710.6,,,,,,,,,,,,0.981441,4.2e-05
1710.7,,,,,,,,,,,,0.981111,4.14997e-05
1710.8,,,,,,,,,,,,0.980782,4.1e-05
1710.9,,,,,,,,,,,,0.980452,4.05e-05
1711.0,,,,,,,,,,,,0.980123,4e-05
1711.1,,,,,,,,,,,,0.979818,3.75e-05
1711.2,,,,,,,,,,,,0.979514,3.49976e-05
1711.3,,,,,,,,,,,,0.979209,3.29988e-05
1711.4,,,,,,,,,,,,0.978904,3.1e-05
1711.5,,,,,,,,,,,,0.9786,2.85e-05
1711.6,,,,,,,,,,,,0.978295,2.6e-05
1711.7,,,,,,,,,,,,0.97799,2.39988e-05
1711.8,,,,,,,,,,,,0.977686,2.2e-05
1711.9,,,,,,,,,,,,0.977381,1.95e-05
1712.0,,,,,,,,,,,,0.977077,1.7e-05
1712.1,,,,,,,,,,,,0.976534,1.55e-05
1712.2,,,,,,,,,,,,0.975991,1.39976e-05
1712.3,,,,,,,,,,,,0.975449,1.19988e-05
1712.4,,,,,,,,,,,,0.974907,1e-05
1712.5,,,,,,,,,,,,0.974365,8.5e-06
1712.6,,,,,,,,,,,,0.973823,7e-06
1712.7,,,,,,,,,,,,0.97328,4.99878e-06
1712.8,,,,,,,,,,,,0.972738,3e-06
1712.9,,,,,,,,,,,,0.972196,1.5e-06
1713.0,,,,,,,,,,,,0.971654,
1713.1,,,,,,,,,,,,0.971016,
1713.2,,,,,,,,,,,,0.970376,
1713.3,,,,,,,,,,,,0.969739,
1713.4,,,,,,,,,,,,0.969101,
1713.5,,,,,,,,,,,,0.968463,
1713.6,,,,,,,,,,,,0.967825,
1713.7,,,,,,,,,,,,0.967187,
1713.8,,,,,,,,,,,,0.966549,
1713.9,,,,,,,,,,,,0.965911,
1714.0,,,,,,,,,,,,0.965273,
1714.1,,,,,,,,,,,,0.96467,
1714.2,,,,,,,,,,,,0.964065,
1714.3,,,,,,,,,,,,0.963463,
1714.4,,,,,,,,,,,,0.96286,
1714.5,,,,,,,,,,,,0.962256,
1714.6,,,,,,,,,,,,0.961653,
1714.7,,,,,,,,,,,,0.961049,
1714.8,,,,,,,,,,,,0.960446,
1714.9,,,,,,,,,,,,0.959843,
1715.0,,,,,,,,,,,,0.95924,
1715.1,,,,,,,,,,,,0.958491,
1715.2,,,,,,,,,,,,0.957741,
1715.3,,,,,,,,,,,,0.956993,
1715.4,,,,,,,,,,,,0.956244,
1715.5,,,,,,,,,,,,0.955495,
1715.6,,,,,,,,,,,,0.954746,
1715.7,,,,,,,,,,,,0.953997,
1715.8,,,,,,,,,,,,0.953248,
1715.9,,,,,,,,,,,,0.9525,
1716.0,,,,,,,,,,,,0.951751,
1716.1,,,,,,,,,,,,0.950787,
1716.2,,,,,,,,,,,,0.949822,
1716.3,,,,,,,,,,,,0.948859,
1716.4,,,,,,,,,,,,0.947896,
1716.5,,,,,,,,,,,,0.946932,
1716.6,,,,,,,,,,,,0.945969,
1716.7,,,,,,,,,,,5.00305e-07,0.945005,
1716.8,,,,,,,,,,,1e-06,0.944042,
1716.9,,,,,,,,,,,1e-06,0.943079,
1717.0,,,,,,,,,,,1e-06,0.942115,
1717.1,,,,,,,,,,,1e-06,0.940759,
1717.2,,,,,,,,,,,1e-06,0.939401,
1717.3,,,,,,,,,,,1e-06,0.938046,
1717.4,,,,,,,,,,,1e-06,0.936691,
1717.5,,,,,,,,,,,1e-06,0.935335,
1717.6,,,,,,,,,,,1e-06,0.933979,
1717.7,,,,,,,,,,,1e-06,0.932622,
1717.8,,,,,,,,,,,1e-06,0.931267,
1717.9,,,,,,,,,,,1e-06,0.929911,
1718.0,,,,,,,,,,,1e-06,0.928555,
1718.1,,,,,,,,,,,1e-06,0.926754,5e-07
1718.2,,,,,,,,,,,1e-06,0.924952,1e-06
1718.3,,,,,,,,,,,1e-06,0.923152,1e-06
1718.4,,,,,,,,,,,1e-06,0.921353,1e-06
1718.5,,,,,,,,,,,1e-06,0.919553,1.5e-06
1718.6,,,,,,,,,,,1e-06,0.917753,2e-06
1718.7,,,,,,,,,,,1e-06,0.915951,2e-06
1718.8,,,,,,,,,,,1e-06,0.914152,2e-06
1718.9,,,,,,,,,,,1e-06,0.912351,2.5e-06
1719.0,,,,,,,,,,,1e-06,0.910551,3e-06
1719.1,,,,,,,,,,5e-07,1e-06,0.908662,8e-06
1719.2,,,,,,,,,,1e-06,1e-06,0.906772,1.30061e-05
1719.3,,,,,,,,,,1e-06,1e-06,0.904884,1.80031e-05
1719.4,,,,,,,,,,1e-06,1e-06,0.902997,2.3e-05
1719.5,,,,,,,,,,1e-06,1e-06,0.901109,2.75e-05
1719.6,,,,,,,,,,1e-06,1e-06,0.89922,3.2e-05
1719.7,,,,,,,,,,1e-06,1e-06,0.89733,3.70031e-05
1719.8,,,,,,,,,,1e-06,1e-06,0.895443,4.2e-05
1719.9,,,,,,,,,,1e-06,1.5e-06,0.893555,4.7e-05
1720.0,,,,,,,,,,1e-06,2e-06,0.891667,5.2e-05
1720.1,,,,,,,,,,1e-06,2e-06,0.889535,5.25e-05
1720.2,,,,,,,,,,1e-06,2e-06,0.8874,5.30006e-05
1720.3,,,,,,,,,,1e-06,2e-06,0.88527,5.35003e-05
1720.4,,,,,,,,,,1e-06,2e-06,0.883139,5.4e-05
1720.5,,,,,,,,,,1e-06,2e-06,0.881007,5.45e-05
1720.6,,,,,,,,,,1e-06,2e-06,0.878875,5.5e-05
1720.7,,,,,,,,,,4.99695e-07,2e-06,0.876742,5.60006e-05
1720.8,,,,,,,,,,,2e-06,0.874611,5.7e-05
1720.9,,,,,,,,,,,1.5e-06,0.872479,5.75e-05
1721.0,,,,,,,,,,,1e-06,0.870347,5.8e-05
1721.1,,,,,,,,,,,1e-06,0.867853,5.35e-05
1721.2,,,,,,,,,,,1e-06,0.865355,4.89945e-05
1721.3,,,,,,,,,,,1e-06,0.862862,4.44973e-05
1721.4,,,,,,,,,,,1e-06,0.860369,4e-05
1721.5,,,,,,,,,,,1e-06,0.857875,3.55e-05
1721.6,,,,,,,,,,,1e-06,0.855381,3.1e-05
1721.7,,,,,,,,,,,1e-06,0.852885,2.64973e-05
1721.8,,,,,,,,,,,1e-06,0.850392,2.2e-05
1721.9,,,,,,,,,,,1e-06,0.847898,1.75e-05
1722.0,,,,,,,,,,,1e-06,0.845403,1.3e-05
1722.1,,,,,,,,,,,1e-06,0.84254,1.2e-05
1722.2,,,,,,,,,,,1e-06,0.839673,1.09982e-05
1722.3,,,,,,,,,,,1e-06,0.836812,9.49908e-06
1722.4,,,,,,,,,,,1e-06,0.833951,8e-06
1722.5,,,,,,,,,,,1e-06,0.831088,6.5e-06
1722.6,,,,,,,,,,,1e-06,0.828226,5e-06
1722.7,,,,,,,,,,,4.99695e-07,0.825361,3.99939e-06
1722.8,,,,,,,,,,,,0.8225,3e-06
1722.9,,,,,,,,,,,,0.819638,1.5e-06
1723.0,,,,,,,,,,,,0.816775,
1723.1,,,,,,,,,,,,0.813667,
1723.2,,,,,,,,,,,,0.810554,
1723.3,,,,,,,,,,,,0.807448,
1723.4,,,,,,,,,,,,0.804341,
1723.5,,,,,,,,,,,,0.801233,
1723.6,,,,,,,,,,,,0.798124,
1723.7,,,,,,,,,,,,0.795014,
1723.8,,,,,,,,,,,,0.791907,
1723.9,,,,,,,,,,,,0.788799,
1724.0,,,,,,,,,,,,0.785691,
1724.1,,,,,,,,,,,,0.782478,
1724.2,,,,,,,,,,,,0.779261,
1724.3,,,,,,,,,,,,0.776051,
1724.4,,,,,,,,,,,,0.77284,
1724.5,,,,,,,,,,,,0.769628,
1724.6,,,,,,,,,,,,0.766415,
1724.7,,,,,,,,,,,,0.7632,
1724.8,,,,,,,,,,,,0.759989,
1724.9,,,,,,,,,,,,0.756777,
1725.0,,,,,,,,,,,,0.753564,
1725.1,,,,,,,,,,,,0.749973,
1725.2,,,,,,,,,,,,0.746378,
1725.3,,,,,,,,,,,,0.742789,
1725.4,,,,,,,,,,,,0.7392,
1725.5,,,,,,,,,,,,0.735609,
1725.6,,,,,,,,,,,,0.732018,
1725.7,,,,,,,,,,,,0.728424,
1725.8,,,,,,,,,,,,0.724835,
1725.9,,,,,,,,,,,,0.721244,
1726.0,,,,,,,,,,,,0.717653,
1726.1,,,,,,,,,,,,0.713804,
1726.2,,,,,,,,,,,,0.709949,
1726.3,,,,,,,,,,,,0.706103,
1726.4,,,,,,,,,,,,0.702256,
1726.5,,,,,,,,,,,,0.698407,
1726.6,,,,,,,,,,,,0.694557,
1726.7,,,,,,,,,,,,0.690705,
1726.8,,,,,,,,,,,,0.686858,
1726.9,,,,,,,,,,,,0.683009,
1727.0,,,,,,,,,,,,0.67916,
1727.1,,,,,,,,,,,,0.675096,
1727.2,,,,,,,,,,,,0.671027,
1727.3,,,,,,,,,,,,0.666966,
1727.4,,,,,,,,,,,,0.662905,
1727.5,,,,,,,,,,,,0.658841,
1727.6,,,,,,,,,,,,0.654778,
1727.7,,,,,,,,,,,,0.650712,
1727.8,,,,,,,,,,,,0.646651,
1727.9,,,,,,,,,,,,0.642588,
1728.0,,,,,,,,,,,,0.638524,
1728.1,,,,,,,,,,,,0.634338,
1728.2,,,,,,,,,,,,0.630148,
1728.3,,,,,,,,,,,,0.625965,
1728.4,,,,,,,,,,,,0.621782,
1728.5,,,,,,,,,,,,0.617597,
1728.6,,,,,,,,,,,,0.613411,
1728.7,,,,,,,,,,,,0.609223,
1728.8,,,,,,,,,,,,0.60504,
1728.9,,,,,,,,,,,,0.600855,
1729.0,,,,,,,,,,,,0.596669,
1729.1,,,,,,,,,,,,0.59233,1e-06
1729.2,,,,,,,,,,,,0.587986,2.00122e-06
1729.3,,,,,,,,,,,,0.583649,3.00061e-06
1729.4,,,,,,,,,,,,0.579313,4e-06
1729.5,,,,,,,,,,,,0.574974,5e-06
1729.6,,,,,,,,,,,,0.570635,6e-06
1729.7,,,,,,,,,,,5.00305e-07,0.566293,7.00061e-06
1729.8,,,,,,,,,,,1e-06,0.561957,8e-06
1729.9,,,,,,,,,,,1e-06,0.557618,9e-06
1730.0,,,,,,,,,,,1e-06,0.553279,1e-05
1730.1,,,,,,,,,,,1e-06,0.548849,9e-06
1730.2,,,,,,,,,,,1e-06,0.544415,7.99878e-06
1730.3,,,,,,,,,,,1e-06,0.539988,6.99939e-06
1730.4,,,,,,,,,,,1e-06,0.535561,6e-06
1730.5,,,,,,,,,,,1e-06,0.531132,5e-06
1730.6,,,,,,,,,,,1e-06,0.526702,4e-06
1730.7,,,,,,,,,,,1e-06,0.52227,2.99939e-06
1730.8,,,,,,,,,,,1e-06,0.517843,2e-06
1730.9,,,,,,,,,,,1e-06,0.513414,1e-06
1731.0,,,,,,,,,,,1e-06,0.508984,
1731.1,,,,,,,,,,,1e-06,0.504583,
1731.2,,,,,,,,,,,1e-06,0.500176,
1731.3,,,,,,,,,,,1e-06,0.495777,
1731.4,,,,,,,,,,,1e-06,0.491378,
1731.5,,,,,,,,,,,1e-06,0.486977,
1731.6,,,,,,,,,,,1e-06,0.482575,
1731.7,,,,,,,,,,,1e-06,0.478171,
1731.8,,,,,,,,,,,1e-06,0.473772,
1731.9,,,,,,,,,,,5e-07,0.46937,
1732.0,,,,,,,,,,,,0.464969,
1732.1,,,,,,,,,,,,0.460483,
1732.2,,,,,,,,,,,,0.455992,
1732.3,,,,,,,,,,,,0.451509,
1732.4,,,,,,,,,,,,0.447026,
1732.5,,,,,,,,,,,,0.442541,
1732.6,,,,,,,,,,,,0.438055,
1732.7,,,,,,,,,,,,0.433566,
1732.8,,,,,,,,,,,,0.429083,
1732.9,,,,,,,,,,,,0.424598,
1733.0,,,,,,,,,,,,0.420112,
1733.1,,,,,,,,,,,,0.415749,
1733.2,,,,,,,,,,,,0.41138,
1733.3,,,,,,,,,,,,0.407018,
1733.4,,,,,,,,,,,,0.402657,
1733.5,,,,,,,,,,,,0.398293,
1733.6,,,,,,,,,,,,0.39393,
1733.7,,,,,,,,,,,,0.389563,
1733.8,,,,,,,,,,,,0.385202,
1733.9,,,,,,,,,,,,0.380839,
1734.0,,,,,,,,,,,,0.376475,
1734.1,,,,,,,,,,,,0.372297,
1734.2,,,,,,,,,,,,0.368114,
1734.3,,,,,,,,,,,,0.363939,
1734.4,,,,,,,,,,,,0.359764,
1734.5,,,,,,,,,,,,0.355586,
1734.6,,,,,,,,,,,,0.351408,
1734.7,,,,,,,,,,,,0.347228,
1734.8,,,,,,,,,,,,0.343053,
1734.9,,,,,,,,,,,,0.338876,
1735.0,,,,,,,,,,,,0.334698,
1735.1,,,,,,,,,,,,0.330706,
1735.2,,,,,,,,,,,,0.32671,
1735.3,,,,,,,,,,,,0.322722,
1735.4,,,,,,,,,,,,0.318733,
1735.5,,,,,,,,,,,,0.314741,
1735.6,,,,,,,,,,,,0.31075,
1735.7,,,,,,,,,,,,0.306757,
1735.8,,,,,,,,,,,,0.302768,
1735.9,,,,,,,,,,,,0.298777,
1736.0,,,,,,,,,,,,0.294785,
1736.1,,,,,,,,,,,,0.290999,
1736.2,,,,,,,,,,,,0.287208,
1736.3,,,,,,,,,,,,0.283425,
1736.4,,,,,,,,,,,,0.279642,
1736.5,,,,,,,,,,,,0.275856,
1736.6,,,,,,,,,,,,0.27207,
1736.7,,,,,,,,,,,,0.268282,
1736.8,,,,,,,,,,,,0.264498,
1736.9,,,,,,,,,,,,0.260712,
1737.0,,,,,,,,,,,,0.256926,
1737.1,,,,,,,,,,,,0.253419,
1737.2,,,,,,,,,,,,0.249908,
1737.3,,,,,,,,,,,,0.246403,
1737.4,,,,,,,,,,,,0.242898,
1737.5,,,,,,,,,,,,0.23939,
1737.6,,,,,,,,,,,,0.235883,
1737.7,,,,,,,,,,,,0.232374,
1737.8,,,,,,,,,,,,0.228869,
1737.9,,,,,,,,,,,,0.225362,
1738.0,,,,,,,,,,,,0.221855,
1738.1,,,,,,,,,,,,0.218755,
1738.2,,,,,,,,,,,,0.215652,
1738.3,,,,,,,,,,,,0.212555,
1738.4,,,,,,,,,,,,0.209458,
1738.5,,,,,,,,,,,,0.206358,
1738.6,,,,,,,,,,,,0.203259,
1738.7,,,,,,,,,,,,0.200158,
1738.8,,,,,,,,,,,,0.197061,
1738.9,,,,,,,,,,,,0.193962,
1739.0,,,,,,,,,,,,0.190862,
1739.1,,,,,,,,,,,,0.188087,2e-06
1739.2,,,,,,,,,,,,0.18531,4.00183e-06
1739.3,,,,,,,,,,,,0.182537,5.50091e-06
1739.4,,,,,,,,,,,,0.179764,7e-06
1739.5,,,,,,,,,,,,0.176989,9e-06
1739.6,,,,,,,,,,,,0.174214,1.1e-05
1739.7,,,,,,,,,,,,0.171438,1.30012e-05
1739.8,,,,,,,,,,,,0.168665,1.5e-05
1739.9,,,,,,,,,,,,0.16589,1.7e-05
1740.0,,,,,,,,,,,,0.163116,1.9e-05
1740.1,,,,,,,,,,,,0.16069,2e-05
1740.2,,,,,,,,,,,,0.15826,2.10012e-05
1740.3,,,,,,,,,,,,0.155835,2.20006e-05
1740.4,,,,,,,,,,,,0.15341,2.3e-05
1740.5,,,,,,,,,,,,0.150984,2.4e-05
1740.6,,,,,,,,,,,,0.148557,2.5e-05
1740.7,,,,,,,,,,,,0.146129,2.60006e-05
1740.8,,,,,,,,,,,,0.143704,2.7e-05
1740.9,,,,,,,,,,,,0.141277,2.85e-05
1741.0,,,,,,,,,,,,0.138851,3e-05
1741.1,,,,,,,,,,,,0.136757,3.15e-05
1741.2,,,,,,,,,,,,0.134661,3.30024e-05
1741.3,,,,,,,,,,,,0.132569,3.50012e-05
1741.4,,,,,,,,,,,,0.130477,3.7e-05
1741.5,,,,,,,,,,,,0.128383,3.85e-05
1741.6,,,,,,,,,,,,0.12629,4e-05
1741.7,,,,,,,,,,,,0.124195,4.20012e-05
1741.8,,,,,,,,,,,,0.122103,4.4e-05
1741.9,,,,,,,,,,,,0.120009,4.55e-05
1742.0,,,,,,,,,,,,0.117916,4.7e-05
1742.1,,,,,,,,,,,,0.116156,4.65e-05
1742.2,,,,,,,,,,,,0.114393,4.59988e-05
1742.3,,,,,,,,,,,,0.112633,4.49994e-05
1742.4,,,,,,,,,,,,0.110873,4.4e-05
1742.5,,,,,,,,,,,,0.109113,4.3e-05
1742.6,,,,,,,,,,,,0.107352,4.2e-05
1742.7,,,,,,,,,,,,0.10559,4.09994e-05
1742.8,,,,,,,,,,,,0.103831,4e-05
1742.9,,,,,,,,,,,,0.10207,3.95e-05
1743.0,,,,,,,,,,,,0.10031,3.9e-05
1743.1,,,,,,,,,,,,0.0988185,3.8e-05
1743.2,,,,,,,,,,,,0.0973252,3.69988e-05
1743.3,,,,,,,,,,,,0.0958351,3.59994e-05
1743.4,,,,,,,,,,,,0.094345,3.5e-05
1743.5,,,,,,,,,,,,0.092854,3.4e-05
1743.6,,,,,,,,,,,,0.091363,3.3e-05
1743.7,,,,,,,,,,,,0.0898706,3.14991e-05
1743.8,,,,,,,,,,,,0.08838,3e-05
1743.9,,,,,,,,,,,,0.086889,2.9e-05
1744.0,,,,,,,,,,,,0.085398,2.8e-05
1744.1,,,,,,,,,,,,0.0841025,2.6e-05
1744.2,,,,,,,,,,,,0.0828054,2.39982e-05
1744.3,,,,,,,,,,,,0.0815112,2.24991e-05
1744.4,,,,,,,,,,,,0.080217,2.1e-05
1744.5,,,,,,,,,,,,0.078922,1.9e-05
1744.6,,,,,,,,,,,,0.077627,1.7e-05
1744.7,,,,,,,,,,,,0.0763307,1.49988e-05
1744.8,,,,,,,,,,,,0.075036,1.3e-05
1744.9,,,,,,,,,,,,0.073741,1.1e-05
1745.0,,,,,,,,,,,,0.072446,9e-06
1745.1,,,,,,,,,,,,0.071354,8e-06
1745.2,,,,,,,,,,,,0.0702607,6.99878e-06
1745.3,,,,,,,,,,,,0.0691688,5.99939e-06
1745.4,,,,,,,,,,,,0.068077,5e-06
1745.5,,,,,,,,,,,,0.066985,4.5e-06
1745.6,,,,,,,,,,,,0.065893,4e-06
1745.7,,,,,,,,,,,,0.0647998,2.99939e-06
1745.8,,,,,,,,,,,,0.063708,2e-06
1745.9,,,,,,,,,,,,0.062616,1e-06
1746.0,,,,,,,,,,,,0.061524,
1746.1,,,,,,,,,,,,0.060587,
1746.2,,,,,,,,,,,,0.0596489,
1746.3,,,,,,,,,,,,0.0587129,
1746.4,,,,,,,,,,,,0.057777,
1746.5,,,,,,,,,,,,0.05684,
1746.6,,,,,,,,,,,,0.055903,
1746.7,,,,,,,,,,,,0.0549659,
1746.8,,,,,,,,,,,,0.05403,
1746.9,,,,,,,,,,,,0.053093,
1747.0,,,,,,,,,,,,0.052156,
1747.1,,,,,,,,,,,,0.051363,2e-06
1747.2,,,,,,,,,,,,0.050569,4.00244e-06
1747.3,,,,,,,,,,,,0.049777,6.00122e-06
1747.4,,,,,,,,,,,,0.048985,8e-06
1747.5,,,,,,,,,,,,0.048192,1.05e-05
1747.6,,,,,,,,,,,,0.047399,1.3e-05
1747.7,,,,,,,,,,,,0.0466055,1.50012e-05
1747.8,,,,,,,,,,,,0.045813,1.7e-05
1747.9,,,,,,,,,,,,0.04502,1.9e-05
1748.0,,,,,,,,,,,,0.044227,2.1e-05
1748.1,,,,,,,,,,,,0.043569,2.2e-05
1748.2,,,,,,,,,,,,0.0429102,2.30006e-05
1748.3,,,,,,,,,,,,0.0422526,2.35003e-05
1748.4,,,,,,,,,,,,0.041595,2.4e-05
1748.5,,,,,,,,,,,,0.0409365,2.5e-05
1748.6,,,,,,,,,,,,0.040278,2.6e-05
1748.7,,,,,,,,,,,,0.0396196,2.65003e-05
1748.8,,,,,,,,,,,,0.038962,2.7e-05
1748.9,,,,,,,,,,,,0.038304,2.8e-05
1749.0,,,,,,,,,,,,0.037646,2.9e-05
1749.1,,,,,,,,,,,,0.037101,2.75e-05
1749.2,,,,,,,,,,,,0.0365553,2.59976e-05
1749.3,,,,,,,,,,,,0.0360112,2.39988e-05
1749.4,,,,,,,,,,,,0.035467,2.2e-05
1749.5,,,,,,,,,,,,0.034922,2.05e-05
1749.6,,,,,,,,,,,,0.034377,1.9e-05
1749.7,,,,,,,,,,,,0.0338317,1.74991e-05
1749.8,,,,,,,,,,,,0.033287,1.6e-05
1749.9,,,,,,,,,,,,0.0327425,1.45e-05
1750.0,,,,,,,,,,,,0.032198,1.3e-05
1750.1,,,,,,,,,,,,0.0317335,1.4e-05
1750.2,,,,,,,,,,,,0.0312684,1.50006e-05
1750.3,,,,,,,,,,,,0.0308047,1.55003e-05
1750.4,,,,,,,,,,,,0.030341,1.6e-05
1750.5,,,,,,,,,,,,0.029877,1.7e-05
1750.6,,,,,,,,,,,,0.029413,1.8e-05
1750.7,,,,,,,,,,,,0.0289487,1.90006e-05
1750.8,,,,,,,,,,,,0.028485,2e-05
1750.9,,,,,,,,,,,,0.028021,2.1e-05
1751.0,,,,,,,,,,,,0.027557,2.2e-05
1751.1,,,,,,,,,,,,0.027166,2.1e-05
1751.2,,,,,,,,,,,,0.0267745,1.99994e-05
1751.3,,,,,,,,,,,,0.0263838,1.94997e-05
1751.4,,,,,,,,,,,,0.025993,1.9e-05
1751.5,,,,,,,,,,,,0.025602,1.8e-05
1751.6,,,,,,,,,,,,0.025211,1.7e-05
1751.7,,,,,,,,,,,,0.0248198,1.59994e-05
1751.8,,,,,,,,,,,,0.024429,1.5e-05
1751.9,,,,,,,,,,,,0.024038,1.45e-05
1752.0,,,,,,,,,,,,0.023647,1.4e-05
1752.1,,,,,,,,,,,,0.023315,1.25e-05
1752.2,,,,,,,,,,,,0.0229826,1.09982e-05
1752.3,,,,,,,,,,,,0.0226508,9.49908e-06
1752.4,,,,,,,,,,,,0.022319,8e-06
1752.5,,,,,,,,,,,,0.021987,7e-06
1752.6,,,,,,,,,,,,0.021655,6e-06
1752.7,,,,,,,,,,,,0.0213228,4.49908e-06
1752.8,,,,,,,,,,,,0.020991,3e-06
1752.9,,,,,,,,,,,,0.020659,1.5e-06
1753.0,,,,,,,,,,,,0.020327,
1753.1,,,,,,,,,,,,0.0200505,
1753.2,,,,,,,,,,,,0.0197737,
1753.3,,,,,,,,,,,,0.0194968,
1753.4,,,,,,,,,,,,0.01922,
1753.5,,,,,,,,,,,,0.018943,
1753.6,,,,,,,,,,,,0.018666,
1753.7,,,,,,,,,,,,0.0183893,
1753.8,,,,,,,,,,,,0.018113,
1753.9,,,,,,,,,,,,0.017836,
1754.0,,,,,,,,,,,,0.017559,
1754.1,,,,,,,,,,,,0.0173255,
1754.2,,,,,,,,,,,,0.0170917,
1754.3,,,,,,,,,,,,0.0168579,
1754.4,,,,,,,,,,,,0.016624,
1754.5,,,,,,,,,,,,0.0163905,
1754.6,,,,,,,,,,,,0.016157,
1754.7,,,,,,,,,,,,0.0159234,
1754.8,,,,,,,,,,,,0.01569,
1754.9,,,,,,,,,,,,0.015456,
1755.0,,,,,,,,,,,,0.015222,
1755.1,,,,,,,,,,,,0.0150245,
1755.2,,,,,,,,,,,,0.0148268,
1755.3,,,,,,,,,,,,0.0146289,
1755.4,,,,,,,,,,,,0.014431,
1755.5,,,,,,,,,,,,0.0142335,
1755.6,,,,,,,,,,,,0.014036,
1755.7,,,,,,,,,,,,0.0138379,
1755.8,,,,,,,,,,,,0.01364,
1755.9,,,,,,,,,,,,0.0134425,
1756.0,,,,,,,,,,,,0.013245,
1756.1,,,,,,,,,,,,0.0130755,
1756.2,,,,,,,,,,,,0.0129058,
1756.3,,,,,,,,,,,,0.0127369,
1756.4,,,,,,,,,,,,0.012568,
1756.5,,,,,,,,,,,,0.0123985,
1756.6,,,,,,,,,,,,0.012229,
1756.7,,,,,,,,,,,,0.0120594,
1756.8,,,,,,,,,,,,0.01189,
1756.9,,,,,,,,,,,,0.0117205,
1757.0,,,,,,,,,,,,0.011551,
1757.1,,,,,,,,,,,,0.0114075,1e-06
1757.2,,,,,,,,,,,,0.0112638,2.00061e-06
1757.3,,,,,,,,,,,,0.0111199,2.50031e-06
1757.4,,,,,,,,,,,,0.010976,3e-06
1757.5,,,,,,,,,,,,0.0108325,4e-06
1757.6,,,,,,,,,,,,0.010689,5e-06
1757.7,,,,,,,,,,,,0.0105449,5.50031e-06
1757.8,,,,,,,,,,,,0.010401,6e-06
1757.9,,,,,,,,,,,,0.0102575,7e-06
1758.0,,,,,,,,,,,,0.010114,8e-06
1758.1,,,,,,,,,,,,0.009989,8e-06
1758.2,,,,,,,,,,,,0.00986385,8e-06
1758.3,,,,,,,,,,,,0.00973942,8e-06
1758.4,,,,,,,,,,,,0.009615,8e-06
1758.5,,,,,,,,,,,,0.00949,8.5e-06
1758.6,,,,,,,,,,,,0.009365,9e-06
1758.7,,,,,,,,,,,,0.00924042,9e-06
1758.8,,,,,,,,,,,,0.009116,9e-06
1758.9,,,,,,,,,,,,0.008991,9e-06
1759.0,,,,,,,,,,,,0.008866,9e-06
1759.1,,,,,,,,,,,,0.0087605,8.5e-06
1759.2,,,,,,,,,,,,0.00865487,7.99878e-06
1759.3,,,,,,,,,,,,0.00854893,6.99939e-06
1759.4,,,,,,,,,,,,0.008443,6e-06
1759.5,,,,,,,,,,,,0.0083375,5e-06
1759.6,,,,,,,,,,,,0.008232,4e-06
1759.7,,,,,,,,,,,,0.00812594,2.99939e-06
1759.8,,,,,,,,,,,,0.00802,2e-06
1759.9,,,,,,,,,,,,0.007914,1e-06
1760.0,,,,,,,,,,,,0.007808,
1760.1,,,,,,,,,,,,0.0077155,
1760.2,,,,,,,,,,,,0.00762289,
1760.3,,,,,,,,,,,,0.00753044,
1760.4,,,,,,,,,,,,0.007438,
1760.5,,,,,,,,,,,,0.0073455,
1760.6,,,,,,,,,,,,0.007253,
1760.7,,,,,,,,,,,,0.00716044,
1760.8,,,,,,,,,,,,0.007068,
1760.9,,,,,,,,,,,,0.0069755,
1761.0,,,,,,,,,,,,0.006883,
1761.1,,,,,,,,,,,,0.006803,
1761.2,,,,,,,,,,,,0.0067229,
1761.3,,,,,,,,,,,,0.00664295,
1761.4,,,,,,,,,,,,0.006563,
1761.5,,,,,,,,,,,,0.006483,
1761.6,,,,,,,,,,,,0.006403,
1761.7,,,,,,,,,,,,0.00632295,
1761.8,,,,,,,,,,,,0.006243,
1761.9,,,,,,,,,,,,0.006163,
1762.0,,,,,,,,,,,,0.006083,
1762.1,,,,,,,,,,,,0.0060155,
1762.2,,,,,,,,,,,,0.00594792,
1762.3,,,,,,,,,,,,0.00587996,
1762.4,,,,,,,,,,,,0.005812,
1762.5,,,,,,,,,,,,0.0057445,
1762.6,,,,,,,,,,,,0.005677,
1762.7,,,,,,,,,,,,0.00560896,
1762.8,,,,,,,,,,,,0.005541,
1762.9,,,,,,,,,,,,0.0054735,
1763.0,,,,,,,,,,,,0.005406,
1763.1,,,,,,,,,,,,0.0053475,
1763.2,,,,,,,,,,,,0.00528893,
1763.3,,,,,,,,,,,,0.00523046,
1763.4,,,,,,,,,,,,0.005172,
1763.5,,,,,,,,,,,,0.0051135,
1763.6,,,,,,,,,,,,0.005055,
1763.7,,,,,,,,,,,,0.00499646,
1763.8,,,,,,,,,,,,0.004938,
1763.9,,,,,,,,,,,,0.0048795,
1764.0,,,,,,,,,,,,0.004821,
1764.1,,,,,,,,,,,,0.004769,
1764.2,,,,,,,,,,,,0.00471694,
1764.3,,,,,,,,,,,,0.00466547,
1764.4,,,,,,,,,,,,0.004614,
1764.5,,,,,,,,,,,,0.004562,
1764.6,,,,,,,,,,,,0.00451,
1764.7,,,,,,,,,,,,0.00445847,
1764.8,,,,,,,,,,,,0.004407,
1764.9,,,,,,,,,,,,0.004355,
1765.0,,,,,,,,,,,,0.004303,
1765.1,,,,,,,,,,,,0.004258,
1765.2,,,,,,,,,,,,0.00421294,
1765.3,,,,,,,,,,,,0.00416747,
1765.4,,,,,,,,,,,,0.004122,
1765.5,,,,,,,,,,,,0.004077,
1765.6,,,,,,,,,,,,0.004032,
1765.7,,,,,,,,,,,,0.00398647,
1765.8,,,,,,,,,,,,0.003941,
1765.9,,,,,,,,,,,,0.003896,
1766.0,,,,,,,,,,,,0.003851,
1766.1,,,,,,,,,,,,0.0038115,
1766.2,,,,,,,,,,,,0.00377195,
1766.3,,,,,,,,,,,,0.00373248,
1766.4,,,,,,,,,,,,0.003693,
1766.5,,,,,,,,,,,,0.003654,
1766.6,,,,,,,,,,,,0.003615,
1766.7,,,,,,,,,,,,0.00357548,
1766.8,,,,,,,,,,,,0.003536,
1766.9,,,,,,,,,,,,0.003497,
1767.0,,,,,,,,,,,,0.003458,
1767.1,,,,,,,,,,,,0.0034245,
1767.2,,,,,,,,,,,,0.00339096,
1767.3,,,,,,,,,,,,0.00335748,
1767.4,,,,,,,,,,,,0.003324,
1767.5,,,,,,,,,,,,0.0032905,
1767.6,,,,,,,,,,,,0.003257,
1767.7,,,,,,,,,,,,0.00322398,
1767.8,,,,,,,,,,,,0.003191,
1767.9,,,,,,,,,,,,0.0031575,
1768.0,,,,,,,,,,,,0.003124,
1768.1,,,,,,,,,,,,0.0030945,4e-06
1768.2,,,,,,,,,,,,0.00306496,8.00549e-06
1768.3,,,,,,,,,,,,0.00303498,1.25027e-05
1768.4,,,,,,,,,,,,0.003005,1.7e-05
1768.5,,,,,,,,,,,,0.0029755,2.1e-05
1768.6,,,,,,,,,,,,0.002946,2.5e-05
1768.7,,,,,,,,,,,,0.00291648,2.95027e-05
1768.8,,,,,,,,,,,,0.002887,3.4e-05
1768.9,,,,,,,,,,,,0.0028575,3.8e-05
1769.0,,,,,,,,,,,,0.002828,4.2e-05
1769.1,,,,,,,,,,,,0.002802,4.4e-05
1769.2,,,,,,,,,,,,0.00277597,4.60024e-05
1769.3,,,,,,,,,,,,0.00274998,4.80012e-05
1769.4,,,,,,,,,,,,0.002724,5e-05
1769.5,,,,,,,,,,,,0.0026985,5.15e-05
1769.6,,,,,,,,,,,,0.002673,5.3e-05
1769.7,,,,,,,,,,,,0.00264698,5.50012e-05
1769.8,,,,,,,,,,,,0.002621,5.7e-05
1769.9,,,,,,,,,,,,0.002595,5.9e-05
1770.0,,,,,,,,,,,,0.002569,6.1e-05
1770.1,,,,,,,,,,,,0.0025465,5.6e-05
1770.2,,,,,,,,,,,,0.00252397,5.09945e-05
1770.3,,,,,,,,,,,,0.00250149,4.64973e-05
1770.4,,,,,,,,,,,,0.002479,4.2e-05
1770.5,,,,,,,,,,,,0.0024565,3.7e-05
1770.6,,,,,,,,,,,,0.002434,3.2e-05
1770.7,,,,,,,,,,,,0.00241199,2.74973e-05
1770.8,,,,,,,,,,,,0.00239,2.3e-05
1770.9,,,,,,,,,,,,0.0023675,1.8e-05
1771.0,,,,,,,,,,,,0.002345,1.3e-05
1771.1,,,,,,,,,,,,0.0023255,1.15e-05
1771.2,,,,,,,,,,,,0.00230598,9.99878e-06
1771.3,,,,,,,,,,,,0.00228649,8.99939e-06
1771.4,,,,,,,,,,,,0.002267,8e-06
1771.5,,,,,,,,,,,,0.002248,6.5e-06
1771.6,,,,,,,,,,,,0.002229,5e-06
1771.7,,,,,,,,,,,,0.00220949,3.99939e-06
1771.8,,,,,,,,,,,,0.00219,3e-06
1771.9,,,,,,,,,,,,0.002171,1.5e-06
1772.0,,,,,,,,,,,,0.002152,
1772.1,,,,,,,,,,,,0.002136,
1772.2,,,,,,,,,,,,0.00211998,
1772.3,,,,,,,,,,,,0.00210449,
1772.4,,,,,,,,,,,,0.002089,
1772.5,,,,,,,,,,,,0.0020735,
1772.6,,,,,,,,,,,,0.002058,
1772.7,,,,,,,,,,,,0.00204249,
1772.8,,,,,,,,,,,,0.002027,
1772.9,,,,,,,,,,,,0.002011,
1773.0,,,,,,,,,,,,0.001995,
1773.1,,,,,,,,,,,,0.001982,
1773.2,,,,,,,,,,,,0.00196898,
1773.3,,,,,,,,,,,,0.00195599,
1773.4,,,,,,,,,,,,0.001943,
1773.5,,,,,,,,,,,,0.00193,
1773.6,,,,,,,,,,,,0.001917,
1773.7,,,,,,,,,,,,0.00190399,
1773.8,,,,,,,,,,,,0.001891,
1773.9,,,,,,,,,,,,0.001878,
1774.0,,,,,,,,,,,,0.001865,
1774.1,,,,,,,,,,,,0.001854,
1774.2,,,,,,,,,,,,0.00184299,
1774.3,,,,,,,,,,,,0.00183149,
1774.4,,,,,,,,,,,,0.00182,
1774.5,,,,,,,,,,,,0.001809,
1774.6,,,,,,,,,,,,0.001798,
1774.7,,,,,,,,,,,,0.00178649,
1774.8,,,,,,,,,,,,0.001775,
1774.9,,,,,,,,,,,,0.001764,
1775.0,,,,,,,,,,,,0.001753,
1775.1,,,,,,,,,,,,0.0017425,
1775.2,,,,,,,,,,,,0.00173199,
1775.3,,,,,,,,,,,,0.00172149,
1775.4,,,,,,,,,,,,0.001711,
1775.5,,,,,,,,,,,,0.0017005,
1775.6,,,,,,,,,,,,0.00169,
1775.7,,,,,,,,,,,,0.00167899,
1775.8,,,,,,,,,,,,0.001668,
1775.9,,,,,,,,,,,,0.0016575,
1776.0,,,,,,,,,,,,0.001647,
1776.1,,,,,,,,,,,,0.001636,
1776.2,,,,,,,,,,,,0.00162499,
1776.3,,,,,,,,,,,,0.00161399,
1776.4,,,,,,,,,,,,0.001603,
1776.5,,,,,,,,,,,,0.001592,
1776.6,,,,,,,,,,,,0.001581,
1776.7,,,,,,,,,,,,0.00156949,
1776.8,,,,,,,,,,,,0.001558,
1776.9,,,,,,,,,,,,0.001547,
1777.0,,,,,,,,,,,,0.001536,
1777.1,,,,,,,,,,,,0.0015255,5e-07
1777.2,,,,,,,,,,,,0.00151499,1e-06
1777.3,,,,,,,,,,,,0.00150449,1e-06
1777.4,,,,,,,,,,,,0.001494,1e-06
1777.5,,,,,,,,,,,,0.001483,1.5e-06
1777.6,,,,,,,,,,,,0.001472,2e-06
1777.7,,,,,,,,,,,,0.00146149,2e-06
1777.8,,,,,,,,,,,,0.001451,2e-06
1777.9,,,,,,,,,,,,0.0014405,2.5e-06
1778.0,,,,,,,,,,,,0.00143,3e-06
1778.1,,,,,,,,,,,,0.0014215,5e-06
1778.2,,,,,,,,,,,,0.00141299,7.00305e-06
1778.3,,,,,,,,,,,,0.00140399,9.50153e-06
1778.4,,,,,,,,,,,,0.001395,1.2e-05
1778.5,,,,,,,,,,,,0.0013865,1.4e-05
1778.6,,,,,,,,,,,,0.001378,1.6e-05
1778.7,,,,,,,,,,,,0.00136949,1.85015e-05
1778.8,,,,,,,,,,,,0.001361,2.1e-05
1778.9,,,,,,,,,,,,0.0013525,2.3e-05
1779.0,,,,,,,,,,,,0.001344,2.5e-05
1779.1,,,,,,,,,,,,0.001337,2.45e-05
1779.2,,,,,,,,,,,,0.00132999,2.39994e-05
1779.3,,,,,,,,,,,,0.001323,2.34997e-05
1779.4,,,,,,,,,,,,0.001316,2.3e-05
1779.5,,,,,,,,,,,,0.0013085,2.25e-05
1779.6,,,,,,,,,,,,0.001301,2.2e-05
1779.7,,,,,,,,,,,,0.001294,2.2e-05
1779.8,,,,,,,,,,,,0.001287,2.2e-05
1779.9,,,,,,,,,,,,0.00128,2.15e-05
1780.0,,,,,,,,,,,,0.001273,2.1e-05
1780.1,,,,,,,,,,,,0.001268,1.9e-05
1780.2,,,,,,,,,,,,0.00126299,1.69969e-05
1780.3,,,,,,,,,,,,0.0012575,1.44985e-05
1780.4,,,,,,,,,,,,0.001252,1.2e-05
1780.5,,,,,,,,,,,,0.0012465,1e-05
1780.6,,,,,,,,,,,,0.001241,8e-06
1780.7,,,,,,,,,,,,0.001236,5.99878e-06
1780.8,,,,,,,,,,,,0.001231,4e-06
1780.9,,,,,,,,,,,,0.0012255,2e-06
1781.0,,,,,,,,,,,,0.00122,
1781.1,,,,,,,,,,,,0.0012175,
1781.2,,,,,,,,,,,,0.001215,
1781.3,,,,,,,,,,,,0.0012125,
1781.4,,,,,,,,,,,,0.00121,
1781.5,,,,,,,,,,,,0.0012075,
1781.6,,,,,,,,,,,,0.001205,
1781.7,,,,,,,,,,,,0.0012025,
1781.8,,,,,,,,,,,,0.0012,
1781.9,,,,,,,,,,,,0.0011975,
1782.0,,,,,,,,,,,,0.001195,
1782.1,,,,,,,,,,,,0.001197,
1782.2,,,,,,,,,,,,0.001199,
1782.3,,,,,,,,,,,,0.001201,
1782.4,,,,,,,,,,,,0.001203,
1782.5,,,,,,,,,,,,0.001205,
1782.6,,,,,,,,,,,,0.001207,
1782.7,,,,,,,,,,,,0.0012085,
1782.8,,,,,,,,,,,,0.00121,
1782.9,,,,,,,,,,,,0.001212,
1783.0,,,,,,,,,,,,0.001214,
1783.1,,,,,,,,,,,,0.001216,
1783.2,,,,,,,,,,,,0.001218,
1783.3,,,,,,,,,,,,0.0012195,
1783.4,,,,,,,,,,,,0.001221,
1783.5,,,,,,,,,,,,0.0012225,
1783.6,,,,,,,,,,,,0.001224,
1783.7,,,,,,,,,,,,0.0012255,
1783.8,,,,,,,,,,,,0.001227,
1783.9,,,,,,,,,,,,0.001229,
1784.0,,,,,,,,,,,,0.001231,
1784.1,,,,,,,,,,,,0.001228,
1784.2,,,,,,,,,,,,0.001225,
1784.3,,,,,,,,,,,,0.0012215,
1784.4,,,,,,,,,,,,0.001218,
1784.5,,,,,,,,,,,,0.001215,
1784.6,,,,,,,,,,,,0.001212,
1784.7,,,,,,,,,,,,0.001209,
1784.8,,,,,,,,,,,,0.001206,
1784.9,,,,,,,,,,,,0.001203,
1785.0,,,,,,,,,,,,0.0012,
1785.1,,,,,,,,,,,,0.001195,
1785.2,,,,,,,,,,,,0.00118999,
1785.3,,,,,,,,,,,,0.0011855,
1785.4,,,,,,,,,,,,0.001181,
1785.5,,,,,,,,,,,,0.0011765,
1785.6,,,,,,,,,,,,0.001172,
1785.7,,,,,,,,,,,,0.001167,
1785.8,,,,,,,,,,,,0.001162,
1785.9,,,,,,,,,,,,0.0011575,
1786.0,,,,,,,,,,,,0.001153,
1786.1,,,,,,,,,,,,0.001149,
1786.2,,,,,,,,,,,,0.00114499,
1786.3,,,,,,,,,,,,0.0011405,
1786.4,,,,,,,,,,,,0.001136,
1786.5,,,,,,,,,,,,0.001132,
1786.6,,,,,,,,,,,,0.001128,
1786.7,,,,,,,,,,,,0.001124,
1786.8,,,,,,,,,,,,0.00112,
1786.9,,,,,,,,,,,,0.001116,
1787.0,,,,,,,,,,,,0.001112,
1787.1,,,,,,,,,,,,0.001108,
1787.2,,,,,,,,,,,,0.001104,
1787.3,,,,,,,,,,,,0.0011,
1787.4,,,,,,,,,,,,0.001096,
1787.5,,,,,,,,,,,,0.001092,
1787.6,,,,,,,,,,,,0.001088,
1787.7,,,,,,,,,,,,0.001084,
1787.8,,,,,,,,,,,,0.00108,
1787.9,,,,,,,,,,,,0.001076,
1788.0,,,,,,,,,,,,0.001072,
1788.1,,,,,,,,,,,,0.0010675,3e-06
1788.2,,,,,,,,,,,,0.00106299,6.00366e-06
1788.3,,,,,,,,,,,,0.0010585,9.00183e-06
1788.4,,,,,,,,,,,,0.001054,1.2e-05
1788.5,,,,,,,,,,,,0.00105,1.5e-05
1788.6,,,,,,,,,,,,0.001046,1.8e-05
1788.7,,,,,,,,,,,,0.0010415,2.15021e-05
1788.8,,,,,,,,,,,,0.001037,2.5e-05
1788.9,,,,,,,,,,,,0.0010325,2.8e-05
1789.0,,,,,,,,,,,,0.001028,3.1e-05
1789.1,,,,,,,,,,,,0.001025,3.1e-05
1789.2,,,,,,,,,,,,0.001022,3.10006e-05
1789.3,,,,,,,,,,,,0.001019,3.15003e-05
1789.4,,,,,,,,,,,,0.001016,3.2e-05
1789.5,,,,,,,,,,,,0.001013,3.2e-05
1789.6,,,,,,,,,,,,0.00101,3.2e-05
1789.7,,,,,,,,,,,,0.001007,3.25003e-05
1789.8,,,,,,,,,,,,0.001004,3.3e-05
1789.9,,,,,,,,,,,,0.001001,3.3e-05
1790.0,,,,,,,,,,,,0.000998,3.3e-05
1790.1,,,,,,,,,,,,0.000998,3.35e-05
1790.2,,,,,,,,,,,,0.000998001,3.4e-05
1790.3,,,,,,,,,,,,0.0009985,3.4e-05
1790.4,,,,,,,,,,,,0.000999,3.4e-05
1790.5,,,,,,,,,,,,0.000999,3.45e-05
1790.6,,,,,,,,,,,,0.000999,3.5e-05
1790.7,,,,,,,,,,,,0.0009995,3.5e-05
1790.8,,,,,,,,,,,,0.001,3.5e-05
1790.9,,,,,,,,,,,,0.001,3.55e-05
1791.0,,,,,,,,,,,,0.001,3.6e-05
1791.1,,,,,,,,,,,,0.001001,3.7e-05
1791.2,,,,,,,,,,,,0.001002,3.80012e-05
1791.3,,,,,,,,,,,,0.0010025,3.90006e-05
1791.4,,,,,,,,,,,,0.001003,4e-05
1791.5,,,,,,,,,,,,0.001004,4.05e-05
1791.6,,,,,,,,,,,,0.001005,4.1e-05
1791.7,,,,,,,,,,,,0.0010055,4.20006e-05
1791.8,,,,,,,,,,,,0.001006,4.3e-05
1791.9,,,,,,,,,,,,0.001007,4.4e-05
1792.0,,,,,,,,,,,,0.001008,4.5e-05
1792.1,,,,,,,,,,,,0.001007,4.55e-05
1792.2,,,,,,,,,,,,0.001006,4.6e-05
1792.3,,,,,,,,,,,,0.0010055,4.6e-05
1792.4,,,,,,,,,,,,0.001005,4.6e-05
1792.5,,,,,,,,,,,,0.001004,4.65e-05
1792.6,,,,,,,,,,,,0.001003,4.7e-05
1792.7,,,,,,,,,,,,0.0010025,4.7e-05
1792.8,,,,,,,,,,,,0.001002,4.7e-05
1792.9,,,,,,,,,,,,0.0010015,4.75e-05
1793.0,,,,,,,,,,,,0.001001,4.8e-05
1793.1,,,,,,,,,,,,0.000999,4.6e-05
1793.2,,,,,,,,,,,,0.000996998,4.39982e-05
1793.3,,,,,,,,,,,,0.000994999,4.24991e-05
1793.4,,,,,,,,,,,,0.000993,4.1e-05
1793.5,,,,,,,,,,,,0.0009915,3.95e-05
1793.6,,,,,,,,,,,,0.00099,3.8e-05
1793.7,,,,,,,,,,,,0.000987999,3.59988e-05
1793.8,,,,,,,,,,,,0.000986,3.4e-05
1793.9,,,,,,,,,,,,0.0009845,3.25e-05
1794.0,,,,,,,,,,,,0.000983,3.1e-05
1794.1,,,,,,,,,,,,0.00098,2.9e-05
1794.2,,,,,,,,,,,,0.000976996,2.69969e-05
1794.3,,,,,,,,,,,,0.000973998,2.44985e-05
1794.4,,,,,,,,,,,,0.000971,2.2e-05
1794.5,,,,,,,,,,,,0.000968,1.95e-05
1794.6,,,,,,,,,,,,0.000965,1.7e-05
1794.7,,,,,,,,,,,,0.000961998,1.49988e-05
1794.8,,,,,,,,,,,,0.000959,1.3e-05
1794.9,,,,,,,,,,,,0.000956,1.05e-05
1795.0,,,,,,,,,,,,0.000953,8e-06
1795.1,,,,,,,,,,,,0.0009495,7.5e-06
1795.2,,,,,,,,,,,,0.000945996,6.99878e-06
1795.3,,,,,,,,,,,,0.000942498,5.99939e-06
1795.4,,,,,,,,,,,,0.000939,5e-06
1795.5,,,,,,,,,,,,0.0009355,4e-06
1795.6,,,,,,,,,,,,0.000932,3e-06
1795.7,,,,,,,,,,,,0.000928498,2.4997e-06
1795.8,,,,,,,,,,,,0.000925,2e-06
1795.9,,,,,,,,,,,,0.000922,1e-06
1796.0,,,,,,,,,,,,0.000919,
1796.1,,,,,,,,,,,,0.000915,
1796.2,,,,,,,,,,,,0.000910996,
1796.3,,,,,,,,,,,,0.000907498,
1796.4,,,,,,,,,,,,0.000904,
1796.5,,,,,,,,,,,,0.0009,
1796.6,,,,,,,,,,,,0.000896,
1796.7,,,,,,,,,,,,0.000892498,
1796.8,,,,,,,,,,,,0.000889,
1796.9,,,,,,,,,,,,0.000885,
1797.0,,,,,,,,,,,,0.000881,
1797.1,,,,,,,,,,,,0.000878,
1797.2,,,,,,,,,,,,0.000874996,
1797.3,,,,,,,,,,,,0.000871998,
1797.4,,,,,,,,,,,,0.000869,
1797.5,,,,,,,,,,,,0.0008665,
1797.6,,,,,,,,,,,,0.000864,
1797.7,,,,,,,,,,,,0.000860998,
1797.8,,,,,,,,,,,,0.000858,
1797.9,,,,,,,,,,,,0.000855,
1798.0,,,,,,,,,,,,0.000852,
1798.1,,,,,,,,,,,,0.0008525,
1798.2,,,,,,,,,,,,0.000853001,
1798.3,,,,,,,,,,,,0.0008535,
1798.4,,,,,,,,,,,,0.000854,
1798.5,,,,,,,,,,,,0.0008545,
1798.6,,,,,,,,,,,,0.000855,
1798.7,,,,,,,,,,,,0.0008555,
1798.8,,,,,,,,,,,,0.000856,
1798.9,,,,,,,,,,,,0.000856,
1799.0,,,,,,,,,,,,0.000856,
1799.1,,,,,,,,,,,,0.0008575,
1799.2,,,,,,,,,,,,0.000859002,
1799.3,,,,,,,,,,,,0.000860501,
1799.4,,,,,,,,,,,,0.000862,
1799.5,,,,,,,,,,,,0.0008635,
1799.6,,,,,,,,,,,,0.000865,
1799.7,,,,,,,,,,,,0.000866001,
1799.8,,,,,,,,,,,,0.000867,
1799.9,,,,,,,,,,,,0.0008685,
1800.0,,,,,,,,,,,,0.00087,
1800.1,,,,,,,,,,,,0.0008705,
1800.2,,,,,,,,,,,,0.000871001,
1800.3,,,,,,,,,,,,0.000872001,
1800.4,,,,,,,,,,,,0.000873,
1800.5,,,,,,,,,,,,0.0008735,
1800.6,,,,,,,,,,,,0.000874,
1800.7,,,,,,,,,,,,0.0008745,
1800.8,,,,,,,,,,,,0.000875,
1800.9,,,,,,,,,,,,0.000876,
1801.0,,,,,,,,,,,,0.000877,
1801.1,,,,,,,,,,,,0.000878,
1801.2,,,,,,,,,,,,0.000879002,
1801.3,,,,,,,,,,,,0.000880501,
1801.4,,,,,,,,,,,,0.000882,
1801.5,,,,,,,,,,,,0.000883,
1801.6,,,,,,,,,,,,0.000884,
1801.7,,,,,,,,,,,,0.000885501,
1801.8,,,,,,,,,,,,0.000887,
1801.9,,,,,,,,,,,,0.0008885,
1802.0,,,,,,,,,,,,0.00089,
1802.1,,,,,,,,,,,,0.000893,
1802.2,,,,,,,,,,,,0.000896004,
1802.3,,,,,,,,,,,,0.000899002,
1802.4,,,,,,,,,,,,0.000902,
1802.5,,,,,,,,,,,,0.0009055,
1802.6,,,,,,,,,,,,0.000909,
1802.7,,,,,,,,,,,,0.000912002,
1802.8,,,,,,,,,,,,0.000915,
1802.9,,,,,,,,,,,,0.000918,
1803.0,,,,,,,,,,,,0.000921,
1803.1,,,,,,,,,,,,0.000924,
1803.2,,,,,,,,,,,,0.000927004,
1803.3,,,,,,,,,,,,0.000930002,
1803.4,,,,,,,,,,,,0.000933,
1803.5,,,,,,,,,,,,0.0009355,
1803.6,,,,,,,,,,,,0.000938,
1803.7,,,,,,,,,,,,0.000941002,
1803.8,,,,,,,,,,,,0.000944,
1803.9,,,,,,,,,,,,0.000947,
1804.0,,,,,,,,,,,,0.00095,
1804.1,,,,,,,,,,,,0.0009495,
1804.2,,,,,,,,,,,,0.000949,
1804.3,,,,,,,,,,,,0.000949,
1804.4,,,,,,,,,,,,0.000949,
1804.5,,,,,,,,,,,,0.0009485,
1804.6,,,,,,,,,,,,0.000948,
1804.7,,,,,,,,,,,,0.000948,
1804.8,,,,,,,,,,,,0.000948,
1804.9,,,,,,,,,,,,0.0009475,
1805.0,,,,,,,,,,,,0.000947,
1805.1,,,,,,,,,,,,0.000946,
1805.2,,,,,,,,,,,,0.000944999,
1805.3,,,,,,,,,,,,0.000943999,
1805.4,,,,,,,,,,,,0.000943,
1805.5,,,,,,,,,,,,0.000942,
1805.6,,,,,,,,,,,,0.000941,
1805.7,,,,,,,,,,,,0.000939999,
1805.8,,,,,,,,,,,,0.000939,
1805.9,,,,,,,,,,,,0.000938,
1806.0,,,,,,,,,,,,0.000937,
1806.1,,,,,,,,,,,,0.000937,
1806.2,,,,,,,,,,,,0.000937001,
1806.3,,,,,,,,,,,,0.0009375,
1806.4,,,,,,,,,,,,0.000938,
1806.5,,,,,,,,,,,,0.000938,
1806.6,,,,,,,,,,,,0.000938,
1806.7,,,,,,,,,,,,0.000938,
1806.8,,,,,,,,,,,,0.000938,
1806.9,,,,,,,,,,,,0.000938,
1807.0,,,,,,,,,,,,0.000938,
1807.1,,,,,,,,,,,,0.000939,
1807.2,,,,,,,,,,,,0.000940001,
1807.3,,,,,,,,,,,,0.000941001,
1807.4,,,,,,,,,,,,0.000942,
1807.5,,,,,,,,,,,,0.000943,
1807.6,,,,,,,,,,,,0.000944,
1807.7,,,,,,,,,,,,0.000945001,
1807.8,,,,,,,,,,,,0.000946,
1807.9,,,,,,,,,,,,0.000947,
1808.0,,,,,,,,,,,,0.000948,
1808.1,,,,,,,,,,,,0.0009505,2.5e-06
1808.2,,,,,,,,,,,,0.000953003,5.00366e-06
1808.3,,,,,,,,,,,,0.000955502,8.00183e-06
1808.4,,,,,,,,,,,,0.000958,1.1e-05
1808.5,,,,,,,,,,,,0.0009605,1.35e-05
1808.6,,,,,,,,,,,,0.000963,1.6e-05
1808.7,,,,,,,,,,,,0.000965502,1.85015e-05
1808.8,,,,,,,,,,,,0.000968,2.1e-05
1808.9,,,,,,,,,,,,0.0009705,2.4e-05
1809.0,,,,,,,,,,,,0.000973,2.7e-05
1809.1,,,,,,,,,,,,0.0009765,2.9e-05
1809.2,,,,,,,,,,,,0.000980004,3.10031e-05
1809.3,,,,,,,,,,,,0.000983002,3.35015e-05
1809.4,,,,,,,,,,,,0.000986,3.6e-05
1809.5,,,,,,,,,,,,0.0009895,3.8e-05
1809.6,,,,,,,,,,,,0.000993,4e-05
1809.7,,,,,,,,,,,,0.000996502,4.20012e-05
1809.8,,,,,,,,,,,,0.001,4.4e-05
1809.9,,,,,,,,,,,,0.001003,4.65e-05
1810.0,,,,,,,,,,,,0.001006,4.9e-05
1810.1,,,,,,,,,,,,0.0010105,4.95e-05
1810.2,,,,,,,,,,,,0.00101501,5.00006e-05
1810.3,,,,,,,,,,,,0.0010195,5.05003e-05
1810.4,,,,,,,,,,,,0.001024,5.1e-05
1810.5,,,,,,,,,,,,0.001028,5.15e-05
1810.6,,,,,,,,,,,,0.001032,5.2e-05
1810.7,,,,,,,,,,,,0.0010365,5.2e-05
1810.8,,,,,,,,,,,,0.001041,5.2e-05
1810.9,,,,,,,,,,,,0.0010455,5.25e-05
1811.0,,,,,,,,,,,,0.00105,5.3e-05
1811.1,,,,,,,,,,,,0.001053,5.35e-05
1811.2,,,,,,,,,,,,0.001056,5.40006e-05
1811.3,,,,,,,,,,,,0.001059,5.45003e-05
1811.4,,,,,,,,,,,,0.001062,5.5e-05
1811.5,,,,,,,,,,,,0.001065,5.55e-05
1811.6,,,,,,,,,,,,0.001068,5.6e-05
1811.7,,,,,,,,,,,,0.0010705,5.6e-05
1811.8,,,,,,,,,,,,0.001073,5.6e-05
1811.9,,,,,,,,,,,,0.001076,5.65e-05
1812.0,,,,,,,,,,,,0.001079,5.7e-05
1812.1,,,,,,,,,,,,0.001077,5.75e-05
1812.2,,,,,,,,,,,,0.001075,5.80006e-05
1812.3,,,,,,,,,,,,0.001073,5.85003e-05
1812.4,,,,,,,,,,,,0.001071,5.9e-05
1812.5,,,,,,,,,,,,0.001069,6e-05
1812.6,,,,,,,,,,,,0.001067,6.1e-05
1812.7,,,,,,,,,,,,0.001065,6.15003e-05
1812.8,,,,,,,,,,,,0.001063,6.2e-05
1812.9,,,,,,,,,,,,0.001061,6.25e-05
1813.0,,,,,,,,,,,,0.001059,6.3e-05
1813.1,,,,,,,,,,,,0.0010555,5.65e-05
1813.2,,,,,,,,,,,,0.001052,4.99927e-05
1813.3,,,,,,,,,,,,0.0010485,4.39963e-05
1813.4,,,,,,,,,,,,0.001045,3.8e-05
1813.5,,,,,,,,,,,,0.0010415,3.15e-05
1813.6,,,,,,,,,,,,0.001038,2.5e-05
1813.7,,,,,,,,,,,,0.001034,1.89963e-05
1813.8,,,,,,,,,,,,0.00103,1.3e-05
1813.9,,,,,,,,,,,,0.0010265,6.5e-06
1814.0,,,,,,,,,,,,0.001023,
1814.1,,,,,,,,,,,,0.00102,1e-06
1814.2,,,,,,,,,,,,0.001017,2.00061e-06
1814.3,,,,,,,,,,,,0.0010135,2.50031e-06
1814.4,,,,,,,,,,,,0.00101,3e-06
1814.5,,,,,,,,,,,,0.001007,4e-06
1814.6,,,,,,,,,,,,0.001004,5e-06
1814.7,,,,,,,,,,,,0.0010005,6.00061e-06
1814.8,,,,,,,,,,,,0.000997,7e-06
1814.9,,,,,,,,,,,,0.000994,8e-06
1815.0,,,,,,,,,,,,0.000991,9e-06
1815.1,,,,,,,,,,,,0.0009895,8.5e-06
1815.2,,,,,,,,,,,,0.000987998,8e-06
1815.3,,,,,,,,,,,,0.000986499,8e-06
1815.4,,,,,,,,,,,,0.000985,8e-06
1815.5,,,,,,,,,,,,0.0009835,8e-06
1815.6,,,,,,,,,,,,0.000982,8e-06
1815.7,,,,,,,,,,,,0.000980499,7.4997e-06
1815.8,,,,,,,,,,,,0.000979,7e-06
1815.9,,,,,,,,,,,,0.0009775,7e-06
1816.0,,,,,,,,,,,,0.000976,7e-06
1816.1,,,,,,,,,,,,0.00098,6.5e-06
1816.2,,,,,,,,,,,,0.000984006,5.99878e-06
1816.3,,,,,,,,,,,,0.000988503,4.99939e-06
1816.4,,,,,,,,,,,,0.000993,4e-06
1816.5,,,,,,,,,,,,0.000997,3.5e-06
1816.6,,,,,,,,,,,,0.001001,3e-06
1816.7,,,,,,,,,,,,0.0010055,1.99939e-06
1816.8,,,,,,,,,,,,0.00101,1e-06
1816.9,,,,,,,,,,,,0.0010145,5e-07
1817.0,,,,,,,,,,,,0.001019,
1817.1,,,,,,,,,,,,0.001024,
1817.2,,,,,,,,,,,,0.00102901,
1817.3,,,,,,,,,,,,0.0010345,
1817.4,,,,,,,,,,,,0.00104,
1817.5,,,,,,,,,,,,0.0010455,
1817.6,,,,,,,,,,,,0.001051,
1817.7,,,,,,,,,,,,0.0010565,
1817.8,,,,,,,,,,,,0.001062,
1817.9,,,,,,,,,,,,0.0010675,
1818.0,,,,,,,,,,,,0.001073,
1818.1,,,,,,,,,,,,0.001076,
1818.2,,,,,,,,,,,,0.001079,
1818.3,,,,,,,,,,,,0.001082,
1818.4,,,,,,,,,,,,0.001085,
1818.5,,,,,,,,,,,,0.001088,
1818.6,,,,,,,,,,,,0.001091,
1818.7,,,,,,,,,,,,0.001094,
1818.8,,,,,,,,,,,,0.001097,
1818.9,,,,,,,,,,,,0.0011,
1819.0,,,,,,,,,,,,0.001103,
1819.1,,,,,,,,,,,,0.001105,
1819.2,,,,,,,,,,,,0.001107,
1819.3,,,,,,,,,,,,0.0011085,
1819.4,,,,,,,,,,,,0.00111,
1819.5,,,,,,,,,,,,0.0011115,
1819.6,,,,,,,,,,,,0.001113,
1819.7,,,,,,,,,,,,0.001115,
1819.8,,,,,,,,,,,,0.001117,
1819.9,,,,,,,,,,,,0.0011185,
1820.0,,,,,,,,,,,,0.00112,
1820.1,,,,,,,,,,,,0.00112,5e-07
1820.2,,,,,,,,,,,,0.00112,1e-06
1820.3,,,,,,,,,,,,0.0011195,1e-06
1820.4,,,,,,,,,,,,0.001119,1e-06
1820.5,,,,,,,,,,,,0.001119,1.5e-06
1820.6,,,,,,,,,,,,0.001119,2e-06
1820.7,,,,,,,,,,,,0.0011185,2e-06
1820.8,,,,,,,,,,,,0.001118,2e-06
1820.9,,,,,,,,,,,,0.0011175,2.5e-06
1821.0,,,,,,,,,,,,0.001117,3e-06
1821.1,,,,,,,,,,,,0.0011155,4.5e-06
1821.2,,,,,,,,,,,,0.001114,6.00183e-06
1821.3,,,,,,,,,,,,0.0011125,7.50092e-06
1821.4,,,,,,,,,,,,0.001111,9e-06
1821.5,,,,,,,,,,,,0.0011095,1.05e-05
1821.6,,,,,,,,,,,,0.001108,1.2e-05
1821.7,,,,,,,,,,,,0.0011065,1.35009e-05
1821.8,,,,,,,,,,,,0.001105,1.5e-05
1821.9,,,,,,,,,,,,0.0011035,1.65e-05
1822.0,,,,,,,,,,,,0.001102,1.8e-05
1822.1,,,,,,,,,,,,0.0011,1.85e-05
1822.2,,,,,,,,,,,,0.001098,1.9e-05
1822.3,,,,,,,,,,,,0.001096,1.9e-05
1822.4,,,,,,,,,,,,0.001094,1.9e-05
1822.5,,,,,,,,,,,,0.001092,1.95e-05
1822.6,,,,,,,,,,,,0.00109,2e-05
1822.7,,,,,,,,,,,,0.001088,2e-05
1822.8,,,,,,,,,,,,0.001086,2e-05
1822.9,,,,,,,,,,,,0.001084,2.05e-05
1823.0,,,,,,,,,,,,0.001082,2.1e-05
1823.1,,,,,,,,,,,,0.0010795,2.15e-05
1823.2,,,,,,,,,,,,0.001077,2.2e-05
1823.3,,,,,,,,,,,,0.001075,2.2e-05
1823.4,,,,,,,,,,,,0.001073,2.2e-05
1823.5,,,,,,,,,,,,0.0010705,2.25e-05
1823.6,,,,,,,,,,,,0.001068,2.3e-05
1823.7,,,,,,,,,,,,0.001066,2.35003e-05
1823.8,,,,,,,,,,,,0.001064,2.4e-05
1823.9,,,,,,,,,,,,0.001062,2.45e-05
1824.0,,,,,,,,,,,,0.00106,2.5e-05
1824.1,,,,,,,,,,,,0.0010575,2.55e-05
1824.2,,,,,,,,,,,,0.001055,2.60012e-05
1824.3,,,,,,,,,,,,0.0010525,2.70006e-05
1824.4,,,,,,,,,,,,0.00105,2.8e-05
1824.5,,,,,,,,,,,,0.001047,2.85e-05
1824.6,,,,,,,,,,,,0.001044,2.9e-05
1824.7,,,,,,,,,,,,0.0010415,3.00006e-05
1824.8,,,,,,,,,,,,0.001039,3.1e-05
1824.9,,,,,,,,,,,,0.0010365,3.2e-05
1825.0,,,,,,,,,,,,0.001034,3.3e-05
1825.1,,,,,,,,,,,,0.0010325,3.35e-05
1825.2,,,,,,,,,,,,0.001031,3.40012e-05
1825.3,,,,,,,,,,,,0.0010295,3.50006e-05
1825.4,,,,,,,,,,,,0.001028,3.6e-05
1825.5,,,,,,,,,,,,0.001027,3.65e-05
1825.6,,,,,,,,,,,,0.001026,3.7e-05
1825.7,,,,,,,,,,,,0.0010245,3.80006e-05
1825.8,,,,,,,,,,,,0.001023,3.9e-05
1825.9,,,,,,,,,,,,0.0010215,3.95e-05
1826.0,,,,,,,,,,,,0.00102,4e-05
1826.1,,,,,,,,,,,,0.001023,4e-05
1826.2,,,,,,,,,,,,0.001026,4e-05
1826.3,,,,,,,,,,,,0.001029,4e-05
1826.4,,,,,,,,,,,,0.001032,4e-05
1826.5,,,,,,,,,,,,0.0010345,4e-05
1826.6,,,,,,,,,,,,0.001037,4e-05
1826.7,,,,,,,,,,,,0.00104,4e-05
1826.8,,,,,,,,,,,,0.001043,4e-05
1826.9,,,,,,,,,,,,0.001046,4e-05
1827.0,,,,,,,,,,,,0.001049,4e-05
1827.1,,,,,,,,,,,,0.001052,3.6e-05
1827.2,,,,,,,,,,,,0.001055,3.19951e-05
1827.3,,,,,,,,,,,,0.0010585,2.79976e-05
1827.4,,,,,,,,,,,,0.001062,2.4e-05
1827.5,,,,,,,,,,,,0.001065,2e-05
1827.6,,,,,,,,,,,,0.001068,1.6e-05
1827.7,,,,,,,,,,,,0.0010715,1.19976e-05
1827.8,,,,,,,,,,,,0.001075,8e-06
1827.9,,,,,,,,,,,,0.001078,4e-06
1828.0,,,,,,,,,,,,0.001081,
1828.1,,,,,,,,,,,,0.000988,
1828.2,,,,,,,,,,,,0.000894886,
1828.3,,,,,,,,,,,,0.000801943,
1828.4,,,,,,,,,,,,0.000709,
1828.5,,,,,,,,,,,,0.0006165,
1828.6,,,,,,,,,,,,0.000524,
1828.7,,,,,,,,,,,,0.000430943,
1828.8,,,,,,,,,,,,0.000338,
1828.9,,,,,,,,,,,,0.000245,
1829.0,,,,,,,,,,,,0.000152,
1829.1,,,,,,,,,,,,0.0001525,5e-07
1829.2,,,,,,,,,,,,0.000153001,1e-06
1829.3,,,,,,,,,,,,0.000154001,1e-06
1829.4,,,,,,,,,,,,0.000155,1e-06
1829.5,,,,,,,,,,,,0.0001555,1.5e-06
1829.6,,,,,,,,,,,,0.000156,2e-06
1829.7,,,,,,,,,,,,0.0001565,2e-06
1829.8,,,,,,,,,,,,0.000157,2e-06
1829.9,,,,,,,,,,,,0.0001575,2.5e-06
1830.0,,,,,,,,,,,,0.000158,3e-06
1830.1,,,,,,,,,,,,0.000157,5e-06
1830.2,,,,,,,,,,,,0.000155999,7.00244e-06
1830.3,,,,,,,,,,,,0.0001555,9.00122e-06
1830.4,,,,,,,,,,,,0.000155,1.1e-05
1830.5,,,,,,,,,,,,0.000154,1.3e-05
1830.6,,,,,,,,,,,,0.000153,1.5e-05
1830.7,,,,,,,,,,,,0.000151999,1.70012e-05
1830.8,,,,,,,,,,,,0.000151,1.9e-05
1830.9,,,,,,,,,,,,0.00015,2.1e-05
1831.0,,,,,,,,,,,,0.000149,2.3e-05
1831.1,,,,,,,,,,,,0.000145,2.25e-05
1831.2,,,,,,,,,,,,0.000140996,2.2e-05
1831.3,,,,,,,,,,,,0.000137498,2.2e-05
1831.4,,,,,,,,,,,,0.000134,2.2e-05
1831.5,,,,,,,,,,,,0.00013,2.15e-05
1831.6,,,,,,,,,,,,0.000126,2.1e-05
1831.7,,,,,,,,,,,,0.000121998,2.1e-05
1831.8,,,,,,,,,,,,0.000118,2.1e-05
1831.9,,,,,,,,,,,,0.000114,2.05e-05
1832.0,,,,,,,,,,,,0.00011,2e-05
1832.1,,,,,,,,,,,,0.0001095,2.2e-05
1832.2,,,,,,,,,,,,0.000108999,2.40024e-05
1832.3,,,,,,,,,,,,0.000107999,2.60012e-05
1832.4,,,,,,,,,,,,0.000107,2.8e-05
1832.5,,,,,,,,,,,,0.000106,2.95e-05
1832.6,,,,,,,,,,,,0.000105,3.1e-05
1832.7,,,,,,,,,,,,0.000103999,3.30012e-05
1832.8,,,,,,,,,,,,0.000103,3.5e-05
1832.9,,,,,,,,,,,,0.0001025,3.7e-05
1833.0,,,,,,,,,,,,0.000102,3.9e-05
1833.1,,,,,,,,,,,,9.9e-05,3.8e-05
1833.2,,,,,,,,,,,,9.59963e-05,3.69988e-05
1833.3,,,,,,,,,,,,9.29982e-05,3.59994e-05
1833.4,,,,,,,,,,,,9e-05,3.5e-05
1833.5,,,,,,,,,,,,8.75e-05,3.4e-05
1833.6,,,,,,,,,,,,8.5e-05,3.3e-05
1833.7,,,,,,,,,,,,8.19982e-05,3.19994e-05
1833.8,,,,,,,,,,,,7.9e-05,3.1e-05
1833.9,,,,,,,,,,,,7.6e-05,3e-05
1834.0,,,,,,,,,,,,7.3e-05,2.9e-05
1834.1,,,,,,,,,,,,7.45e-05,3e-05
1834.2,,,,,,,,,,,,7.60012e-05,3.10012e-05
1834.3,,,,,,,,,,,,7.70006e-05,3.20006e-05
1834.4,,,,,,,,,,,,7.8e-05,3.3e-05
1834.5,,,,,,,,,,,,7.9e-05,3.4e-05
1834.6,,,,,,,,,,,,8e-05,3.5e-05
1834.7,,,,,,,,,,,,8.10006e-05,3.60006e-05
1834.8,,,,,,,,,,,,8.2e-05,3.7e-05
1834.9,,,,,,,,,,,,8.3e-05,3.8e-05
1835.0,,,,,,,,,,,,8.4e-05,3.9e-05
1835.1,,,,,,,,,,,,8.4e-05,3.95e-05
1835.2,,,,,,,,,,,,8.4e-05,4.00012e-05
1835.3,,,,,,,,,,,,8.4e-05,4.10006e-05
1835.4,,,,,,,,,,,,8.4e-05,4.2e-05
1835.5,,,,,,,,,,,,8.4e-05,4.25e-05
1835.6,,,,,,,,,,,,8.4e-05,4.3e-05
1835.7,,,,,,,,,,,,8.4e-05,4.35003e-05
1835.8,,,,,,,,,,,,8.4e-05,4.4e-05
1835.9,,,,,,,,,,,,8.35e-05,4.45e-05
1836.0,,,,,,,,,,,,8.3e-05,4.5e-05
1836.1,,,,,,,,,,,,8.2e-05,4.05e-05
1836.2,,,,,,,,,,,,8.09988e-05,3.59945e-05
1836.3,,,,,,,,,,,,7.99994e-05,3.14973e-05
1836.4,,,,,,,,,,,,7.9e-05,2.7e-05
1836.5,,,,,,,,,,,,7.75e-05,2.25e-05
1836.6,,,,,,,,,,,,7.6e-05,1.8e-05
1836.7,,,,,,,,,,,,7.49994e-05,1.34973e-05
1836.8,,,,,,,,,,,,7.4e-05,9e-06
1836.9,,,,,,,,,,,,7.25e-05,4.5e-06
1837.0,,,,,,,,,,,,7.1e-05,
1837.1,,,,,,,,,,,,7e-05,
1837.2,,,,,,,,,,,,6.89988e-05,
1837.3,,,,,,,,,,,,6.79994e-05,
1837.4,,,,,,,,,,,,6.7e-05,
1837.5,,,,,,,,,,,,6.6e-05,
1837.6,,,,,,,,,,,,6.5e-05,
1837.7,,,,,,,,,,,,6.39994e-05,
1837.8,,,,,,,,,,,,6.3e-05,
1837.9,,,,,,,,,,,,6.2e-05,
1838.0,,,,,,,,,,,,6.1e-05,
1838.1,,,,,,,,,,,,5.9e-05,
1838.2,,,,,,,,,,,,5.69969e-05,
1838.3,,,,,,,,,,,,5.44985e-05,
1838.4,,,,,,,,,,,,5.2e-05,
1838.5,,,,,,,,,,,,4.95e-05,
1838.6,,,,,,,,,,,,4.7e-05,
1838.7,,,,,,,,,,,,4.44985e-05,
1838.8,,,,,,,,,,,,4.2e-05,
1838.9,,,,,,,,,,,,4e-05,
1839.0,,,,,,,,,,,,3.8e-05,
1839.1,,,,,,,,,,,,3.85e-05,
1839.2,,,,,,,,,,,,3.90006e-05,
1839.3,,,,,,,,,,,,3.95003e-05,
1839.4,,,,,,,,,,,,4e-05,
1839.5,,,,,,,,,,,,4.1e-05,
1839.6,,,,,,,,,,,,4.2e-05,
1839.7,,,,,,,,,,,,4.25003e-05,
1839.8,,,,,,,,,,,,4.3e-05,
1839.9,,,,,,,,,,,,4.35e-05,
1840.0,,,,,,,,,,,,4.4e-05,
1840.1,,,,,,,,,,,,4.4e-05,
1840.2,,,,,,,,,,,,4.4e-05,
1840.3,,,,,,,,,,,,4.4e-05,
1840.4,,,,,,,,,,,,4.4e-05,
1840.5,,,,,,,,,,,,4.4e-05,
1840.6,,,,,,,,,,,,4.4e-05,
1840.7,,,,,,,,,,,,4.4e-05,
1840.8,,,,,,,,,,,,4.4e-05,
1840.9,,,,,,,,,,,,4.4e-05,
1841.0,,,,,,,,,,,,4.4e-05,
1841.1,,,,,,,,,,,,4.35e-05,
1841.2,,,,,,,,,,,,4.29994e-05,
1841.3,,,,,,,,,,,,4.24997e-05,
1841.4,,,,,,,,,,,,4.2e-05,
1841.5,,,,,,,,,,,,4.1e-05,
1841.6,,,,,,,,,,,,4e-05,
1841.7,,,,,,,,,,,,3.94997e-05,
1841.8,,,,,,,,,,,,3.9e-05,
1841.9,,,,,,,,,,,,3.85e-05,
1842.0,,,,,,,,,,,,3.8e-05,
1842.1,,,,,,,,,,,,3.7e-05,
1842.2,,,,,,,,,,,,3.59988e-05,
1842.3,,,,,,,,,,,,3.49994e-05,
1842.4,,,,,,,,,,,,3.4e-05,
1842.5,,,,,,,,,,,,3.25e-05,
1842.6,,,,,,,,,,,,3.1e-05,
1842.7,,,,,,,,,,,,2.99994e-05,
1842.8,,,,,,,,,,,,2.9e-05,
1842.9,,,,,,,,,,,,2.8e-05,
1843.0,,,,,,,,,,,,2.7e-05,
1843.1,,,,,,,,,,,,2.75e-05,
1843.2,,,,,,,,,,,,2.80006e-05,
1843.3,,,,,,,,,,,,2.85003e-05,
1843.4,,,,,,,,,,,,2.9e-05,
1843.5,,,,,,,,,,,,2.95e-05,
1843.6,,,,,,,,,,,,3e-05,
1843.7,,,,,,,,,,,,3.05003e-05,
1843.8,,,,,,,,,,,,3.1e-05,
1843.9,,,,,,,,,,,,3.1e-05,
1844.0,,,,,,,,,,,,3.1e-05,
1844.1,,,,,,,,,,,,3e-05,
1844.2,,,,,,,,,,,,2.89994e-05,
1844.3,,,,,,,,,,,,2.84997e-05,
1844.4,,,,,,,,,,,,2.8e-05,
1844.5,,,,,,,,,,,,2.7e-05,
1844.6,,,,,,,,,,,,2.6e-05,
1844.7,,,,,,,,,,,,2.49994e-05,
1844.8,,,,,,,,,,,,2.4e-05,
1844.9,,,,,,,,,,,,2.3e-05,
1845.0,,,,,,,,,,,,2.2e-05,
1845.1,,,,,,,,,,,,2.1e-05,
1845.2,,,,,,,,,,,,1.99988e-05,
1845.3,,,,,,,,,,,,1.89994e-05,
1845.4,,,,,,,,,,,,1.8e-05,
1845.5,,,,,,,,,,,,1.7e-05,
1845.6,,,,,,,,,,,,1.6e-05,
1845.7,,,,,,,,,,,,1.54997e-05,
1845.8,,,,,,,,,,,,1.5e-05,
1845.9,,,,,,,,,,,,1.4e-05,
1846.0,,,,,,,,,,,,1.3e-05,
1846.1,,,,,,,,,,,,1.5e-05,
1846.2,,,,,,,,,,,,1.70024e-05,
1846.3,,,,,,,,,,,,1.90012e-05,
1846.4,,,,,,,,,,,,2.1e-05,
1846.5,,,,,,,,,,,,2.3e-05,
1846.6,,,,,,,,,,,,2.5e-05,
1846.7,,,,,,,,,,,,2.70012e-05,
1846.8,,,,,,,,,,,,2.9e-05,
1846.9,,,,,,,,,,,,3.1e-05,
1847.0,,,,,,,,,,,,3.3e-05,
1847.1,,,,,,,,,,,,3.45e-05,1e-06
1847.2,,,,,,,,,,,,3.60018e-05,2.00061e-06
1847.3,,,,,,,,,,,,3.75009e-05,2.50031e-06
1847.4,,,,,,,,,,,,3.9e-05,3e-06
1847.5,,,,,,,,,,,,4.05e-05,4e-06
1847.6,,,,,,,,,,,,4.2e-05,5e-06
1847.7,,,,,,,,,,,,4.40012e-05,6.00061e-06
1847.8,,,,,,,,,,,,4.6e-05,7e-06
1847.9,,,,,,,,,,,,4.75e-05,7.5e-06
1848.0,,,,,,,,,,,,4.9e-05,8e-06
1848.1,,,,,,,,,,,,4.95e-05,8.5e-06
1848.2,,,,,,,,,,,,5.00012e-05,9e-06
1848.3,,,,,,,,,,,,5.10006e-05,9e-06
1848.4,,,,,,,,,,,,5.2e-05,9e-06
1848.5,,,,,,,,,,,,5.3e-05,9e-06
1848.6,,,,,,,,,,,,5.4e-05,9e-06
1848.7,,,,,,,,,,,,5.50006e-05,9e-06
1848.8,,,,,,,,,,,,5.6e-05,9e-06
1848.9,,,,,,,,,,,,5.65e-05,9.5e-06
1849.0,,,,,,,,,,,,5.7e-05,1e-05
1849.1,,,,,,,,,,,,5.8e-05,9e-06
1849.2,,,,,,,,,,,,5.90006e-05,7.99878e-06
1849.3,,,,,,,,,,,,5.95003e-05,6.99939e-06
1849.4,,,,,,,,,,,,6e-05,6e-06
1849.5,,,,,,,,,,,,6.05e-05,5e-06
1849.6,,,,,,,,,,,,6.1e-05,4e-06
1849.7,,,,,,,,,,,,6.15003e-05,2.99939e-06
1849.8,,,,,,,,,,,,6.2e-05,2e-06
1849.9,,,,,,,,,,,,6.3e-05,1e-06
1850.0,,,,,,,,,,,,6.4e-05,
1850.1,,,,,,,,,,,,6.3e-05,
1850.2,,,,,,,,,,,,6.19994e-05,
1850.3,,,,,,,,,,,,6.14997e-05,
1850.4,,,,,,,,,,,,6.1e-05,
1850.5,,,,,,,,,,,,6e-05,
1850.6,,,,,,,,,,,,5.9e-05,
1850.7,,,,,,,,,,,,5.84997e-05,
1850.8,,,,,,,,,,,,5.8e-05,
1850.9,,,,,,,,,,,,5.7e-05,
1851.0,,,,,,,,,,,,5.6e-05,
1851.1,,,,,,,,,,,,5.6e-05,1e-06
1851.2,,,,,,,,,,,,5.6e-05,2.00122e-06
1851.3,,,,,,,,,,,,5.6e-05,3.00061e-06
1851.4,,,,,,,,,,,,5.6e-05,4e-06
1851.5,,,,,,,,,,,,5.55e-05,5.5e-06
1851.6,,,,,,,,,,,,5.5e-05,7e-06
1851.7,,,,,,,,,,,,5.5e-05,8.00061e-06
1851.8,,,,,,,,,,,,5.5e-05,9e-06
1851.9,,,,,,,,,,,,5.5e-05,1e-05
1852.0,,,,,,,,,,,,5.5e-05,1.1e-05
1852.1,,,,,,,,,,,,5.35e-05,1e-05
1852.2,,,,,,,,,,,,5.19982e-05,8.99878e-06
1852.3,,,,,,,,,,,,5.04991e-05,7.99939e-06
1852.4,,,,,,,,,,,,4.9e-05,7e-06
1852.5,,,,,,,,,,,,4.75e-05,5.5e-06
1852.6,,,,,,,,,,,,4.6e-05,4e-06
1852.7,,,,,,,,,,,,4.44991e-05,2.99939e-06
1852.8,,,,,,,,,,,,4.3e-05,2e-06
1852.9,,,,,,,,,,,,4.15e-05,1e-06
1853.0,,,,,,,,,,,,4e-05,
1853.1,,,,,,,,,,,,3.95e-05,
1853.2,,,,,,,,,,,,3.89994e-05,
1853.3,,,,,,,,,,,,3.84997e-05,
1853.4,,,,,,,,,,,,3.8e-05,
1853.5,,,,,,,,,,,,3.75e-05,
1853.6,,,,,,,,,,,,3.7e-05,
1853.7,,,,,,,,,,,,3.64997e-05,
1853.8,,,,,,,,,,,,3.6e-05,
1853.9,,,,,,,,,,,,3.55e-05,
1854.0,,,,,,,,,,,,3.5e-05,
1854.1,,,,,,,,,,,,3.5e-05,
1854.2,,,,,,,,,,,,3.49994e-05,
1854.3,,,,,,,,,,,,3.44997e-05,
1854.4,,,,,,,,,,,,3.4e-05,
1854.5,,,,,,,,,,,,3.35e-05,
1854.6,,,,,,,,,,,,3.3e-05,
1854.7,,,,,,,,,,,,3.3e-05,
1854.8,,,,,,,,,,,,3.3e-05,
1854.9,,,,,,,,,,,,3.25e-05,
1855.0,,,,,,,,,,,,3.2e-05,
1855.1,,,,,,,,,,,,3.25e-05,
1855.2,,,,,,,,,,,,3.3e-05,
1855.3,,,,,,,,,,,,3.3e-05,
1855.4,,,,,,,,,,,,3.3e-05,
1855.5,,,,,,,,,,,,3.35e-05,
1855.6,,,,,,,,,,,,3.4e-05,
1855.7,,,,,,,,,,,,3.4e-05,
1855.8,,,,,,,,,,,,3.4e-05,
1855.9,,,,,,,,,,,,3.45e-05,
1856.0,,,,,,,,,,,,3.5e-05,
1856.1,,,,,,,,,,,,3.55e-05,
1856.2,,,,,,,,,,,,3.60006e-05,
1856.3,,,,,,,,,,,,3.65003e-05,
1856.4,,,,,,,,,,,,3.7e-05,
1856.5,,,,,,,,,,,,3.75e-05,
1856.6,,,,,,,,,,,,3.8e-05,
1856.7,,,,,,,,,,,,3.85003e-05,
1856.8,,,,,,,,,,,,3.9e-05,
1856.9,,,,,,,,,,,,3.95e-05,
1857.0,,,,,,,,,,,,4e-05,
1857.1,,,,,,,,,,,,4.05e-05,
1857.2,,,,,,,,,,,,4.10012e-05,
1857.3,,,,,,,,,,,,4.20006e-05,
1857.4,,,,,,,,,,,,4.3e-05,
1857.5,,,,,,,,,,,,4.35e-05,
1857.6,,,,,,,,,,,,4.4e-05,
1857.7,,,,,,,,,,,,4.45003e-05,
1857.8,,,,,,,,,,,,4.5e-05,
1857.9,,,,,,,,,,,,4.55e-05,
1858.0,,,,,,,,,,,,4.6e-05,
1858.1,,,,,,,,,,,,4.6e-05,
1858.2,,,,,,,,,,,,4.59994e-05,
1858.3,,,,,,,,,,,,4.54997e-05,
1858.4,,,,,,,,,,,,4.5e-05,
1858.5,,,,,,,,,,,,4.5e-05,
1858.6,,,,,,,,,,,,4.5e-05,
1858.7,,,,,,,,,,,,4.44997e-05,
1858.8,,,,,,,,,,,,4.4e-05,
1858.9,,,,,,,,,,,,4.4e-05,
1859.0,,,,,,,,,,,,4.4e-05,
1859.1,,,,,,,,,,,,4.2e-05,
1859.2,,,,,,,,,,,,3.99982e-05,
1859.3,,,,,,,,,,,,3.84991e-05,
1859.4,,,,,,,,,,,,3.7e-05,
1859.5,,,,,,,,,,,,3.5e-05,
1859.6,,,,,,,,,,,,3.3e-05,
1859.7,,,,,,,,,,,,3.14991e-05,
1859.8,,,,,,,,,,,,3e-05,
1859.9,,,,,,,,,,,,2.8e-05,
1860.0,,,,,,,,,,,,2.6e-05,
1860.1,,,,,,,,,,,,2.55e-05,
1860.2,,,,,,,,,,,,2.49994e-05,
1860.3,,,,,,,,,,,,2.44997e-05,
1860.4,,,,,,,,,,,,2.4e-05,
1860.5,,,,,,,,,,,,2.35e-05,
1860.6,,,,,,,,,,,,2.3e-05,
1860.7,,,,,,,,,,,,2.24997e-05,
1860.8,,,,,,,,,,,,2.2e-05,
1860.9,,,,,,,,,,,,2.2e-05,
1861.0,,,,,,,,,,,,2.2e-05,
1861.1,,,,,,,,,,,,2.25e-05,
1861.2,,,,,,,,,,,,2.3e-05,
1861.3,,,,,,,,,,,,2.3e-05,
1861.4,,,,,,,,,,,,2.3e-05,
1861.5,,,,,,,,,,,,2.35e-05,
1861.6,,,,,,,,,,,,2.4e-05,
1861.7,,,,,,,,,,,,2.45003e-05,
1861.8,,,,,,,,,,,,2.5e-05,
1861.9,,,,,,,,,,,,2.55e-05,
1862.0,,,,,,,,,,,,2.6e-05,
1862.1,,,,,,,,,,,,2.5e-05,
1862.2,,,,,,,,,,,,2.39988e-05,
1862.3,,,,,,,,,,,,2.29994e-05,
1862.4,,,,,,,,,,,,2.2e-05,
1862.5,,,,,,,,,,,,2.15e-05,
1862.6,,,,,,,,,,,,2.1e-05,
1862.7,,,,,,,,,,,,1.99994e-05,
1862.8,,,,,,,,,,,,1.9e-05,
1862.9,,,,,,,,,,,,1.8e-05,
1863.0,,,,,,,,,,,,1.7e-05,
1863.1,,,,,,,,,,,,1.7e-05,
1863.2,,,,,,,,,,,,1.69994e-05,
1863.3,,,,,,,,,,,,1.64997e-05,
1863.4,,,,,,,,,,,,1.6e-05,
1863.5,,,,,,,,,,,,1.6e-05,
1863.6,,,,,,,,,,,,1.6e-05,
1863.7,,,,,,,,,,,,1.6e-05,
1863.8,,,,,,,,,,,,1.6e-05,
1863.9,,,,,,,,,,,,1.6e-05,
1864.0,,,,,,,,,,,,1.6e-05,
1864.1,,,,,,,,,,,,1.65e-05,1.5e-06
1864.2,,,,,,,,,,,,1.70006e-05,3.00244e-06
1864.3,,,,,,,,,,,,1.75003e-05,5.00122e-06
1864.4,,,,,,,,,,,,1.8e-05,7e-06
1864.5,,,,,,,,,,,,1.85e-05,8.5e-06
1864.6,,,,,,,,,,,,1.9e-05,1e-05
1864.7,,,,,,,,,,,,2.00006e-05,1.15009e-05
1864.8,,,,,,,,,,,,2.1e-05,1.3e-05
1864.9,,,,,,,,,,,,2.15e-05,1.5e-05
1865.0,,,,,,,,,,,,2.2e-05,1.7e-05
1865.1,,,,,,,,,,,,2.2e-05,1.95e-05
1865.2,,,,,,,,,,,,2.2e-05,2.20024e-05
1865.3,,,,,,,,,,,,2.2e-05,2.40012e-05
1865.4,,,,,,,,,,,,2.2e-05,2.6e-05
1865.5,,,,,,,,,,,,2.2e-05,2.85e-05
1865.6,,,,,,,,,,,,2.2e-05,3.1e-05
1865.7,,,,,,,,,,,,2.2e-05,3.35015e-05
1865.8,,,,,,,,,,,,2.2e-05,3.6e-05
1865.9,,,,,,,,,,,,2.2e-05,3.85e-05
1866.0,,,,,,,,,,,,2.2e-05,4.1e-05
1866.1,,,,,,,,,,,,2.2e-05,4.35e-05
1866.2,,,,,,,,,,,,2.2e-05,4.60031e-05
1866.3,,,,,,,,,,,,2.2e-05,4.85015e-05
1866.4,,,,,,,,,,,,2.2e-05,5.1e-05
1866.5,,,,,,,,,,,,2.25e-05,5.35e-05
1866.6,,,,,,,,,,,,2.3e-05,5.6e-05
1866.7,,,,,,,,,,,,2.3e-05,5.80012e-05
1866.8,,,,,,,,,,,,2.3e-05,6e-05
1866.9,,,,,,,,,,,,2.35e-05,6.25e-05
1867.0,,,,,,,,,,,,2.4e-05,6.5e-05
1867.1,,,,,,,,,,,,2.4e-05,6.55e-05
1867.2,,,,,,,,,,,,2.39994e-05,6.60006e-05
1867.3,,,,,,,,,,,,2.34997e-05,6.65003e-05
1867.4,,,,,,,,,,,,2.3e-05,6.7e-05
1867.5,,,,,,,,,,,,2.3e-05,6.7e-05
1867.6,,,,,,,,,,,,2.3e-05,6.7e-05
1867.7,,,,,,,,,,,,2.3e-05,6.75003e-05
1867.8,,,,,,,,,,,,2.3e-05,6.8e-05
1867.9,,,,,,,,,,,,2.3e-05,6.8e-05
1868.0,,,,,,,,,,,,2.3e-05,6.8e-05
1868.1,,,,,,,,,,,,2.25e-05,6.4e-05
1868.2,,,,,,,,,,,,2.2e-05,5.99951e-05
1868.3,,,,,,,,,,,,2.2e-05,5.59976e-05
1868.4,,,,,,,,,,,,2.2e-05,5.2e-05
1868.5,,,,,,,,,,,,2.15e-05,4.8e-05
1868.6,,,,,,,,,,,,2.1e-05,4.4e-05
1868.7,,,,,,,,,,,,2.04997e-05,3.99976e-05
1868.8,,,,,,,,,,,,2e-05,3.6e-05
1868.9,,,,,,,,,,,,2e-05,3.25e-05
1869.0,,,,,,,,,,,,2e-05,2.9e-05
1869.1,,,,,,,,,,,,2e-05,2.85e-05
1869.2,,,,,,,,,,,,2e-05,2.8e-05
1869.3,,,,,,,,,,,,2e-05,2.8e-05
1869.4,,,,,,,,,,,,2e-05,2.8e-05
1869.5,,,,,,,,,,,,2e-05,2.8e-05
1869.6,,,,,,,,,,,,2e-05,2.8e-05
1869.7,,,,,,,,,,,,2e-05,2.8e-05
1869.8,,,,,,,,,,,,2e-05,2.8e-05
1869.9,,,,,,,,,,,,2e-05,2.8e-05
1870.0,,,,,,,,,,,,2e-05,2.8e-05
1870.1,,,,,,,,,,,,2.05e-05,3.35e-05
1870.2,,,,,,,,,,,,2.10006e-05,3.90067e-05
1870.3,,,,,,,,,,,,2.15003e-05,4.45034e-05
1870.4,,,,,,,,,,,,2.2e-05,5e-05
1870.5,,,,,,,,,,,,2.25e-05,5.55e-05
1870.6,,,,,,,,,,,,2.3e-05,6.1e-05
1870.7,,,,,,,,,,,,2.35003e-05,6.6003e-05
1870.8,,,,,,,,,,,,2.4e-05,7.1e-05
1870.9,,,,,,,,,,,,2.45e-05,7.65e-05
1871.0,,,,,,,,,,,,2.5e-05,8.2e-05
1871.1,,,,,,,,,,,,2.55e-05,8.75e-05
1871.2,,,,,,,,,,,,2.6e-05,9.30067e-05
1871.3,,,,,,,,,,,,2.6e-05,9.85034e-05
1871.4,,,,,,,,,,,,2.6e-05,0.000104
1871.5,,,,,,,,,,,,2.6e-05,0.000109
1871.6,,,,,,,,,,,,2.6e-05,0.000114
1871.7,,,,,,,,,,,,2.65003e-05,0.000119503
1871.8,,,,,,,,,,,,2.7e-05,0.000125
1871.9,,,,,,,,,,,,2.7e-05,0.0001305
1872.0,,,,,,,,,,,,2.7e-05,0.000136
1872.1,,,,,,,,,,,,2.75e-05,0.0001365
1872.2,,,,,,,,,,,,2.80006e-05,0.000137001
1872.3,,,,,,,,,,,,2.85003e-05,0.0001375
1872.4,,,,,,,,,,,,2.9e-05,0.000138
1872.5,,,,,,,,,,,,2.95e-05,0.0001385
1872.6,,,,,,,,,,,,3e-05,0.000139
1872.7,,,,,,,,,,,,3.05003e-05,0.0001395
1872.8,,,,,,,,,,,,3.1e-05,0.00014
1872.9,,,,,,,,,,,,3.15e-05,0.0001405
1873.0,,,,,,,,,,,,3.2e-05,0.000141
1873.1,,,,,,,,,,,,3.2e-05,0.0001405
1873.2,,,,,,,,,,,,3.2e-05,0.000139999
1873.3,,,,,,,,,,,,3.2e-05,0.000138999
1873.4,,,,,,,,,,,,3.2e-05,0.000138
1873.5,,,,,,,,,,,,3.2e-05,0.000137
1873.6,,,,,,,,,,,,3.2e-05,0.000136
1873.7,,,,,,,,,,,,3.2e-05,0.000134999
1873.8,,,,,,,,,,,,3.2e-05,0.000134
1873.9,,,,,,,,,,,,3.2e-05,0.000133
1874.0,,,,,,,,,,,,3.2e-05,0.000132
1874.1,,,,,,,,,,,,3.15e-05,0.0001335
1874.2,,,,,,,,,,,,3.1e-05,0.000135002
1874.3,,,,,,,,,,,,3.1e-05,0.000136501
1874.4,,,,,,,,,,,,3.1e-05,0.000138
1874.5,,,,,,,,,,,,3.1e-05,0.000139
1874.6,,,,,,,,,,,,3.1e-05,0.00014
1874.7,,,,,,,,,,,,3.1e-05,0.000141501
1874.8,,,,,,,,,,,,3.1e-05,0.000143
1874.9,,,,,,,,,,,,3.05e-05,0.0001445
1875.0,,,,,,,,,,,,3e-05,0.000146
1875.1,,,,,,,,,,,,3e-05,0.000144
1875.2,,,,,,,,,,,,2.99994e-05,0.000141998
1875.3,,,,,,,,,,,,2.94997e-05,0.000140499
1875.4,,,,,,,,,,,,2.9e-05,0.000139
1875.5,,,,,,,,,,,,2.85e-05,0.000137
1875.6,,,,,,,,,,,,2.8e-05,0.000135
1875.7,,,,,,,,,,,,2.74997e-05,0.000133499
1875.8,,,,,,,,,,,,2.7e-05,0.000132
1875.9,,,,,,,,,,,,2.7e-05,0.00013
1876.0,,,,,,,,,,,,2.7e-05,0.000128
1876.1,,,,,,,,,,,,2.55e-05,0.000125
1876.2,,,,,,,,,,,,2.39982e-05,0.000121996
1876.3,,,,,,,,,,,,2.24991e-05,0.000118498
1876.4,,,,,,,,,,,,2.1e-05,0.000115
1876.5,,,,,,,,,,,,2e-05,0.000112
1876.6,,,,,,,,,,,,1.9e-05,0.000109
1876.7,,,,,,,,,,,,1.74991e-05,0.000105498
1876.8,,,,,,,,,,,,1.6e-05,0.000102
1876.9,,,,,,,,,,,,1.45e-05,9.9e-05
1877.0,,,,,,,,,,,,1.3e-05,9.6e-05
1877.1,,,,,,,,,,,,1.25e-05,9.2e-05
1877.2,,,,,,,,,,,,1.19988e-05,8.79945e-05
1877.3,,,,,,,,,,,,1.09994e-05,8.34973e-05
1877.4,,,,,,,,,,,,1e-05,7.9e-05
1877.5,,,,,,,,,,,,9e-06,7.5e-05
1877.6,,,,,,,,,,,,8e-06,7.1e-05
1877.7,,,,,,,,,,,,7.4997e-06,6.69976e-05
1877.8,,,,,,,,,,,,7e-06,6.3e-05
1877.9,,,,,,,,,,,,6e-06,5.9e-05
1878.0,,,,,,,,,,,,5e-06,5.5e-05
1878.1,,,,,,,,,,,,5e-06,5.15e-05
1878.2,,,,,,,,,,,,4.99939e-06,4.79957e-05
1878.3,,,,,,,,,,,,4.4997e-06,4.44979e-05
1878.4,,,,,,,,,,,,4e-06,4.1e-05
1878.5,,,,,,,,,,,,3.5e-06,3.75e-05
1878.6,,,,,,,,,,,,3e-06,3.4e-05
1878.7,,,,,,,,,,,,3e-06,3.04979e-05
1878.8,,,,,,,,,,,,3e-06,2.7e-05
1878.9,,,,,,,,,,,,2.5e-06,2.4e-05
1879.0,,,,,,,,,,,,2e-06,2.1e-05
1879.1,,,,,,,,,,,,2e-06,1.9e-05
1879.2,,,,,,,,,,,,2e-06,1.69982e-05
1879.3,,,,,,,,,,,,2e-06,1.54991e-05
1879.4,,,,,,,,,,,,2e-06,1.4e-05
1879.5,,,,,,,,,,,,2e-06,1.2e-05
1879.6,,,,,,,,,,,,2e-06,1e-05
1879.7,,,,,,,,,,,,1.49969e-06,8.49908e-06
1879.8,,,,,,,,,,,,1e-06,7e-06
1879.9,,,,,,,,,,,,1e-06,5.5e-06
1880.0,,,,,,,,,,,,1e-06,4e-06
1880.1,,,,,,,,,,,,1.5e-06,4e-06
1880.2,,,,,,,,,,,,2.00061e-06,4e-06
1880.3,,,,,,,,,,,,2.50031e-06,4e-06
1880.4,,,,,,,,,,,,3e-06,4e-06
1880.5,,,,,,,,,,,,3.5e-06,4e-06
1880.6,,,,,,,,,,,,4e-06,4e-06
1880.7,,,,,,,,,,,,4.5003e-06,4e-06
1880.8,,,,,,,,,,,,5e-06,4e-06
1880.9,,,,,,,,,,,,6e-06,4e-06
1881.0,,,,,,,,,,,,7e-06,4e-06
1881.1,,,,,,,,,,,,7.5e-06,9.5e-06
1881.2,,,,,,,,,,,,8.00122e-06,1.50067e-05
1881.3,,,,,,,,,,,,9.00061e-06,2.05034e-05
1881.4,,,,,,,,,,,,1e-05,2.6e-05
1881.5,,,,,,,,,,,,1.05e-05,3.15e-05
1881.6,,,,,,,,,,,,1.1e-05,3.7e-05
1881.7,,,,,,,,,,,,1.20006e-05,4.30037e-05
1881.8,,,,,,,,,,,,1.3e-05,4.9e-05
1881.9,,,,,,,,,,,,1.4e-05,5.45e-05
1882.0,,,,,,,,,,,,1.5e-05,6e-05
1882.1,,,,,,,,,,,,1.5e-05,5.8e-05
1882.2,,,,,,,,,,,,1.50006e-05,5.59982e-05
1882.3,,,,,,,,,,,,1.55003e-05,5.44991e-05
1882.4,,,,,,,,,,,,1.6e-05,5.3e-05
1882.5,,,,,,,,,,,,1.65e-05,5.1e-05
1882.6,,,,,,,,,,,,1.7e-05,4.9e-05
1882.7,,,,,,,,,,,,1.75003e-05,4.74991e-05
1882.8,,,,,,,,,,,,1.8e-05,4.6e-05
1882.9,,,,,,,,,,,,1.85e-05,4.4e-05
1883.0,,,,,,,,,,,,1.9e-05,4.2e-05
1883.1,,,,,,,,,,,,1.95e-05,4.4e-05
1883.2,,,,,,,,,,,,2.00006e-05,4.60018e-05
1883.3,,,,,,,,,,,,2.05003e-05,4.75009e-05
1883.4,,,,,,,,,,,,2.1e-05,4.9e-05
1883.5,,,,,,,,,,,,2.15e-05,5.1e-05
1883.6,,,,,,,,,,,,2.2e-05,5.3e-05
1883.7,,,,,,,,,,,,2.25003e-05,5.45009e-05
1883.8,,,,,,,,,,,,2.3e-05,5.6e-05
1883.9,,,,,,,,,,,,2.35e-05,5.8e-05
1884.0,,,,,,,,,,,,2.4e-05,6e-05
1884.1,,,,,,,,,,,,2.45e-05,6.55e-05
1884.2,,,,,,,,,,,,2.5e-05,7.10073e-05
1884.3,,,,,,,,,,,,2.5e-05,7.70037e-05
1884.4,,,,,,,,,,,,2.5e-05,8.3e-05
1884.5,,,,,,,,,,,,2.55e-05,8.85e-05
1884.6,,,,,,,,,,,,2.6e-05,9.4e-05
1884.7,,,,,,,,,,,,2.65003e-05,0.000100004
1884.8,,,,,,,,,,,,2.7e-05,0.000106
1884.9,,,,,,,,,,,,2.7e-05,0.0001115
1885.0,,,,,,,,,,,,2.7e-05,0.000117
1885.1,,,,,,,,,,,,2.7e-05,0.000123
1885.2,,,,,,,,,,,,2.69994e-05,0.000129007
1885.3,,,,,,,,,,,,2.64997e-05,0.000135004
1885.4,,,,,,,,,,,,2.6e-05,0.000141
1885.5,,,,,,,,,,,,2.6e-05,0.000147
1885.6,,,,,,,,,,,,2.6e-05,0.000153
1885.7,,,,,,,,,,,,2.6e-05,0.000159004
1885.8,,,,,,,,,,,,2.6e-05,0.000165
1885.9,,,,,,,,,,,,2.55e-05,0.000171
1886.0,,,,,,,,,,,,2.5e-05,0.000177
1886.1,,,,,,,,,,,,2.45e-05,0.000175
1886.2,,,,,,,,,,,,2.39994e-05,0.000172998
1886.3,,,,,,,,,,,,2.34997e-05,0.000170999
1886.4,,,,,,,,,,,,2.3e-05,0.000169
1886.5,,,,,,,,,,,,2.25e-05,0.000167
1886.6,,,,,,,,,,,,2.2e-05,0.000165
1886.7,,,,,,,,,,,,2.14997e-05,0.000162999
1886.8,,,,,,,,,,,,2.1e-05,0.000161
1886.9,,,,,,,,,,,,2.05e-05,0.000159
1887.0,,,,,,,,,,,,2e-05,0.000157
1887.1,,,,,,,,,,,,1.95e-05,0.000155
1887.2,,,,,,,,,,,,1.89994e-05,0.000152997
1887.3,,,,,,,,,,,,1.84997e-05,0.000150498
1887.4,,,,,,,,,,,,1.8e-05,0.000148
1887.5,,,,,,,,,,,,1.75e-05,0.0001455
1887.6,,,,,,,,,,,,1.7e-05,0.000143
1887.7,,,,,,,,,,,,1.64997e-05,0.000140999
1887.8,,,,,,,,,,,,1.6e-05,0.000139
1887.9,,,,,,,,,,,,1.6e-05,0.0001365
1888.0,,,,,,,,,,,,1.6e-05,0.000134
1888.1,,,,,,,,,,,,1.55e-05,0.000127
1888.2,,,,,,,,,,,,1.49988e-05,0.000119991
1888.3,,,,,,,,,,,,1.39994e-05,0.000112495
1888.4,,,,,,,,,,,,1.3e-05,0.000105
1888.5,,,,,,,,,,,,1.25e-05,9.8e-05
1888.6,,,,,,,,,,,,1.2e-05,9.1e-05
1888.7,,,,,,,,,,,,1.14997e-05,8.34954e-05
1888.8,,,,,,,,,,,,1.1e-05,7.6e-05
1888.9,,,,,,,,,,,,1.05e-05,6.9e-05
1889.0,,,,,,,,,,,,1e-05,6.2e-05
1889.1,,,,,,,,,,,,9.5e-06,5.7e-05
1889.2,,,,,,,,,,,,8.99939e-06,5.19939e-05
1889.3,,,,,,,,,,,,8.4997e-06,4.69969e-05
1889.4,,,,,,,,,,,,8e-06,4.2e-05
1889.5,,,,,,,,,,,,7.5e-06,3.7e-05
1889.6,,,,,,,,,,,,7e-06,3.2e-05
1889.7,,,,,,,,,,,,6.4997e-06,2.69969e-05
1889.8,,,,,,,,,,,,6e-06,2.2e-05
1889.9,,,,,,,,,,,,5.5e-06,1.7e-05
1890.0,,,,,,,,,,,,5e-06,1.2e-05
1890.1,,,,,,,,,,,,5e-06,1.05e-05
1890.2,,,,,,,,,,,,4.99939e-06,8.99878e-06
1890.3,,,,,,,,,,,,4.4997e-06,7.99939e-06
1890.4,,,,,,,,,,,,4e-06,7e-06
1890.5,,,,,,,,,,,,4e-06,6e-06
1890.6,,,,,,,,,,,,4e-06,5e-06
1890.7,,,,,,,,,,,,3.49969e-06,3.49908e-06
1890.8,,,,,,,,,,,,3e-06,2e-06
1890.9,,,,,,,,,,,,3e-06,1e-06
1891.0,,,,,,,,,,,,3e-06,
1891.1,,,,,,,,,,,,3e-06,
1891.2,,,,,,,,,,,,3e-06,
1891.3,,,,,,,,,,,,3e-06,
1891.4,,,,,,,,,,,,3e-06,
1891.5,,,,,,,,,,,,3e-06,
1891.6,,,,,,,,,,,,3e-06,
1891.7,,,,,,,,,,,,3e-06,
1891.8,,,,,,,,,,,,3e-06,
1891.9,,,,,,,,,,,,3e-06,
1892.0,,,,,,,,,,,,3e-06,
1892.1,,,,,,,,,,,,3e-06,
1892.2,,,,,,,,,,,,3e-06,
1892.3,,,,,,,,,,,,3e-06,
1892.4,,,,,,,,,,,,3e-06,
1892.5,,,,,,,,,,,,3.5e-06,
1892.6,,,,,,,,,,,,4e-06,
1892.7,,,,,,,,,,,,4e-06,
1892.8,,,,,,,,,,,,4e-06,
1892.9,,,,,,,,,,,,4.5e-06,
1893.0,,,,,,,,,,,,5e-06,
1893.1,,,,,,,,,,,,5e-06,
1893.2,,,,,,,,,,,,5e-06,
1893.3,,,,,,,,,,,,5e-06,
1893.4,,,,,,,,,,,,5e-06,
1893.5,,,,,,,,,,,,5e-06,
1893.6,,,,,,,,,,,,5e-06,
1893.7,,,,,,,,,,,,5e-06,
1893.8,,,,,,,,,,,,5e-06,
1893.9,,,,,,,,,,,,5e-06,
1894.0,,,,,,,,,,,,5e-06,
1894.1,,,,,,,,,,,,5e-06,
1894.2,,,,,,,,,,,,5e-06,
1894.3,,,,,,,,,,,,5e-06,
1894.4,,,,,,,,,,,,5e-06,
1894.5,,,,,,,,,,,,5e-06,
1894.6,,,,,,,,,,,,5e-06,
1894.7,,,,,,,,,,,,4.4997e-06,
1894.8,,,,,,,,,,,,4e-06,
1894.9,,,,,,,,,,,,4e-06,
1895.0,,,,,,,,,,,,4e-06,
1895.1,,,,,,,,,,,,4e-06,
1895.2,,,,,,,,,,,,4e-06,
1895.3,,,,,,,,,,,,4e-06,
1895.4,,,,,,,,,,,,4e-06,
1895.5,,,,,,,,,,,,4e-06,
1895.6,,,,,,,,,,,,4e-06,
1895.7,,,,,,,,,,,,4e-06,
1895.8,,,,,,,,,,,,4e-06,
1895.9,,,,,,,,,,,,4e-06,
1896.0,,,,,,,,,,,,4e-06,
1896.1,,,,,,,,,,,,4e-06,
1896.2,,,,,,,,,,,,3.99939e-06,
1896.3,,,,,,,,,,,,3.49969e-06,
1896.4,,,,,,,,,,,,3e-06,
1896.5,,,,,,,,,,,,3e-06,
1896.6,,,,,,,,,,,,3e-06,
1896.7,,,,,,,,,,,,3e-06,
1896.8,,,,,,,,,,,,3e-06,
1896.9,,,,,,,,,,,,3e-06,
1897.0,,,,,,,,,,,,3e-06,
1897.1,,,,,,,,,,,,2.5e-06,
1897.2,,,,,,,,,,,,2e-06,
1897.3,,,,,,,,,,,,2e-06,
1897.4,,,,,,,,,,,,2e-06,
1897.5,,,,,,,,,,,,2e-06,
1897.6,,,,,,,,,,,,2e-06,
1897.7,,,,,,,,,,,,2e-06,
1897.8,,,,,,,,,,,,2e-06,
1897.9,,,,,,,,,,,,1.5e-06,
1898.0,,,,,,,,,,,,1e-06,
1898.1,,,,,,,,,,,,1e-06,
1898.2,,,,,,,,,,,,1e-06,
1898.3,,,,,,,,,,,,1e-06,
1898.4,,,,,,,,,,,,1e-06,
1898.5,,,,,,,,,,,,1e-06,
1898.6,,,,,,,,,,,,1e-06,
1898.7,,,,,,,,,,,,1.50031e-06,
1898.8,,,,,,,,,,,,2e-06,
1898.9,,,,,,,,,,,,2e-06,
1899.0,,,,,,,,,,,,2e-06,
1899.1,,,,,,,,,,,,2e-06,2.5e-06
1899.2,,,,,,,,,,,,2e-06,5.00305e-06
1899.3,,,,,,,,,,,,2e-06,7.50153e-06
1899.4,,,,,,,,,,,,2e-06,1e-05
1899.5,,,,,,,,,,,,2e-06,1.25e-05
1899.6,,,,,,,,,,,,2e-06,1.5e-05
1899.7,,,,,,,,,,,,2e-06,1.75015e-05
1899.8,,,,,,,,,,,,2e-06,2e-05
1899.9,,,,,,,,,,,,2e-06,2.2e-05
1900.0,,,,,,,,,,,,2e-06,2.4e-05
1900.1,,,,,,,,,,,,2e-06,2.8e-05
1900.2,,,,,,,,,,,,2.00061e-06,3.20049e-05
1900.3,,,,,,,,,,,,2.50031e-06,3.60024e-05
1900.4,,,,,,,,,,,,3e-06,4e-05
1900.5,,,,,,,,,,,,3e-06,4.35e-05
1900.6,,,,,,,,,,,,3e-06,4.7e-05
1900.7,,,,,,,,,,,,3.50031e-06,5.10024e-05
1900.8,,,,,,,,,,,,4e-06,5.5e-05
1900.9,,,,,,,,,,,,4e-06,5.9e-05
1901.0,,,,,,,,,,,,4e-06,6.3e-05
1901.1,,,,,,,,,,,,4.5e-06,6.8e-05
1901.2,,,,,,,,,,,,5e-06,7.30061e-05
1901.3,,,,,,,,,,,,5e-06,7.80031e-05
1901.4,,,,,,,,,,,,5e-06,8.3e-05
1901.5,,,,,,,,,,,,5.5e-06,8.8e-05
1901.6,,,,,,,,,,,,6e-06,9.3e-05
1901.7,,,,,,,,,,,,6.50031e-06,9.80031e-05
1901.8,,,,,,,,,,,,7e-06,0.000103
1901.9,,,,,,,,,,,,7e-06,0.000108
1902.0,,,,,,,,,,,,7e-06,0.000113
1902.1,,,,,,,,,,,,7.5e-06,0.0001145
1902.2,,,,,,,,,,,,8e-06,0.000116002
1902.3,,,,,,,,,,,,8e-06,0.000118001
1902.4,,,,,,,,,,,,8e-06,0.00012
1902.5,,,,,,,,,,,,8.5e-06,0.0001215
1902.6,,,,,,,,,,,,9e-06,0.000123
1902.7,,,,,,,,,,,,9e-06,0.000124501
1902.8,,,,,,,,,,,,9e-06,0.000126
1902.9,,,,,,,,,,,,9.5e-06,0.000128
1903.0,,,,,,,,,,,,1e-05,0.00013
1903.1,,,,,,,,,,,,9.5e-06,0.0001325
1903.2,,,,,,,,,,,,9e-06,0.000135002
1903.3,,,,,,,,,,,,9e-06,0.000137001
1903.4,,,,,,,,,,,,9e-06,0.000139
1903.5,,,,,,,,,,,,9e-06,0.0001415
1903.6,,,,,,,,,,,,9e-06,0.000144
1903.7,,,,,,,,,,,,9e-06,0.000146502
1903.8,,,,,,,,,,,,9e-06,0.000149
1903.9,,,,,,,,,,,,9e-06,0.0001515
1904.0,,,,,,,,,,,,9e-06,0.000154
1904.1,,,,,,,,,,,,9e-06,0.00015
1904.2,,,,,,,,,,,,8.99939e-06,0.000145995
1904.3,,,,,,,,,,,,8.4997e-06,0.000141497
1904.4,,,,,,,,,,,,8e-06,0.000137
1904.5,,,,,,,,,,,,8e-06,0.000133
1904.6,,,,,,,,,,,,8e-06,0.000129
1904.7,,,,,,,,,,,,7.4997e-06,0.000124497
1904.8,,,,,,,,,,,,7e-06,0.00012
1904.9,,,,,,,,,,,,7e-06,0.0001155
1905.0,,,,,,,,,,,,7e-06,0.000111
1905.1,,,,,,,,,,,,6.5e-06,0.000107
1905.2,,,,,,,,,,,,6e-06,0.000102995
1905.3,,,,,,,,,,,,6e-06,9.89976e-05
1905.4,,,,,,,,,,,,6e-06,9.5e-05
1905.5,,,,,,,,,,,,5.5e-06,9.05e-05
1905.6,,,,,,,,,,,,5e-06,8.6e-05
1905.7,,,,,,,,,,,,5e-06,8.19976e-05
1905.8,,,,,,,,,,,,5e-06,7.8e-05
1905.9,,,,,,,,,,,,4.5e-06,7.35e-05
1906.0,,,,,,,,,,,,4e-06,6.9e-05
1906.1,,,,,,,,,,,,4e-06,7.3e-05
1906.2,,,,,,,,,,,,4e-06,7.70049e-05
1906.3,,,,,,,,,,,,4e-06,8.10024e-05
1906.4,,,,,,,,,,,,4e-06,8.5e-05
1906.5,,,,,,,,,,,,4.5e-06,8.9e-05
1906.6,,,,,,,,,,,,5e-06,9.3e-05
1906.7,,,,,,,,,,,,5e-06,9.70024e-05
1906.8,,,,,,,,,,,,5e-06,0.000101
1906.9,,,,,,,,,,,,5e-06,0.000105
1907.0,,,,,,,,,,,,5e-06,0.000109
1907.1,,,,,,,,,,,,5e-06,0.000108
1907.2,,,,,,,,,,,,5e-06,0.000106999
1907.3,,,,,,,,,,,,5e-06,0.0001065
1907.4,,,,,,,,,,,,5e-06,0.000106
1907.5,,,,,,,,,,,,5.5e-06,0.0001055
1907.6,,,,,,,,,,,,6e-06,0.000105
1907.7,,,,,,,,,,,,6e-06,0.0001045
1907.8,,,,,,,,,,,,6e-06,0.000104
1907.9,,,,,,,,,,,,6e-06,0.0001035
1908.0,,,,,,,,,,,,6e-06,0.000103
1908.1,,,,,,,,,,,,6e-06,0.000103
1908.2,,,,,,,,,,,,6e-06,0.000103
1908.3,,,,,,,,,,,,6e-06,0.000103
1908.4,,,,,,,,,,,,6e-06,0.000103
1908.5,,,,,,,,,,,,6e-06,0.000103
1908.6,,,,,,,,,,,,6e-06,0.000103
1908.7,,,,,,,,,,,,5.49969e-06,0.000103
1908.8,,,,,,,,,,,,5e-06,0.000103
1908.9,,,,,,,,,,,,5e-06,0.000103
1909.0,,,,,,,,,,,,5e-06,0.000103
1909.1,,,,,,,,,,,,5e-06,0.0001005
1909.2,,,,,,,,,,,,5.00061e-06,9.79976e-05
1909.3,,,,,,,,,,,,5.50031e-06,9.59988e-05
1909.4,,,,,,,,,,,,6e-06,9.4e-05
1909.5,,,,,,,,,,,,6e-06,9.2e-05
1909.6,,,,,,,,,,,,6e-06,9e-05
1909.7,,,,,,,,,,,,6e-06,8.74985e-05
1909.8,,,,,,,,,,,,6e-06,8.5e-05
1909.9,,,,,,,,,,,,6e-06,8.3e-05
1910.0,,,,,,,,,,,,6e-06,8.1e-05
1910.1,,,,,,,,,,,,6e-06,8.05e-05
1910.2,,,,,,,,,,,,6e-06,7.99994e-05
1910.3,,,,,,,,,,,,6e-06,7.94997e-05
1910.4,,,,,,,,,,,,6e-06,7.9e-05
1910.5,,,,,,,,,,,,6e-06,7.8e-05
1910.6,,,,,,,,,,,,6e-06,7.7e-05
1910.7,,,,,,,,,,,,6e-06,7.64997e-05
1910.8,,,,,,,,,,,,6e-06,7.6e-05
1910.9,,,,,,,,,,,,6.5e-06,7.55e-05
1911.0,,,,,,,,,,,,7e-06,7.5e-05
1911.1,,,,,,,,,,,,6.5e-06,7.45e-05
1911.2,,,,,,,,,,,,6e-06,7.39994e-05
1911.3,,,,,,,,,,,,6e-06,7.34997e-05
1911.4,,,,,,,,,,,,6e-06,7.3e-05
1911.5,,,,,,,,,,,,6e-06,7.25e-05
1911.6,,,,,,,,,,,,6e-06,7.2e-05
1911.7,,,,,,,,,,,,6e-06,7.14997e-05
1911.8,,,,,,,,,,,,6e-06,7.1e-05
1911.9,,,,,,,,,,,,6e-06,7.05e-05
1912.0,,,,,,,,,,,,6e-06,7e-05
1912.1,,,,,,,,,,,,5.5e-06,6.9e-05
1912.2,,,,,,,,,,,,5e-06,6.79982e-05
1912.3,,,,,,,,,,,,5e-06,6.64991e-05
1912.4,,,,,,,,,,,,5e-06,6.5e-05
1912.5,,,,,,,,,,,,5e-06,6.35e-05
1912.6,,,,,,,,,,,,5e-06,6.2e-05
1912.7,,,,,,,,,,,,5e-06,6.09994e-05
1912.8,,,,,,,,,,,,5e-06,6e-05
1912.9,,,,,,,,,,,,4.5e-06,5.85e-05
1913.0,,,,,,,,,,,,4e-06,5.7e-05
1913.1,,,,,,,,,,,,4e-06,5.4e-05
1913.2,,,,,,,,,,,,3.99939e-06,5.09969e-05
1913.3,,,,,,,,,,,,3.49969e-06,4.84985e-05
1913.4,,,,,,,,,,,,3e-06,4.6e-05
1913.5,,,,,,,,,,,,3e-06,4.3e-05
1913.6,,,,,,,,,,,,3e-06,4e-05
1913.7,,,,,,,,,,,,2.4997e-06,3.69982e-05
1913.8,,,,,,,,,,,,2e-06,3.4e-05
1913.9,,,,,,,,,,,,1.5e-06,3.1e-05
1914.0,,,,,,,,,,,,1e-06,2.8e-05
1914.1,,,,,,,,,,,,1e-06,2.75e-05
1914.2,,,,,,,,,,,,1e-06,2.69988e-05
1914.3,,,,,,,,,,,,1e-06,2.59994e-05
1914.4,,,,,,,,,,,,1e-06,2.5e-05
1914.5,,,,,,,,,,,,1e-06,2.45e-05
1914.6,,,,,,,,,,,,1e-06,2.4e-05
1914.7,,,,,,,,,,,,1e-06,2.29994e-05
1914.8,,,,,,,,,,,,1e-06,2.2e-05
1914.9,,,,,,,,,,,,5e-07,2.15e-05
1915.0,,,,,,,,,,,,,2.1e-05
1915.1,,,,,,,,,,,,,1.9e-05
1915.2,,,,,,,,,,,,,1.69976e-05
1915.3,,,,,,,,,,,,,1.49988e-05
1915.4,,,,,,,,,,,,,1.3e-05
1915.5,,,,,,,,,,,,,1.05e-05
1915.6,,,,,,,,,,,,,8e-06
1915.7,,,,,,,,,,,,,5.99878e-06
1915.8,,,,,,,,,,,,,4e-06
1915.9,,,,,,,,,,,,,2e-06
1916.0,,,,,,,,,,,,,
1916.1,,,,,,,,,,,,,
1916.2,,,,,,,,,,,,,
1916.3,,,,,,,,,,,,,
1916.4,,,,,,,,,,,,,
1916.5,,,,,,,,,,,,5e-07,
1916.6,,,,,,,,,,,,1e-06,
1916.7,,,,,,,,,,,,1e-06,
1916.8,,,,,,,,,,,,1e-06,
1916.9,,,,,,,,,,,,1e-06,
1917.0,,,,,,,,,,,,1e-06,
1917.1,,,,,,,,,,,,1e-06,
1917.2,,,,,,,,,,,,1e-06,
1917.3,,,,,,,,,,,,1e-06,
1917.4,,,,,,,,,,,,1e-06,
1917.5,,,,,,,,,,,,1.5e-06,
1917.6,,,,,,,,,,,,2e-06,
1917.7,,,,,,,,,,,,2e-06,
1917.8,,,,,,,,,,,,2e-06,
1917.9,,,,,,,,,,,,2e-06,
1918.0,,,,,,,,,,,,2e-06,
1918.1,,,,,,,,,,,,2e-06,
1918.2,,,,,,,,,,,,2e-06,
1918.3,,,,,,,,,,,,2e-06,
1918.4,,,,,,,,,,,,2e-06,
1918.5,,,,,,,,,,,,2e-06,
1918.6,,,,,,,,,,,,2e-06,
1918.7,,,,,,,,,,,,2e-06,
1918.8,,,,,,,,,,,,2e-06,
1918.9,,,,,,,,,,,,1.5e-06,
1919.0,,,,,,,,,,,,1e-06,
1919.1,,,,,,,,,,,,1e-06,
1919.2,,,,,,,,,,,,1e-06,
1919.3,,,,,,,,,,,,1e-06,
1919.4,,,,,,,,,,,,1e-06,
1919.5,,,,,,,,,,,,1e-06,
1919.6,,,,,,,,,,,,1e-06,
1919.7,,,,,,,,,,,,1e-06,
1919.8,,,,,,,,,,,,1e-06,
1919.9,,,,,,,,,,,,1e-06,
1920.0,,,,,,,,,,,,1e-06,
1920.1,,,,,,,,,,,,1e-06,
1920.2,,,,,,,,,,,,1e-06,
1920.3,,,,,,,,,,,,1e-06,
1920.4,,,,,,,,,,,,1e-06,
1920.5,,,,,,,,,,,,1e-06,
1920.6,,,,,,,,,,,,1e-06,
1920.7,,,,,,,,,,,,1e-06,
1920.8,,,,,,,,,,,,1e-06,
1920.9,,,,,,,,,,,,1e-06,
1921.0,,,,,,,,,,,,1e-06,
1921.1,,,,,,,,,,,,1e-06,
1921.2,,,,,,,,,,,,1e-06,
1921.3,,,,,,,,,,,,1e-06,
1921.4,,,,,,,,,,,,1e-06,
1921.5,,,,,,,,,,,,1.5e-06,
1921.6,,,,,,,,,,,,2e-06,
1921.7,,,,,,,,,,,,2e-06,
1921.8,,,,,,,,,,,,2e-06,
1921.9,,,,,,,,,,,,2e-06,
1922.0,,,,,,,,,,,,2e-06,
1922.1,,,,,,,,,,,,2e-06,
1922.2,,,,,,,,,,,,1.99939e-06,
1922.3,,,,,,,,,,,,1.49969e-06,
1922.4,,,,,,,,,,,,1e-06,
1922.5,,,,,,,,,,,,1e-06,
1922.6,,,,,,,,,,,,1e-06,
1922.7,,,,,,,,,,,,1e-06,
1922.8,,,,,,,,,,,,1e-06,
1922.9,,,,,,,,,,,,1e-06,
1923.0,,,,,,,,,,,,1e-06,
1923.1,,,,,,,,,,,,1e-06,
1923.2,,,,,,,,,,,,1e-06,
1923.3,,,,,,,,,,,,1e-06,
1923.4,,,,,,,,,,,,1e-06,
1923.5,,,,,,,,,,,,1e-06,
1923.6,,,,,,,,,,,,1e-06,
1923.7,,,,,,,,,,,,1e-06,
1923.8,,,,,,,,,,,,1e-06,
1923.9,,,,,,,,,,,,1e-06,
1924.0,,,,,,,,,,,,1e-06,
1924.1,,,,,,,,,,,,1e-06,
1924.2,,,,,,,,,,,,1e-06,
1924.3,,,,,,,,,,,,1e-06,
1924.4,,,,,,,,,,,,1e-06,
1924.5,,,,,,,,,,,,1e-06,
1924.6,,,,,,,,,,,,1e-06,
1924.7,,,,,,,,,,,,1e-06,
1924.8,,,,,,,,,,,,1e-06,
1924.9,,,,,,,,,,,,5e-07,
1925.0,,,,,,,,,,,,,
1925.1,,,,,,,,,,,,5e-07,
1925.2,,,,,,,,,,,,1e-06,
1925.3,,,,,,,,,,,,1e-06,
1925.4,,,,,,,,,,,,1e-06,
1925.5,,,,,,,,,,,,1e-06,
1925.6,,,,,,,,,,,,1e-06,
1925.7,,,,,,,,,,,,1e-06,
1925.8,,,,,,,,,,,,1e-06,
1925.9,,,,,,,,,,,,1e-06,
1926.0,,,,,,,,,,,,1e-06,
1926.1,,,,,,,,,,,,1e-06,
1926.2,,,,,,,,,,,,1e-06,
1926.3,,,,,,,,,,,,1e-06,
1926.4,,,,,,,,,,,,1e-06,
1926.5,,,,,,,,,,,,1e-06,
1926.6,,,,,,,,,,,,1e-06,
1926.7,,,,,,,,,,,,1e-06,
1926.8,,,,,,,,,,,,1e-06,
1926.9,,,,,,,,,,,,1e-06,
1927.0,,,,,,,,,,,,1e-06,
1927.1,,,,,,,,,,,,1e-06,
1927.2,,,,,,,,,,,,1e-06,
1927.3,,,,,,,,,,,,1e-06,
1927.4,,,,,,,,,,,,1e-06,
1927.5,,,,,,,,,,,,1e-06,
1927.6,,,,,,,,,,,,1e-06,
1927.7,,,,,,,,,,,,1e-06,
1927.8,,,,,,,,,,,,1e-06,
1927.9,,,,,,,,,,,,1e-06,
1928.0,,,,,,,,,,,,1e-06,
1928.1,,,,,,,,,,,,1e-06,
1928.2,,,,,,,,,,,,1e-06,
1928.3,,,,,,,,,,,,1e-06,
1928.4,,,,,,,,,,,,1e-06,
1928.5,,,,,,,,,,,,1e-06,
1928.6,,,,,,,,,,,,1e-06,
1928.7,,,,,,,,,,,,4.99695e-07,
1928.8,,,,,,,,,,,,,
1928.9,,,,,,,,,,,,,
1929.0,,,,,,,,,,,,,
1929.1,,,,,,,,,,,,,4e-06
1929.2,,,,,,,,,,,,,8.00488e-06
1929.3,,,,,,,,,,,,,1.20024e-05
1929.4,,,,,,,,,,,,,1.6e-05
1929.5,,,,,,,,,,,,,2e-05
1929.6,,,,,,,,,,,,,2.4e-05
1929.7,,,,,,,,,,,,,2.80024e-05
1929.8,,,,,,,,,,,,,3.2e-05
1929.9,,,,,,,,,,,,,3.6e-05
1930.0,,,,,,,,,,,,,4e-05
1930.1,,,,,,,,,,,,,3.7e-05
1930.2,,,,,,,,,,,,,3.39969e-05
1930.3,,,,,,,,,,,,,3.14985e-05
1930.4,,,,,,,,,,,,,2.9e-05
1930.5,,,,,,,,,,,,,2.65e-05
1930.6,,,,,,,,,,,,,2.4e-05
1930.7,,,,,,,,,,,,,2.09982e-05
1930.8,,,,,,,,,,,,,1.8e-05
1930.9,,,,,,,,,,,,,1.55e-05
1931.0,,,,,,,,,,,,,1.3e-05
1931.1,,,,,,,,,,,,,1.35e-05
1931.2,,,,,,,,,,,,,1.40006e-05
1931.3,,,,,,,,,,,,,1.45003e-05
1931.4,,,,,,,,,,,,,1.5e-05
1931.5,,,,,,,,,,,,,1.55e-05
1931.6,,,,,,,,,,,,,1.6e-05
1931.7,,,,,,,,,,,,,1.65003e-05
1931.8,,,,,,,,,,,,,1.7e-05
1931.9,,,,,,,,,,,,,1.75e-05
1932.0,,,,,,,,,,,,,1.8e-05
1932.1,,,,,,,,,,,,,1.65e-05
1932.2,,,,,,,,,,,,,1.49976e-05
1932.3,,,,,,,,,,,,,1.29988e-05
1932.4,,,,,,,,,,,,,1.1e-05
1932.5,,,,,,,,,,,,,9e-06
1932.6,,,,,,,,,,,,,7e-06
1932.7,,,,,,,,,,,,,5.49909e-06
1932.8,,,,,,,,,,,,,4e-06
1932.9,,,,,,,,,,,,,2e-06
1933.0,,,,,,,,,,,,,
1933.1,,,,,,,,,,,,,
1933.2,,,,,,,,,,,,,
1933.3,,,,,,,,,,,,,
1933.4,,,,,,,,,,,,,
1933.5,,,,,,,,,,,,,
1933.6,,,,,,,,,,,,,
1933.7,,,,,,,,,,,,,
1933.8,,,,,,,,,,,,,
1933.9,,,,,,,,,,,,,
1934.0,,,,,,,,,,,,,
1934.1,,,,,,,,,,,,,
1934.2,,,,,,,,,,,,,
1934.3,,,,,,,,,,,,,
1934.4,,,,,,,,,,,,,
1934.5,,,,,,,,,,,,,
1934.6,,,,,,,,,,,,,
1934.7,,,,,,,,,,,,,
1934.8,,,,,,,,,,,,,
1934.9,,,,,,,,,,,,,
1935.0,,,,,,,,,,,,,
1935.1,,,,,,,,,,,,,
1935.2,,,,,,,,,,,,,
1935.3,,,,,,,,,,,,,
1935.4,,,,,,,,,,,,,
1935.5,,,,,,,,,,,,,
1935.6,,,,,,,,,,,,,
1935.7,,,,,,,,,,,,,
1935.8,,,,,,,,,,,,,
1935.9,,,,,,,,,,,,,
1936.0,,,,,,,,,,,,,
1936.1,,,,,,,,,,,,,
1936.2,,,,,,,,,,,,,
1936.3,,,,,,,,,,,,,
1936.4,,,,,,,,,,,,,
1936.5,,,,,,,,,,,,,
1936.6,,,,,,,,,,,,,
1936.7,,,,,,,,,,,,,
1936.8,,,,,,,,,,,,,
1936.9,,,,,,,,,,,,,
1937.0,,,,,,,,,,,,,
1937.1,,,,,,,,,,,,,5e-07
1937.2,,,,,,,,,,,,,1.00061e-06
1937.3,,,,,,,,,,,,,1.50031e-06
1937.4,,,,,,,,,,,,,2e-06
1937.5,,,,,,,,,,,,,2.5e-06
1937.6,,,,,,,,,,,,,3e-06
1937.7,,,,,,,,,,,,,3.50031e-06
1937.8,,,,,,,,,,,,,4e-06
1937.9,,,,,,,,,,,,5e-07,4.5e-06
1938.0,,,,,,,,,,,,1e-06,5e-06
1938.1,,,,,,,,,,,,1e-06,7.5e-06
1938.2,,,,,,,,,,,,1e-06,1.00037e-05
1938.3,,,,,,,,,,,,1e-06,1.30018e-05
1938.4,,,,,,,,,,,,1e-06,1.6e-05
1938.5,,,,,,,,,,,,1e-06,1.9e-05
1938.6,,,,,,,,,,,,1e-06,2.2e-05
1938.7,,,,,,,,,,,,1e-06,2.45015e-05
1938.8,,,,,,,,,,,,1e-06,2.7e-05
1938.9,,,,,,,,,,,,1e-06,3e-05
1939.0,,,,,,,,,,,,1e-06,3.3e-05
1939.1,,,,,,,,,,,,1e-06,2.95e-05
1939.2,,,,,,,,,,,,1e-06,2.59963e-05
1939.3,,,,,,,,,,,,1e-06,2.29982e-05
1939.4,,,,,,,,,,,,1e-06,2e-05
1939.5,,,,,,,,,,,,1e-06,1.65e-05
1939.6,,,,,,,,,,,,1e-06,1.3e-05
1939.7,,,,,,,,,,,,1e-06,9.99817e-06
1939.8,,,,,,,,,,,,1e-06,7e-06
1939.9,,,,,,,,,,,,5e-07,3.5e-06
1940.0,,,,,,,,,,,,,
1940.1,,,,,,,,,,,,,
1940.2,,,,,,,,,,,,,
1940.3,,,,,,,,,,,,,
1940.4,,,,,,,,,,,,,
1940.5,,,,,,,,,,,,,
1940.6,,,,,,,,,,,,,
1940.7,,,,,,,,,,,,,
1940.8,,,,,,,,,,,,,
1940.9,,,,,,,,,,,,,
1941.0,,,,,,,,,,,,,
1941.1,,,,,,,,,,,,,
1941.2,,,,,,,,,,,,,
1941.3,,,,,,,,,,,,,
1941.4,,,,,,,,,,,,,
1941.5,,,,,,,,,,,,,
1941.6,,,,,,,,,,,,,
1941.7,,,,,,,,,,,,,
1941.8,,,,,,,,,,,,,
1941.9,,,,,,,,,,,,5e-07,
1942.0,,,,,,,,,,,,1e-06,
1942.1,,,,,,,,,,,,5e-07,
1942.2,,,,,,,,,,,,,
1942.3,,,,,,,,,,,,,
1942.4,,,,,,,,,,,,,
1942.5,,,,,,,,,,,,,
1942.6,,,,,,,,,,,,,
1942.7,,,,,,,,,,,,,
1942.8,,,,,,,,,,,,,
1942.9,,,,,,,,,,,,,
1943.0,,,,,,,,,,,,,
1943.1,,,,,,,,,,,,,
1943.2,,,,,,,,,,,,,
1943.3,,,,,,,,,,,,,
1943.4,,,,,,,,,,,,,
1943.5,,,,,,,,,,,,,
1943.6,,,,,,,,,,,,,
1943.7,,,,,,,,,,,,,
1943.8,,,,,,,,,,,,,
1943.9,,,,,,,,,,,,,
1944.0,,,,,,,,,,,,,
1944.1,,,,,,,,,,,,,
1944.2,,,,,,,,,,,,,
1944.3,,,,,,,,,,,,,
1944.4,,,,,,,,,,,,,
1944.5,,,,,,,,,,,,,
1944.6,,,,,,,,,,,,,
1944.7,,,,,,,,,,,,,
1944.8,,,,,,,,,,,,,
1944.9,,,,,,,,,,,,,
1945.0,,,,,,,,,,,,,
1945.1,,,,,,,,,,,,5e-07,5.5e-06
1945.2,,,,,,,,,,,,1e-06,1.10061e-05
1945.3,,,,,,,,,,,,1e-06,1.60031e-05
1945.4,,,,,,,,,,,,1e-06,2.1e-05
1945.5,,,,,,,,,,,,1e-06,2.65e-05
1945.6,,,,,,,,,,,,1e-06,3.2e-05
1945.7,,,,,,,,,,,,1e-06,3.70031e-05
1945.8,,,,,,,,,,,,1e-06,4.2e-05
1945.9,,,,,,,,,,,,1e-06,4.75e-05
1946.0,,,,,,,,,,,,1e-06,5.3e-05
1946.1,,,,,,,,,,,,1e-06,5.3e-05
1946.2,,,,,,,,,,,,1e-06,5.3e-05
1946.3,,,,,,,,,,,,1e-06,5.3e-05
1946.4,,,,,,,,,,,,1e-06,5.3e-05
1946.5,,,,,,,,,,,,1e-06,5.3e-05
1946.6,,,,,,,,,,,,1e-06,5.3e-05
1946.7,,,,,,,,,,,,1e-06,5.3e-05
1946.8,,,,,,,,,,,,1e-06,5.3e-05
1946.9,,,,,,,,,,,,1e-06,5.35e-05
1947.0,,,,,,,,,,,,1e-06,5.4e-05
1947.1,,,,,,,,,,,,1e-06,5.8e-05
1947.2,,,,,,,,,,,,1e-06,6.20055e-05
1947.3,,,,,,,,,,,,1e-06,6.65027e-05
1947.4,,,,,,,,,,,,1e-06,7.1e-05
1947.5,,,,,,,,,,,,1e-06,7.5e-05
1947.6,,,,,,,,,,,,1e-06,7.9e-05
1947.7,,,,,,,,,,,,1e-06,8.35027e-05
1947.8,,,,,,,,,,,,1e-06,8.8e-05
1947.9,,,,,,,,,,,,1e-06,9.2e-05
1948.0,,,,,,,,,,,,1e-06,9.6e-05
1948.1,,,,,,,,,,,,1e-06,9.85e-05
1948.2,,,,,,,,,,,,1e-06,0.000101003
1948.3,,,,,,,,,,,,1e-06,0.000103502
1948.4,,,,,,,,,,,,1e-06,0.000106
1948.5,,,,,,,,,,,,1e-06,0.0001085
1948.6,,,,,,,,,,,,1e-06,0.000111
1948.7,,,,,,,,,,,,1e-06,0.000113502
1948.8,,,,,,,,,,,,1e-06,0.000116
1948.9,,,,,,,,,,,,1e-06,0.0001185
1949.0,,,,,,,,,,,,1e-06,0.000121
1949.1,,,,,,,,,,,,1e-06,0.0001175
1949.2,,,,,,,,,,,,9.9939e-07,0.000113995
1949.3,,,,,,,,,,,,4.99695e-07,0.000109998
1949.4,,,,,,,,,,,,,0.000106
1949.5,,,,,,,,,,,,,0.000102
1949.6,,,,,,,,,,,,,9.8e-05
1949.7,,,,,,,,,,,,,9.44979e-05
1949.8,,,,,,,,,,,,,9.1e-05
1949.9,,,,,,,,,,,,,8.7e-05
1950.0,,,,,,,,,,,,,8.3e-05
1950.1,,,,,,,,,,,,,7.9e-05
1950.2,,,,,,,,,,,,,7.49957e-05
1950.3,,,,,,,,,,,,,7.14979e-05
1950.4,,,,,,,,,,,,,6.8e-05
1950.5,,,,,,,,,,,,,6.4e-05
1950.6,,,,,,,,,,,,,6e-05
1950.7,,,,,,,,,,,,,5.59976e-05
1950.8,,,,,,,,,,,,,5.2e-05
1950.9,,,,,,,,,,,,,4.8e-05
1951.0,,,,,,,,,,,,,4.4e-05
1951.1,,,,,,,,,,,,,4.35e-05
1951.2,,,,,,,,,,,,,4.29994e-05
1951.3,,,,,,,,,,,,,4.24997e-05
1951.4,,,,,,,,,,,,,4.2e-05
1951.5,,,,,,,,,,,,,4.15e-05
1951.6,,,,,,,,,,,,,4.1e-05
1951.7,,,,,,,,,,,,,4.04997e-05
1951.8,,,,,,,,,,,,,4e-05
1951.9,,,,,,,,,,,,,3.9e-05
1952.0,,,,,,,,,,,,,3.8e-05
1952.1,,,,,,,,,,,,,3.8e-05
1952.2,,,,,,,,,,,,,3.79994e-05
1952.3,,,,,,,,,,,,,3.74997e-05
1952.4,,,,,,,,,,,,,3.7e-05
1952.5,,,,,,,,,,,,5e-07,3.65e-05
1952.6,,,,,,,,,,,,1e-06,3.6e-05
1952.7,,,,,,,,,,,,1e-06,3.6e-05
1952.8,,,,,,,,,,,,1e-06,3.6e-05
1952.9,,,,,,,,,,,,1e-06,3.55e-05
1953.0,,,,,,,,,,,,1e-06,3.5e-05
1953.1,,,,,,,,,,,,1e-06,3.15e-05
1953.2,,,,,,,,,,,,1e-06,2.79957e-05
1953.3,,,,,,,,,,,,1e-06,2.44979e-05
1953.4,,,,,,,,,,,,1e-06,2.1e-05
1953.5,,,,,,,,,,,,1e-06,1.75e-05
1953.6,,,,,,,,,,,,1e-06,1.4e-05
1953.7,,,,,,,,,,,,1e-06,1.04979e-05
1953.8,,,,,,,,,,,,1e-06,7e-06
1953.9,,,,,,,,,,,,1e-06,3.5e-06
1954.0,,,,,,,,,,,,1e-06,
1954.1,,,,,,,,,,,,5e-07,
1954.2,,,,,,,,,,,,,
1954.3,,,,,,,,,,,,,
1954.4,,,,,,,,,,,,,
1954.5,,,,,,,,,,,,,
1954.6,,,,,,,,,,,,,
1954.7,,,,,,,,,,,,,
1954.8,,,,,,,,,,,,,
1954.9,,,,,,,,,,,,,
1955.0,,,,,,,,,,,,,
1955.1,,,,,,,,,,,,,
1955.2,,,,,,,,,,,,,
1955.3,,,,,,,,,,,,,
1955.4,,,,,,,,,,,,,
1955.5,,,,,,,,,,,,,
1955.6,,,,,,,,,,,,,
1955.7,,,,,,,,,,,,,
1955.8,,,,,,,,,,,,,
1955.9,,,,,,,,,,,,,
1956.0,,,,,,,,,,,,,
1956.1,,,,,,,,,,,,,
1956.2,,,,,,,,,,,,,
1956.3,,,,,,,,,,,,,
1956.4,,,,,,,,,,,,,
1956.5,,,,,,,,,,,,,
1956.6,,,,,,,,,,,,,
1956.7,,,,,,,,,,,,,
1956.8,,,,,,,,,,,,,
1956.9,,,,,,,,,,,,,
1957.0,,,,,,,,,,,,,
1957.1,,,,,,,,,,,,,
1957.2,,,,,,,,,,,,,
1957.3,,,,,,,,,,,,,
1957.4,,,,,,,,,,,,,
1957.5,,,,,,,,,,,,,
1957.6,,,,,,,,,,,,,
1957.7,,,,,,,,,,,,,
1957.8,,,,,,,,,,,,,
1957.9,,,,,,,,,,,,,
1958.0,,,,,,,,,,,,,
1958.1,,,,,,,,,,,,,
1958.2,,,,,,,,,,,,,
1958.3,,,,,,,,,,,,,
1958.4,,,,,,,,,,,,,
1958.5,,,,,,,,,,,,,
1958.6,,,,,,,,,,,,,
1958.7,,,,,,,,,,,,,
1958.8,,,,,,,,,,,,,
1958.9,,,,,,,,,,,,,
1959.0,,,,,,,,,,,,,
1959.1,,,,,,,,,,,,,
1959.2,,,,,,,,,,,,,
1959.3,,,,,,,,,,,,,
1959.4,,,,,,,,,,,,,
1959.5,,,,,,,,,,,,,
1959.6,,,,,,,,,,,,,
1959.7,,,,,,,,,,,,,
1959.8,,,,,,,,,,,,,
1959.9,,,,,,,,,,,,,
1960.0,,,,,,,,,,,,,
1960.1,,,,,,,,,,,,,
1960.2,,,,,,,,,,,,,
1960.3,,,,,,,,,,,,,
1960.4,,,,,,,,,,,,,
1960.5,,,,,,,,,,,,,
1960.6,,,,,,,,,,,,,
1960.7,,,,,,,,,,,,,
1960.8,,,,,,,,,,,,,
1960.9,,,,,,,,,,,,,
1961.0,,,,,,,,,,,,,
1961.1,,,,,,,,,,,,,2e-06
1961.2,,,,,,,,,,,,,4.00183e-06
1961.3,,,,,,,,,,,,,5.50091e-06
1961.4,,,,,,,,,,,,,7e-06
1961.5,,,,,,,,,,,,,9e-06
1961.6,,,,,,,,,,,,,1.1e-05
1961.7,,,,,,,,,,,,,1.25009e-05
1961.8,,,,,,,,,,,,,1.4e-05
1961.9,,,,,,,,,,,,,1.6e-05
1962.0,,,,,,,,,,,,,1.8e-05
1962.1,,,,,,,,,,,,,2.1e-05
1962.2,,,,,,,,,,,,,2.40031e-05
1962.3,,,,,,,,,,,,,2.65015e-05
1962.4,,,,,,,,,,,,,2.9e-05
1962.5,,,,,,,,,,,,,3.2e-05
1962.6,,,,,,,,,,,,,3.5e-05
1962.7,,,,,,,,,,,,,3.80018e-05
1962.8,,,,,,,,,,,,,4.1e-05
1962.9,,,,,,,,,,,,,4.4e-05
1963.0,,,,,,,,,,,,,4.7e-05
1963.1,,,,,,,,,,,,,4.6e-05
1963.2,,,,,,,,,,,,,4.49988e-05
1963.3,,,,,,,,,,,,,4.39994e-05
1963.4,,,,,,,,,,,,,4.3e-05
1963.5,,,,,,,,,,,,,4.2e-05
1963.6,,,,,,,,,,,,,4.1e-05
1963.7,,,,,,,,,,,,,3.99994e-05
1963.8,,,,,,,,,,,,,3.9e-05
1963.9,,,,,,,,,,,,,3.8e-05
1964.0,,,,,,,,,,,,,3.7e-05
1964.1,,,,,,,,,,,,,3.45e-05
1964.2,,,,,,,,,,,,,3.19976e-05
1964.3,,,,,,,,,,,,,2.99988e-05
1964.4,,,,,,,,,,,,,2.8e-05
1964.5,,,,,,,,,,,,,2.55e-05
1964.6,,,,,,,,,,,,,2.3e-05
1964.7,,,,,,,,,,,,,2.09988e-05
1964.8,,,,,,,,,,,,,1.9e-05
1964.9,,,,,,,,,,,,,1.65e-05
1965.0,,,,,,,,,,,,,1.4e-05
1965.1,,,,,,,,,,,,,1.3e-05
1965.2,,,,,,,,,,,,,1.19982e-05
1965.3,,,,,,,,,,,,,1.04991e-05
1965.4,,,,,,,,,,,,,9e-06
1965.5,,,,,,,,,,,,,7.5e-06
1965.6,,,,,,,,,,,,,6e-06
1965.7,,,,,,,,,,,,,4.49908e-06
1965.8,,,,,,,,,,,,,3e-06
1965.9,,,,,,,,,,,,,1.5e-06
1966.0,,,,,,,,,,,,,
1966.1,,,,,,,,,,,,,
1966.2,,,,,,,,,,,,,
1966.3,,,,,,,,,,,,,
1966.4,,,,,,,,,,,,,
1966.5,,,,,,,,,,,,,
1966.6,,,,,,,,,,,,,
1966.7,,,,,,,,,,,,,
1966.8,,,,,,,,,,,,,
1966.9,,,,,,,,,,,,,
1967.0,,,,,,,,,,,,,
1967.1,,,,,,,,,,,,,
1967.2,,,,,,,,,,,,,
1967.3,,,,,,,,,,,,,
1967.4,,,,,,,,,,,,,
1967.5,,,,,,,,,,,,,
1967.6,,,,,,,,,,,,,
1967.7,,,,,,,,,,,,,
1967.8,,,,,,,,,,,,,
1967.9,,,,,,,,,,,,,
1968.0,,,,,,,,,,,,,
1968.1,,,,,,,,,,,,,
1968.2,,,,,,,,,,,,,
1968.3,,,,,,,,,,,,,
1968.4,,,,,,,,,,,,,
1968.5,,,,,,,,,,,,,
1968.6,,,,,,,,,,,,,
1968.7,,,,,,,,,,,,,
1968.8,,,,,,,,,,,,,
1968.9,,,,,,,,,,,,,
1969.0,,,,,,,,,,,,,
1969.1,,,,,,,,,,,,,
1969.2,,,,,,,,,,,,,
1969.3,,,,,,,,,,,,,
1969.4,,,,,,,,,,,,,
1969.5,,,,,,,,,,,,,
1969.6,,,,,,,,,,,,,
1969.7,,,,,,,,,,,,,
1969.8,,,,,,,,,,,,,
1969.9,,,,,,,,,,,,,
1970.0,,,,,,,,,,,,,
1970.1,,,,,,,,,,,,,
1970.2,,,,,,,,,,,,,
1970.3,,,,,,,,,,,,,
1970.4,,,,,,,,,,,,,
1970.5,,,,,,,,,,,,,
1970.6,,,,,,,,,,,,,
1970.7,,,,,,,,,,,,,
1970.8,,,,,,,,,,,,,
1970.9,,,,,,,,,,,,,
1971.0,,,,,,,,,,,,,
1971.1,,,,,,,,,,,,,
1971.2,,,,,,,,,,,,,
1971.3,,,,,,,,,,,,,
1971.4,,,,,,,,,,,,,
1971.5,,,,,,,,,,,,,
1971.6,,,,,,,,,,,,,
1971.7,,,,,,,,,,,,,
1971.8,,,,,,,,,,,,,
1971.9,,,,,,,,,,,,,
1972.0,,,,,,,,,,,,,
1972.1,,,,,,,,,,,,,
1972.2,,,,,,,,,,,,,
1972.3,,,,,,,,,,,,,
1972.4,,,,,,,,,,,,,
1972.5,,,,,,,,,,,,,
1972.6,,,,,,,,,,,,,
1972.7,,,,,,,,,,,,,
1972.8,,,,,,,,,,,,,
1972.9,,,,,,,,,,,,,
1973.0,,,,,,,,,,,,,
1973.1,,,,,,,,,,,,,
1973.2,,,,,,,,,,,,,
1973.3,,,,,,,,,,,,,
1973.4,,,,,,,,,,,,,
1973.5,,,,,,,,,,,,,
1973.6,,,,,,,,,,,,,
1973.7,,,,,,,,,,,,,
1973.8,,,,,,,,,,,,,
1973.9,,,,,,,,,,,,,
1974.0,,,,,,,,,,,,,
1974.1,,,,,,,,,,,,,
1974.2,,,,,,,,,,,,,
1974.3,,,,,,,,,,,,,
1974.4,,,,,,,,,,,,,
1974.5,,,,,,,,,,,,,
1974.6,,,,,,,,,,,,,
1974.7,,,,,,,,,,,,,
1974.8,,,,,,,,,,,,,
1974.9,,,,,,,,,,,,,
1975.0,,,,,,,,,,,,,
1975.1,,,,,,,,,,,,,
1975.2,,,,,,,,,,,,,
1975.3,,,,,,,,,,,,,
1975.4,,,,,,,,,,,,,
1975.5,,,,,,,,,,,,,
1975.6,,,,,,,,,,,,,
1975.7,,,,,,,,,,,,,
1975.8,,,,,,,,,,,,,
1975.9,,,,,,,,,,,,,
1976.0,,,,,,,,,,,,,
1976.1,,,,,,,,,,,,,
1976.2,,,,,,,,,,,,,
1976.3,,,,,,,,,,,,,
1976.4,,,,,,,,,,,,,
1976.5,,,,,,,,,,,,,
1976.6,,,,,,,,,,,,,
1976.7,,,,,,,,,,,,,
1976.8,,,,,,,,,,,,,
1976.9,,,,,,,,,,,,,
1977.0,,,,,,,,,,,,,
1977.1,,,,,,,,,,,,,
1977.2,,,,,,,,,,,,,
1977.3,,,,,,,,,,,,,
1977.4,,,,,,,,,,,,,
1977.5,,,,,,,,,,,,,
1977.6,,,,,,,,,,,,,
1977.7,,,,,,,,,,,,,
1977.8,,,,,,,,,,,,,
1977.9,,,,,,,,,,,,,
1978.0,,,,,,,,,,,,,
1978.1,,,,,,,,,,,,,
1978.2,,,,,,,,,,,,,
1978.3,,,,,,,,,,,,,
1978.4,,,,,,,,,,,,,
1978.5,,,,,,,,,,,,,
1978.6,,,,,,,,,,,,,
1978.7,,,,,,,,,,,,,
1978.8,,,,,,,,,,,,,
1978.9,,,,,,,,,,,,,
1979.0,,,,,,,,,,,,,
1979.1,,,,,,,,,,,,,2.5e-06
1979.2,,,,,,,,,,,,,5.00244e-06
1979.3,,,,,,,,,,,,,7.00122e-06
1979.4,,,,,,,,,,,,,9e-06
1979.5,,,,,,,,,,,,,1.15e-05
1979.6,,,,,,,,,,,,,1.4e-05
1979.7,,,,,,,,,,,,,1.60012e-05
1979.8,,,,,,,,,,,,,1.8e-05
1979.9,,,,,,,,,,,,,2.05e-05
1980.0,,,,,,,,,,,,,2.3e-05
1980.1,,,,,,,,,,,,,2.05e-05
1980.2,,,,,,,,,,,,,1.79976e-05
1980.3,,,,,,,,,,,,,1.59988e-05
1980.4,,,,,,,,,,,,,1.4e-05
1980.5,,,,,,,,,,,,,1.15e-05
1980.6,,,,,,,,,,,,,9e-06
1980.7,,,,,,,,,,,,,6.99878e-06
1980.8,,,,,,,,,,,,,5e-06
1980.9,,,,,,,,,,,,,2.5e-06
1981.0,,,,,,,,,,,,,
1981.1,,,,,,,,,,,,,
1981.2,,,,,,,,,,,,,
1981.3,,,,,,,,,,,,,
1981.4,,,,,,,,,,,,,
1981.5,,,,,,,,,,,,,
1981.6,,,,,,,,,,,,,
1981.7,,,,,,,,,,,,,
1981.8,,,,,,,,,,,,,
1981.9,,,,,,,,,,,,,
1982.0,,,,,,,,,,,,,
1982.1,,,,,,,,,,,,,
1982.2,,,,,,,,,,,,,
1982.3,,,,,,,,,,,,,
1982.4,,,,,,,,,,,,,
1982.5,,,,,,,,,,,,,
1982.6,,,,,,,,,,,,,
1982.7,,,,,,,,,,,,,
1982.8,,,,,,,,,,,,,
1982.9,,,,,,,,,,,,,
1983.0,,,,,,,,,,,,,
1983.1,,,,,,,,,,,,,
1983.2,,,,,,,,,,,,,
1983.3,,,,,,,,,,,,,
1983.4,,,,,,,,,,,,,
1983.5,,,,,,,,,,,,,
1983.6,,,,,,,,,,,,,
1983.7,,,,,,,,,,,,,
1983.8,,,,,,,,,,,,,
1983.9,,,,,,,,,,,,,
1984.0,,,,,,,,,,,,,
1984.1,,,,,,,,,,,,,
1984.2,,,,,,,,,,,,,
1984.3,,,,,,,,,,,,,
1984.4,,,,,,,,,,,,,
1984.5,,,,,,,,,,,,,
1984.6,,,,,,,,,,,,,
1984.7,,,,,,,,,,,,,
1984.8,,,,,,,,,,,,,
1984.9,,,,,,,,,,,,,
1985.0,,,,,,,,,,,,,
1985.1,,,,,,,,,,,,,
1985.2,,,,,,,,,,,,,
1985.3,,,,,,,,,,,,,
1985.4,,,,,,,,,,,,,
1985.5,,,,,,,,,,,,,
1985.6,,,,,,,,,,,,,
1985.7,,,,,,,,,,,,,
1985.8,,,,,,,,,,,,,
1985.9,,,,,,,,,,,,,
1986.0,,,,,,,,,,,,,
1986.1,,,,,,,,,,,,,3e-06
1986.2,,,,,,,,,,,,,6.00305e-06
1986.3,,,,,,,,,,,,,8.50153e-06
1986.4,,,,,,,,,,,,,1.1e-05
1986.5,,,,,,,,,,,,,1.4e-05
1986.6,,,,,,,,,,,,,1.7e-05
1986.7,,,,,,,,,,,,,1.95015e-05
1986.8,,,,,,,,,,,,,2.2e-05
1986.9,,,,,,,,,,,,,2.5e-05
1987.0,,,,,,,,,,,,,2.8e-05
1987.1,,,,,,,,,,,,,3.4e-05
1987.2,,,,,,,,,,,,,4.00067e-05
1987.3,,,,,,,,,,,,,4.55034e-05
1987.4,,,,,,,,,,,,,5.1e-05
1987.5,,,,,,,,,,,,,5.7e-05
1987.6,,,,,,,,,,,,,6.3e-05
1987.7,,,,,,,,,,,,,6.90037e-05
1987.8,,,,,,,,,,,,,7.5e-05
1987.9,,,,,,,,,,,,,8.05e-05
1988.0,,,,,,,,,,,,,8.6e-05
1988.1,,,,,,,,,,,,,9.45e-05
1988.2,,,,,,,,,,,,,0.00010301
1988.3,,,,,,,,,,,,,0.000111005
1988.4,,,,,,,,,,,,,0.000119
1988.5,,,,,,,,,,,,,0.000127
1988.6,,,,,,,,,,,,,0.000135
1988.7,,,,,,,,,,,,,0.000143505
1988.8,,,,,,,,,,,,,0.000152
1988.9,,,,,,,,,,,,,0.00016
1989.0,,,,,,,,,,,,,0.000168
1989.1,,,,,,,,,,,,,0.0001695
1989.2,,,,,,,,,,,,,0.000171002
1989.3,,,,,,,,,,,,,0.000172501
1989.4,,,,,,,,,,,,,0.000174
1989.5,,,,,,,,,,,,,0.000176
1989.6,,,,,,,,,,,,,0.000178
1989.7,,,,,,,,,,,,,0.000179501
1989.8,,,,,,,,,,,,,0.000181
1989.9,,,,,,,,,,,,,0.0001825
1990.0,,,,,,,,,,,,,0.000184
1990.1,,,,,,,,,,,,,0.0001785
1990.2,,,,,,,,,,,,,0.000172993
1990.3,,,,,,,,,,,,,0.000166996
1990.4,,,,,,,,,,,,,0.000161
1990.5,,,,,,,,,,,,,0.0001555
1990.6,,,,,,,,,,,,,0.00015
1990.7,,,,,,,,,,,,,0.000143996
1990.8,,,,,,,,,,,,,0.000138
1990.9,,,,,,,,,,,,,0.0001325
1991.0,,,,,,,,,,,,,0.000127
1991.1,,,,,,,,,,,,,0.0001205
1991.2,,,,,,,,,,,,,0.000113992
1991.3,,,,,,,,,,,,,0.000107496
1991.4,,,,,,,,,,,,,0.000101
1991.5,,,,,,,,,,,,,9.45e-05
1991.6,,,,,,,,,,,,,8.8e-05
1991.7,,,,,,,,,,,,,8.09957e-05
1991.8,,,,,,,,,,,,,7.4e-05
1991.9,,,,,,,,,,,,,6.75e-05
1992.0,,,,,,,,,,,,,6.1e-05
1992.1,,,,,,,,,,,,,5.55e-05
1992.2,,,,,,,,,,,,,4.99927e-05
1992.3,,,,,,,,,,,,,4.39963e-05
1992.4,,,,,,,,,,,,,3.8e-05
1992.5,,,,,,,,,,,,,3.2e-05
1992.6,,,,,,,,,,,,,2.6e-05
1992.7,,,,,,,,,,,,,1.99963e-05
1992.8,,,,,,,,,,,,,1.4e-05
1992.9,,,,,,,,,,,,,8e-06
1993.0,,,,,,,,,,,,,2e-06
1993.1,,,,,,,,,,,,,2e-06
1993.2,,,,,,,,,,,,,1.99939e-06
1993.3,,,,,,,,,,,,,1.49969e-06
1993.4,,,,,,,,,,,,,1e-06
1993.5,,,,,,,,,,,,,1e-06
1993.6,,,,,,,,,,,,,1e-06
1993.7,,,,,,,,,,,,,4.99695e-07
1993.8,,,,,,,,,,,,,
1993.9,,,,,,,,,,,,,
1994.0,,,,,,,,,,,,,
1994.1,,,,,,,,,,,,,
1994.2,,,,,,,,,,,,,
1994.3,,,,,,,,,,,,,
1994.4,,,,,,,,,,,,,
1994.5,,,,,,,,,,,,,
1994.6,,,,,,,,,,,,,
1994.7,,,,,,,,,,,,,
1994.8,,,,,,,,,,,,,
1994.9,,,,,,,,,,,,,
1995.0,,,,,,,,,,,,,
1995.1,,,,,,,,,,,,,
1995.2,,,,,,,,,,,,,
1995.3,,,,,,,,,,,,,
1995.4,,,,,,,,,,,,,
1995.5,,,,,,,,,,,,,
1995.6,,,,,,,,,,,,,
1995.7,,,,,,,,,,,,,
1995.8,,,,,,,,,,,,,
1995.9,,,,,,,,,,,,,
1996.0,,,,,,,,,,,,,
1996.1,,,,,,,,,,,,,
1996.2,,,,,,,,,,,,,
1996.3,,,,,,,,,,,,,
1996.4,,,,,,,,,,,,,
1996.5,,,,,,,,,,,,,
1996.6,,,,,,,,,,,,,
1996.7,,,,,,,,,,,,,
1996.8,,,,,,,,,,,,,
1996.9,,,,,,,,,,,,,
1997.0,,,,,,,,,,,,,
1997.1,,,,,,,,,,,,,
1997.2,,,,,,,,,,,,,
1997.3,,,,,,,,,,,,,
1997.4,,,,,,,,,,,,,
1997.5,,,,,,,,,,,,,
1997.6,,,,,,,,,,,,,
1997.7,,,,,,,,,,,,,
1997.8,,,,,,,,,,,,,
1997.9,,,,,,,,,,,,,
1998.0,,,,,,,,,,,,,
1998.1,,,,,,,,,,,,,6e-06
1998.2,,,,,,,,,,,,,1.20073e-05
1998.3,,,,,,,,,,,,,1.80037e-05
1998.4,,,,,,,,,,,,,2.4e-05
1998.5,,,,,,,,,,,,,3e-05
1998.6,,,,,,,,,,,,,3.6e-05
1998.7,,,,,,,,,,,,,4.2504e-05
1998.8,,,,,,,,,,,,,4.9e-05
1998.9,,,,,,,,,,,,,5.5e-05
1999.0,,,,,,,,,,,,,6.1e-05
1999.1,,,,,,,,,,,,,6.25e-05
1999.2,,,,,,,,,,,,,6.40018e-05
1999.3,,,,,,,,,,,,,6.55009e-05
1999.4,,,,,,,,,,,,,6.7e-05
1999.5,,,,,,,,,,,,,6.85e-05
1999.6,,,,,,,,,,,,,7e-05
1999.7,,,,,,,,,,,,,7.15009e-05
1999.8,,,,,,,,,,,,,7.3e-05
1999.9,,,,,,,,,,,,,7.45e-05
2000.0,,,,,,,,,,,,,7.6e-05
2000.1,,,,,,,,,,,,,7.65e-05
2000.2,,,,,,,,,,,,,7.70006e-05
2000.3,,,,,,,,,,,,,7.75003e-05
2000.4,,,,,,,,,,,,,7.8e-05
2000.5,,,,,,,,,,,,,7.85e-05
2000.6,,,,,,,,,,,,,7.9e-05
2000.7,,,,,,,,,,,,,7.95003e-05
2000.8,,,,,,,,,,,,,8e-05
2000.9,,,,,,,,,,,,,8e-05
2001.0,,,,,,,,,,,,,8e-05
2001.1,,,,,,,,,,,,,7.8e-05
2001.2,,,,,,,,,,,,,7.59976e-05
2001.3,,,,,,,,,,,,,7.39988e-05
2001.4,,,,,,,,,,,,,7.2e-05
2001.5,,,,,,,,,,,,,7e-05
2001.6,,,,,,,,,,,,,6.8e-05
2001.7,,,,,,,,,,,,,6.59988e-05
2001.8,,,,,,,,,,,,,6.4e-05
2001.9,,,,,,,,,,,,,6.2e-05
2002.0,,,,,,,,,,,,,6e-05
2002.1,,,,,,,,,,,,,6.05e-05
2002.2,,,,,,,,,,,,,6.10006e-05
2002.3,,,,,,,,,,,,,6.15003e-05
2002.4,,,,,,,,,,,,,6.2e-05
2002.5,,,,,,,,,,,,,6.25e-05
2002.6,,,,,,,,,,,,,6.3e-05
2002.7,,,,,,,,,,,,,6.3e-05
2002.8,,,,,,,,,,,,,6.3e-05
2002.9,,,,,,,,,,,,,6.35e-05
2003.0,,,,,,,,,,,,,6.4e-05
2003.1,,,,,,,,,,,,,6.25e-05
2003.2,,,,,,,,,,,,,6.09976e-05
2003.3,,,,,,,,,,,,,5.89988e-05
2003.4,,,,,,,,,,,,,5.7e-05
2003.5,,,,,,,,,,,,,5.55e-05
2003.6,,,,,,,,,,,,,5.4e-05
2003.7,,,,,,,,,,,,,5.19988e-05
2003.8,,,,,,,,,,,,,5e-05
2003.9,,,,,,,,,,,,,4.85e-05
2004.0,,,,,,,,,,,,,4.7e-05
2004.1,,,,,,,,,,,,,4.35e-05
2004.2,,,,,,,,,,,,,3.99963e-05
2004.3,,,,,,,,,,,,,3.69982e-05
2004.4,,,,,,,,,,,,,3.4e-05
2004.5,,,,,,,,,,,,,3.05e-05
2004.6,,,,,,,,,,,,,2.7e-05
2004.7,,,,,,,,,,,,,2.39982e-05
2004.8,,,,,,,,,,,,,2.1e-05
2004.9,,,,,,,,,,,,,1.8e-05
2005.0,,,,,,,,,,,,,1.5e-05
2005.1,,,,,,,,,,,,,1.4e-05
2005.2,,,,,,,,,,,,,1.29988e-05
2005.3,,,,,,,,,,,,,1.19994e-05
2005.4,,,,,,,,,,,,,1.1e-05
2005.5,,,,,,,,,,,,,1e-05
2005.6,,,,,,,,,,,,,9e-06
2005.7,,,,,,,,,,,,,8.4997e-06
2005.8,,,,,,,,,,,,,8e-06
2005.9,,,,,,,,,,,,,7e-06
2006.0,,,,,,,,,,,,,6e-06
2006.1,,,,,,,,,,,,,6e-06
2006.2,,,,,,,,,,,,,6e-06
2006.3,,,,,,,,,,,,,6e-06
2006.4,,,,,,,,,,,,,6e-06
2006.5,,,,,,,,,,,,,6e-06
2006.6,,,,,,,,,,,,,6e-06
2006.7,,,,,,,,,,,,,6e-06
2006.8,,,,,,,,,,,,,6e-06
2006.9,,,,,,,,,,,,,6e-06
2007.0,,,,,,,,,,,,,6e-06
2007.1,,,,,,,,,,,,,6e-06
2007.2,,,,,,,,,,,,,5.99939e-06
2007.3,,,,,,,,,,,,,5.49969e-06
2007.4,,,,,,,,,,,,,5e-06
2007.5,,,,,,,,,,,,,4.5e-06
2007.6,,,,,,,,,,,,,4e-06
2007.7,,,,,,,,,,,,,4e-06
2007.8,,,,,,,,,,,,,4e-06
2007.9,,,,,,,,,,,,,3.5e-06
2008.0,,,,,,,,,,,,,3e-06
2008.1,,,,,,,,,,,,,8e-06
2008.2,,,,,,,,,,,,,1.30055e-05
2008.3,,,,,,,,,,,,,1.75027e-05
2008.4,,,,,,,,,,,,,2.2e-05
2008.5,,,,,,,,,,,,,2.65e-05
2008.6,,,,,,,,,,,,,3.1e-05
2008.7,,,,,,,,,,,,,3.6003e-05
2008.8,,,,,,,,,,,,,4.1e-05
2008.9,,,,,,,,,,,,,4.55e-05
2009.0,,,,,,,,,,,,,5e-05
2009.1,,,,,,,,,,,,,5.25e-05
2009.2,,,,,,,,,,,,,5.50031e-05
2009.3,,,,,,,,,,,,,5.75015e-05
2009.4,,,,,,,,,,,,,6e-05
2009.5,,,,,,,,,,,,,6.25e-05
2009.6,,,,,,,,,,,,,6.5e-05
2009.7,,,,,,,,,,,,,6.75015e-05
2009.8,,,,,,,,,,,,,7e-05
2009.9,,,,,,,,,,,,,7.2e-05
2010.0,,,,,,,,,,,,,7.4e-05
2010.1,,,,,,,,,,,,,7.5e-05
2010.2,,,,,,,,,,,,,7.60012e-05
2010.3,,,,,,,,,,,,,7.70006e-05
2010.4,,,,,,,,,,,,,7.8e-05
2010.5,,,,,,,,,,,,,7.85e-05
2010.6,,,,,,,,,,,,,7.9e-05
2010.7,,,,,,,,,,,,,8.00006e-05
2010.8,,,,,,,,,,,,,8.1e-05
2010.9,,,,,,,,,,,,,8.2e-05
2011.0,,,,,,,,,,,,,8.3e-05
2011.1,,,,,,,,,,,,,7.65e-05
2011.2,,,,,,,,,,,,,6.99915e-05
2011.3,,,,,,,,,,,,,6.29957e-05
2011.4,,,,,,,,,,,,,5.6e-05
2011.5,,,,,,,,,,,,,4.95e-05
2011.6,,,,,,,,,,,,,4.3e-05
2011.7,,,,,,,,,,,,,3.6496e-05
2011.8,,,,,,,,,,,,,3e-05
2011.9,,,,,,,,,,,,,2.35e-05
2012.0,,,,,,,,,,,,,1.7e-05
2012.1,,,,,,,,,,,,,1.95e-05
2012.2,,,,,,,,,,,,,2.20031e-05
2012.3,,,,,,,,,,,,,2.45015e-05
2012.4,,,,,,,,,,,,,2.7e-05
2012.5,,,,,,,,,,,,,2.95e-05
2012.6,,,,,,,,,,,,,3.2e-05
2012.7,,,,,,,,,,,,,3.40012e-05
2012.8,,,,,,,,,,,,,3.6e-05
2012.9,,,,,,,,,,,,,3.85e-05
2013.0,,,,,,,,,,,,,4.1e-05
2013.1,,,,,,,,,,,,,4e-05
2013.2,,,,,,,,,,,,,3.89988e-05
2013.3,,,,,,,,,,,,,3.79994e-05
2013.4,,,,,,,,,,,,,3.7e-05
2013.5,,,,,,,,,,,,,3.55e-05
2013.6,,,,,,,,,,,,,3.4e-05
2013.7,,,,,,,,,,,,,3.29994e-05
2013.8,,,,,,,,,,,,,3.2e-05
2013.9,,,,,,,,,,,,,3.1e-05
2014.0,,,,,,,,,,,,,3e-05
2014.1,,,,,,,,,,,,,2.75e-05
2014.2,,,,,,,,,,,,,2.49976e-05
2014.3,,,,,,,,,,,,,2.29988e-05
2014.4,,,,,,,,,,,,,2.1e-05
2014.5,,,,,,,,,,,,,1.85e-05
2014.6,,,,,,,,,,,,,1.6e-05
2014.7,,,,,,,,,,,,,1.34985e-05
2014.8,,,,,,,,,,,,,1.1e-05
2014.9,,,,,,,,,,,,,8.5e-06
2015.0,,,,,,,,,,,,,6e-06
2015.1,,,,,,,,,,,,,7.5e-06
2015.2,,,,,,,,,,,,,9.00122e-06
2015.3,,,,,,,,,,,,,1.00006e-05
2015.4,,,,,,,,,,,,,1.1e-05
2015.5,,,,,,,,,,,,,1.2e-05
2015.6,,,,,,,,,,,,,1.3e-05
2015.7,,,,,,,,,,,,,1.40006e-05
2015.8,,,,,,,,,,,,,1.5e-05
2015.9,,,,,,,,,,,,,1.6e-05
2016.0,,,,,,,,,,,,,1.7e-05
2016.1,,,,,,,,,,,,,1.5e-05
2016.2,,,,,,,,,,,,,1.29982e-05
2016.3,,,,,,,,,,,,,1.14991e-05
2016.4,,,,,,,,,,,,,1e-05
2016.5,,,,,,,,,,,,,8.5e-06
2016.6,,,,,,,,,,,,,7e-06
2016.7,,,,,,,,,,,,,4.99878e-06
2016.8,,,,,,,,,,,,,3e-06
2016.9,,,,,,,,,,,,,1.5e-06
2017.0,,,,,,,,,,,,,
2017.1,,,,,,,,,,,,,
2017.2,,,,,,,,,,,,,
2017.3,,,,,,,,,,,,,
2017.4,,,,,,,,,,,,,
2017.5,,,,,,,,,,,,,
2017.6,,,,,,,,,,,,,
2017.7,,,,,,,,,,,,,
2017.8,,,,,,,,,,,,,
2017.9,,,,,,,,,,,,,
2018.0,,,,,,,,,,,,,
2018.1,,,,,,,,,,,,,
2018.2,,,,,,,,,,,,,
2018.3,,,,,,,,,,,,,
2018.4,,,,,,,,,,,,,
2018.5,,,,,,,,,,,,,
2018.6,,,,,,,,,,,,,
2018.7,,,,,,,,,,,,,
2018.8,,,,,,,,,,,,,
2018.9,,,,,,,,,,,,,
2019.0,,,,,,,,,,,,,
2019.1,,,,,,,,,,,,,5e-07
2019.2,,,,,,,,,,,,,1.00061e-06
2019.3,,,,,,,,,,,,,1.50031e-06
2019.4,,,,,,,,,,,,,2e-06
2019.5,,,,,,,,,,,,,2.5e-06
2019.6,,,,,,,,,,,,,3e-06
2019.7,,,,,,,,,,,,,3e-06
2019.8,,,,,,,,,,,,,3e-06
2019.9,,,,,,,,,,,,,3.5e-06
2020.0,,,,,,,,,,,,,4e-06
2020.1,,,,,,,,,,,,,7e-06
2020.2,,,,,,,,,,,,,1.00031e-05
2020.3,,,,,,,,,,,,,1.25015e-05
2020.4,,,,,,,,,,,,,1.5e-05
2020.5,,,,,,,,,,,,,1.75e-05
2020.6,,,,,,,,,,,,,2e-05
2020.7,,,,,,,,,,,,,2.30018e-05
2020.8,,,,,,,,,,,,,2.6e-05
2020.9,,,,,,,,,,,,,2.85e-05
2021.0,,,,,,,,,,,,,3.1e-05
2021.1,,,,,,,,,,,,,3.2e-05
2021.2,,,,,,,,,,,,,3.30006e-05
2021.3,,,,,,,,,,,,,3.35003e-05
2021.4,,,,,,,,,,,,,3.4e-05
2021.5,,,,,,,,,,,,,3.45e-05
2021.6,,,,,,,,,,,,,3.5e-05
2021.7,,,,,,,,,,,,,3.55003e-05
2021.8,,,,,,,,,,,,,3.6e-05
2021.9,,,,,,,,,,,,,3.65e-05
2022.0,,,,,,,,,,,,,3.7e-05
2022.1,,,,,,,,,,,,,4.2e-05
2022.2,,,,,,,,,,,,,4.70067e-05
2022.3,,,,,,,,,,,,,5.25034e-05
2022.4,,,,,,,,,,,,,5.8e-05
2022.5,,,,,,,,,,,,,6.3e-05
2022.6,,,,,,,,,,,,,6.8e-05
2022.7,,,,,,,,,,,,,7.30031e-05
2022.8,,,,,,,,,,,,,7.8e-05
2022.9,,,,,,,,,,,,,8.3e-05
2023.0,,,,,,,,,,,,,8.8e-05
2023.1,,,,,,,,,,,,,9.05e-05
2023.2,,,,,,,,,,,,,9.30031e-05
2023.3,,,,,,,,,,,,,9.55015e-05
2023.4,,,,,,,,,,,,,9.8e-05
2023.5,,,,,,,,,,,,,0.0001005
2023.6,,,,,,,,,,,,,0.000103
2023.7,,,,,,,,,,,,,0.000105502
2023.8,,,,,,,,,,,,,0.000108
2023.9,,,,,,,,,,,,,0.0001105
2024.0,,,,,,,,,,,,,0.000113
2024.1,,,,,,,,,,,,,0.000118
2024.2,,,,,,,,,,,,,0.000123007
2024.3,,,,,,,,,,,,,0.000128503
2024.4,,,,,,,,,,,,,0.000134
2024.5,,,,,,,,,,,,,0.000139
2024.6,,,,,,,,,,,,,0.000144
2024.7,,,,,,,,,,,,,0.000149503
2024.8,,,,,,,,,,,,,0.000155
2024.9,,,,,,,,,,,,,0.00016
2025.0,,,,,,,,,,,,,0.000165
2025.1,,,,,,,,,,,,,0.0001675
2025.2,,,,,,,,,,,,,0.000170004
2025.3,,,,,,,,,,,,,0.000173002
2025.4,,,,,,,,,,,,,0.000176
2025.5,,,,,,,,,,,,,0.0001785
2025.6,,,,,,,,,,,,,0.000181
2025.7,,,,,,,,,,,,,0.000183502
2025.8,,,,,,,,,,,,,0.000186
2025.9,,,,,,,,,,,,,0.0001885
2026.0,,,,,,,,,,,,,0.000191
2026.1,,,,,,,,,,,,,0.0001865
2026.2,,,,,,,,,,,,,0.000181994
2026.3,,,,,,,,,,,,,0.000176997
2026.4,,,,,,,,,,,,,0.000172
2026.5,,,,,,,,,,,,,0.000167
2026.6,,,,,,,,,,,,,0.000162
2026.7,,,,,,,,,,,,,0.000156997
2026.8,,,,,,,,,,,,,0.000152
2026.9,,,,,,,,,,,,,0.0001475
2027.0,,,,,,,,,,,,,0.000143
2027.1,,,,,,,,,,,,,0.000133
2027.2,,,,,,,,,,,,,0.000122988
2027.3,,,,,,,,,,,,,0.000112994
2027.4,,,,,,,,,,,,,0.000103
2027.5,,,,,,,,,,,,,9.3e-05
2027.6,,,,,,,,,,,,,8.3e-05
2027.7,,,,,,,,,,,,,7.29939e-05
2027.8,,,,,,,,,,,,,6.3e-05
2027.9,,,,,,,,,,,,,5.3e-05
2028.0,,,,,,,,,,,,,4.3e-05
2028.1,,,,,,,,,,,,,3.85e-05
2028.2,,,,,,,,,,,,,3.39951e-05
2028.3,,,,,,,,,,,,,2.99976e-05
2028.4,,,,,,,,,,,,,2.6e-05
2028.5,,,,,,,,,,,,,2.15e-05
2028.6,,,,,,,,,,,,,1.7e-05
2028.7,,,,,,,,,,,,,1.29976e-05
2028.8,,,,,,,,,,,,,9e-06
2028.9,,,,,,,,,,,,,4.5e-06
2029.0,,,,,,,,,,,,,
2029.1,,,,,,,,,,,,,
2029.2,,,,,,,,,,,,,
2029.3,,,,,,,,,,,,,
2029.4,,,,,,,,,,,,,
2029.5,,,,,,,,,,,,,
2029.6,,,,,,,,,,,,,
2029.7,,,,,,,,,,,,,
2029.8,,,,,,,,,,,,,
2029.9,,,,,,,,,,,,,
2030.0,,,,,,,,,,,,,
2030.1,,,,,,,,,,,,,
2030.2,,,,,,,,,,,,,
2030.3,,,,,,,,,,,,,
2030.4,,,,,,,,,,,,,
2030.5,,,,,,,,,,,,,
2030.6,,,,,,,,,,,,,
2030.7,,,,,,,,,,,,,
2030.8,,,,,,,,,,,,,
2030.9,,,,,,,,,,,,,
2031.0,,,,,,,,,,,,,
2031.1,,,,,,,,,,,,,
2031.2,,,,,,,,,,,,,
2031.3,,,,,,,,,,,,,
2031.4,,,,,,,,,,,,,
2031.5,,,,,,,,,,,,,
2031.6,,,,,,,,,,,,,
2031.7,,,,,,,,,,,,,
2031.8,,,,,,,,,,,,,
2031.9,,,,,,,,,,,,,
2032.0,,,,,,,,,,,,,
2032.1,,,,,,,,,,,,,4.5e-06
2032.2,,,,,,,,,,,,,9.00549e-06
2032.3,,,,,,,,,,,,,1.35027e-05
2032.4,,,,,,,,,,,,,1.8e-05
2032.5,,,,,,,,,,,,,2.3e-05
2032.6,,,,,,,,,,,,,2.8e-05
2032.7,,,,,,,,,,,,,3.25027e-05
2032.8,,,,,,,,,,,,,3.7e-05
2032.9,,,,,,,,,,,,,4.15e-05
2033.0,,,,,,,,,,,,,4.6e-05
2033.1,,,,,,,,,,,,,5.3e-05
2033.2,,,,,,,,,,,,,6.00079e-05
2033.3,,,,,,,,,,,,,6.6504e-05
2033.4,,,,,,,,,,,,,7.3e-05
2033.5,,,,,,,,,,,,,8e-05
2033.6,,,,,,,,,,,,,8.7e-05
2033.7,,,,,,,,,,,,,9.3504e-05
2033.8,,,,,,,,,,,,,1e-04
2033.9,,,,,,,,,,,,,0.000107
2034.0,,,,,,,,,,,,,0.000114
2034.1,,,,,,,,,,,,,0.000117
2034.2,,,,,,,,,,,,,0.000120004
2034.3,,,,,,,,,,,,,0.000123002
2034.4,,,,,,,,,,,,,0.000126
2034.5,,,,,,,,,,,,,0.0001295
2034.6,,,,,,,,,,,,,0.000133
2034.7,,,,,,,,,,,,,0.000136002
2034.8,,,,,,,,,,,,,0.000139
2034.9,,,,,,,,,,,,,0.000142
2035.0,,,,,,,,,,,,,0.000145
2035.1,,,,,,,,,,,,,0.000146
2035.2,,,,,,,,,,,,,0.000147001
2035.3,,,,,,,,,,,,,0.000148001
2035.4,,,,,,,,,,,,,0.000149
2035.5,,,,,,,,,,,,,0.00015
2035.6,,,,,,,,,,,,,0.000151
2035.7,,,,,,,,,,,,,0.0001515
2035.8,,,,,,,,,,,,,0.000152
2035.9,,,,,,,,,,,,,0.000153
2036.0,,,,,,,,,,,,,0.000154
2036.1,,,,,,,,,,,,,0.000151
2036.2,,,,,,,,,,,,,0.000147996
2036.3,,,,,,,,,,,,,0.000144498
2036.4,,,,,,,,,,,,,0.000141
2036.5,,,,,,,,,,,,,0.0001375
2036.6,,,,,,,,,,,,,0.000134
2036.7,,,,,,,,,,,,,0.000130998
2036.8,,,,,,,,,,,,,0.000128
2036.9,,,,,,,,,,,,,0.0001245
2037.0,,,,,,,,,,,,,0.000121
2037.1,,,,,,,,,,,,,0.000109
2037.2,,,,,,,,,,,,,9.69853e-05
2037.3,,,,,,,,,,,,,8.49927e-05
2037.4,,,,,,,,,,,,,7.3e-05
2037.5,,,,,,,,,,,,,6.05e-05
2037.6,,,,,,,,,,,,,4.8e-05
2037.7,,,,,,,,,,,,,3.59927e-05
2037.8,,,,,,,,,,,,,2.4e-05
2037.9,,,,,,,,,,,,,1.2e-05
2038.0,,,,,,,,,,,,,
2038.1,,,,,,,,,,,,,
2038.2,,,,,,,,,,,,,
2038.3,,,,,,,,,,,,,
2038.4,,,,,,,,,,,,,
2038.5,,,,,,,,,,,,,
2038.6,,,,,,,,,,,,,
2038.7,,,,,,,,,,,,,
2038.8,,,,,,,,,,,,,
2038.9,,,,,,,,,,,,,
2039.0,,,,,,,,,,,,,
2039.1,,,,,,,,,,,,,
2039.2,,,,,,,,,,,,,
2039.3,,,,,,,,,,,,,
2039.4,,,,,,,,,,,,,
2039.5,,,,,,,,,,,,,
2039.6,,,,,,,,,,,,,
2039.7,,,,,,,,,,,,,
2039.8,,,,,,,,,,,,,
2039.9,,,,,,,,,,,,,
2040.0,,,,,,,,,,,,,
2040.1,,,,,,,,,,,,,
2040.2,,,,,,,,,,,,,
2040.3,,,,,,,,,,,,,
2040.4,,,,,,,,,,,,,
2040.5,,,,,,,,,,,,,
2040.6,,,,,,,,,,,,,
2040.7,,,,,,,,,,,,,
2040.8,,,,,,,,,,,,,
2040.9,,,,,,,,,,,,,
2041.0,,,,,,,,,,,,,
2041.1,,,,,,,,,,,,,1.5e-06
2041.2,,,,,,,,,,,,,3.00183e-06
2041.3,,,,,,,,,,,,,4.50092e-06
2041.4,,,,,,,,,,,,,6e-06
2041.5,,,,,,,,,,,,,7.5e-06
2041.6,,,,,,,,,,,,,9e-06
2041.7,,,,,,,,,,,,,1.05009e-05
2041.8,,,,,,,,,,,,,1.2e-05
2041.9,,,,,,,,,,,,,1.35e-05
2042.0,,,,,,,,,,,,,1.5e-05
2042.1,,,,,,,,,,,,,1.35e-05
2042.2,,,,,,,,,,,,,1.19982e-05
2042.3,,,,,,,,,,,,,1.04991e-05
2042.4,,,,,,,,,,,,,9e-06
2042.5,,,,,,,,,,,,,7.5e-06
2042.6,,,,,,,,,,,,,6e-06
2042.7,,,,,,,,,,,,,4.49908e-06
2042.8,,,,,,,,,,,,,3e-06
2042.9,,,,,,,,,,,,,1.5e-06
2043.0,,,,,,,,,,,,,
2043.1,,,,,,,,,,,,,6.5e-06
2043.2,,,,,,,,,,,,,1.30085e-05
2043.3,,,,,,,,,,,,,2.00043e-05
2043.4,,,,,,,,,,,,,2.7e-05
2043.5,,,,,,,,,,,,,3.35e-05
2043.6,,,,,,,,,,,,,4e-05
2043.7,,,,,,,,,,,,,4.70043e-05
2043.8,,,,,,,,,,,,,5.4e-05
2043.9,,,,,,,,,,,,,6.05e-05
2044.0,,,,,,,,,,,,,6.7e-05
2044.1,,,,,,,,,,,,,6.5e-05
2044.2,,,,,,,,,,,,,6.29976e-05
2044.3,,,,,,,,,,,,,6.09988e-05
2044.4,,,,,,,,,,,,,5.9e-05
2044.5,,,,,,,,,,,,,5.7e-05
2044.6,,,,,,,,,,,,,5.5e-05
2044.7,,,,,,,,,,,,,5.29988e-05
2044.8,,,,,,,,,,,,,5.1e-05
2044.9,,,,,,,,,,,,,4.95e-05
2045.0,,,,,,,,,,,,,4.8e-05
2045.1,,,,,,,,,,,,,4.3e-05
2045.2,,,,,,,,,,,,,3.79945e-05
2045.3,,,,,,,,,,,,,3.34973e-05
2045.4,,,,,,,,,,,,,2.9e-05
2045.5,,,,,,,,,,,,,2.4e-05
2045.6,,,,,,,,,,,,,1.9e-05
2045.7,,,,,,,,,,,,,1.44973e-05
2045.8,,,,,,,,,,,,,1e-05
2045.9,,,,,,,,,,,,,5e-06
2046.0,,,,,,,,,,,,,
2046.1,,,,,,,,,,,,,
2046.2,,,,,,,,,,,,,
2046.3,,,,,,,,,,,,,
2046.4,,,,,,,,,,,,,
2046.5,,,,,,,,,,,,,
2046.6,,,,,,,,,,,,,
2046.7,,,,,,,,,,,,,
2046.8,,,,,,,,,,,,,
2046.9,,,,,,,,,,,,,
2047.0,,,,,,,,,,,,,
2047.1,,,,,,,,,,,,,3.5e-06
2047.2,,,,,,,,,,,,,7.00427e-06
2047.3,,,,,,,,,,,,,1.05021e-05
2047.4,,,,,,,,,,,,,1.4e-05
2047.5,,,,,,,,,,,,,1.75e-05
2047.6,,,,,,,,,,,,,2.1e-05
2047.7,,,,,,,,,,,,,2.45021e-05
2047.8,,,,,,,,,,,,,2.8e-05
2047.9,,,,,,,,,,,,,3.15e-05
2048.0,,,,,,,,,,,,,3.5e-05
2048.1,,,,,,,,,,,,,3.60012e-05
2048.2,,,,,,,,,,,,,3.70024e-05
2048.3,,,,,,,,,,,,,3.80012e-05
2048.4,,,,,,,,,,,,,3.9e-05
2048.5,,,,,,,,,,,,,4e-05
2048.6,,,,,,,,,,,,,4.1e-05
2048.7,,,,,,,,,,,,,4.25018e-05
2048.8,,,,,,,,,,,,,4.4e-05
2048.9,,,,,,,,,,,,,4.49988e-05
2049.0,,,,,,,,,,,,,4.6e-05
2049.1,,,,,,,,,,,,,5.20073e-05
2049.2,,,,,,,,,,,,,5.80147e-05
2049.3,,,,,,,,,,,,,6.40073e-05
2049.4,,,,,,,,,,,,,7e-05
2049.5,,,,,,,,,,,,,7.6e-05
2049.6,,,,,,,,,,,,,8.2e-05
2049.7,,,,,,,,,,,,,8.80073e-05
2049.8,,,,,,,,,,,,,9.4e-05
2049.9,,,,,,,,,,,,,9.99927e-05
2050.0,,,,,,,,,,,,,0.000106
2050.1,,,,,,,,,,,,,0.000112007
2050.2,,,,,,,,,,,,,0.000118013
2050.3,,,,,,,,,,,,,0.000123507
2050.4,,,,,,,,,,,,,0.000129
2050.5,,,,,,,,,,,,,0.0001345
2050.6,,,,,,,,,,,,,0.00014
2050.7,,,,,,,,,,,,,0.000145507
2050.8,,,,,,,,,,,,,0.000151
2050.9,,,,,,,,,,,,,0.000156493
2051.0,,,,,,,,,,,,,0.000162
2051.1,,,,,,,,,,,,,0.000157995
2051.2,,,,,,,,,,,,,0.00015399
2051.3,,,,,,,,,,,,,0.000149995
2051.4,,,,,,,,,,,,,0.000146
2051.5,,,,,,,,,,,,,0.0001415
2051.6,,,,,,,,,,,,,0.000137
2051.7,,,,,,,,,,,,,0.000132995
2051.8,,,,,,,,,,,,,0.000129
2051.9,,,,,,,,,,,,,0.000125005
2052.0,,,,,,,,,,,,,0.000121
2052.1,,,,,,,,,,,,,0.000125005
2052.2,,,,,,,,,,,,,0.00012901
2052.3,,,,,,,,,,,,,0.000133005
2052.4,,,,,,,,,,,,,0.000137
2052.5,,,,,,,,,,,,,0.000141
2052.6,,,,,,,,,,,,,0.000145
2052.7,,,,,,,,,,,,,0.000149005
2052.8,,,,,,,,,,,,,0.000153
2052.9,,,,,,,,,,,,,0.000156995
2053.0,,,,,,,,,,,,,0.000161
2053.1,,,,,,,,,,,,,0.000162001
2053.2,,,,,,,,,,,,,0.000163004
2053.3,,,,,,,,,,,,,0.000164502
2053.4,,,,,,,,,,,,,0.000166
2053.5,,,,,,,,,,,,,0.000167
2053.6,,,,,,,,,,,,,0.000168
2053.7,,,,,,,,,,,,,0.000169001
2053.8,,,,,,,,,,,,,0.00017
2053.9,,,,,,,,,,,,,0.000171498
2054.0,,,,,,,,,,,,,0.000173
2054.1,,,,,,,,,,,,,0.000165991
2054.2,,,,,,,,,,,,,0.000158983
2054.3,,,,,,,,,,,,,0.000151991
2054.4,,,,,,,,,,,,,0.000145
2054.5,,,,,,,,,,,,,0.000138
2054.6,,,,,,,,,,,,,0.000131
2054.7,,,,,,,,,,,,,0.000123991
2054.8,,,,,,,,,,,,,0.000117
2054.9,,,,,,,,,,,,,0.000110009
2055.0,,,,,,,,,,,,,0.000103
2055.1,,,,,,,,,,,,,0.000107505
2055.2,,,,,,,,,,,,,0.000112012
2055.3,,,,,,,,,,,,,0.000117006
2055.4,,,,,,,,,,,,,0.000122
2055.5,,,,,,,,,,,,,0.0001265
2055.6,,,,,,,,,,,,,0.000131
2055.7,,,,,,,,,,,,,0.000135505
2055.8,,,,,,,,,,,,,0.00014
2055.9,,,,,,,,,,,,,0.000144495
2056.0,,,,,,,,,,,,,0.000149
2056.1,,,,,,,,,,,,,0.000149501
2056.2,,,,,,,,,,,,,0.000150001
2056.3,,,,,,,,,,,,,0.000150501
2056.4,,,,,,,,,,,,,0.000151
2056.5,,,,,,,,,,,,,0.000151
2056.6,,,,,,,,,,,,,0.000151
2056.7,,,,,,,,,,,,,0.000151501
2056.8,,,,,,,,,,,,,0.000152
2056.9,,,,,,,,,,,,,0.000152499
2057.0,,,,,,,,,,,,,0.000153
2057.1,,,,,,,,,,,,,0.000160509
2057.2,,,,,,,,,,,,,0.000168018
2057.3,,,,,,,,,,,,,0.000175509
2057.4,,,,,,,,,,,,,0.000183
2057.5,,,,,,,,,,,,,0.0001905
2057.6,,,,,,,,,,,,,0.000198
2057.7,,,,,,,,,,,,,0.000205509
2057.8,,,,,,,,,,,,,0.000213
2057.9,,,,,,,,,,,,,0.000220491
2058.0,,,,,,,,,,,,,0.000228
2058.1,,,,,,,,,,,,,0.000232005
2058.2,,,,,,,,,,,,,0.00023601
2058.3,,,,,,,,,,,,,0.000240005
2058.4,,,,,,,,,,,,,0.000244
2058.5,,,,,,,,,,,,,0.000248
2058.6,,,,,,,,,,,,,0.000252
2058.7,,,,,,,,,,,,,0.000256005
2058.8,,,,,,,,,,,,,0.00026
2058.9,,,,,,,,,,,,,0.000263995
2059.0,,,,,,,,,,,,,0.000268
2059.1,,,,,,,,,,,,,0.00025949
2059.2,,,,,,,,,,,,,0.000250979
2059.3,,,,,,,,,,,,,0.00024249
2059.4,,,,,,,,,,,,,0.000234
2059.5,,,,,,,,,,,,,0.0002255
2059.6,,,,,,,,,,,,,0.000217
2059.7,,,,,,,,,,,,,0.00020899
2059.8,,,,,,,,,,,,,0.000201
2059.9,,,,,,,,,,,,,0.00019251
2060.0,,,,,,,,,,,,,0.000184
2060.1,,,,,,,,,,,,,0.00017549
2060.2,,,,,,,,,,,,,0.000166978
2060.3,,,,,,,,,,,,,0.000157989
2060.4,,,,,,,,,,,,,0.000149
2060.5,,,,,,,,,,,,,0.0001405
2060.6,,,,,,,,,,,,,0.000132
2060.7,,,,,,,,,,,,,0.00012349
2060.8,,,,,,,,,,,,,0.000115
2060.9,,,,,,,,,,,,,0.00010651
2061.0,,,,,,,,,,,,,9.8e-05
2061.1,,,,,,,,,,,,,8.99902e-05
2061.2,,,,,,,,,,,,,8.19817e-05
2061.3,,,,,,,,,,,,,7.44908e-05
2061.4,,,,,,,,,,,,,6.7e-05
2061.5,,,,,,,,,,,,,5.9e-05
2061.6,,,,,,,,,,,,,5.1e-05
2061.7,,,,,,,,,,,,,4.34908e-05
2061.8,,,,,,,,,,,,,3.6e-05
2061.9,,,,,,,,,,,,,2.80098e-05
2062.0,,,,,,,,,,,,,2e-05
2062.1,,,,,,,,,,,,,1.79976e-05
2062.2,,,,,,,,,,,,,1.59951e-05
2062.3,,,,,,,,,,,,,1.39976e-05
2062.4,,,,,,,,,,,,,1.2e-05
2062.5,,,,,,,,,,,,,1e-05
2062.6,,,,,,,,,,,,,8e-06
2062.7,,,,,,,,,,,,,5.99756e-06
2062.8,,,,,,,,,,,,,4e-06
2062.9,,,,,,,,,,,,,2.00244e-06
2063.0,,,,,,,,,,,,,
2063.1,,,,,,,,,,,,,
2063.2,,,,,,,,,,,,,
2063.3,,,,,,,,,,,,,
2063.4,,,,,,,,,,,,,
2063.5,,,,,,,,,,,,,
2063.6,,,,,,,,,,,,,
2063.7,,,,,,,,,,,,,
2063.8,,,,,,,,,,,,,
2063.9,,,,,,,,,,,,,
2064.0,,,,,,,,,,,,,
2064.1,,,,,,,,,,,,,
2064.2,,,,,,,,,,,,,
2064.3,,,,,,,,,,,,,
2064.4,,,,,,,,,,,,,
2064.5,,,,,,,,,,,,,
2064.6,,,,,,,,,,,,,
2064.7,,,,,,,,,,,,,
2064.8,,,,,,,,,,,,,
2064.9,,,,,,,,,,,,,
2065.0,,,,,,,,,,,,,
2065.1,,,,,,,,,,,,,
2065.2,,,,,,,,,,,,,
2065.3,,,,,,,,,,,,,
2065.4,,,,,,,,,,,,,
2065.5,,,,,,,,,,,,,
2065.6,,,,,,,,,,,,,
2065.7,,,,,,,,,,,,,
2065.8,,,,,,,,,,,,,
2065.9,,,,,,,,,,,,,
2066.0,,,,,,,,,,,,,
2066.1,,,,,,,,,,,,,5.50672e-06
2066.2,,,,,,,,,,,,,1.10134e-05
2066.3,,,,,,,,,,,,,1.65067e-05
2066.4,,,,,,,,,,,,,2.2e-05
2066.5,,,,,,,,,,,,,2.8e-05
2066.6,,,,,,,,,,,,,3.4e-05
2066.7,,,,,,,,,,,,,3.95067e-05
2066.8,,,,,,,,,,,,,4.5e-05
2066.9,,,,,,,,,,,,,5.04933e-05
2067.0,,,,,,,,,,,,,5.6e-05
2067.1,,,,,,,,,,,,,6.5011e-05
2067.2,,,,,,,,,,,,,7.40232e-05
2067.3,,,,,,,,,,,,,8.35116e-05
2067.4,,,,,,,,,,,,,9.3e-05
2067.5,,,,,,,,,,,,,0.000102
2067.6,,,,,,,,,,,,,0.000111
2067.7,,,,,,,,,,,,,0.000120011
2067.8,,,,,,,,,,,,,0.000129
2067.9,,,,,,,,,,,,,0.000138488
2068.0,,,,,,,,,,,,,0.000148
2068.1,,,,,,,,,,,,,0.000154007
2068.2,,,,,,,,,,,,,0.000160015
2068.3,,,,,,,,,,,,,0.000166007
2068.4,,,,,,,,,,,,,0.000172
2068.5,,,,,,,,,,,,,0.0001785
2068.6,,,,,,,,,,,,,0.000185
2068.7,,,,,,,,,,,,,0.000191007
2068.8,,,,,,,,,,,,,0.000197
2068.9,,,,,,,,,,,,,0.000203492
2069.0,,,,,,,,,,,,,0.00021
2069.1,,,,,,,,,,,,,0.000211001
2069.2,,,,,,,,,,,,,0.000212004
2069.3,,,,,,,,,,,,,0.000213502
2069.4,,,,,,,,,,,,,0.000215
2069.5,,,,,,,,,,,,,0.0002165
2069.6,,,,,,,,,,,,,0.000218
2069.7,,,,,,,,,,,,,0.000219502
2069.8,,,,,,,,,,,,,0.000221
2069.9,,,,,,,,,,,,,0.000221999
2070.0,,,,,,,,,,,,,0.000223
2070.1,,,,,,,,,,,,,0.000220497
2070.2,,,,,,,,,,,,,0.000217993
2070.3,,,,,,,,,,,,,0.000214996
2070.4,,,,,,,,,,,,,0.000212
2070.5,,,,,,,,,,,,,0.0002095
2070.6,,,,,,,,,,,,,0.000207
2070.7,,,,,,,,,,,,,0.000204497
2070.8,,,,,,,,,,,,,0.000202
2070.9,,,,,,,,,,,,,0.000199004
2071.0,,,,,,,,,,,,,0.000196
2071.1,,,,,,,,,,,,,0.000194498
2071.2,,,,,,,,,,,,,0.000192996
2071.3,,,,,,,,,,,,,0.000191498
2071.4,,,,,,,,,,,,,0.00019
2071.5,,,,,,,,,,,,,0.0001885
2071.6,,,,,,,,,,,,,0.000187
2071.7,,,,,,,,,,,,,0.000184998
2071.8,,,,,,,,,,,,,0.000183
2071.9,,,,,,,,,,,,,0.000181502
2072.0,,,,,,,,,,,,,0.00018
2072.1,,,,,,,,,,,,,0.000183504
2072.2,,,,,,,,,,,,,0.000187009
2072.3,,,,,,,,,,,,,0.000190504
2072.4,,,,,,,,,,,,,0.000194
2072.5,,,,,,,,,,,,,0.0001975
2072.6,,,,,,,,,,,,,0.000201
2072.7,,,,,,,,,,,,,0.000204004
2072.8,,,,,,,,,,,,,0.000207
2072.9,,,,,,,,,,,,,0.000210496
2073.0,,,,,,,,,,,,,0.000214
2073.1,,,,,,,,,,,,,0.000215001
2073.2,,,,,,,,,,,,,0.000216001
2073.3,,,,,,,,,,,,,0.000216501
2073.4,,,,,,,,,,,,,0.000217
2073.5,,,,,,,,,,,,,0.000218
2073.6,,,,,,,,,,,,,0.000219
2073.7,,,,,,,,,,,,,0.000219501
2073.8,,,,,,,,,,,,,0.00022
2073.9,,,,,,,,,,,,,0.000220499
2074.0,,,,,,,,,,,,,0.000221
2074.1,,,,,,,,,,,,,0.000225005
2074.2,,,,,,,,,,,,,0.00022901
2074.3,,,,,,,,,,,,,0.000233005
2074.4,,,,,,,,,,,,,0.000237
2074.5,,,,,,,,,,,,,0.000241
2074.6,,,,,,,,,,,,,0.000245
2074.7,,,,,,,,,,,,,0.000248504
2074.8,,,,,,,,,,,,,0.000252
2074.9,,,,,,,,,,,,,0.000255995
2075.0,,,,,,,,,,,,,0.00026
2075.1,,,,,,,,,,,,,0.000261001
2075.2,,,,,,,,,,,,,0.000262002
2075.3,,,,,,,,,,,,,0.000263001
2075.4,,,,,,,,,,,,,0.000264
2075.5,,,,,,,,,,,,,0.000265
2075.6,,,,,,,,,,,,,0.000266
2075.7,,,,,,,,,,,,,0.000267001
2075.8,,,,,,,,,,,,,0.000268
2075.9,,,,,,,,,,,,,0.000268999
2076.0,,,,,,,,,,,,,0.00027
2076.1,,,,,,,,,,,,,0.000272503
2076.2,,,,,,,,,,,,,0.000275005
2076.3,,,,,,,,,,,,,0.000277002
2076.4,,,,,,,,,,,,,0.000279
2076.5,,,,,,,,,,,,,0.0002815
2076.6,,,,,,,,,,,,,0.000284
2076.7,,,,,,,,,,,,,0.000286002
2076.8,,,,,,,,,,,,,0.000288
2076.9,,,,,,,,,,,,,0.000290497
2077.0,,,,,,,,,,,,,0.000293
2077.1,,,,,,,,,,,,,0.000294502
2077.2,,,,,,,,,,,,,0.000296004
2077.3,,,,,,,,,,,,,0.000297502
2077.4,,,,,,,,,,,,,0.000299
2077.5,,,,,,,,,,,,,0.0003005
2077.6,,,,,,,,,,,,,0.000302
2077.7,,,,,,,,,,,,,0.000303502
2077.8,,,,,,,,,,,,,0.000305
2077.9,,,,,,,,,,,,,0.000306498
2078.0,,,,,,,,,,,,,0.000308
2078.1,,,,,,,,,,,,,0.000308
2078.2,,,,,,,,,,,,,0.000308
2078.3,,,,,,,,,,,,,0.000308
2078.4,,,,,,,,,,,,,0.000308
2078.5,,,,,,,,,,,,,0.0003075
2078.6,,,,,,,,,,,,,0.000307
2078.7,,,,,,,,,,,,,0.000307
2078.8,,,,,,,,,,,,,0.000307
2078.9,,,,,,,,,,,,,0.000306501
2079.0,,,,,,,,,,,,,0.000306
2079.1,,,,,,,,,,,,,0.000300994
2079.2,,,,,,,,,,,,,0.000295988
2079.3,,,,,,,,,,,,,0.000290994
2079.4,,,,,,,,,,,,,0.000286
2079.5,,,,,,,,,,,,,0.000281
2079.6,,,,,,,,,,,,,0.000276
2079.7,,,,,,,,,,,,,0.000270493
2079.8,,,,,,,,,,,,,0.000265
2079.9,,,,,,,,,,,,,0.000260006
2080.0,,,,,,,,,,,,,0.000255
2080.1,,,,,,,,,,,,,0.000253999
2080.2,,,,,,,,,,,,,0.000252999
2080.3,,,,,,,,,,,,,0.000252499
2080.4,,,,,,,,,,,,,0.000252
2080.5,,,,,,,,,,,,,0.000251
2080.6,,,,,,,,,,,,,0.00025
2080.7,,,,,,,,,,,,,0.000248999
2080.8,,,,,,,,,,,,,0.000248
2080.9,,,,,,,,,,,,,0.000247501
2081.0,,,,,,,,,,,,,0.000247
2081.1,,,,,,,,,,,,,0.000244497
2081.2,,,,,,,,,,,,,0.000241994
2081.3,,,,,,,,,,,,,0.000239497
2081.4,,,,,,,,,,,,,0.000237
2081.5,,,,,,,,,,,,,0.0002345
2081.6,,,,,,,,,,,,,0.000232
2081.7,,,,,,,,,,,,,0.000229998
2081.8,,,,,,,,,,,,,0.000228
2081.9,,,,,,,,,,,,,0.000225503
2082.0,,,,,,,,,,,,,0.000223
2082.1,,,,,,,,,,,,,0.000226004
2082.2,,,,,,,,,,,,,0.000229009
2082.3,,,,,,,,,,,,,0.000232504
2082.4,,,,,,,,,,,,,0.000236
2082.5,,,,,,,,,,,,,0.000239
2082.6,,,,,,,,,,,,,0.000242
2082.7,,,,,,,,,,,,,0.000245504
2082.8,,,,,,,,,,,,,0.000249
2082.9,,,,,,,,,,,,,0.000252496
2083.0,,,,,,,,,,,,,0.000256
2083.1,,,,,,,,,,,,,0.000262508
2083.2,,,,,,,,,,,,,0.000269017
2083.3,,,,,,,,,,,,,0.000276009
2083.4,,,,,,,,,,,,,0.000283
2083.5,,,,,,,,,,,,,0.0002895
2083.6,,,,,,,,,,,,,0.000296
2083.7,,,,,,,,,,,,,0.000302508
2083.8,,,,,,,,,,,,,0.000309
2083.9,,,,,,,,,,,,,0.000315991
2084.0,,,,,,,,,,,,,0.000323
2084.1,,,,,,,,,,,,,0.000321999
2084.2,,,,,,,,,,,,,0.000320996
2084.3,,,,,,,,,,,,,0.000319498
2084.4,,,,,,,,,,,,,0.000318
2084.5,,,,,,,,,,,,,0.000317
2084.6,,,,,,,,,,,,,0.000316
2084.7,,,,,,,,,,,,,0.000314999
2084.8,,,,,,,,,,,,,0.000314
2084.9,,,,,,,,,,,,,0.000313001
2085.0,,,,,,,,,,,,,0.000312
2085.1,,,,,,,,,,,,,0.000311499
2085.2,,,,,,,,,,,,,0.000310999
2085.3,,,,,,,,,,,,,0.000310499
2085.4,,,,,,,,,,,,,0.00031
2085.5,,,,,,,,,,,,,0.0003095
2085.6,,,,,,,,,,,,,0.000309
2085.7,,,,,,,,,,,,,0.000308499
2085.8,,,,,,,,,,,,,0.000308
2085.9,,,,,,,,,,,,,0.000308
2086.0,,,,,,,,,,,,,0.000308
2086.1,,,,,,,,,,,,,0.000308501
2086.2,,,,,,,,,,,,,0.000309002
2086.3,,,,,,,,,,,,,0.000310001
2086.4,,,,,,,,,,,,,0.000311
2086.5,,,,,,,,,,,,,0.0003115
2086.6,,,,,,,,,,,,,0.000312
2086.7,,,,,,,,,,,,,0.000313001
2086.8,,,,,,,,,,,,,0.000314
2086.9,,,,,,,,,,,,,0.000314499
2087.0,,,,,,,,,,,,,0.000315
2087.1,,,,,,,,,,,,,0.000318004
2087.2,,,,,,,,,,,,,0.000321006
2087.3,,,,,,,,,,,,,0.000323503
2087.4,,,,,,,,,,,,,0.000326
2087.5,,,,,,,,,,,,,0.000329
2087.6,,,,,,,,,,,,,0.000332
2087.7,,,,,,,,,,,,,0.000334503
2087.8,,,,,,,,,,,,,0.000337
2087.9,,,,,,,,,,,,,0.000339497
2088.0,,,,,,,,,,,,,0.000342
2088.1,,,,,,,,,,,,,0.000344002
2088.2,,,,,,,,,,,,,0.000346006
2088.3,,,,,,,,,,,,,0.000348503
2088.4,,,,,,,,,,,,,0.000351
2088.5,,,,,,,,,,,,,0.000353
2088.6,,,,,,,,,,,,,0.000355
2088.7,,,,,,,,,,,,,0.000357002
2088.8,,,,,,,,,,,,,0.000359
2088.9,,,,,,,,,,,,,0.000361497
2089.0,,,,,,,,,,,,,0.000364
2089.1,,,,,,,,,,,,,0.000365001
2089.2,,,,,,,,,,,,,0.000366002
2089.3,,,,,,,,,,,,,0.000367001
2089.4,,,,,,,,,,,,,0.000368
2089.5,,,,,,,,,,,,,0.000369
2089.6,,,,,,,,,,,,,0.00037
2089.7,,,,,,,,,,,,,0.000371502
2089.8,,,,,,,,,,,,,0.000373
2089.9,,,,,,,,,,,,,0.000373999
2090.0,,,,,,,,,,,,,0.000375
2090.1,,,,,,,,,,,,,0.000376001
2090.2,,,,,,,,,,,,,0.000377004
2090.3,,,,,,,,,,,,,0.000378502
2090.4,,,,,,,,,,,,,0.00038
2090.5,,,,,,,,,,,,,0.000381
2090.6,,,,,,,,,,,,,0.000382
2090.7,,,,,,,,,,,,,0.000383502
2090.8,,,,,,,,,,,,,0.000385
2090.9,,,,,,,,,,,,,0.000385999
2091.0,,,,,,,,,,,,,0.000387
2091.1,,,,,,,,,,,,,0.000389002
2091.2,,,,,,,,,,,,,0.000391004
2091.3,,,,,,,,,,,,,0.000392502
2091.4,,,,,,,,,,,,,0.000394
2091.5,,,,,,,,,,,,,0.000396
2091.6,,,,,,,,,,,,,0.000398
2091.7,,,,,,,,,,,,,0.000399502
2091.8,,,,,,,,,,,,,0.000401
2091.9,,,,,,,,,,,,,0.000402998
2092.0,,,,,,,,,,,,,0.000405
2092.1,,,,,,,,,,,,,0.000399994
2092.2,,,,,,,,,,,,,0.000394988
2092.3,,,,,,,,,,,,,0.000389994
2092.4,,,,,,,,,,,,,0.000385
2092.5,,,,,,,,,,,,,0.00038
2092.6,,,,,,,,,,,,,0.000375
2092.7,,,,,,,,,,,,,0.000370494
2092.8,,,,,,,,,,,,,0.000366
2092.9,,,,,,,,,,,,,0.000361006
2093.0,,,,,,,,,,,,,0.000356
2093.1,,,,,,,,,,,,,0.000353497
2093.2,,,,,,,,,,,,,0.000350995
2093.3,,,,,,,,,,,,,0.000348998
2093.4,,,,,,,,,,,,,0.000347
2093.5,,,,,,,,,,,,,0.0003445
2093.6,,,,,,,,,,,,,0.000342
2093.7,,,,,,,,,,,,,0.000339998
2093.8,,,,,,,,,,,,,0.000338
2093.9,,,,,,,,,,,,,0.000336002
2094.0,,,,,,,,,,,,,0.000334
2094.1,,,,,,,,,,,,,0.000328994
2094.2,,,,,,,,,,,,,0.000323989
2094.3,,,,,,,,,,,,,0.000319495
2094.4,,,,,,,,,,,,,0.000315
2094.5,,,,,,,,,,,,,0.00031
2094.6,,,,,,,,,,,,,0.000305
2094.7,,,,,,,,,,,,,0.000300495
2094.8,,,,,,,,,,,,,0.000296
2094.9,,,,,,,,,,,,,0.000291006
2095.0,,,,,,,,,,,,,0.000286
2095.1,,,,,,,,,,,,,0.000284999
2095.2,,,,,,,,,,,,,0.000283999
2095.3,,,,,,,,,,,,,0.000283499
2095.4,,,,,,,,,,,,,0.000283
2095.5,,,,,,,,,,,,,0.000282
2095.6,,,,,,,,,,,,,0.000281
2095.7,,,,,,,,,,,,,0.000280499
2095.8,,,,,,,,,,,,,0.00028
2095.9,,,,,,,,,,,,,0.000279001
2096.0,,,,,,,,,,,,,0.000278
2096.1,,,,,,,,,,,,,0.000275998
2096.2,,,,,,,,,,,,,0.000273994
2096.3,,,,,,,,,,,,,0.000271497
2096.4,,,,,,,,,,,,,0.000269
2096.5,,,,,,,,,,,,,0.0002665
2096.6,,,,,,,,,,,,,0.000264
2096.7,,,,,,,,,,,,,0.000261497
2096.8,,,,,,,,,,,,,0.000259
2096.9,,,,,,,,,,,,,0.000257002
2097.0,,,,,,,,,,,,,0.000255
2097.1,,,,,,,,,,,,,0.000264011
2097.2,,,,,,,,,,,,,0.000273023
2097.3,,,,,,,,,,,,,0.000282512
2097.4,,,,,,,,,,,,,0.000292
2097.5,,,,,,,,,,,,,0.0003015
2097.6,,,,,,,,,,,,,0.000311
2097.7,,,,,,,,,,,,,0.000320512
2097.8,,,,,,,,,,,,,0.00033
2097.9,,,,,,,,,,,,,0.000339488
2098.0,,,,,,,,,,,,,0.000349
2098.1,,,,,,,,,,,,,0.000351002
2098.2,,,,,,,,,,,,,0.000353004
2098.3,,,,,,,,,,,,,0.000354502
2098.4,,,,,,,,,,,,,0.000356
2098.5,,,,,,,,,,,,,0.000358
2098.6,,,,,,,,,,,,,0.00036
2098.7,,,,,,,,,,,,,0.000362002
2098.8,,,,,,,,,,,,,0.000364
2098.9,,,,,,,,,,,,,0.000365998
2099.0,,,,,,,,,,,,,0.000368
2099.1,,,,,,,,,,,,,0.000364996
2099.2,,,,,,,,,,,,,0.000361994
2099.3,,,,,,,,,,,,,0.000359497
2099.4,,,,,,,,,,,,,0.000357
2099.5,,,,,,,,,,,,,0.0003545
2099.6,,,,,,,,,,,,,0.000352
2099.7,,,,,,,,,,,,,0.000349497
2099.8,,,,,,,,,,,,,0.000347
2099.9,,,,,,,,,,,,,0.000344503
2100.0,,,,,,,,,,,,,0.000342
2100.1,,,,,,,,,,,,,0.000339497
2100.2,,,,,,,,,,,,,0.000336994
2100.3,,,,,,,,,,,,,0.000334497
2100.4,,,,,,,,,,,,,0.000332
2100.5,,,,,,,,,,,,,0.0003295
2100.6,,,,,,,,,,,,,0.000327
2100.7,,,,,,,,,,,,,0.000324497
2100.8,,,,,,,,,,,,,0.000322
2100.9,,,,,,,,,,,,,0.000320002
2101.0,,,,,,,,,,,,,0.000318
2101.1,,,,,,,,,,,,,0.000318501
2101.2,,,,,,,,,,,,,0.000319002
2101.3,,,,,,,,,,,,,0.000320001
2101.4,,,,,,,,,,,,,0.000321
2101.5,,,,,,,,,,,,,0.0003215
2101.6,,,,,,,,,,,,,0.000322
2101.7,,,,,,,,,,,,,0.000323001
2101.8,,,,,,,,,,,,,0.000324
2101.9,,,,,,,,,,,,,0.000324499
2102.0,,,,,,,,,,,,,0.000325
2102.1,,,,,,,,,,,,,0.000318492
2102.2,,,,,,,,,,,,,0.000311983
2102.3,,,,,,,,,,,,,0.000304991
2102.4,,,,,,,,,,,,,0.000298
2102.5,,,,,,,,,,,,,0.0002915
2102.6,,,,,,,,,,,,,0.000285
2102.7,,,,,,,,,,,,,0.000277991
2102.8,,,,,,,,,,,,,0.000271
2102.9,,,,,,,,,,,,,0.000264508
2103.0,,,,,,,,,,,,,0.000258
2103.1,,,,,,,,,,,,,0.000260002
2103.2,,,,,,,,,,,,,0.000262005
2103.3,,,,,,,,,,,,,0.000264002
2103.4,,,,,,,,,,,,,0.000266
2103.5,,,,,,,,,,,,,0.000268
2103.6,,,,,,,,,,,,,0.00027
2103.7,,,,,,,,,,,,,0.000272002
2103.8,,,,,,,,,,,,,0.000274
2103.9,,,,,,,,,,,,,0.000275998
2104.0,,,,,,,,,,,,,0.000278
2104.1,,,,,,,,,,,,,0.000278501
2104.2,,,,,,,,,,,,,0.000279002
2104.3,,,,,,,,,,,,,0.000280001
2104.4,,,,,,,,,,,,,0.000281
2104.5,,,,,,,,,,,,,0.000282
2104.6,,,,,,,,,,,,,0.000283
2104.7,,,,,,,,,,,,,0.000284001
2104.8,,,,,,,,,,,,,0.000285
2104.9,,,,,,,,,,,,,0.000285499
2105.0,,,,,,,,,,,,,0.000286
2105.1,,,,,,,,,,,,,0.000291006
2105.2,,,,,,,,,,,,,0.000296012
2105.3,,,,,,,,,,,,,0.000301006
2105.4,,,,,,,,,,,,,0.000306
2105.5,,,,,,,,,,,,,0.0003105
2105.6,,,,,,,,,,,,,0.000315
2105.7,,,,,,,,,,,,,0.000320006
2105.8,,,,,,,,,,,,,0.000325
2105.9,,,,,,,,,,,,,0.000329495
2106.0,,,,,,,,,,,,,0.000334
2106.1,,,,,,,,,,,,,0.000336503
2106.2,,,,,,,,,,,,,0.000339005
2106.3,,,,,,,,,,,,,0.000341002
2106.4,,,,,,,,,,,,,0.000343
2106.5,,,,,,,,,,,,,0.0003455
2106.6,,,,,,,,,,,,,0.000348
2106.7,,,,,,,,,,,,,0.000350002
2106.8,,,,,,,,,,,,,0.000352
2106.9,,,,,,,,,,,,,0.000354497
2107.0,,,,,,,,,,,,,0.000357
2107.1,,,,,,,,,,,,,0.000358502
2107.2,,,,,,,,,,,,,0.000360005
2107.3,,,,,,,,,,,,,0.000362002
2107.4,,,,,,,,,,,,,0.000364
2107.5,,,,,,,,,,,,,0.000366
2107.6,,,,,,,,,,,,,0.000368
2107.7,,,,,,,,,,,,,0.000370002
2107.8,,,,,,,,,,,,,0.000372
2107.9,,,,,,,,,,,,,0.000373498
2108.0,,,,,,,,,,,,,0.000375
2108.1,,,,,,,,,,,,,0.000380006
2108.2,,,,,,,,,,,,,0.000385012
2108.3,,,,,,,,,,,,,0.000390006
2108.4,,,,,,,,,,,,,0.000395
2108.5,,,,,,,,,,,,,0.0004
2108.6,,,,,,,,,,,,,0.000405
2108.7,,,,,,,,,,,,,0.000409506
2108.8,,,,,,,,,,,,,0.000414
2108.9,,,,,,,,,,,,,0.000418994
2109.0,,,,,,,,,,,,,0.000424
2109.1,,,,,,,,,,,,,0.000500093
2109.2,,,,,,,,,,,,,0.000576186
2109.3,,,,,,,,,,,,,0.000652093
2109.4,,,,,,,,,,,,,0.000728
2109.5,,,,,,,,,,,,,0.000804
2109.6,,,,,,,,,,,,,0.00088
2109.7,,,,,,,,,,,,,0.000955592
2109.8,,,,,,,,,,,,,0.001031
2109.9,,,,,,,,,,,,,0.00110691
2110.0,,,,,,,,,,,,,0.001183
2110.1,,,,,,,,,,,,,0.00119001
2110.2,,,,,,,,,,,,,0.00119702
2110.3,,,,,,,,,,,,,0.00120401
2110.4,,,,,,,,,,,,,0.001211
2110.5,,,,,,,,,,,,,0.001218
2110.6,,,,,,,,,,,,,0.001225
2110.7,,,,,,,,,,,,,0.00123201
2110.8,,,,,,,,,,,,,0.001239
2110.9,,,,,,,,,,,,,0.00124599
2111.0,,,,,,,,,,,,,0.001253
2111.1,,,,,,,,,,,,,0.00126301
2111.2,,,,,,,,,,,,,0.00127302
2111.3,,,,,,,,,,,,,0.00128251
2111.4,,,,,,,,,,,,,0.001292
2111.5,,,,,,,,,,,,,0.0013015
2111.6,,,,,,,,,,,,,0.001311
2111.7,,,,,,,,,,,,,0.00132101
2111.8,,,,,,,,,,,,,0.001331
2111.9,,,,,,,,,,,,,0.00134049
2112.0,,,,,,,,,,,,,0.00135
2112.1,,,,,,,,,,,,,0.00135801
2112.2,,,,,,,,,,,,,0.00136602
2112.3,,,,,,,,,,,,,0.00137351
2112.4,,,,,,,,,,,,,0.001381
2112.5,,,,,,,,,,,,,0.001389
2112.6,,,,,,,,,,,,,0.001397
2112.7,,,,,,,,,,,,,0.00140451
2112.8,,,,,,,,,,,,,0.001412
2112.9,,,,,,,,,,,,,0.00141999
2113.0,,,,,,,,,,,,,0.001428
2113.1,,,,,,,,,,,,,0.00143401
2113.2,,,,,,,,,,,,,0.00144002
2113.3,,,,,,,,,,,,,0.00144651
2113.4,,,,,,,,,,,,,0.001453
2113.5,,,,,,,,,,,,,0.001459
2113.6,,,,,,,,,,,,,0.001465
2113.7,,,,,,,,,,,,,0.00147151
2113.8,,,,,,,,,,,,,0.001478
2113.9,,,,,,,,,,,,,0.00148399
2114.0,,,,,,,,,,,,,0.00149
2114.1,,,,,,,,,,,,,0.001493
2114.2,,,,,,,,,,,,,0.00149601
2114.3,,,,,,,,,,,,,0.0014995
2114.4,,,,,,,,,,,,,0.001503
2114.5,,,,,,,,,,,,,0.001506
2114.6,,,,,,,,,,,,,0.001509
2114.7,,,,,,,,,,,,,0.001512
2114.8,,,,,,,,,,,,,0.001515
2114.9,,,,,,,,,,,,,0.001518
2115.0,,,,,,,,,,,,,0.001521
2115.1,,,,,,,,,,,,,0.001524
2115.2,,,,,,,,,,,,,0.00152701
2115.3,,,,,,,,,,,,,0.00153
2115.4,,,,,,,,,,,,,0.001533
2115.5,,,,,,,,,,,,,0.0015355
2115.6,,,,,,,,,,,,,0.001538
2115.7,,,,,,,,,,,,,0.001541
2115.8,,,,,,,,,,,,,0.001544
2115.9,,,,,,,,,,,,,0.001547
2116.0,,,,,,,,,,,,,0.00155
2116.1,,,,,,,,,,,,,0.00155551
2116.2,,,,,,,,,,,,,0.00156101
2116.3,,,,,,,,,,,,,0.00156651
2116.4,,,,,,,,,,,,,0.001572
2116.5,,,,,,,,,,,,,0.0015775
2116.6,,,,,,,,,,,,,0.001583
2116.7,,,,,,,,,,,,,0.00158851
2116.8,,,,,,,,,,,,,0.001594
2116.9,,,,,,,,,,,,,0.00159999
2117.0,,,,,,,,,,,,,0.001606
2117.1,,,,,,,,,,,,,0.00161351
2117.2,,,,,,,,,,,,,0.00162102
2117.3,,,,,,,,,,,,,0.00162851
2117.4,,,,,,,,,,,,,0.001636
2117.5,,,,,,,,,,,,,0.0016435
2117.6,,,,,,,,,,,,,0.001651
2117.7,,,,,,,,,,,,,0.00165901
2117.8,,,,,,,,,,,,,0.001667
2117.9,,,,,,,,,,,,,0.00167449
2118.0,,,,,,,,,,,,,0.001682
2118.1,,,,,,,,,,,,,0.00169251
2118.2,,,,,,,,,,,,,0.00170303
2118.3,,,,,,,,,,,,,0.00171351
2118.4,,,,,,,,,,,,,0.001724
2118.5,,,,,,,,,,,,,0.0017345
2118.6,,,,,,,,,,,,,0.001745
2118.7,,,,,,,,,,,,,0.00175551
2118.8,,,,,,,,,,,,,0.001766
2118.9,,,,,,,,,,,,,0.00177599
2119.0,,,,,,,,,,,,,0.001786
2119.1,,,,,,,,,,,,,0.00179601
2119.2,,,,,,,,,,,,,0.00180602
2119.3,,,,,,,,,,,,,0.00181601
2119.4,,,,,,,,,,,,,0.001826
2119.5,,,,,,,,,,,,,0.0018355
2119.6,,,,,,,,,,,,,0.001845
2119.7,,,,,,,,,,,,,0.00185501
2119.8,,,,,,,,,,,,,0.001865
2119.9,,,,,,,,,,,,,0.00187449
2120.0,,,,,,,,,,,,,0.001884
2120.1,,,,,,,,,,,,,0.00189451
2120.2,,,,,,,,,,,,,0.00190503
2120.3,,,,,,,,,,,,,0.00191551
2120.4,,,,,,,,,,,,,0.001926
2120.5,,,,,,,,,,,,,0.0019365
2120.6,,,,,,,,,,,,,0.001947
2120.7,,,,,,,,,,,,,0.00195701
2120.8,,,,,,,,,,,,,0.001967
2120.9,,,,,,,,,,,,,0.00197749
2121.0,,,,,,,,,,,,,0.001988
2121.1,,,,,,,,,,,,,0.00199501
2121.2,,,,,,,,,,,,,0.00200202
2121.3,,,,,,,,,,,,,0.00200851
2121.4,,,,,,,,,,,,,0.002015
2121.5,,,,,,,,,,,,,0.002022
2121.6,,,,,,,,,,,,,0.002029
2121.7,,,,,,,,,,,,,0.00203551
2121.8,,,,,,,,,,,,,0.002042
2121.9,,,,,,,,,,,,,0.00204899
2122.0,,,,,,,,,,,,,0.002056
2122.1,,,,,,,,,,,,,0.0020525
2122.2,,,,,,,,,,,,,0.00204899
2122.3,,,,,,,,,,,,,0.0020455
2122.4,,,,,,,,,,,,,0.002042
2122.5,,,,,,,,,,,,,0.0020385
2122.6,,,,,,,,,,,,,0.002035
2122.7,,,,,,,,,,,,,0.0020315
2122.8,,,,,,,,,,,,,0.002028
2122.9,,,,,,,,,,,,,0.0020245
2123.0,,,,,,,,,,,,,0.002021
2123.1,,,,,,,,,,,,,0.00201599
2123.2,,,,,,,,,,,,,0.00201099
2123.3,,,,,,,,,,,,,0.00200599
2123.4,,,,,,,,,,,,,0.002001
2123.5,,,,,,,,,,,,,0.001996
2123.6,,,,,,,,,,,,,0.001991
2123.7,,,,,,,,,,,,,0.00198649
2123.8,,,,,,,,,,,,,0.001982
2123.9,,,,,,,,,,,,,0.00197701
2124.0,,,,,,,,,,,,,0.001972
2124.1,,,,,,,,,,,,,0.00196699
2124.2,,,,,,,,,,,,,0.00196199
2124.3,,,,,,,,,,,,,0.00195699
2124.4,,,,,,,,,,,,,0.001952
2124.5,,,,,,,,,,,,,0.001947
2124.6,,,,,,,,,,,,,0.001942
2124.7,,,,,,,,,,,,,0.00193699
2124.8,,,,,,,,,,,,,0.001932
2124.9,,,,,,,,,,,,,0.00192701
2125.0,,,,,,,,,,,,,0.001922
2125.1,,,,,,,,,,,,,0.00192
2125.2,,,,,,,,,,,,,0.001918
2125.3,,,,,,,,,,,,,0.0019165
2125.4,,,,,,,,,,,,,0.001915
2125.5,,,,,,,,,,,,,0.001913
2125.6,,,,,,,,,,,,,0.001911
2125.7,,,,,,,,,,,,,0.0019095
2125.8,,,,,,,,,,,,,0.001908
2125.9,,,,,,,,,,,,,0.001906
2126.0,,,,,,,,,,,,,0.001904
2126.1,,,,,,,,,,,,,0.00191201
2126.2,,,,,,,,,,,,,0.00192002
2126.3,,,,,,,,,,,,,0.00192801
2126.4,,,,,,,,,,,,,0.001936
2126.5,,,,,,,,,,,,,0.001944
2126.6,,,,,,,,,,,,,0.001952
2126.7,,,,,,,,,,,,,0.00196001
2126.8,,,,,,,,,,,,,0.001968
2126.9,,,,,,,,,,,,,0.00197599
2127.0,,,,,,,,,,,,,0.001984
2127.1,,,,,,,,,,,,,0.00199501
2127.2,,,,,,,,,,,,,0.00200603
2127.3,,,,,,,,,,,,,0.00201651
2127.4,,,,,,,,,,,,,0.002027
2127.5,,,,,,,,,,,,,0.002038
2127.6,,,,,,,,,,,,,0.002049
2127.7,,,,,,,,,,,,,0.00205951
2127.8,,,,,,,,,,,,,0.00207
2127.9,,,,,,,,,,,,,0.00208099
2128.0,,,,,,,,,,,,,0.002092
2128.1,,,,,,,,,,,,,0.00210201
2128.2,,,,,,,,,,,,,0.00211202
2128.3,,,,,,,,,,,,,0.00212201
2128.4,,,,,,,,,,,,,0.002132
2128.5,,,,,,,,,,,,,0.0021425
2128.6,,,,,,,,,,,,,0.002153
2128.7,,,,,,,,,,,,,0.00216301
2128.8,,,,,,,,,,,,,0.002173
2128.9,,,,,,,,,,,,,0.00218299
2129.0,,,,,,,,,,,,,0.002193
2129.1,,,,,,,,,,,,,0.00219901
2129.2,,,,,,,,,,,,,0.00220501
2129.3,,,,,,,,,,,,,0.00221101
2129.4,,,,,,,,,,,,,0.002217
2129.5,,,,,,,,,,,,,0.002223
2129.6,,,,,,,,,,,,,0.002229
2129.7,,,,,,,,,,,,,0.00223501
2129.8,,,,,,,,,,,,,0.002241
2129.9,,,,,,,,,,,,,0.00224699
2130.0,,,,,,,,,,,,,0.002253
2130.1,,,,,,,,,,,,,0.00224649
2130.2,,,,,,,,,,,,,0.00223999
2130.3,,,,,,,,,,,,,0.00223399
2130.4,,,,,,,,,,,,,0.002228
2130.5,,,,,,,,,,,,,0.0022215
2130.6,,,,,,,,,,,,,0.002215
2130.7,,,,,,,,,,,,,0.00220849
2130.8,,,,,,,,,,,,,0.002202
2130.9,,,,,,,,,,,,,0.00219551
2131.0,,,,,,,,,,,,,0.002189
2131.1,,,,,,,,,,,,,0.00218349
2131.2,,,,,,,,,,,,,0.00217799
2131.3,,,,,,,,,,,,,0.00217249
2131.4,,,,,,,,,,,,,0.002167
2131.5,,,,,,,,,,,,,0.0021615
2131.6,,,,,,,,,,,,,0.002156
2131.7,,,,,,,,,,,,,0.00215049
2131.8,,,,,,,,,,,,,0.002145
2131.9,,,,,,,,,,,,,0.00213951
2132.0,,,,,,,,,,,,,0.002134
2132.1,,,,,,,,,,,,,0.00214101
2132.2,,,,,,,,,,,,,0.00214802
2132.3,,,,,,,,,,,,,0.00215451
2132.4,,,,,,,,,,,,,0.002161
2132.5,,,,,,,,,,,,,0.002168
2132.6,,,,,,,,,,,,,0.002175
2132.7,,,,,,,,,,,,,0.00218151
2132.8,,,,,,,,,,,,,0.002188
2132.9,,,,,,,,,,,,,0.00219499
2133.0,,,,,,,,,,,,,0.002202
2133.1,,,,,,,,,,,,,0.00221401
2133.2,,,,,,,,,,,,,0.00222603
2133.3,,,,,,,,,,,,,0.00223801
2133.4,,,,,,,,,,,,,0.00225
2133.5,,,,,,,,,,,,,0.002262
2133.6,,,,,,,,,,,,,0.002274
2133.7,,,,,,,,,,,,,0.00228601
2133.8,,,,,,,,,,,,,0.002298
2133.9,,,,,,,,,,,,,0.00230999
2134.0,,,,,,,,,,,,,0.002322
2134.1,,,,,,,,,,,,,0.00233702
2134.2,,,,,,,,,,,,,0.00235204
2134.3,,,,,,,,,,,,,0.00236702
2134.4,,,,,,,,,,,,,0.002382
2134.5,,,,,,,,,,,,,0.002397
2134.6,,,,,,,,,,,,,0.002412
2134.7,,,,,,,,,,,,,0.00242702
2134.8,,,,,,,,,,,,,0.002442
2134.9,,,,,,,,,,,,,0.00245698
2135.0,,,,,,,,,,,,,0.002472
2135.1,,,,,,,,,,,,,0.00249202
2135.2,,,,,,,,,,,,,0.00251205
2135.3,,,,,,,,,,,,,0.00253152
2135.4,,,,,,,,,,,,,0.002551
2135.5,,,,,,,,,,,,,0.002571
2135.6,,,,,,,,,,,,,0.002591
2135.7,,,,,,,,,,,,,0.00261052
2135.8,,,,,,,,,,,,,0.00263
2135.9,,,,,,,,,,,,,0.00264998
2136.0,,,,,,,,,,,,,0.00267
2136.1,,,,,,,,,,,,,0.00269153
2136.2,,,,,,,,,,,,,0.00271305
2136.3,,,,,,,,,,,,,0.00273403
2136.4,,,,,,,,,,,,,0.002755
2136.5,,,,,,,,,,,,,0.0027765
2136.6,,,,,,,,,,,,,0.002798
2136.7,,,,,,,,,,,,,0.00281953
2136.8,,,,,,,,,,,,,0.002841
2136.9,,,,,,,,,,,,,0.00286247
2137.0,,,,,,,,,,,,,0.002884
2137.1,,,,,,,,,,,,,0.00290302
2137.2,,,,,,,,,,,,,0.00292205
2137.3,,,,,,,,,,,,,0.00294102
2137.4,,,,,,,,,,,,,0.00296
2137.5,,,,,,,,,,,,,0.002979
2137.6,,,,,,,,,,,,,0.002998
2137.7,,,,,,,,,,,,,0.00301752
2137.8,,,,,,,,,,,,,0.003037
2137.9,,,,,,,,,,,,,0.00305598
2138.0,,,,,,,,,,,,,0.003075
2138.1,,,,,,,,,,,,,0.00308151
2138.2,,,,,,,,,,,,,0.00308802
2138.3,,,,,,,,,,,,,0.00309451
2138.4,,,,,,,,,,,,,0.003101
2138.5,,,,,,,,,,,,,0.0031075
2138.6,,,,,,,,,,,,,0.003114
2138.7,,,,,,,,,,,,,0.00312051
2138.8,,,,,,,,,,,,,0.003127
2138.9,,,,,,,,,,,,,0.00313349
2139.0,,,,,,,,,,,,,0.00314
2139.1,,,,,,,,,,,,,0.00314551
2139.2,,,,,,,,,,,,,0.00315101
2139.3,,,,,,,,,,,,,0.00315601
2139.4,,,,,,,,,,,,,0.003161
2139.5,,,,,,,,,,,,,0.0031665
2139.6,,,,,,,,,,,,,0.003172
2139.7,,,,,,,,,,,,,0.00317701
2139.8,,,,,,,,,,,,,0.003182
2139.9,,,,,,,,,,,,,0.00318699
2140.0,,,,,,,,,,,,,0.003192
2140.1,,,,,,,,,,,,,0.00320051
2140.2,,,,,,,,,,,,,0.00320902
2140.3,,,,,,,,,,,,,0.00321701
2140.4,,,,,,,,,,,,,0.003225
2140.5,,,,,,,,,,,,,0.003233
2140.6,,,,,,,,,,,,,0.003241
2140.7,,,,,,,,,,,,,0.00324901
2140.8,,,,,,,,,,,,,0.003257
2140.9,,,,,,,,,,,,,0.00326549
2141.0,,,,,,,,,,,,,0.003274
2141.1,,,,,,,,,,,,,0.00328652
2141.2,,,,,,,,,,,,,0.00329903
2141.3,,,,,,,,,,,,,0.00331202
2141.4,,,,,,,,,,,,,0.003325
2141.5,,,,,,,,,,,,,0.003338
2141.6,,,,,,,,,,,,,0.003351
2141.7,,,,,,,,,,,,,0.00336402
2141.8,,,,,,,,,,,,,0.003377
2141.9,,,,,,,,,,,,,0.00338998
2142.0,,,,,,,,,,,,,0.003403
2142.1,,,,,,,,,,,,,0.00342403
2142.2,,,,,,,,,,,,,0.00344505
2142.3,,,,,,,,,,,,,0.00346603
2142.4,,,,,,,,,,,,,0.003487
2142.5,,,,,,,,,,,,,0.0035075
2142.6,,,,,,,,,,,,,0.003528
2142.7,,,,,,,,,,,,,0.00354903
2142.8,,,,,,,,,,,,,0.00357
2142.9,,,,,,,,,,,,,0.00359097
2143.0,,,,,,,,,,,,,0.003612
2143.1,,,,,,,,,,,,,0.00363953
2143.2,,,,,,,,,,,,,0.00366707
2143.3,,,,,,,,,,,,,0.00369403
2143.4,,,,,,,,,,,,,0.003721
2143.5,,,,,,,,,,,,,0.003748
2143.6,,,,,,,,,,,,,0.003775
2143.7,,,,,,,,,,,,,0.00380253
2143.8,,,,,,,,,,,,,0.00383
2143.9,,,,,,,,,,,,,0.00385697
2144.0,,,,,,,,,,,,,0.003884
2144.1,,,,,,,,,,,,,0.00391704
2144.2,,,,,,,,,,,,,0.00395008
2144.3,,,,,,,,,,,,,0.00398304
2144.4,,,,,,,,,,,,,0.004016
2144.5,,,,,,,,,,,,,0.0040485
2144.6,,,,,,,,,,,,,0.004081
2144.7,,,,,,,,,,,,,0.00411404
2144.8,,,,,,,,,,,,,0.004147
2144.9,,,,,,,,,,,,,0.00417996
2145.0,,,,,,,,,,,,,0.004213
2145.1,,,,,,,,,,,,,0.00424354
2145.2,,,,,,,,,,,,,0.00427407
2145.3,,,,,,,,,,,,,0.00430454
2145.4,,,,,,,,,,,,,0.004335
2145.5,,,,,,,,,,,,,0.0043655
2145.6,,,,,,,,,,,,,0.004396
2145.7,,,,,,,,,,,,,0.00442654
2145.8,,,,,,,,,,,,,0.004457
2145.9,,,,,,,,,,,,,0.00448746
2146.0,,,,,,,,,,,,,0.004518
2146.1,,,,,,,,,,,,,0.00454403
2146.2,,,,,,,,,,,,,0.00457006
2146.3,,,,,,,,,,,,,0.00459553
2146.4,,,,,,,,,,,,,0.004621
2146.5,,,,,,,,,,,,,0.004647
2146.6,,,,,,,,,,,,,0.004673
2146.7,,,,,,,,,,,,,0.00469903
2146.8,,,,,,,,,,,,,0.004725
2146.9,,,,,,,,,,,,,0.00475097
2147.0,,,,,,,,,,,,,0.004777
2147.1,,,,,,,,,,,,,0.00480403
2147.2,,,,,,,,,,,,,0.00483107
2147.3,,,,,,,,,,,,,0.00485803
2147.4,,,,,,,,,,,,,0.004885
2147.5,,,,,,,,,,,,,0.0049115
2147.6,,,,,,,,,,,,,0.004938
2147.7,,,,,,,,,,,,,0.00496503
2147.8,,,,,,,,,,,,,0.004992
2147.9,,,,,,,,,,,,,0.00501897
2148.0,,,,,,,,,,,,,0.005046
2148.1,,,,,,,,,,,,,0.00508355
2148.2,,,,,,,,,,,,,0.00512109
2148.3,,,,,,,,,,,,,0.00515905
2148.4,,,,,,,,,,,,,0.005197
2148.5,,,,,,,,,,,,,0.0052345
2148.6,,,,,,,,,,,,,0.005272
2148.7,,,,,,,,,,,,,0.00531005
2148.8,,,,,,,,,,,,,0.005348
2148.9,,,,,,,,,,,,,0.00538545
2149.0,,,,,,,,,,,,,0.005423
2149.1,,,,,,,,,,,,,0.00547056
2149.2,,,,,,,,,,,,,0.00551812
2149.3,,,,,,,,,,,,,0.00556556
2149.4,,,,,,,,,,,,,0.005613
2149.5,,,,,,,,,,,,,0.00566
2149.6,,,,,,,,,,,,,0.005707
2149.7,,,,,,,,,,,,,0.00575456
2149.8,,,,,,,,,,,,,0.005802
2149.9,,,,,,,,,,,,,0.00584944
2150.0,,,,,,,,,,,,,0.005897
2150.1,,,,,,,,,,,,,0.00595006
2150.2,,,,,,,,,,,,,0.00600313
2150.3,,,,,,,,,,,,,0.00605606
2150.4,,,,,,,,,,,,,0.006109
2150.5,,,,,,,,,,,,,0.006162
2150.6,,,,,,,,,,,,,0.006215
2150.7,,,,,,,,,,,,,0.00626806
2150.8,,,,,,,,,,,,,0.006321
2150.9,,,,,,,,,,,,,0.00637394
2151.0,,,,,,,,,,,,,0.006427
2151.1,,,,,,,,,,,,,0.00648557
2151.2,,,,,,,,,,,,,0.00654414
2151.3,,,,,,,,,,,,,0.00660257
2151.4,,,,,,,,,,,,,0.006661
2151.5,,,,,,,,,,,,,0.0067195
2151.6,,,,,,,,,,,,,0.006778
2151.7,,,,,,,,,,,,,0.00683657
2151.8,,,,,,,,,,,,,0.006895
2151.9,,,,,,,,,,,,,0.00695343
2152.0,,,,,,,,,,,,,0.007012
2152.1,,,,,,,,,,,,,0.00708108
2152.2,,,,,,,,,,,,,0.00715017
2152.3,,,,,,,,,,,,,0.00721958
2152.4,,,,,,,,,,,,,0.007289
2152.5,,,,,,,,,,,,,0.007358
2152.6,,,,,,,,,,,,,0.007427
2152.7,,,,,,,,,,,,,0.00749658
2152.8,,,,,,,,,,,,,0.007566
2152.9,,,,,,,,,,,,,0.00763492
2153.0,,,,,,,,,,,,,0.007704
2153.1,,,,,,,,,,,,,0.0077861
2153.2,,,,,,,,,,,,,0.0078682
2153.3,,,,,,,,,,,,,0.0079496
2153.4,,,,,,,,,,,,,0.008031
2153.5,,,,,,,,,,,,,0.008113
2153.6,,,,,,,,,,,,,0.008195
2153.7,,,,,,,,,,,,,0.0082766
2153.8,,,,,,,,,,,,,0.008358
2153.9,,,,,,,,,,,,,0.0084399
2154.0,,,,,,,,,,,,,0.008522
2154.1,,,,,,,,,,,,,0.0086031
2154.2,,,,,,,,,,,,,0.0086842
2154.3,,,,,,,,,,,,,0.0087656
2154.4,,,,,,,,,,,,,0.008847
2154.5,,,,,,,,,,,,,0.008928
2154.6,,,,,,,,,,,,,0.009009
2154.7,,,,,,,,,,,,,0.0090901
2154.8,,,,,,,,,,,,,0.009171
2154.9,,,,,,,,,,,,,0.0092524
2155.0,,,,,,,,,,,,,0.009334
2155.1,,,,,,,,,,,,,0.00942561
2155.2,,,,,,,,,,,,,0.00951722
2155.3,,,,,,,,,,,,,0.00960861
2155.4,,,,,,,,,,,,,0.0097
2155.5,,,,,,,,,,,,,0.009792
2155.6,,,,,,,,,,,,,0.009884
2155.7,,,,,,,,,,,,,0.00997561
2155.8,,,,,,,,,,,,,0.010067
2155.9,,,,,,,,,,,,,0.0101584
2156.0,,,,,,,,,,,,,0.01025
2156.1,,,,,,,,,,,,,0.0103511
2156.2,,,,,,,,,,,,,0.0104522
2156.3,,,,,,,,,,,,,0.0105531
2156.4,,,,,,,,,,,,,0.010654
2156.5,,,,,,,,,,,,,0.010755
2156.6,,,,,,,,,,,,,0.010856
2156.7,,,,,,,,,,,,,0.0109571
2156.8,,,,,,,,,,,,,0.011058
2156.9,,,,,,,,,,,,,0.0111584
2157.0,,,,,,,,,,,,,0.011259
2157.1,,,,,,,,,,,,,0.0113761
2157.2,,,,,,,,,,,,,0.0114933
2157.3,,,,,,,,,,,,,0.0116101
2157.4,,,,,,,,,,,,,0.011727
2157.5,,,,,,,,,,,,,0.0118435
2157.6,,,,,,,,,,,,,0.01196
2157.7,,,,,,,,,,,,,0.0120771
2157.8,,,,,,,,,,,,,0.012194
2157.9,,,,,,,,,,,,,0.0123104
2158.0,,,,,,,,,,,,,0.012427
2158.1,,,,,,,,,,,,,0.0125772
2158.2,,,,,,,,,,,,,0.0127274
2158.3,,,,,,,,,,,,,0.0128772
2158.4,,,,,,,,,,,,,0.013027
2158.5,,,,,,,,,,,,,0.0131765
2158.6,,,,,,,,,,,,,0.013326
2158.7,,,,,,,,,,,,,0.0134762
2158.8,,,,,,,,,,,,,0.013626
2158.9,,,,,,,,,,,,,0.0137753
2159.0,,,,,,,,,,,,,0.013925
2159.1,,,,,,,,,,,,,0.0140922
2159.2,,,,,,,,,,,,,0.0142594
2159.3,,,,,,,,,,,,,0.0144262
2159.4,,,,,,,,,,,,,0.014593
2159.5,,,,,,,,,,,,,0.01476
2159.6,,,,,,,,,,,,,0.014927
2159.7,,,,,,,,,,,,,0.0150937
2159.8,,,,,,,,,,,,,0.01526
2159.9,,,,,,,,,,,,,0.0154268
2160.0,,,,,,,,,,,,,0.015594
2160.1,,,,,,,,,,,,,0.0157742
2160.2,,,,,,,,,,,,,0.0159544
2160.3,,,,,,,,,,,,,0.0161342
2160.4,,,,,,,,,,,,,0.016314
2160.5,,,,,,,,,,,,,0.016494
2160.6,,,,,,,,,,,,,0.016674
2160.7,,,,,,,,,,,,,0.0168537
2160.8,,,,,,,,,,,,,0.017033
2160.9,,,,,,,,,,,,,0.0172128
2161.0,,,,,,,,,,,,,0.017393
2161.1,,,,,,,,,,,,,0.0175952
2161.2,,,,,,,,,,,,,0.0177975
2161.3,,,,,,,,,,,,,0.0179992
2161.4,,,,,,,,,,,,,0.018201
2161.5,,,,,,,,,,,,,0.018403
2161.6,,,,,,,,,,,,,0.018605
2161.7,,,,,,,,,,,,,0.0188077
2161.8,,,,,,,,,,,,,0.01901
2161.9,,,,,,,,,,,,,0.0192118
2162.0,,,,,,,,,,,,,0.019414
2162.1,,,,,,,,,,,,,0.0196603
2162.2,,,,,,,,,,,,,0.0199066
2162.3,,,,,,,,,,,,,0.0201523
2162.4,,,,,,,,,,,,,0.020398
2162.5,,,,,,,,,,,,,0.020644
2162.6,,,,,,,,,,,,,0.02089
2162.7,,,,,,,,,,,,,0.0211363
2162.8,,,,,,,,,,,,,0.021382
2162.9,,,,,,,,,,,,,0.0216277
2163.0,,,,,,,,,,,,,0.021874
2163.1,,,,,,,,,,,,,0.0221639
2163.2,,,,,,,,,,,,,0.0224537
2163.3,,,,,,,,,,,,,0.0227424
2163.4,,,,,,,,,,,,,0.023031
2163.5,,,,,,,,,,,,,0.0233205
2163.6,,,,,,,,,,,,,0.02361
2163.7,,,,,,,,,,,,,0.0238994
2163.8,,,,,,,,,,,,,0.024188
2163.9,,,,,,,,,,,,,0.0244766
2164.0,,,,,,,,,,,,,0.024766
2164.1,,,,,,,,,,,,,0.0250974
2164.2,,,,,,,,,,,,,0.0254288
2164.3,,,,,,,,,,,,,0.0257589
2164.4,,,,,,,,,,,,,0.026089
2164.5,,,,,,,,,,,,,0.02642
2164.6,,,,,,,,,,,,,0.026751
2164.7,,,,,,,,,,,,,0.0270819
2164.8,,,,,,,,,,,,,0.027412
2164.9,,,,,,,,,,,,,0.0277421
2165.0,,,,,,,,,,,,,0.028073
2165.1,,,,,,,,,,,,,0.028456
2165.2,,,,,,,,,,,,,0.0288389
2165.3,,,,,,,,,,,,,0.029221
2165.4,,,,,,,,,,,,,0.029603
2165.5,,,,,,,,,,,,,0.0299855
2165.6,,,,,,,,,,,,,0.030368
2165.7,,,,,,,,,,,,,0.030751
2165.8,,,,,,,,,,,,,0.031133
2165.9,,,,,,,,,,,,,0.0315145
2166.0,,,,,,,,,,,,,0.031897
2166.1,,,,,,,,,,,,,0.03234
2166.2,,,,,,,,,,,,,0.0327831
2166.3,,,,,,,,,,,,,0.033225
2166.4,,,,,,,,,,,,,0.033667
2166.5,,,,,,,,,,,,,0.034109
2166.6,,,,,,,,,,,,,0.034551
2166.7,,,,,,,,,,,,,0.034994
2166.8,,,,,,,,,,,,,0.035436
2166.9,,,,,,,,,,,,,0.035878
2167.0,,,,,,,,,,,,,0.036321
2167.1,,,,,,,,,,,,,0.0368587
2167.2,,,,,,,,,,,,,0.0373963
2167.3,,,,,,,,,,,,,0.0379327
2167.4,,,,,,,,,,,,,0.038469
2167.5,,,,,,,,,,,,,0.039006
2167.6,,,,,,,,,,,,,0.039543
2167.7,,,,,,,,,,,,,0.0400807
2167.8,,,,,,,,,,,,,0.040617
2167.9,,,,,,,,,,,,,0.0411533
2168.0,,,,,,,,,,,,,0.041691
2168.1,,,,,,,,,,,,,0.0423373
2168.2,,,,,,,,,,,,,0.0429836
2168.3,,,,,,,,,,,,,0.0436283
2168.4,,,,,,,,,,,,,0.044273
2168.5,,,,,,,,,,,,,0.044918
2168.6,,,,,,,,,,,,,0.045563
2168.7,,,,,,,,,,,,,0.0462093
2168.8,,,,,,,,,,,,,0.046854
2168.9,,,,,,,,,,,,,0.0474987
2169.0,,,,,,,,,,,,,0.048145
2169.1,,,,,,,,,,,,,0.0489395
2169.2,,,,,,,,,,,,,0.0497339
2169.3,,,,,,,,,,,,,0.0505265
2169.4,,,,,,,,,,,,,0.051319
2169.5,,,,,,,,,,,,,0.052112
2169.6,,,,,,,,,,,,,0.052905
2169.7,,,,,,,,,,,,,0.0536995
2169.8,,,,,,,,,,,,,0.054492
2169.9,,,,,,,,,,,,,0.0552845
2170.0,,,,,,,,,,,,,0.056079
2170.1,,,,,,,,,,,,,0.0569931
2170.2,,,,,,,,,,,,,0.0579072
2170.3,,,,,,,,,,,,,0.0588196
2170.4,,,,,,,,,,,,,0.059732
2170.5,,,,,,,,,,,,,0.060645
2170.6,,,,,,,,,,,,,0.061558
2170.7,,,,,,,,,,,,,0.0624726
2170.8,,,,,,,,,,,,,0.063385
2170.9,,,,,,,,,,,,,0.0642974
2171.0,,,,,,,,,,,,,0.065212
2171.1,,,,,,,,,,,,,0.0663093
2171.2,,,,,,,,,,,,,0.0674067
2171.3,,,,,,,,,,,,,0.0685013
2171.4,,,,,,,,,,,,,0.069596
2171.5,,,,,,,,,,,,,0.070692
2171.6,,,,,,,,,,,,,0.071788
2171.7,,,,,,,,,,,,,0.0728858
2171.8,,,,,,,,,,,,,0.073981
2171.9,,,,,,,,,,,,,0.0750757
2172.0,,,,,,,,,,,,,0.076173
2172.1,,,,,,,,,,,,,0.0774531
2172.2,,,,,,,,,,,,,0.0787331
2172.3,,,,,,,,,,,,,0.0800101
2172.4,,,,,,,,,,,,,0.081287
2172.5,,,,,,,,,,,,,0.0825655
2172.6,,,,,,,,,,,,,0.083844
2172.7,,,,,,,,,,,,,0.0851241
2172.8,,,,,,,,,,,,,0.086401
2172.9,,,,,,,,,,,,,0.0876779
2173.0,,,,,,,,,,,,,0.088958
2173.1,,,,,,,,,,,,,0.0904363
2173.2,,,,,,,,,,,,,0.0919146
2173.3,,,,,,,,,,,,,0.0933893
2173.4,,,,,,,,,,,,,0.094864
2173.5,,,,,,,,,,,,,0.0963405
2173.6,,,,,,,,,,,,,0.097817
2173.7,,,,,,,,,,,,,0.0992953
2173.8,,,,,,,,,,,,,0.10077
2173.9,,,,,,,,,,,,,0.102245
2174.0,,,,,,,,,,,,,0.103723
2174.1,,,,,,,,,,,,,0.10545
2174.2,,,,,,,,,,,,,0.107176
2174.3,,,,,,,,,,,,,0.108899
2174.4,,,,,,,,,,,,,0.110622
2174.5,,,,,,,,,,,,,0.112347
2174.6,,,,,,,,,,,,,0.114071
2174.7,,,,,,,,,,,,,0.115798
2174.8,,,,,,,,,,,,,0.117521
2174.9,,,,,,,,,,,,,0.119243
2175.0,,,,,,,,,,,,,0.12097
2175.1,,,,,,,,,,,,,0.122978
2175.2,,,,,,,,,,,,,0.124986
2175.3,,,,,,,,,,,,,0.126989
2175.4,,,,,,,,,,,,,0.128992
2175.5,,,,,,,,,,,,,0.130998
2175.6,,,,,,,,,,,,,0.133003
2175.7,,,,,,,,,,,,,0.135011
2175.8,,,,,,,,,,,,,0.137014
2175.9,,,,,,,,,,,,,0.139017
2176.0,,,,,,,,,,,,,0.141025
2176.1,,,,,,,,,,,,,0.143368
2176.2,,,,,,,,,,,,,0.145712
2176.3,,,,,,,,,,,,,0.14805
2176.4,,,,,,,,,,,,,0.150388
2176.5,,,,,,,,,,,,,0.152728
2176.6,,,,,,,,,,,,,0.155069
2176.7,,,,,,,,,,,,,0.157412
2176.8,,,,,,,,,,,,,0.15975
2176.9,,,,,,,,,,,,,0.162088
2177.0,,,,,,,,,,,,,0.164431
2177.1,,,,,,,,,,,,,0.167175
2177.2,,,,,,,,,,,,,0.169919
2177.3,,,,,,,,,,,,,0.172655
2177.4,,,,,,,,,,,,,0.175392
2177.5,,,,,,,,,,,,,0.178133
2177.6,,,,,,,,,,,,,0.180873
2177.7,,,,,,,,,,,,,0.183616
2177.8,,,,,,,,,,,,,0.186353
2177.9,,,,,,,,,,,,,0.18909
2178.0,,,,,,,,,,,,,0.191834
2178.1,,,,,,,,,,,,,0.194955
2178.2,,,,,,,,,,,,,0.198076
2178.3,,,,,,,,,,,,,0.201189
2178.4,,,,,,,,,,,,,0.204303
2178.5,,,,,,,,,,,,,0.20742
2178.6,,,,,,,,,,,,,0.210537
2178.7,,,,,,,,,,,,,0.213658
2178.8,,,,,,,,,,,,,0.216771
2178.9,,,,,,,,,,,,,0.219885
2179.0,,,,,,,,,,,,,0.223006
2179.1,,,,,,,,,,,,,0.226441
2179.2,,,,,,,,,,,,,0.229875
2179.3,,,,,,,,,,,,,0.233302
2179.4,,,,,,,,,,,,,0.236729
2179.5,,,,,,,,,,,,,0.240159
2179.6,,,,,,,,,,,,,0.24359
2179.7,,,,,,,,,,,,,0.247025
2179.8,,,,,,,,,,,,,0.250452
2179.9,,,,,,,,,,,,,0.253878
2180.0,,,,,,,,,,,,,0.257313
2180.1,,,,,,,,,,,,,0.261058
2180.2,,,,,,,,,,,,,0.264802
2180.3,,,,,,,,,,,,,0.268538
2180.4,,,,,,,,,,,,,0.272273
2180.5,,,,,,,,,,,,,0.276013
2180.6,,,,,,,,,,,,,0.279753
2180.7,,,,,,,,,,,,,0.283498
2180.8,,,,,,,,,,,,,0.287233
2180.9,,,,,,,,,,,,,0.290968
2181.0,,,,,,,,,,,,,0.294713
2181.1,,,,,,,,,,,,,0.29884
2181.2,,,,,,,,,,,,,0.302967
2181.3,,,,,,,,,,,,,0.307085
2181.4,,,,,,,,,,,,,0.311202
2181.5,,,,,,,,,,,,,0.315324
2181.6,,,,,,,,,,,,,0.319446
2181.7,,,,,,,,,,,,,0.323574
2181.8,,,,,,,,,,,,,0.327691
2181.9,,,,,,,,,,,,,0.331808
2182.0,,,,,,,,,,,,,0.335935
2182.1,,,,,,,,,,,,,0.340445
2182.2,,,,,,,,,,,,,0.344955
2182.3,,,,,,,,,,,,,0.349454
2182.4,,,,,,,,,,,,,0.353953
2182.5,,,,,,,,,,,,,0.358458
2182.6,,,,,,,,,,,,,0.362962
2182.7,,,,,,,,,,,,,0.367472
2182.8,,,,,,,,,,,,,0.371971
2182.9,,,,,,,,,,,,,0.37647
2183.0,,,,,,,,,,,,,0.38098
2183.1,,,,,,,,,,,,,0.38589
2183.2,,,,,,,,,,,,,0.390799
2183.3,,,,,,,,,,,,,0.395697
2183.4,,,,,,,,,,,,,0.400595
2183.5,,,,,,,,,,,,,0.405499
2183.6,,,,,,,,,,,,,0.410402
2183.7,,,,,,,,,,,,,0.415311
2183.8,,,,,,,,,,,,,0.420209
2183.9,,,,,,,,,,,,,0.425107
2184.0,,,,,,,,,,,,,0.430016
2184.1,,,,,,,,,,,,,0.43481
2184.2,,,,,,,,,,,,,0.439605
2184.3,,,,,,,,,,,,,0.444387
2184.4,,,,,,,,,,,,,0.44917
2184.5,,,,,,,,,,,,,0.453959
2184.6,,,,,,,,,,,,,0.458747
2184.7,,,,,,,,,,,,,0.463542
2184.8,,,,,,,,,,,,,0.468325
2184.9,,,,,,,,,,,,,0.473108
2185.0,,,,,,,,,,,,,0.477902
2185.1,,,,,,,,,,,,,0.483145
2185.2,,,,,,,,,,,,,0.488388
2185.3,,,,,,,,,,,,,0.493618
2185.4,,,,,,,,,,,,,0.498848
2185.5,,,,,,,,,,,,,0.504085
2185.6,,,,,,,,,,,,,0.509322
2185.7,,,,,,,,,,,,,0.514565
2185.8,,,,,,,,,,,,,0.519795
2185.9,,,,,,,,,,,,,0.525025
2186.0,,,,,,,,,,,,,0.530268
2186.1,,,,,,,,,,,,,0.535379
2186.2,,,,,,,,,,,,,0.540489
2186.3,,,,,,,,,,,,,0.545588
2186.4,,,,,,,,,,,,,0.550686
2186.5,,,,,,,,,,,,,0.55579
2186.6,,,,,,,,,,,,,0.560894
2186.7,,,,,,,,,,,,,0.566005
2186.8,,,,,,,,,,,,,0.571103
2186.9,,,,,,,,,,,,,0.576201
2187.0,,,,,,,,,,,,,0.581312
2187.1,,,,,,,,,,,,,0.586263
2187.2,,,,,,,,,,,,,0.591213
2187.3,,,,,,,,,,,,,0.596152
2187.4,,,,,,,,,,,,,0.601091
2187.5,,,,,,,,,,,,,0.606035
2187.6,,,,,,,,,,,,,0.61098
2187.7,,,,,,,,,,,,,0.61593
2187.8,,,,,,,,,,,,,0.620869
2187.9,,,,,,,,,,,,,0.625808
2188.0,,,,,,,,,,,,,0.630759
2188.1,,,,,,,,,,,,,0.63561
2188.2,,,,,,,,,,,,,0.640462
2188.3,,,,,,,,,,,,,0.645301
2188.4,,,,,,,,,,,,,0.650141
2188.5,,,,,,,,,,,,,0.654987
2188.6,,,,,,,,,,,,,0.659832
2188.7,,,,,,,,,,,,,0.664683
2188.8,,,,,,,,,,,,,0.669523
2188.9,,,,,,,,,,,,,0.674363
2189.0,,,,,,,,,,,,,0.679214
2189.1,,,,,,,,,,,,,0.683237
2189.2,,,,,,,,,,,,,0.687261
2189.3,,,,,,,,,,,,,0.691274
2189.4,,,,,,,,,,,,,0.695287
2189.5,,,,,,,,,,,,,0.699305
2189.6,,,,,,,,,,,,,0.703323
2189.7,,,,,,,,,,,,,0.707346
2189.8,,,,,,,,,,,,,0.71136
2189.9,,,,,,,,,,,,,0.715373
2190.0,,,,,,,,,,,,,0.719396
2190.1,,,,,,,,,,,,,0.72352
2190.2,,,,,,,,,,,,,0.727644
2190.3,,,,,,,,,,,,,0.731759
2190.4,,,,,,,,,,,,,0.735873
2190.5,,,,,,,,,,,,,0.739992
2190.6,,,,,,,,,,,,,0.744111
2190.7,,,,,,,,,,,,,0.748235
2190.8,,,,,,,,,,,,,0.752349
2190.9,,,,,,,,,,,,,0.756463
2191.0,,,,,,,,,,,,,0.760588
2191.1,,,,,,,,,,,,,0.764748
2191.2,,,,,,,,,,,,,0.768907
2191.3,,,,,,,,,,,,,0.773056
2191.4,,,,,,,,,,,,,0.777205
2191.5,,,,,,,,,,,,,0.781359
2191.6,,,,,,,,,,,,,0.785514
2191.7,,,,,,,,,,,,,0.789674
2191.8,,,,,,,,,,,,,0.793823
2191.9,,,,,,,,,,,,,0.797972
2192.0,,,,,,,,,,,,,0.802131
2192.1,,,,,,,,,,,,,0.806178
2192.2,,,,,,,,,,,,,0.810226
2192.3,,,,,,,,,,,,,0.814264
2192.4,,,,,,,,,,,,,0.818302
2192.5,,,,,,,,,,,,,0.822344
2192.6,,,,,,,,,,,,,0.826387
2192.7,,,,,,,,,,,,,0.830434
2192.8,,,,,,,,,,,,,0.834472
2192.9,,,,,,,,,,,,,0.83851
2193.0,,,,,,,,,,,,,0.842558
2193.1,,,,,,,,,,,,,0.845271
2193.2,,,,,,,,,,,,,0.847984
2193.3,,,,,,,,,,,,,0.85069
2193.4,,,,,,,,,,,,,0.853397
2193.5,,,,,,,,,,,,,0.856107
2193.6,,,,,,,,,,,,,0.858816
2193.7,,,,,,,,,,,,,0.861529
2193.8,,,,,,,,,,,,,0.864236
2193.9,,,,,,,,,,,,,0.866942
2194.0,,,,,,,,,,,,,0.869655
2194.1,,,,,,,,,,,,,0.871636
2194.2,,,,,,,,,,,,,0.873618
2194.3,,,,,,,,,,,,,0.875595
2194.4,,,,,,,,,,,,,0.877572
2194.5,,,,,,,,,,,,,0.879551
2194.6,,,,,,,,,,,,,0.88153
2194.7,,,,,,,,,,,,,0.883511
2194.8,,,,,,,,,,,,,0.885488
2194.9,,,,,,,,,,,,,0.887465
2195.0,,,,,,,,,,,,,0.889446
2195.1,,,,,,,,,,,,,0.890856
2195.2,,,,,,,,,,,,,0.892265
2195.3,,,,,,,,,,,,,0.893672
2195.4,,,,,,,,,,,,,0.895078
2195.5,,,,,,,,,,,,,0.896486
2195.6,,,,,,,,,,,,,0.897894
2195.7,,,,,,,,,,,,,0.899304
2195.8,,,,,,,,,,,,,0.90071
2195.9,,,,,,,,,,,,,0.902116
2196.0,,,,,,,,,,,,,0.903526
2196.1,,,,,,,,,,,,,0.904797
2196.2,,,,,,,,,,,,,0.906068
2196.3,,,,,,,,,,,,,0.907336
2196.4,,,,,,,,,,,,,0.908604
2196.5,,,,,,,,,,,,,0.909873
2196.6,,,,,,,,,,,,,0.911143
2196.7,,,,,,,,,,,,,0.912414
2196.8,,,,,,,,,,,,,0.913682
2196.9,,,,,,,,,,,,,0.91495
2197.0,,,,,,,,,,,,,0.916221
2197.1,,,,,,,,,,,,,0.918443
2197.2,,,,,,,,,,,,,0.920664
2197.3,,,,,,,,,,,,,0.922881
2197.4,,,,,,,,,,,,,0.925098
2197.5,,,,,,,,,,,,,0.927317
2197.6,,,,,,,,,,,,,0.929536
2197.7,,,,,,,,,,,,,0.931758
2197.8,,,,,,,,,,,,,0.933974
2197.9,,,,,,,,,,,,,0.93619
2198.0,,,,,,,,,,,,,0.938412
2198.1,,,,,,,,,,,,,0.939624
2198.2,,,,,,,,,,,,,0.940837
2198.3,,,,,,,,,,,,,0.942046
2198.4,,,,,,,,,,,,,0.943256
2198.5,,,,,,,,,,,,,0.944467
2198.6,,,,,,,,,,,,,0.945678
2198.7,,,,,,,,,,,,,0.94689
2198.8,,,,,,,,,,,,,0.9481
2198.9,,,,,,,,,,,,,0.94931
2199.0,,,,,,,,,,,,,0.950522
2199.1,,,,,,,,,,,,,0.952046
2199.2,,,,,,,,,,,,,0.953571
2199.3,,,,,,,,,,,,,0.955091
2199.4,,,,,,,,,,,,,0.956612
2199.5,,,,,,,,,,,,,0.958135
2199.6,,,,,,,,,,,,,0.959657
2199.7,,,,,,,,,,,,,0.961181
2199.8,,,,,,,,,,,,,0.962702
2199.9,,,,,,,,,,,,,0.964223
2200.0,,,,,,,,,,,,,0.965747
2200.1,,,,,,,,,,,,,0.966417
2200.2,,,,,,,,,,,,,0.967088
2200.3,,,,,,,,,,,,,0.967757
2200.4,,,,,,,,,,,,,0.968426
2200.5,,,,,,,,,,,,,0.969096
2200.6,,,,,,,,,,,,,0.969766
2200.7,,,,,,,,,,,,,0.970436
2200.8,,,,,,,,,,,,,0.971105
2200.9,,,,,,,,,,,,,0.971774
2201.0,,,,,,,,,,,,,0.972445
2201.1,,,,,,,,,,,,,0.973617
2201.2,,,,,,,,,,,,,0.97479
2201.3,,,,,,,,,,,,,0.975959
2201.4,,,,,,,,,,,,,0.977129
2201.5,,,,,,,,,,,,,0.9783
2201.6,,,,,,,,,,,,,0.979471
2201.7,,,,,,,,,,,,,0.980643
2201.8,,,,,,,,,,,,,0.981813
2201.9,,,,,,,,,,,,,0.982983
2202.0,,,,,,,,,,,,,0.984155
2202.1,,,,,,,,,,,,,0.985366
2202.2,,,,,,,,,,,,,0.986578
2202.3,,,,,,,,,,,,,0.987787
2202.4,,,,,,,,,,,,,0.988996
2202.5,,,,,,,,,,,,,0.990206
2202.6,,,,,,,,,,,,,0.991417
2202.7,,,,,,,,,,,,,0.992628
2202.8,,,,,,,,,,,,,0.993837
2202.9,,,,,,,,,,,,,0.995046
2203.0,,,,,,,,,,,,,0.996258
2203.1,,,,,,,,,,,,,0.996189
2203.2,,,,,,,,,,,,,0.996121
2203.3,,,,,,,,,,,,,0.996052
2203.4,,,,,,,,,,,,,0.995984
2203.5,,,,,,,,,,,,,0.995916
2203.6,,,,,,,,,,,,,0.995847
2203.7,,,,,,,,,,,,,0.995778
2203.8,,,,,,,,,,,,,0.99571
2203.9,,,,,,,,,,,,,0.995642
2204.0,,,,,,,,,,,,,0.995573
2204.1,,,,,,,,,,,,,0.995709
2204.2,,,,,,,,,,,,,0.995844
2204.3,,,,,,,,,,,,,0.995979
2204.4,,,,,,,,,,,,,0.996114
2204.5,,,,,,,,,,,,,0.996249
2204.6,,,,,,,,,,,,,0.996384
2204.7,,,,,,,,,,,,,0.99652
2204.8,,,,,,,,,,,,,0.996655
2204.9,,,,,,,,,,,,,0.99679
2205.0,,,,,,,,,,,,,0.996925
2205.1,,,,,,,,,,,,,0.996624
2205.2,,,,,,,,,,,,,0.996323
2205.3,,,,,,,,,,,,,0.996023
2205.4,,,,,,,,,,,,,0.995723
2205.5,,,,,,,,,,,,,0.995422
2205.6,,,,,,,,,,,,,0.995122
2205.7,,,,,,,,,,,,,0.994821
2205.8,,,,,,,,,,,,,0.994521
2205.9,,,,,,,,,,,,,0.994221
2206.0,,,,,,,,,,,,,0.99392
2206.1,,,,,,,,,,,,,0.994529
2206.2,,,,,,,,,,,,,0.995138
2206.3,,,,,,,,,,,,,0.995745
2206.4,,,,,,,,,,,,,0.996352
2206.5,,,,,,,,,,,,,0.99696
2206.6,,,,,,,,,,,,,0.997568
2206.7,,,,,,,,,,,,,0.998177
2206.8,,,,,,,,,,,,,0.998784
2206.9,,,,,,,,,,,,,0.999391
2207.0,,,,,,,,,,,,,1.0
2207.1,,,,,,,,,,,,,0.999636
2207.2,,,,,,,,,,,,,0.999271
2207.3,,,,,,,,,,,,,0.998908
2207.4,,,,,,,,,,,,,0.998545
2207.5,,,,,,,,,,,,,0.998181
2207.6,,,,,,,,,,,,,0.997817
2207.7,,,,,,,,,,,,,0.997453
2207.8,,,,,,,,,,,,,0.997089
2207.9,,,,,,,,,,,,,0.996726
2208.0,,,,,,,,,,,,,0.996362
2208.1,,,,,,,,,,,,,0.995504
2208.2,,,,,,,,,,,,,0.994646
2208.3,,,,,,,,,,,,,0.99379
2208.4,,,,,,,,,,,,,0.992934
2208.5,,,,,,,,,,,,,0.992077
2208.6,,,,,,,,,,,,,0.99122
2208.7,,,,,,,,,,,,,0.990362
2208.8,,,,,,,,,,,,,0.989507
2208.9,,,,,,,,,,,,,0.988651
2209.0,,,,,,,,,,,,,0.987793
2209.1,,,,,,,,,,,,,0.987229
2209.2,,,,,,,,,,,,,0.986666
2209.3,,,,,,,,,,,,,0.986104
2209.4,,,,,,,,,,,,,0.985542
2209.5,,,,,,,,,,,,,0.984979
2209.6,,,,,,,,,,,,,0.984416
2209.7,,,,,,,,,,,,,0.983853
2209.8,,,,,,,,,,,,,0.983291
2209.9,,,,,,,,,,,,,0.982729
2210.0,,,,,,,,,,,,,0.982165
2210.1,,,,,,,,,,,,,0.980885
2210.2,,,,,,,,,,,,,0.979605
2210.3,,,,,,,,,,,,,0.978328
2210.4,,,,,,,,,,,,,0.977051
2210.5,,,,,,,,,,,,,0.975772
2210.6,,,,,,,,,,,,,0.974493
2210.7,,,,,,,,,,,,,0.973213
2210.8,,,,,,,,,,,,,0.971936
2210.9,,,,,,,,,,,,,0.970659
2211.0,,,,,,,,,,,,,0.969379
2211.1,,,,,,,,,,,,,0.969223
2211.2,,,,,,,,,,,,,0.969068
2211.3,,,,,,,,,,,,,0.968912
2211.4,,,,,,,,,,,,,0.968757
2211.5,,,,,,,,,,,,,0.968601
2211.6,,,,,,,,,,,,,0.968446
2211.7,,,,,,,,,,,,,0.96829
2211.8,,,,,,,,,,,,,0.968135
2211.9,,,,,,,,,,,,,0.96798
2212.0,,,,,,,,,,,,,0.967824
2212.1,,,,,,,,,,,,,0.967631
2212.2,,,,,,,,,,,,,0.967438
2212.3,,,,,,,,,,,,,0.967244
2212.4,,,,,,,,,,,,,0.967051
2212.5,,,,,,,,,,,,,0.966858
2212.6,,,,,,,,,,,,,0.966665
2212.7,,,,,,,,,,,,,0.966471
2212.8,,,,,,,,,,,,,0.966278
2212.9,,,,,,,,,,,,,0.966085
2213.0,,,,,,,,,,,,,0.965892
2213.1,,,,,,,,,,,,,0.966641
2213.2,,,,,,,,,,,,,0.967391
2213.3,,,,,,,,,,,,,0.968139
2213.4,,,,,,,,,,,,,0.968887
2213.5,,,,,,,,,,,,,0.969636
2213.6,,,,,,,,,,,,,0.970385
2213.7,,,,,,,,,,,,,0.971134
2213.8,,,,,,,,,,,,,0.971882
2213.9,,,,,,,,,,,,,0.97263
2214.0,,,,,,,,,,,,,0.97338
2214.1,,,,,,,,,,,,,0.97262
2214.2,,,,,,,,,,,,,0.971859
2214.3,,,,,,,,,,,,,0.971101
2214.4,,,,,,,,,,,,,0.970342
2214.5,,,,,,,,,,,,,0.969582
2214.6,,,,,,,,,,,,,0.968823
2214.7,,,,,,,,,,,,,0.968062
2214.8,,,,,,,,,,,,,0.967303
2214.9,,,,,,,,,,,,,0.966544
2215.0,,,,,,,,,,,,,0.965784
2215.1,,,,,,,,,,,,,0.965378
2215.2,,,,,,,,,,,,,0.964972
2215.3,,,,,,,,,,,,,0.964566
2215.4,,,,,,,,,,,,,0.964161
2215.5,,,,,,,,,,,,,0.963755
2215.6,,,,,,,,,,,,,0.963349
2215.7,,,,,,,,,,,,,0.962943
2215.8,,,,,,,,,,,,,0.962538
2215.9,,,,,,,,,,,,,0.962133
2216.0,,,,,,,,,,,,,0.961726
2216.1,,,,,,,,,,,,,0.962062
2216.2,,,,,,,,,,,,,0.962398
2216.3,,,,,,,,,,,,,0.962733
2216.4,,,,,,,,,,,,,0.963068
2216.5,,,,,,,,,,,,,0.963404
2216.6,,,,,,,,,,,,,0.96374
2216.7,,,,,,,,,,,,,0.964076
2216.8,,,,,,,,,,,,,0.964411
2216.9,,,,,,,,,,,,,0.964746
2217.0,,,,,,,,,,,,,0.965082
2217.1,,,,,,,,,,,,,0.965203
2217.2,,,,,,,,,,,,,0.965323
2217.3,,,,,,,,,,,,,0.965444
2217.4,,,,,,,,,,,,,0.965564
2217.5,,,,,,,,,,,,,0.965685
2217.6,,,,,,,,,,,,,0.965805
2217.7,,,,,,,,,,,,,0.965926
2217.8,,,,,,,,,,,,,0.966046
2217.9,,,,,,,,,,,,,0.966166
2218.0,,,,,,,,,,,,,0.966287
2218.1,,,,,,,,,,,,,0.966993
2218.2,,,,,,,,,,,,,0.9677
2218.3,,,,,,,,,,,,,0.968404
2218.4,,,,,,,,,,,,,0.969109
2218.5,,,,,,,,,,,,,0.969814
2218.6,,,,,,,,,,,,,0.970519
2218.7,,,,,,,,,,,,,0.971225
2218.8,,,,,,,,,,,,,0.97193
2218.9,,,,,,,,,,,,,0.972635
2219.0,,,,,,,,,,,,,0.973341
2219.1,,,,,,,,,,,,,0.973526
2219.2,,,,,,,,,,,,,0.973711
2219.3,,,,,,,,,,,,,0.973897
2219.4,,,,,,,,,,,,,0.974082
2219.5,,,,,,,,,,,,,0.974267
2219.6,,,,,,,,,,,,,0.974452
2219.7,,,,,,,,,,,,,0.974637
2219.8,,,,,,,,,,,,,0.974822
2219.9,,,,,,,,,,,,,0.975007
2220.0,,,,,,,,,,,,,0.975192
2220.1,,,,,,,,,,,,,0.975983
2220.2,,,,,,,,,,,,,0.976774
2220.3,,,,,,,,,,,,,0.977564
2220.4,,,,,,,,,,,,,0.978353
2220.5,,,,,,,,,,,,,0.979143
2220.6,,,,,,,,,,,,,0.979933
2220.7,,,,,,,,,,,,,0.980724
2220.8,,,,,,,,,,,,,0.981513
2220.9,,,,,,,,,,,,,0.982302
2221.0,,,,,,,,,,,,,0.983093
2221.1,,,,,,,,,,,,,0.983172
2221.2,,,,,,,,,,,,,0.98325
2221.3,,,,,,,,,,,,,0.983329
2221.4,,,,,,,,,,,,,0.983408
2221.5,,,,,,,,,,,,,0.983486
2221.6,,,,,,,,,,,,,0.983565
2221.7,,,,,,,,,,,,,0.983644
2221.8,,,,,,,,,,,,,0.983722
2221.9,,,,,,,,,,,,,0.9838
2222.0,,,,,,,,,,,,,0.983879
2222.1,,,,,,,,,,,,,0.98269
2222.2,,,,,,,,,,,,,0.981501
2222.3,,,,,,,,,,,,,0.980316
2222.4,,,,,,,,,,,,,0.97913
2222.5,,,,,,,,,,,,,0.977943
2222.6,,,,,,,,,,,,,0.976755
2222.7,,,,,,,,,,,,,0.975566
2222.8,,,,,,,,,,,,,0.97438
2222.9,,,,,,,,,,,,,0.973194
2223.0,,,,,,,,,,,,,0.972006
2223.1,,,,,,,,,,,,,0.971508
2223.2,,,,,,,,,,,,,0.97101
2223.3,,,,,,,,,,,,,0.970513
2223.4,,,,,,,,,,,,,0.970017
2223.5,,,,,,,,,,,,,0.96952
2223.6,,,,,,,,,,,,,0.969023
2223.7,,,,,,,,,,,,,0.968525
2223.8,,,,,,,,,,,,,0.968029
2223.9,,,,,,,,,,,,,0.967532
2224.0,,,,,,,,,,,,,0.967034
2224.1,,,,,,,,,,,,,0.965591
2224.2,,,,,,,,,,,,,0.964148
2224.3,,,,,,,,,,,,,0.962707
2224.4,,,,,,,,,,,,,0.961267
2224.5,,,,,,,,,,,,,0.959825
2224.6,,,,,,,,,,,,,0.958383
2224.7,,,,,,,,,,,,,0.95694
2224.8,,,,,,,,,,,,,0.9555
2224.9,,,,,,,,,,,,,0.95406
2225.0,,,,,,,,,,,,,0.952616
2225.1,,,,,,,,,,,,,0.950123
2225.2,,,,,,,,,,,,,0.947631
2225.3,,,,,,,,,,,,,0.945144
2225.4,,,,,,,,,,,,,0.942658
2225.5,,,,,,,,,,,,,0.940169
2225.6,,,,,,,,,,,,,0.93768
2225.7,,,,,,,,,,,,,0.935187
2225.8,,,,,,,,,,,,,0.932701
2225.9,,,,,,,,,,,,,0.930215
2226.0,,,,,,,,,,,,,0.927722
2226.1,,,,,,,,,,,,,0.925217
2226.2,,,,,,,,,,,,,0.922713
2226.3,,,,,,,,,,,,,0.920214
2226.4,,,,,,,,,,,,,0.917716
2226.5,,,,,,,,,,,,,0.915215
2226.6,,,,,,,,,,,,,0.912713
2226.7,,,,,,,,,,,,,0.910208
2226.8,,,,,,,,,,,,,0.90771
2226.9,,,,,,,,,,,,,0.905212
2227.0,,,,,,,,,,,,,0.902707
2227.1,,,,,,,,,,,,,0.90071
2227.2,,,,,,,,,,,,,0.898713
2227.3,,,,,,,,,,,,,0.896721
2227.4,,,,,,,,,,,,,0.894729
2227.5,,,,,,,,,,,,,0.892735
2227.6,,,,,,,,,,,,,0.89074
2227.7,,,,,,,,,,,,,0.888744
2227.8,,,,,,,,,,,,,0.886752
2227.9,,,,,,,,,,,,,0.88476
2228.0,,,,,,,,,,,,,0.882763
2228.1,,,,,,,,,,,,,0.879065
2228.2,,,,,,,,,,,,,0.875366
2228.3,,,,,,,,,,,,,0.871676
2228.4,,,,,,,,,,,,,0.867987
2228.5,,,,,,,,,,,,,0.864293
2228.6,,,,,,,,,,,,,0.860599
2228.7,,,,,,,,,,,,,0.856901
2228.8,,,,,,,,,,,,,0.853212
2228.9,,,,,,,,,,,,,0.849523
2229.0,,,,,,,,,,,,,0.845824
2229.1,,,,,,,,,,,,,0.84165
2229.2,,,,,,,,,,,,,0.837476
2229.3,,,,,,,,,,,,,0.833312
2229.4,,,,,,,,,,,,,0.829149
2229.5,,,,,,,,,,,,,0.82498
2229.6,,,,,,,,,,,,,0.820811
2229.7,,,,,,,,,,,,,0.816637
2229.8,,,,,,,,,,,,,0.812474
2229.9,,,,,,,,,,,,,0.80831
2230.0,,,,,,,,,,,,,0.804136
2230.1,,,,,,,,,,,,,0.79987
2230.2,,,,,,,,,,,,,0.795605
2230.3,,,,,,,,,,,,,0.791349
2230.4,,,,,,,,,,,,,0.787094
2230.5,,,,,,,,,,,,,0.782833
2230.6,,,,,,,,,,,,,0.778573
2230.7,,,,,,,,,,,,,0.774307
2230.8,,,,,,,,,,,,,0.770052
2230.9,,,,,,,,,,,,,0.765797
2231.0,,,,,,,,,,,,,0.761531
2231.1,,,,,,,,,,,,,0.756609
2231.2,,,,,,,,,,,,,0.751688
2231.3,,,,,,,,,,,,,0.746778
2231.4,,,,,,,,,,,,,0.741869
2231.5,,,,,,,,,,,,,0.736954
2231.6,,,,,,,,,,,,,0.732039
2231.7,,,,,,,,,,,,,0.727117
2231.8,,,,,,,,,,,,,0.722208
2231.9,,,,,,,,,,,,,0.717299
2232.0,,,,,,,,,,,,,0.712377
2232.1,,,,,,,,,,,,,0.707417
2232.2,,,,,,,,,,,,,0.702458
2232.3,,,,,,,,,,,,,0.697511
2232.4,,,,,,,,,,,,,0.692564
2232.5,,,,,,,,,,,,,0.687611
2232.6,,,,,,,,,,,,,0.682657
2232.7,,,,,,,,,,,,,0.677697
2232.8,,,,,,,,,,,,,0.67275
2232.9,,,,,,,,,,,,,0.667803
2233.0,,,,,,,,,,,,,0.662843
2233.1,,,,,,,,,,,,,0.65697
2233.2,,,,,,,,,,,,,0.651097
2233.3,,,,,,,,,,,,,0.645238
2233.4,,,,,,,,,,,,,0.63938
2233.5,,,,,,,,,,,,,0.633515
2233.6,,,,,,,,,,,,,0.627649
2233.7,,,,,,,,,,,,,0.621776
2233.8,,,,,,,,,,,,,0.615917
2233.9,,,,,,,,,,,,,0.610059
2234.0,,,,,,,,,,,,,0.604186
2234.1,,,,,,,,,,,,,0.59828
2234.2,,,,,,,,,,,,,0.592375
2234.3,,,,,,,,,,,,,0.586483
2234.4,,,,,,,,,,,,,0.580592
2234.5,,,,,,,,,,,,,0.574694
2234.6,,,,,,,,,,,,,0.568795
2234.7,,,,,,,,,,,,,0.562889
2234.8,,,,,,,,,,,,,0.556998
2234.9,,,,,,,,,,,,,0.551107
2235.0,,,,,,,,,,,,,0.545201
2235.1,,,,,,,,,,,,,0.539655
2235.2,,,,,,,,,,,,,0.534108
2235.3,,,,,,,,,,,,,0.528576
2235.4,,,,,,,,,,,,,0.523043
2235.5,,,,,,,,,,,,,0.517504
2235.6,,,,,,,,,,,,,0.511965
2235.7,,,,,,,,,,,,,0.506419
2235.8,,,,,,,,,,,,,0.500886
2235.9,,,,,,,,,,,,,0.495353
2236.0,,,,,,,,,,,,,0.489807
2236.1,,,,,,,,,,,,,0.484126
2236.2,,,,,,,,,,,,,0.478445
2236.3,,,,,,,,,,,,,0.472778
2236.4,,,,,,,,,,,,,0.467111
2236.5,,,,,,,,,,,,,0.461437
2236.6,,,,,,,,,,,,,0.455763
2236.7,,,,,,,,,,,,,0.450082
2236.8,,,,,,,,,,,,,0.444415
2236.9,,,,,,,,,,,,,0.438748
2237.0,,,,,,,,,,,,,0.433067
2237.1,,,,,,,,,,,,,0.427922
2237.2,,,,,,,,,,,,,0.422776
2237.3,,,,,,,,,,,,,0.417644
2237.4,,,,,,,,,,,,,0.412512
2237.5,,,,,,,,,,,,,0.407373
2237.6,,,,,,,,,,,,,0.402235
2237.7,,,,,,,,,,,,,0.39709
2237.8,,,,,,,,,,,,,0.391958
2237.9,,,,,,,,,,,,,0.386826
2238.0,,,,,,,,,,,,,0.381681
2238.1,,,,,,,,,,,,,0.376984
2238.2,,,,,,,,,,,,,0.372287
2238.3,,,,,,,,,,,,,0.367601
2238.4,,,,,,,,,,,,,0.362915
2238.5,,,,,,,,,,,,,0.358223
2238.6,,,,,,,,,,,,,0.353532
2238.7,,,,,,,,,,,,,0.348835
2238.8,,,,,,,,,,,,,0.344149
2238.9,,,,,,,,,,,,,0.339463
2239.0,,,,,,,,,,,,,0.334766
2239.1,,,,,,,,,,,,,0.330034
2239.2,,,,,,,,,,,,,0.325302
2239.3,,,,,,,,,,,,,0.320582
2239.4,,,,,,,,,,,,,0.315862
2239.5,,,,,,,,,,,,,0.311136
2239.6,,,,,,,,,,,,,0.306409
2239.7,,,,,,,,,,,,,0.301677
2239.8,,,,,,,,,,,,,0.296957
2239.9,,,,,,,,,,,,,0.292237
2240.0,,,,,,,,,,,,,0.287505
2240.1,,,,,,,,,,,,,0.28354
2240.2,,,,,,,,,,,,,0.279575
2240.3,,,,,,,,,,,,,0.275621
2240.4,,,,,,,,,,,,,0.271666
2240.5,,,,,,,,,,,,,0.267706
2240.6,,,,,,,,,,,,,0.263746
2240.7,,,,,,,,,,,,,0.259782
2240.8,,,,,,,,,,,,,0.255827
2240.9,,,,,,,,,,,,,0.251872
2241.0,,,,,,,,,,,,,0.247907
2241.1,,,,,,,,,,,,,0.244517
2241.2,,,,,,,,,,,,,0.241128
2241.3,,,,,,,,,,,,,0.237746
2241.4,,,,,,,,,,,,,0.234365
2241.5,,,,,,,,,,,,,0.230979
2241.6,,,,,,,,,,,,,0.227593
2241.7,,,,,,,,,,,,,0.224203
2241.8,,,,,,,,,,,,,0.220822
2241.9,,,,,,,,,,,,,0.217441
2242.0,,,,,,,,,,,,,0.214051
2242.1,,,,,,,,,,,,,0.210852
2242.2,,,,,,,,,,,,,0.207652
2242.3,,,,,,,,,,,,,0.20446
2242.4,,,,,,,,,,,,,0.201268
2242.5,,,,,,,,,,,,,0.198072
2242.6,,,,,,,,,,,,,0.194877
2242.7,,,,,,,,,,,,,0.191678
2242.8,,,,,,,,,,,,,0.188486
2242.9,,,,,,,,,,,,,0.185294
2243.0,,,,,,,,,,,,,0.182094
2243.1,,,,,,,,,,,,,0.179318
2243.2,,,,,,,,,,,,,0.176541
2243.3,,,,,,,,,,,,,0.173772
2243.4,,,,,,,,,,,,,0.171002
2243.5,,,,,,,,,,,,,0.168229
2243.6,,,,,,,,,,,,,0.165456
2243.7,,,,,,,,,,,,,0.162679
2243.8,,,,,,,,,,,,,0.159909
2243.9,,,,,,,,,,,,,0.157139
2244.0,,,,,,,,,,,,,0.154363
2244.1,,,,,,,,,,,,,0.152032
2244.2,,,,,,,,,,,,,0.1497
2244.3,,,,,,,,,,,,,0.147375
2244.4,,,,,,,,,,,,,0.145049
2244.5,,,,,,,,,,,,,0.142721
2244.6,,,,,,,,,,,,,0.140392
2244.7,,,,,,,,,,,,,0.138061
2244.8,,,,,,,,,,,,,0.135735
2244.9,,,,,,,,,,,,,0.133409
2245.0,,,,,,,,,,,,,0.131077
2245.1,,,,,,,,,,,,,0.129167
2245.2,,,,,,,,,,,,,0.127257
2245.3,,,,,,,,,,,,,0.125352
2245.4,,,,,,,,,,,,,0.123447
2245.5,,,,,,,,,,,,,0.12154
2245.6,,,,,,,,,,,,,0.119632
2245.7,,,,,,,,,,,,,0.117722
2245.8,,,,,,,,,,,,,0.115817
2245.9,,,,,,,,,,,,,0.113912
2246.0,,,,,,,,,,,,,0.112002
2246.1,,,,,,,,,,,,,0.110411
2246.2,,,,,,,,,,,,,0.10882
2246.3,,,,,,,,,,,,,0.107233
2246.4,,,,,,,,,,,,,0.105646
2246.5,,,,,,,,,,,,,0.104057
2246.6,,,,,,,,,,,,,0.102468
2246.7,,,,,,,,,,,,,0.100878
2246.8,,,,,,,,,,,,,0.099291
2246.9,,,,,,,,,,,,,0.0977039
2247.0,,,,,,,,,,,,,0.096113
2247.1,,,,,,,,,,,,,0.0947103
2247.2,,,,,,,,,,,,,0.0933076
2247.3,,,,,,,,,,,,,0.0919083
2247.4,,,,,,,,,,,,,0.090509
2247.5,,,,,,,,,,,,,0.089108
2247.6,,,,,,,,,,,,,0.087707
2247.7,,,,,,,,,,,,,0.0863043
2247.8,,,,,,,,,,,,,0.084905
2247.9,,,,,,,,,,,,,0.0835057
2248.0,,,,,,,,,,,,,0.082103
2248.1,,,,,,,,,,,,,0.0808605
2248.2,,,,,,,,,,,,,0.079618
2248.3,,,,,,,,,,,,,0.078378
2248.4,,,,,,,,,,,,,0.077138
2248.5,,,,,,,,,,,,,0.075897
2248.6,,,,,,,,,,,,,0.074656
2248.7,,,,,,,,,,,,,0.073413
2248.8,,,,,,,,,,,,,0.072173
2248.9,,,,,,,,,,,,,0.0709335
2249.0,,,,,,,,,,,,,0.069691
2249.1,,,,,,,,,,,,,0.0686988
2249.2,,,,,,,,,,,,,0.0677066
2249.3,,,,,,,,,,,,,0.0667168
2249.4,,,,,,,,,,,,,0.065727
2249.5,,,,,,,,,,,,,0.064736
2249.6,,,,,,,,,,,,,0.063745
2249.7,,,,,,,,,,,,,0.0627523
2249.8,,,,,,,,,,,,,0.061762
2249.9,,,,,,,,,,,,,0.0607722
2250.0,,,,,,,,,,,,,0.05978
2250.1,,,,,,,,,,,,,0.0589475
2250.2,,,,,,,,,,,,,0.058115
2250.3,,,,,,,,,,,,,0.057285
2250.4,,,,,,,,,,,,,0.056455
2250.5,,,,,,,,,,,,,0.0556235
2250.6,,,,,,,,,,,,,0.054792
2250.7,,,,,,,,,,,,,0.0539595
2250.8,,,,,,,,,,,,,0.053129
2250.9,,,,,,,,,,,,,0.0522985
2251.0,,,,,,,,,,,,,0.051466
2251.1,,,,,,,,,,,,,0.0507722
2251.2,,,,,,,,,,,,,0.0500783
2251.3,,,,,,,,,,,,,0.0493862
2251.4,,,,,,,,,,,,,0.048694
2251.5,,,,,,,,,,,,,0.048001
2251.6,,,,,,,,,,,,,0.047308
2251.7,,,,,,,,,,,,,0.0466142
2251.8,,,,,,,,,,,,,0.045922
2251.9,,,,,,,,,,,,,0.0452298
2252.0,,,,,,,,,,,,,0.044536
2252.1,,,,,,,,,,,,,0.0439733
2252.2,,,,,,,,,,,,,0.0434106
2252.3,,,,,,,,,,,,,0.0428498
2252.4,,,,,,,,,,,,,0.042289
2252.5,,,,,,,,,,,,,0.0417275
2252.6,,,,,,,,,,,,,0.041166
2252.7,,,,,,,,,,,,,0.0406033
2252.8,,,,,,,,,,,,,0.040042
2252.9,,,,,,,,,,,,,0.0394812
2253.0,,,,,,,,,,,,,0.038919
2253.1,,,,,,,,,,,,,0.0384284
2253.2,,,,,,,,,,,,,0.0379378
2253.3,,,,,,,,,,,,,0.0374479
2253.4,,,,,,,,,,,,,0.036958
2253.5,,,,,,,,,,,,,0.0364675
2253.6,,,,,,,,,,,,,0.035977
2253.7,,,,,,,,,,,,,0.0354864
2253.8,,,,,,,,,,,,,0.034997
2253.9,,,,,,,,,,,,,0.0345071
2254.0,,,,,,,,,,,,,0.034016
2254.1,,,,,,,,,,,,,0.033628
2254.2,,,,,,,,,,,,,0.0332401
2254.3,,,,,,,,,,,,,0.0328525
2254.4,,,,,,,,,,,,,0.032465
2254.5,,,,,,,,,,,,,0.0320775
2254.6,,,,,,,,,,,,,0.03169
2254.7,,,,,,,,,,,,,0.0313015
2254.8,,,,,,,,,,,,,0.030914
2254.9,,,,,,,,,,,,,0.030527
2255.0,,,,,,,,,,,,,0.030139
2255.1,,,,,,,,,,,,,0.0297981
2255.2,,,,,,,,,,,,,0.0294572
2255.3,,,,,,,,,,,,,0.0291171
2255.4,,,,,,,,,,,,,0.028777
2255.5,,,,,,,,,,,,,0.0284365
2255.6,,,,,,,,,,,,,0.028096
2255.7,,,,,,,,,,,,,0.0277551
2255.8,,,,,,,,,,,,,0.027415
2255.9,,,,,,,,,,,,,0.0270749
2256.0,,,,,,,,,,,,,0.026734
2256.1,,,,,,,,,,,,,0.0264296
2256.2,,,,,,,,,,,,,0.0261253
2256.3,,,,,,,,,,,,,0.0258221
2256.4,,,,,,,,,,,,,0.025519
2256.5,,,,,,,,,,,,,0.025215
2256.6,,,,,,,,,,,,,0.024911
2256.7,,,,,,,,,,,,,0.0246071
2256.8,,,,,,,,,,,,,0.024304
2256.9,,,,,,,,,,,,,0.0240004
2257.0,,,,,,,,,,,,,0.023696
2257.1,,,,,,,,,,,,,0.0234407
2257.2,,,,,,,,,,,,,0.0231854
2257.3,,,,,,,,,,,,,0.0229302
2257.4,,,,,,,,,,,,,0.022675
2257.5,,,,,,,,,,,,,0.0224195
2257.6,,,,,,,,,,,,,0.022164
2257.7,,,,,,,,,,,,,0.0219082
2257.8,,,,,,,,,,,,,0.021653
2257.9,,,,,,,,,,,,,0.0213978
2258.0,,,,,,,,,,,,,0.021142
2258.1,,,,,,,,,,,,,0.0209072
2258.2,,,,,,,,,,,,,0.0206724
2258.3,,,,,,,,,,,,,0.0204377
2258.4,,,,,,,,,,,,,0.020203
2258.5,,,,,,,,,,,,,0.019968
2258.6,,,,,,,,,,,,,0.019733
2258.7,,,,,,,,,,,,,0.0194977
2258.8,,,,,,,,,,,,,0.019263
2258.9,,,,,,,,,,,,,0.0190288
2259.0,,,,,,,,,,,,,0.018794
2259.1,,,,,,,,,,,,,0.0185948
2259.2,,,,,,,,,,,,,0.0183955
2259.3,,,,,,,,,,,,,0.0181968
2259.4,,,,,,,,,,,,,0.017998
2259.5,,,,,,,,,,,,,0.017799
2259.6,,,,,,,,,,,,,0.0176
2259.7,,,,,,,,,,,,,0.0174008
2259.8,,,,,,,,,,,,,0.017202
2259.9,,,,,,,,,,,,,0.0170032
2260.0,,,,,,,,,,,,,0.016804
2260.1,,,,,,,,,,,,,0.0166453
2260.2,,,,,,,,,,,,,0.0164866
2260.3,,,,,,,,,,,,,0.0163278
2260.4,,,,,,,,,,,,,0.016169
2260.5,,,,,,,,,,,,,0.0160105
2260.6,,,,,,,,,,,,,0.015852
2260.7,,,,,,,,,,,,,0.0156928
2260.8,,,,,,,,,,,,,0.015534
2260.9,,,,,,,,,,,,,0.0153757
2261.0,,,,,,,,,,,,,0.015217
2261.1,,,,,,,,,,,,,0.0150803
2261.2,,,,,,,,,,,,,0.0149437
2261.3,,,,,,,,,,,,,0.0148078
2261.4,,,,,,,,,,,,,0.014672
2261.5,,,,,,,,,,,,,0.0145355
2261.6,,,,,,,,,,,,,0.014399
2261.7,,,,,,,,,,,,,0.0142628
2261.8,,,,,,,,,,,,,0.014127
2261.9,,,,,,,,,,,,,0.0139907
2262.0,,,,,,,,,,,,,0.013854
2262.1,,,,,,,,,,,,,0.0137263
2262.2,,,,,,,,,,,,,0.0135987
2262.3,,,,,,,,,,,,,0.0134708
2262.4,,,,,,,,,,,,,0.013343
2262.5,,,,,,,,,,,,,0.0132155
2262.6,,,,,,,,,,,,,0.013088
2262.7,,,,,,,,,,,,,0.0129603
2262.8,,,,,,,,,,,,,0.012833
2262.9,,,,,,,,,,,,,0.0127052
2263.0,,,,,,,,,,,,,0.012577
2263.1,,,,,,,,,,,,,0.0124734
2263.2,,,,,,,,,,,,,0.0123697
2263.3,,,,,,,,,,,,,0.0122664
2263.4,,,,,,,,,,,,,0.012163
2263.5,,,,,,,,,,,,,0.0120595
2263.6,,,,,,,,,,,,,0.011956
2263.7,,,,,,,,,,,,,0.0118524
2263.8,,,,,,,,,,,,,0.011749
2263.9,,,,,,,,,,,,,0.0116451
2264.0,,,,,,,,,,,,,0.011541
2264.1,,,,,,,,,,,,,0.0114464
2264.2,,,,,,,,,,,,,0.0113518
2264.3,,,,,,,,,,,,,0.0112569
2264.4,,,,,,,,,,,,,0.011162
2264.5,,,,,,,,,,,,,0.0110675
2264.6,,,,,,,,,,,,,0.010973
2264.7,,,,,,,,,,,,,0.0108779
2264.8,,,,,,,,,,,,,0.010783
2264.9,,,,,,,,,,,,,0.0106881
2265.0,,,,,,,,,,,,,0.010593
2265.1,,,,,,,,,,,,,0.0105079
2265.2,,,,,,,,,,,,,0.0104228
2265.3,,,,,,,,,,,,,0.0103384
2265.4,,,,,,,,,,,,,0.010254
2265.5,,,,,,,,,,,,,0.010169
2265.6,,,,,,,,,,,,,0.010084
2265.7,,,,,,,,,,,,,0.0099989
2265.8,,,,,,,,,,,,,0.009914
2265.9,,,,,,,,,,,,,0.0098291
2266.0,,,,,,,,,,,,,0.009744
2266.1,,,,,,,,,,,,,0.0096664
2266.2,,,,,,,,,,,,,0.00958881
2266.3,,,,,,,,,,,,,0.00951191
2266.4,,,,,,,,,,,,,0.009435
2266.5,,,,,,,,,,,,,0.0093575
2266.6,,,,,,,,,,,,,0.00928
2266.7,,,,,,,,,,,,,0.00920291
2266.8,,,,,,,,,,,,,0.009126
2266.9,,,,,,,,,,,,,0.0090486
2267.0,,,,,,,,,,,,,0.008971
2267.1,,,,,,,,,,,,,0.00889841
2267.2,,,,,,,,,,,,,0.00882582
2267.3,,,,,,,,,,,,,0.00875341
2267.4,,,,,,,,,,,,,0.008681
2267.5,,,,,,,,,,,,,0.0086085
2267.6,,,,,,,,,,,,,0.008536
2267.7,,,,,,,,,,,,,0.00846341
2267.8,,,,,,,,,,,,,0.008391
2267.9,,,,,,,,,,,,,0.00831859
2268.0,,,,,,,,,,,,,0.008246
2268.1,,,,,,,,,,,,,0.00819093
2268.2,,,,,,,,,,,,,0.00813587
2268.3,,,,,,,,,,,,,0.00808093
2268.4,,,,,,,,,,,,,0.008026
2268.5,,,,,,,,,,,,,0.0079705
2268.6,,,,,,,,,,,,,0.007915
2268.7,,,,,,,,,,,,,0.00785993
2268.8,,,,,,,,,,,,,0.007805
2268.9,,,,,,,,,,,,,0.00775007
2269.0,,,,,,,,,,,,,0.007695
2269.1,,,,,,,,,,,,,0.00764394
2269.2,,,,,,,,,,,,,0.00759288
2269.3,,,,,,,,,,,,,0.00754194
2269.4,,,,,,,,,,,,,0.007491
2269.5,,,,,,,,,,,,,0.00744
2269.6,,,,,,,,,,,,,0.007389
2269.7,,,,,,,,,,,,,0.00733744
2269.8,,,,,,,,,,,,,0.007286
2269.9,,,,,,,,,,,,,0.00723506
2270.0,,,,,,,,,,,,,0.007184
2270.1,,,,,,,,,,,,,0.00713844
2270.2,,,,,,,,,,,,,0.00709289
2270.3,,,,,,,,,,,,,0.00704744
2270.4,,,,,,,,,,,,,0.007002
2270.5,,,,,,,,,,,,,0.0069565
2270.6,,,,,,,,,,,,,0.006911
2270.7,,,,,,,,,,,,,0.00686595
2270.8,,,,,,,,,,,,,0.006821
2270.9,,,,,,,,,,,,,0.00677556
2271.0,,,,,,,,,,,,,0.00673
2271.1,,,,,,,,,,,,,0.00669346
2271.2,,,,,,,,,,,,,0.00665691
2271.3,,,,,,,,,,,,,0.00662096
2271.4,,,,,,,,,,,,,0.006585
2271.5,,,,,,,,,,,,,0.006549
2271.6,,,,,,,,,,,,,0.006513
2271.7,,,,,,,,,,,,,0.00647696
2271.8,,,,,,,,,,,,,0.006441
2271.9,,,,,,,,,,,,,0.00640504
2272.0,,,,,,,,,,,,,0.006369
2272.1,,,,,,,,,,,,,0.00632995
2272.2,,,,,,,,,,,,,0.0062909
2272.3,,,,,,,,,,,,,0.00625195
2272.4,,,,,,,,,,,,,0.006213
2272.5,,,,,,,,,,,,,0.006174
2272.6,,,,,,,,,,,,,0.006135
2272.7,,,,,,,,,,,,,0.00609645
2272.8,,,,,,,,,,,,,0.006058
2272.9,,,,,,,,,,,,,0.00601905
2273.0,,,,,,,,,,,,,0.00598
2273.1,,,,,,,,,,,,,0.00594195
2273.2,,,,,,,,,,,,,0.00590391
2273.3,,,,,,,,,,,,,0.00586645
2273.4,,,,,,,,,,,,,0.005829
2273.5,,,,,,,,,,,,,0.005791
2273.6,,,,,,,,,,,,,0.005753
2273.7,,,,,,,,,,,,,0.00571495
2273.8,,,,,,,,,,,,,0.005677
2273.9,,,,,,,,,,,,,0.00563905
2274.0,,,,,,,,,,,,,0.005601
2274.1,,,,,,,,,,,,,0.00556245
2274.2,,,,,,,,,,,,,0.00552391
2274.3,,,,,,,,,,,,,0.00548595
2274.4,,,,,,,,,,,,,0.005448
2274.5,,,,,,,,,,,,,0.0054095
2274.6,,,,,,,,,,,,,0.005371
2274.7,,,,,,,,,,,,,0.00533245
2274.8,,,,,,,,,,,,,0.005294
2274.9,,,,,,,,,,,,,0.00525555
2275.0,,,,,,,,,,,,,0.005217
2275.1,,,,,,,,,,,,,0.00518046
2275.2,,,,,,,,,,,,,0.00514391
2275.3,,,,,,,,,,,,,0.00510746
2275.4,,,,,,,,,,,,,0.005071
2275.5,,,,,,,,,,,,,0.0050345
2275.6,,,,,,,,,,,,,0.004998
2275.7,,,,,,,,,,,,,0.00496196
2275.8,,,,,,,,,,,,,0.004926
2275.9,,,,,,,,,,,,,0.00488954
2276.0,,,,,,,,,,,,,0.004853
2276.1,,,,,,,,,,,,,0.00482597
2276.2,,,,,,,,,,,,,0.00479893
2276.3,,,,,,,,,,,,,0.00477197
2276.4,,,,,,,,,,,,,0.004745
2276.5,,,,,,,,,,,,,0.0047185
2276.6,,,,,,,,,,,,,0.004692
2276.7,,,,,,,,,,,,,0.00466497
2276.8,,,,,,,,,,,,,0.004638
2276.9,,,,,,,,,,,,,0.00461103
2277.0,,,,,,,,,,,,,0.004584
2277.1,,,,,,,,,,,,,0.00456197
2277.2,,,,,,,,,,,,,0.00453995
2277.3,,,,,,,,,,,,,0.00451747
2277.4,,,,,,,,,,,,,0.004495
2277.5,,,,,,,,,,,,,0.004473
2277.6,,,,,,,,,,,,,0.004451
2277.7,,,,,,,,,,,,,0.00442847
2277.8,,,,,,,,,,,,,0.004406
2277.9,,,,,,,,,,,,,0.00438403
2278.0,,,,,,,,,,,,,0.004362
2278.1,,,,,,,,,,,,,0.00433547
2278.2,,,,,,,,,,,,,0.00430893
2278.3,,,,,,,,,,,,,0.00428197
2278.4,,,,,,,,,,,,,0.004255
2278.5,,,,,,,,,,,,,0.0042285
2278.6,,,,,,,,,,,,,0.004202
2278.7,,,,,,,,,,,,,0.00417547
2278.8,,,,,,,,,,,,,0.004149
2278.9,,,,,,,,,,,,,0.00412253
2279.0,,,,,,,,,,,,,0.004096
2279.1,,,,,,,,,,,,,0.00407347
2279.2,,,,,,,,,,,,,0.00405094
2279.3,,,,,,,,,,,,,0.00402847
2279.4,,,,,,,,,,,,,0.004006
2279.5,,,,,,,,,,,,,0.003983
2279.6,,,,,,,,,,,,,0.00396
2279.7,,,,,,,,,,,,,0.00393747
2279.8,,,,,,,,,,,,,0.003915
2279.9,,,,,,,,,,,,,0.00389253
2280.0,,,,,,,,,,,,,0.00387
2280.1,,,,,,,,,,,,,0.00383946
2280.2,,,,,,,,,,,,,0.00380893
2280.3,,,,,,,,,,,,,0.00377896
2280.4,,,,,,,,,,,,,0.003749
2280.5,,,,,,,,,,,,,0.0037185
2280.6,,,,,,,,,,,,,0.003688
2280.7,,,,,,,,,,,,,0.00365796
2280.8,,,,,,,,,,,,,0.003628
2280.9,,,,,,,,,,,,,0.00359754
2281.0,,,,,,,,,,,,,0.003567
2281.1,,,,,,,,,,,,,0.00353897
2281.2,,,,,,,,,,,,,0.00351093
2281.3,,,,,,,,,,,,,0.00348297
2281.4,,,,,,,,,,,,,0.003455
2281.5,,,,,,,,,,,,,0.0034265
2281.6,,,,,,,,,,,,,0.003398
2281.7,,,,,,,,,,,,,0.00336997
2281.8,,,,,,,,,,,,,0.003342
2281.9,,,,,,,,,,,,,0.00331403
2282.0,,,,,,,,,,,,,0.003286
2282.1,,,,,,,,,,,,,0.003282
2282.2,,,,,,,,,,,,,0.00327799
2282.3,,,,,,,,,,,,,0.0032745
2282.4,,,,,,,,,,,,,0.003271
2282.5,,,,,,,,,,,,,0.003267
2282.6,,,,,,,,,,,,,0.003263
2282.7,,,,,,,,,,,,,0.0032595
2282.8,,,,,,,,,,,,,0.003256
2282.9,,,,,,,,,,,,,0.003252
2283.0,,,,,,,,,,,,,0.003248
2283.1,,,,,,,,,,,,,0.00325251
2283.2,,,,,,,,,,,,,0.00325701
2283.3,,,,,,,,,,,,,0.003261
2283.4,,,,,,,,,,,,,0.003265
2283.5,,,,,,,,,,,,,0.003269
2283.6,,,,,,,,,,,,,0.003273
2283.7,,,,,,,,,,,,,0.003277
2283.8,,,,,,,,,,,,,0.003281
2283.9,,,,,,,,,,,,,0.003285
2284.0,,,,,,,,,,,,,0.003289
2284.1,,,,,,,,,,,,,0.003286
2284.2,,,,,,,,,,,,,0.00328299
2284.3,,,,,,,,,,,,,0.00328
2284.4,,,,,,,,,,,,,0.003277
2284.5,,,,,,,,,,,,,0.0032735
2284.6,,,,,,,,,,,,,0.00327
2284.7,,,,,,,,,,,,,0.003267
2284.8,,,,,,,,,,,,,0.003264
2284.9,,,,,,,,,,,,,0.003261
2285.0,,,,,,,,,,,,,0.003258
2285.1,,,,,,,,,,,,,0.003256
2285.2,,,,,,,,,,,,,0.003254
2285.3,,,,,,,,,,,,,0.003252
2285.4,,,,,,,,,,,,,0.00325
2285.5,,,,,,,,,,,,,0.003248
2285.6,,,,,,,,,,,,,0.003246
2285.7,,,,,,,,,,,,,0.0032445
2285.8,,,,,,,,,,,,,0.003243
2285.9,,,,,,,,,,,,,0.003241
2286.0,,,,,,,,,,,,,0.003239
2286.1,,,,,,,,,,,,,0.003236
2286.2,,,,,,,,,,,,,0.00323299
2286.3,,,,,,,,,,,,,0.00323
2286.4,,,,,,,,,,,,,0.003227
2286.5,,,,,,,,,,,,,0.003224
2286.6,,,,,,,,,,,,,0.003221
2286.7,,,,,,,,,,,,,0.003218
2286.8,,,,,,,,,,,,,0.003215
2286.9,,,,,,,,,,,,,0.003212
2287.0,,,,,,,,,,,,,0.003209
2287.1,,,,,,,,,,,,,0.0032065
2287.2,,,,,,,,,,,,,0.003204
2287.3,,,,,,,,,,,,,0.003202
2287.4,,,,,,,,,,,,,0.0032
2287.5,,,,,,,,,,,,,0.0031975
2287.6,,,,,,,,,,,,,0.003195
2287.7,,,,,,,,,,,,,0.0031925
2287.8,,,,,,,,,,,,,0.00319
2287.9,,,,,,,,,,,,,0.003188
2288.0,,,,,,,,,,,,,0.003186
2288.1,,,,,,,,,,,,,0.0031855
2288.2,,,,,,,,,,,,,0.003185
2288.3,,,,,,,,,,,,,0.0031845
2288.4,,,,,,,,,,,,,0.003184
2288.5,,,,,,,,,,,,,0.003184
2288.6,,,,,,,,,,,,,0.003184
2288.7,,,,,,,,,,,,,0.0031835
2288.8,,,,,,,,,,,,,0.003183
2288.9,,,,,,,,,,,,,0.0031825
2289.0,,,,,,,,,,,,,0.003182
2289.1,,,,,,,,,,,,,0.0031835
2289.2,,,,,,,,,,,,,0.003185
2289.3,,,,,,,,,,,,,0.003186
2289.4,,,,,,,,,,,,,0.003187
2289.5,,,,,,,,,,,,,0.003188
2289.6,,,,,,,,,,,,,0.003189
2289.7,,,,,,,,,,,,,0.00319
2289.8,,,,,,,,,,,,,0.003191
2289.9,,,,,,,,,,,,,0.003192
2290.0,,,,,,,,,,,,,0.003193
2290.1,,,,,,,,,,,,,0.003192
2290.2,,,,,,,,,,,,,0.003191
2290.3,,,,,,,,,,,,,0.00319
2290.4,,,,,,,,,,,,,0.003189
2290.5,,,,,,,,,,,,,0.003188
2290.6,,,,,,,,,,,,,0.003187
2290.7,,,,,,,,,,,,,0.003186
2290.8,,,,,,,,,,,,,0.003185
2290.9,,,,,,,,,,,,,0.003184
2291.0,,,,,,,,,,,,,0.003183
2291.1,,,,,,,,,,,,,0.0031845
2291.2,,,,,,,,,,,,,0.003186
2291.3,,,,,,,,,,,,,0.0031875
2291.4,,,,,,,,,,,,,0.003189
2291.5,,,,,,,,,,,,,0.00319
2291.6,,,,,,,,,,,,,0.003191
2291.7,,,,,,,,,,,,,0.0031925
2291.8,,,,,,,,,,,,,0.003194
2291.9,,,,,,,,,,,,,0.0031955
2292.0,,,,,,,,,,,,,0.003197
2292.1,,,,,,,,,,,,,0.003196
2292.2,,,,,,,,,,,,,0.003195
2292.3,,,,,,,,,,,,,0.0031935
2292.4,,,,,,,,,,,,,0.003192
2292.5,,,,,,,,,,,,,0.003191
2292.6,,,,,,,,,,,,,0.00319
2292.7,,,,,,,,,,,,,0.003189
2292.8,,,,,,,,,,,,,0.003188
2292.9,,,,,,,,,,,,,0.003187
2293.0,,,,,,,,,,,,,0.003186
2293.1,,,,,,,,,,,,,0.003185
2293.2,,,,,,,,,,,,,0.003184
2293.3,,,,,,,,,,,,,0.003183
2293.4,,,,,,,,,,,,,0.003182
2293.5,,,,,,,,,,,,,0.003181
2293.6,,,,,,,,,,,,,0.00318
2293.7,,,,,,,,,,,,,0.003179
2293.8,,,,,,,,,,,,,0.003178
2293.9,,,,,,,,,,,,,0.0031775
2294.0,,,,,,,,,,,,,0.003177
2294.1,,,,,,,,,,,,,0.003175
2294.2,,,,,,,,,,,,,0.003173
2294.3,,,,,,,,,,,,,0.0031715
2294.4,,,,,,,,,,,,,0.00317
2294.5,,,,,,,,,,,,,0.0031685
2294.6,,,,,,,,,,,,,0.003167
2294.7,,,,,,,,,,,,,0.0031655
2294.8,,,,,,,,,,,,,0.003164
2294.9,,,,,,,,,,,,,0.0031625
2295.0,,,,,,,,,,,,,0.003161
2295.1,,,,,,,,,,,,,0.0031585
2295.2,,,,,,,,,,,,,0.00315599
2295.3,,,,,,,,,,,,,0.0031535
2295.4,,,,,,,,,,,,,0.003151
2295.5,,,,,,,,,,,,,0.0031485
2295.6,,,,,,,,,,,,,0.003146
2295.7,,,,,,,,,,,,,0.003144
2295.8,,,,,,,,,,,,,0.003142
2295.9,,,,,,,,,,,,,0.0031395
2296.0,,,,,,,,,,,,,0.003137
2296.1,,,,,,,,,,,,,0.0031355
2296.2,,,,,,,,,,,,,0.003134
2296.3,,,,,,,,,,,,,0.003133
2296.4,,,,,,,,,,,,,0.003132
2296.5,,,,,,,,,,,,,0.0031305
2296.6,,,,,,,,,,,,,0.003129
2296.7,,,,,,,,,,,,,0.0031275
2296.8,,,,,,,,,,,,,0.003126
2296.9,,,,,,,,,,,,,0.003125
2297.0,,,,,,,,,,,,,0.003124
2297.1,,,,,,,,,,,,,0.003123
2297.2,,,,,,,,,,,,,0.003122
2297.3,,,,,,,,,,,,,0.003121
2297.4,,,,,,,,,,,,,0.00312
2297.5,,,,,,,,,,,,,0.003119
2297.6,,,,,,,,,,,,,0.003118
2297.7,,,,,,,,,,,,,0.003117
2297.8,,,,,,,,,,,,,0.003116
2297.9,,,,,,,,,,,,,0.003115
2298.0,,,,,,,,,,,,,0.003114
2298.1,,,,,,,,,,,,,0.003112
2298.2,,,,,,,,,,,,,0.00311
2298.3,,,,,,,,,,,,,0.003108
2298.4,,,,,,,,,,,,,0.003106
2298.5,,,,,,,,,,,,,0.003104
2298.6,,,,,,,,,,,,,0.003102
2298.7,,,,,,,,,,,,,0.0031
2298.8,,,,,,,,,,,,,0.003098
2298.9,,,,,,,,,,,,,0.0030955
2299.0,,,,,,,,,,,,,0.003093
2299.1,,,,,,,,,,,,,0.003093
2299.2,,,,,,,,,,,,,0.003093
2299.3,,,,,,,,,,,,,0.0030925
2299.4,,,,,,,,,,,,,0.003092
2299.5,,,,,,,,,,,,,0.003092
2299.6,,,,,,,,,,,,,0.003092
2299.7,,,,,,,,,,,,,0.0030915
2299.8,,,,,,,,,,,,,0.003091
2299.9,,,,,,,,,,,,,0.003091
2300.0,,,,,,,,,,,,,0.003091
2300.1,,,,,,,,,,,,,0.0030885
2300.2,,,,,,,,,,,,,0.00308599
2300.3,,,,,,,,,,,,,0.0030835
2300.4,,,,,,,,,,,,,0.003081
2300.5,,,,,,,,,,,,,0.0030785
2300.6,,,,,,,,,,,,,0.003076
2300.7,,,,,,,,,,,,,0.0030735
2300.8,,,,,,,,,,,,,0.003071
2300.9,,,,,,,,,,,,,0.0030685
2301.0,,,,,,,,,,,,,0.003066
2301.1,,,,,,,,,,,,,0.0030625
2301.2,,,,,,,,,,,,,0.00305899
2301.3,,,,,,,,,,,,,0.003055
2301.4,,,,,,,,,,,,,0.003051
2301.5,,,,,,,,,,,,,0.0030475
2301.6,,,,,,,,,,,,,0.003044
2301.7,,,,,,,,,,,,,0.00304
2301.8,,,,,,,,,,,,,0.003036
2301.9,,,,,,,,,,,,,0.0030325
2302.0,,,,,,,,,,,,,0.003029
2302.1,,,,,,,,,,,,,0.003027
2302.2,,,,,,,,,,,,,0.003025
2302.3,,,,,,,,,,,,,0.0030235
2302.4,,,,,,,,,,,,,0.003022
2302.5,,,,,,,,,,,,,0.0030205
2302.6,,,,,,,,,,,,,0.003019
2302.7,,,,,,,,,,,,,0.003017
2302.8,,,,,,,,,,,,,0.003015
2302.9,,,,,,,,,,,,,0.0030135
2303.0,,,,,,,,,,,,,0.003012
2303.1,,,,,,,,,,,,,0.003009
2303.2,,,,,,,,,,,,,0.00300599
2303.3,,,,,,,,,,,,,0.003003
2303.4,,,,,,,,,,,,,0.003
2303.5,,,,,,,,,,,,,0.002997
2303.6,,,,,,,,,,,,,0.002994
2303.7,,,,,,,,,,,,,0.002991
2303.8,,,,,,,,,,,,,0.002988
2303.9,,,,,,,,,,,,,0.002985
2304.0,,,,,,,,,,,,,0.002982
2304.1,,,,,,,,,,,,,0.0029785
2304.2,,,,,,,,,,,,,0.00297499
2304.3,,,,,,,,,,,,,0.002972
2304.4,,,,,,,,,,,,,0.002969
2304.5,,,,,,,,,,,,,0.0029655
2304.6,,,,,,,,,,,,,0.002962
2304.7,,,,,,,,,,,,,0.002959
2304.8,,,,,,,,,,,,,0.002956
2304.9,,,,,,,,,,,,,0.0029525
2305.0,,,,,,,,,,,,,0.002949
2305.1,,,,,,,,,,,,,0.0029495
2305.2,,,,,,,,,,,,,0.00295
2305.3,,,,,,,,,,,,,0.0029505
2305.4,,,,,,,,,,,,,0.002951
2305.5,,,,,,,,,,,,,0.002952
2305.6,,,,,,,,,,,,,0.002953
2305.7,,,,,,,,,,,,,0.0029535
2305.8,,,,,,,,,,,,,0.002954
2305.9,,,,,,,,,,,,,0.0029545
2306.0,,,,,,,,,,,,,0.002955
2306.1,,,,,,,,,,,,,0.002956
2306.2,,,,,,,,,,,,,0.002957
2306.3,,,,,,,,,,,,,0.0029585
2306.4,,,,,,,,,,,,,0.00296
2306.5,,,,,,,,,,,,,0.002961
2306.6,,,,,,,,,,,,,0.002962
2306.7,,,,,,,,,,,,,0.0029635
2306.8,,,,,,,,,,,,,0.002965
2306.9,,,,,,,,,,,,,0.002966
2307.0,,,,,,,,,,,,,0.002967
2307.1,,,,,,,,,,,,,0.002966
2307.2,,,,,,,,,,,,,0.002965
2307.3,,,,,,,,,,,,,0.0029635
2307.4,,,,,,,,,,,,,0.002962
2307.5,,,,,,,,,,,,,0.002961
2307.6,,,,,,,,,,,,,0.00296
2307.7,,,,,,,,,,,,,0.0029585
2307.8,,,,,,,,,,,,,0.002957
2307.9,,,,,,,,,,,,,0.002956
2308.0,,,,,,,,,,,,,0.002955
2308.1,,,,,,,,,,,,,0.002952
2308.2,,,,,,,,,,,,,0.00294899
2308.3,,,,,,,,,,,,,0.0029465
2308.4,,,,,,,,,,,,,0.002944
2308.5,,,,,,,,,,,,,0.002941
2308.6,,,,,,,,,,,,,0.002938
2308.7,,,,,,,,,,,,,0.0029355
2308.8,,,,,,,,,,,,,0.002933
2308.9,,,,,,,,,,,,,0.00293
2309.0,,,,,,,,,,,,,0.002927
2309.1,,,,,,,,,,,,,0.0029235
2309.2,,,,,,,,,,,,,0.00291999
2309.3,,,,,,,,,,,,,0.002917
2309.4,,,,,,,,,,,,,0.002914
2309.5,,,,,,,,,,,,,0.0029105
2309.6,,,,,,,,,,,,,0.002907
2309.7,,,,,,,,,,,,,0.0029035
2309.8,,,,,,,,,,,,,0.0029
2309.9,,,,,,,,,,,,,0.0028965
2310.0,,,,,,,,,,,,,0.002893
2310.1,,,,,,,,,,,,,0.0028895
2310.2,,,,,,,,,,,,,0.00288599
2310.3,,,,,,,,,,,,,0.002883
2310.4,,,,,,,,,,,,,0.00288
2310.5,,,,,,,,,,,,,0.0028765
2310.6,,,,,,,,,,,,,0.002873
2310.7,,,,,,,,,,,,,0.0028695
2310.8,,,,,,,,,,,,,0.002866
2310.9,,,,,,,,,,,,,0.0028625
2311.0,,,,,,,,,,,,,0.002859
2311.1,,,,,,,,,,,,,0.00261971
2311.2,,,,,,,,,,,,,0.00238042
2311.3,,,,,,,,,,,,,0.00214171
2311.4,,,,,,,,,,,,,0.001903
2311.5,,,,,,,,,,,,,0.001664
2311.6,,,,,,,,,,,,,0.001425
2311.7,,,,,,,,,,,,,0.00118571
2311.8,,,,,,,,,,,,,0.000947
2311.9,,,,,,,,,,,,,0.000708292
2312.0,,,,,,,,,,,,,0.000469
2312.1,,,,,,,,,,,,,0.000457987
2312.2,,,,,,,,,,,,,0.000446974
2312.3,,,,,,,,,,,,,0.000436487
2312.4,,,,,,,,,,,,,0.000426
2312.5,,,,,,,,,,,,,0.000415
2312.6,,,,,,,,,,,,,0.000404
2312.7,,,,,,,,,,,,,0.000393487
2312.8,,,,,,,,,,,,,0.000383
2312.9,,,,,,,,,,,,,0.000372013
2313.0,,,,,,,,,,,,,0.000361
2313.1,,,,,,,,,,,,,0.000351488
2313.2,,,,,,,,,,,,,0.000341977
2313.3,,,,,,,,,,,,,0.000332488
2313.4,,,,,,,,,,,,,0.000323
2313.5,,,,,,,,,,,,,0.0003135
2313.6,,,,,,,,,,,,,0.000304
2313.7,,,,,,,,,,,,,0.000294488
2313.8,,,,,,,,,,,,,0.000285
2313.9,,,,,,,,,,,,,0.000275512
2314.0,,,,,,,,,,,,,0.000266
2314.1,,,,,,,,,,,,,0.000265499
2314.2,,,,,,,,,,,,,0.000265
2314.3,,,,,,,,,,,,,0.000265
2314.4,,,,,,,,,,,,,0.000265
2314.5,,,,,,,,,,,,,0.000265
2314.6,,,,,,,,,,,,,0.000265
2314.7,,,,,,,,,,,,,0.000265
2314.8,,,,,,,,,,,,,0.000265
2314.9,,,,,,,,,,,,,0.000264501
2315.0,,,,,,,,,,,,,0.000264
2315.1,,,,,,,,,,,,,0.000269507
2315.2,,,,,,,,,,,,,0.000275015
2315.3,,,,,,,,,,,,,0.000281007
2315.4,,,,,,,,,,,,,0.000287
2315.5,,,,,,,,,,,,,0.0002925
2315.6,,,,,,,,,,,,,0.000298
2315.7,,,,,,,,,,,,,0.000303507
2315.8,,,,,,,,,,,,,0.000309
2315.9,,,,,,,,,,,,,0.000314493
2316.0,,,,,,,,,,,,,0.00032
2316.1,,,,,,,,,,,,,0.000324005
2316.2,,,,,,,,,,,,,0.00032801
2316.3,,,,,,,,,,,,,0.000332005
2316.4,,,,,,,,,,,,,0.000336
2316.5,,,,,,,,,,,,,0.00034
2316.6,,,,,,,,,,,,,0.000344
2316.7,,,,,,,,,,,,,0.000348005
2316.8,,,,,,,,,,,,,0.000352
2316.9,,,,,,,,,,,,,0.000355995
2317.0,,,,,,,,,,,,,0.00036
2317.1,,,,,,,,,,,,,0.000363004
2317.2,,,,,,,,,,,,,0.000366006
2317.3,,,,,,,,,,,,,0.000368503
2317.4,,,,,,,,,,,,,0.000371
2317.5,,,,,,,,,,,,,0.000374
2317.6,,,,,,,,,,,,,0.000377
2317.7,,,,,,,,,,,,,0.000380004
2317.8,,,,,,,,,,,,,0.000383
2317.9,,,,,,,,,,,,,0.000385996
2318.0,,,,,,,,,,,,,0.000389
2318.1,,,,,,,,,,,,,0.000388499
2318.2,,,,,,,,,,,,,0.000387999
2318.3,,,,,,,,,,,,,0.000387499
2318.4,,,,,,,,,,,,,0.000387
2318.5,,,,,,,,,,,,,0.0003865
2318.6,,,,,,,,,,,,,0.000386
2318.7,,,,,,,,,,,,,0.000385499
2318.8,,,,,,,,,,,,,0.000385
2318.9,,,,,,,,,,,,,0.000384001
2319.0,,,,,,,,,,,,,0.000383
2319.1,,,,,,,,,,,,,0.000380998
2319.2,,,,,,,,,,,,,0.000378995
2319.3,,,,,,,,,,,,,0.000376998
2319.4,,,,,,,,,,,,,0.000375
2319.5,,,,,,,,,,,,,0.000373
2319.6,,,,,,,,,,,,,0.000371
2319.7,,,,,,,,,,,,,0.000368998
2319.8,,,,,,,,,,,,,0.000367
2319.9,,,,,,,,,,,,,0.000365002
2320.0,,,,,,,,,,,,,0.000363
2320.1,,,,,,,,,,,,,0.000360497
2320.2,,,,,,,,,,,,,0.000357995
2320.3,,,,,,,,,,,,,0.000355998
2320.4,,,,,,,,,,,,,0.000354
2320.5,,,,,,,,,,,,,0.000352
2320.6,,,,,,,,,,,,,0.00035
2320.7,,,,,,,,,,,,,0.000347998
2320.8,,,,,,,,,,,,,0.000346
2320.9,,,,,,,,,,,,,0.000343503
2321.0,,,,,,,,,,,,,0.000341
2321.1,,,,,,,,,,,,,0.000335994
2321.2,,,,,,,,,,,,,0.000330988
2321.3,,,,,,,,,,,,,0.000325994
2321.4,,,,,,,,,,,,,0.000321
2321.5,,,,,,,,,,,,,0.000316
2321.6,,,,,,,,,,,,,0.000311
2321.7,,,,,,,,,,,,,0.000305994
2321.8,,,,,,,,,,,,,0.000301
2321.9,,,,,,,,,,,,,0.000296006
2322.0,,,,,,,,,,,,,0.000291
2322.1,,,,,,,,,,,,,0.000286494
2322.2,,,,,,,,,,,,,0.000281988
2322.3,,,,,,,,,,,,,0.000276994
2322.4,,,,,,,,,,,,,0.000272
2322.5,,,,,,,,,,,,,0.0002675
2322.6,,,,,,,,,,,,,0.000263
2322.7,,,,,,,,,,,,,0.000258495
2322.8,,,,,,,,,,,,,0.000254
2322.9,,,,,,,,,,,,,0.000249006
2323.0,,,,,,,,,,,,,0.000244
2323.1,,,,,,,,,,,,,0.000237492
2323.2,,,,,,,,,,,,,0.000230984
2323.3,,,,,,,,,,,,,0.000224492
2323.4,,,,,,,,,,,,,0.000218
2323.5,,,,,,,,,,,,,0.0002115
2323.6,,,,,,,,,,,,,0.000205
2323.7,,,,,,,,,,,,,0.000198492
2323.8,,,,,,,,,,,,,0.000192
2323.9,,,,,,,,,,,,,0.000185508
2324.0,,,,,,,,,,,,,0.000179
2324.1,,,,,,,,,,,,,0.000174995
2324.2,,,,,,,,,,,,,0.00017099
2324.3,,,,,,,,,,,,,0.000166995
2324.4,,,,,,,,,,,,,0.000163
2324.5,,,,,,,,,,,,,0.000159
2324.6,,,,,,,,,,,,,0.000155
2324.7,,,,,,,,,,,,,0.000151496
2324.8,,,,,,,,,,,,,0.000148
2324.9,,,,,,,,,,,,,0.000144005
2325.0,,,,,,,,,,,,,0.00014
2325.1,,,,,,,,,,,,,0.000137497
2325.2,,,,,,,,,,,,,0.000134993
2325.3,,,,,,,,,,,,,0.000131996
2325.4,,,,,,,,,,,,,0.000129
2325.5,,,,,,,,,,,,,0.0001265
2325.6,,,,,,,,,,,,,0.000124
2325.7,,,,,,,,,,,,,0.000121497
2325.8,,,,,,,,,,,,,0.000119
2325.9,,,,,,,,,,,,,0.000116004
2326.0,,,,,,,,,,,,,0.000113
2326.1,,,,,,,,,,,,,0.000111999
2326.2,,,,,,,,,,,,,0.000110996
2326.3,,,,,,,,,,,,,0.000109498
2326.4,,,,,,,,,,,,,0.000108
2326.5,,,,,,,,,,,,,0.0001065
2326.6,,,,,,,,,,,,,0.000105
2326.7,,,,,,,,,,,,,0.000103498
2326.8,,,,,,,,,,,,,0.000102
2326.9,,,,,,,,,,,,,0.000101001
2327.0,,,,,,,,,,,,,1e-04
2327.1,,,,,,,,,,,,,9.54945e-05
2327.2,,,,,,,,,,,,,9.0989e-05
2327.3,,,,,,,,,,,,,8.64945e-05
2327.4,,,,,,,,,,,,,8.2e-05
2327.5,,,,,,,,,,,,,7.75e-05
2327.6,,,,,,,,,,,,,7.3e-05
2327.7,,,,,,,,,,,,,6.84945e-05
2327.8,,,,,,,,,,,,,6.4e-05
2327.9,,,,,,,,,,,,,5.95055e-05
2328.0,,,,,,,,,,,,,5.5e-05
2328.1,,,,,,,,,,,,,6.05067e-05
2328.2,,,,,,,,,,,,,6.60134e-05
2328.3,,,,,,,,,,,,,7.15067e-05
2328.4,,,,,,,,,,,,,7.7e-05
2328.5,,,,,,,,,,,,,8.25e-05
2328.6,,,,,,,,,,,,,8.8e-05
2328.7,,,,,,,,,,,,,9.35067e-05
2328.8,,,,,,,,,,,,,9.9e-05
2328.9,,,,,,,,,,,,,0.000104493
2329.0,,,,,,,,,,,,,0.00011
2329.1,,,,,,,,,,,,,0.000121514
2329.2,,,,,,,,,,,,,0.000133028
2329.3,,,,,,,,,,,,,0.000144514
2329.4,,,,,,,,,,,,,0.000156
2329.5,,,,,,,,,,,,,0.0001675
2329.6,,,,,,,,,,,,,0.000179
2329.7,,,,,,,,,,,,,0.000190514
2329.8,,,,,,,,,,,,,0.000202
2329.9,,,,,,,,,,,,,0.000213486
2330.0,,,,,,,,,,,,,0.000225
2330.1,,,,,,,,,,,,,0.000230507
2330.2,,,,,,,,,,,,,0.000236013
2330.3,,,,,,,,,,,,,0.000241507
2330.4,,,,,,,,,,,,,0.000247
2330.5,,,,,,,,,,,,,0.0002525
2330.6,,,,,,,,,,,,,0.000258
2330.7,,,,,,,,,,,,,0.000263507
2330.8,,,,,,,,,,,,,0.000269
2330.9,,,,,,,,,,,,,0.000274993
2331.0,,,,,,,,,,,,,0.000281
2331.1,,,,,,,,,,,,,0.000286006
2331.2,,,,,,,,,,,,,0.000291013
2331.3,,,,,,,,,,,,,0.000296507
2331.4,,,,,,,,,,,,,0.000302
2331.5,,,,,,,,,,,,,0.0003075
2331.6,,,,,,,,,,,,,0.000313
2331.7,,,,,,,,,,,,,0.000318006
2331.8,,,,,,,,,,,,,0.000323
2331.9,,,,,,,,,,,,,0.000328493
2332.0,,,,,,,,,,,,,0.000334
2332.1,,,,,,,,,,,,,0.000326991
2332.2,,,,,,,,,,,,,0.000319983
2332.3,,,,,,,,,,,,,0.000312991
2332.4,,,,,,,,,,,,,0.000306
2332.5,,,,,,,,,,,,,0.000299
2332.6,,,,,,,,,,,,,0.000292
2332.7,,,,,,,,,,,,,0.000284991
2332.8,,,,,,,,,,,,,0.000278
2332.9,,,,,,,,,,,,,0.000271009
2333.0,,,,,,,,,,,,,0.000264
2333.1,,,,,,,,,,,,,0.000260996
2333.2,,,,,,,,,,,,,0.000257994
2333.3,,,,,,,,,,,,,0.000255497
2333.4,,,,,,,,,,,,,0.000253
2333.5,,,,,,,,,,,,,0.00025
2333.6,,,,,,,,,,,,,0.000247
2333.7,,,,,,,,,,,,,0.000243996
2333.8,,,,,,,,,,,,,0.000241
2333.9,,,,,,,,,,,,,0.000238503
2334.0,,,,,,,,,,,,,0.000236
2334.1,,,,,,,,,,,,,0.000231995
2334.2,,,,,,,,,,,,,0.00022799
2334.3,,,,,,,,,,,,,0.000223995
2334.4,,,,,,,,,,,,,0.00022
2334.5,,,,,,,,,,,,,0.0002165
2334.6,,,,,,,,,,,,,0.000213
2334.7,,,,,,,,,,,,,0.000208995
2334.8,,,,,,,,,,,,,0.000205
2334.9,,,,,,,,,,,,,0.000201005
2335.0,,,,,,,,,,,,,0.000197
2335.1,,,,,,,,,,,,,0.000192495
2335.2,,,,,,,,,,,,,0.00018799
2335.3,,,,,,,,,,,,,0.000183995
2335.4,,,,,,,,,,,,,0.00018
2335.5,,,,,,,,,,,,,0.0001755
2335.6,,,,,,,,,,,,,0.000171
2335.7,,,,,,,,,,,,,0.000166495
2335.8,,,,,,,,,,,,,0.000162
2335.9,,,,,,,,,,,,,0.000157505
2336.0,,,,,,,,,,,,,0.000153
2336.1,,,,,,,,,,,,,0.000147994
2336.2,,,,,,,,,,,,,0.000142989
2336.3,,,,,,,,,,,,,0.000138495
2336.4,,,,,,,,,,,,,0.000134
2336.5,,,,,,,,,,,,,0.0001295
2336.6,,,,,,,,,,,,,0.000125
2336.7,,,,,,,,,,,,,0.000119994
2336.8,,,,,,,,,,,,,0.000115
2336.9,,,,,,,,,,,,,0.000110505
2337.0,,,,,,,,,,,,,0.000106
2337.1,,,,,,,,,,,,,0.000104999
2337.2,,,,,,,,,,,,,0.000103998
2337.3,,,,,,,,,,,,,0.000102999
2337.4,,,,,,,,,,,,,0.000102
2337.5,,,,,,,,,,,,,0.0001015
2337.6,,,,,,,,,,,,,0.000101
2337.7,,,,,,,,,,,,,9.99988e-05
2337.8,,,,,,,,,,,,,9.9e-05
2337.9,,,,,,,,,,,,,9.80012e-05
2338.0,,,,,,,,,,,,,9.7e-05
2338.1,,,,,,,,,,,,,9.64994e-05
2338.2,,,,,,,,,,,,,9.6e-05
2338.3,,,,,,,,,,,,,9.6e-05
2338.4,,,,,,,,,,,,,9.6e-05
2338.5,,,,,,,,,,,,,9.55e-05
2338.6,,,,,,,,,,,,,9.5e-05
2338.7,,,,,,,,,,,,,9.44994e-05
2338.8,,,,,,,,,,,,,9.4e-05
2338.9,,,,,,,,,,,,,9.35006e-05
2339.0,,,,,,,,,,,,,9.3e-05
2339.1,,,,,,,,,,,,,9.35006e-05
2339.2,,,,,,,,,,,,,9.4e-05
2339.3,,,,,,,,,,,,,9.4e-05
2339.4,,,,,,,,,,,,,9.4e-05
2339.5,,,,,,,,,,,,,9.4e-05
2339.6,,,,,,,,,,,,,9.4e-05
2339.7,,,,,,,,,,,,,9.4e-05
2339.8,,,,,,,,,,,,,9.4e-05
2339.9,,,,,,,,,,,,,9.4e-05
2340.0,,,,,,,,,,,,,9.4e-05
2340.1,,,,,,,,,,,,,9.19976e-05
2340.2,,,,,,,,,,,,,8.99951e-05
2340.3,,,,,,,,,,,,,8.79976e-05
2340.4,,,,,,,,,,,,,8.6e-05
2340.5,,,,,,,,,,,,,8.4e-05
2340.6,,,,,,,,,,,,,8.2e-05
2340.7,,,,,,,,,,,,,7.99976e-05
2340.8,,,,,,,,,,,,,7.8e-05
2340.9,,,,,,,,,,,,,7.60024e-05
2341.0,,,,,,,,,,,,,7.4e-05
2341.1,,,,,,,,,,,,,7.1497e-05
2341.2,,,,,,,,,,,,,6.89939e-05
2341.3,,,,,,,,,,,,,6.64969e-05
2341.4,,,,,,,,,,,,,6.4e-05
2341.5,,,,,,,,,,,,,6.1e-05
2341.6,,,,,,,,,,,,,5.8e-05
2341.7,,,,,,,,,,,,,5.54969e-05
2341.8,,,,,,,,,,,,,5.3e-05
2341.9,,,,,,,,,,,,,5.05031e-05
2342.0,,,,,,,,,,,,,4.8e-05
2342.1,,,,,,,,,,,,,4.54969e-05
2342.2,,,,,,,,,,,,,4.29927e-05
2342.3,,,,,,,,,,,,,3.99963e-05
2342.4,,,,,,,,,,,,,3.7e-05
2342.5,,,,,,,,,,,,,3.45e-05
2342.6,,,,,,,,,,,,,3.2e-05
2342.7,,,,,,,,,,,,,2.94969e-05
2342.8,,,,,,,,,,,,,2.7e-05
2342.9,,,,,,,,,,,,,2.40037e-05
2343.0,,,,,,,,,,,,,2.1e-05
2343.1,,,,,,,,,,,,,2.30024e-05
2343.2,,,,,,,,,,,,,2.50037e-05
2343.3,,,,,,,,,,,,,2.65018e-05
2343.4,,,,,,,,,,,,,2.8e-05
2343.5,,,,,,,,,,,,,2.95e-05
2343.6,,,,,,,,,,,,,3.1e-05
2343.7,,,,,,,,,,,,,3.25018e-05
2343.8,,,,,,,,,,,,,3.4e-05
2343.9,,,,,,,,,,,,,3.54982e-05
2344.0,,,,,,,,,,,,,3.7e-05
2344.1,,,,,,,,,,,,,3.49976e-05
2344.2,,,,,,,,,,,,,3.29963e-05
2344.3,,,,,,,,,,,,,3.14982e-05
2344.4,,,,,,,,,,,,,3e-05
2344.5,,,,,,,,,,,,,2.8e-05
2344.6,,,,,,,,,,,,,2.6e-05
2344.7,,,,,,,,,,,,,2.44982e-05
2344.8,,,,,,,,,,,,,2.3e-05
2344.9,,,,,,,,,,,,,2.10024e-05
2345.0,,,,,,,,,,,,,1.9e-05
2345.1,,,,,,,,,,,,,1.95006e-05
2345.2,,,,,,,,,,,,,2.00024e-05
2345.3,,,,,,,,,,,,,2.10012e-05
2345.4,,,,,,,,,,,,,2.2e-05
2345.5,,,,,,,,,,,,,2.25e-05
2345.6,,,,,,,,,,,,,2.3e-05
2345.7,,,,,,,,,,,,,2.35006e-05
2345.8,,,,,,,,,,,,,2.4e-05
2345.9,,,,,,,,,,,,,2.44994e-05
2346.0,,,,,,,,,,,,,2.5e-05
2346.1,,,,,,,,,,,,,2.60012e-05
2346.2,,,,,,,,,,,,,2.70012e-05
2346.3,,,,,,,,,,,,,2.75006e-05
2346.4,,,,,,,,,,,,,2.8e-05
2346.5,,,,,,,,,,,,,2.9e-05
2346.6,,,,,,,,,,,,,3e-05
2346.7,,,,,,,,,,,,,3.05006e-05
2346.8,,,,,,,,,,,,,3.1e-05
2346.9,,,,,,,,,,,,,3.19988e-05
2347.0,,,,,,,,,,,,,3.3e-05
2347.1,,,,,,,,,,,,,3.55031e-05
2347.2,,,,,,,,,,,,,3.80073e-05
2347.3,,,,,,,,,,,,,4.10037e-05
2347.4,,,,,,,,,,,,,4.4e-05
2347.5,,,,,,,,,,,,,4.65e-05
2347.6,,,,,,,,,,,,,4.9e-05
2347.7,,,,,,,,,,,,,5.20037e-05
2347.8,,,,,,,,,,,,,5.5e-05
2347.9,,,,,,,,,,,,,5.74969e-05
2348.0,,,,,,,,,,,,,6e-05
2348.1,,,,,,,,,,,,,6e-05
2348.2,,,,,,,,,,,,,6e-05
2348.3,,,,,,,,,,,,,5.94994e-05
2348.4,,,,,,,,,,,,,5.9e-05
2348.5,,,,,,,,,,,,,5.9e-05
2348.6,,,,,,,,,,,,,5.9e-05
2348.7,,,,,,,,,,,,,5.9e-05
2348.8,,,,,,,,,,,,,5.9e-05
2348.9,,,,,,,,,,,,,5.84994e-05
2349.0,,,,,,,,,,,,,5.8e-05
2349.1,,,,,,,,,,,,,5.74994e-05
2349.2,,,,,,,,,,,,,5.7e-05
2349.3,,,,,,,,,,,,,5.7e-05
2349.4,,,,,,,,,,,,,5.69988e-05
2349.5,,,,,,,,,,,,,5.65e-05
2349.6,,,,,,,,,,,,,5.6e-05
2349.7,,,,,,,,,,,,,5.55006e-05
2349.8,,,,,,,,,,,,,5.5e-05
2349.9,,,,,,,,,,,,,5.44994e-05
2350.0,,,,,,,,,,,,,5.4e-05
2350.1,,,,,,,,,,,,,5.45006e-05
2350.2,,,,,,,,,,,,,5.5e-05
2350.3,,,,,,,,,,,,,5.5e-05
2350.4,,,,,,,,,,,,,5.50012e-05
2350.5,,,,,,,,,,,,,5.55e-05
2350.6,,,,,,,,,,,,,5.6e-05
2350.7,,,,,,,,,,,,,5.6e-05
2350.8,,,,,,,,,,,,,5.6e-05
2350.9,,,,,,,,,,,,,5.65006e-05
2351.0,,,,,,,,,,,,,5.7e-05
2351.1,,,,,,,,,,,,,5.64994e-05
2351.2,,,,,,,,,,,,,5.6e-05
2351.3,,,,,,,,,,,,,5.54994e-05
2351.4,,,,,,,,,,,,,5.49976e-05
2351.5,,,,,,,,,,,,,5.4e-05
2351.6,,,,,,,,,,,,,5.3e-05
2351.7,,,,,,,,,,,,,5.25006e-05
2351.8,,,,,,,,,,,,,5.2e-05
2351.9,,,,,,,,,,,,,5.14994e-05
2352.0,,,,,,,,,,,,,5.1e-05
2352.1,,,,,,,,,,,,,4.99988e-05
2352.2,,,,,,,,,,,,,4.9e-05
2352.3,,,,,,,,,,,,,4.84994e-05
2352.4,,,,,,,,,,,,,4.79976e-05
2352.5,,,,,,,,,,,,,4.7e-05
2352.6,,,,,,,,,,,,,4.6e-05
2352.7,,,,,,,,,,,,,4.50012e-05
2352.8,,,,,,,,,,,,,4.4e-05
2352.9,,,,,,,,,,,,,4.29988e-05
2353.0,,,,,,,,,,,,,4.2e-05
2353.1,,,,,,,,,,,,,4.09988e-05
2353.2,,,,,,,,,,,,,4e-05
2353.3,,,,,,,,,,,,,3.89988e-05
2353.4,,,,,,,,,,,,,3.79963e-05
2353.5,,,,,,,,,,,,,3.65e-05
2353.6,,,,,,,,,,,,,3.5e-05
2353.7,,,,,,,,,,,,,3.40012e-05
2353.8,,,,,,,,,,,,,3.3e-05
2353.9,,,,,,,,,,,,,3.19988e-05
2354.0,,,,,,,,,,,,,3.1e-05
2354.1,,,,,,,,,,,,,3.04994e-05
2354.2,,,,,,,,,,,,,3e-05
2354.3,,,,,,,,,,,,,2.89988e-05
2354.4,,,,,,,,,,,,,2.79988e-05
2354.5,,,,,,,,,,,,,2.75e-05
2354.6,,,,,,,,,,,,,2.7e-05
2354.7,,,,,,,,,,,,,2.60012e-05
2354.8,,,,,,,,,,,,,2.5e-05
2354.9,,,,,,,,,,,,,2.44994e-05
2355.0,,,,,,,,,,,,,2.4e-05
2355.1,,,,,,,,,,,,,2.34994e-05
2355.2,,,,,,,,,,,,,2.3e-05
2355.3,,,,,,,,,,,,,2.24994e-05
2355.4,,,,,,,,,,,,,2.19976e-05
2355.5,,,,,,,,,,,,,2.1e-05
2355.6,,,,,,,,,,,,,2e-05
2355.7,,,,,,,,,,,,,1.95006e-05
2355.8,,,,,,,,,,,,,1.9e-05
2355.9,,,,,,,,,,,,,1.84994e-05
2356.0,,,,,,,,,,,,,1.8e-05
2356.1,,,,,,,,,,,,,1.90012e-05
2356.2,,,,,,,,,,,,,2e-05
2356.3,,,,,,,,,,,,,2.05006e-05
2356.4,,,,,,,,,,,,,2.10024e-05
2356.5,,,,,,,,,,,,,2.2e-05
2356.6,,,,,,,,,,,,,2.3e-05
2356.7,,,,,,,,,,,,,2.39988e-05
2356.8,,,,,,,,,,,,,2.5e-05
2356.9,,,,,,,,,,,,,2.60012e-05
2357.0,,,,,,,,,,,,,2.7e-05
2357.1,,,,,,,,,,,,,2.75006e-05
2357.2,,,,,,,,,,,,,2.8e-05
2357.3,,,,,,,,,,,,,2.85006e-05
2357.4,,,,,,,,,,,,,2.90012e-05
2357.5,,,,,,,,,,,,,2.95e-05
2357.6,,,,,,,,,,,,,3e-05
2357.7,,,,,,,,,,,,,3.09988e-05
2357.8,,,,,,,,,,,,,3.2e-05
2357.9,,,,,,,,,,,,,3.25006e-05
2358.0,,,,,,,,,,,,,3.3e-05
2358.1,,,,,,,,,,,,,3.45018e-05
2358.2,,,,,,,,,,,,,3.6e-05
2358.3,,,,,,,,,,,,,3.70012e-05
2358.4,,,,,,,,,,,,,3.80037e-05
2358.5,,,,,,,,,,,,,3.95e-05
2358.6,,,,,,,,,,,,,4.1e-05
2358.7,,,,,,,,,,,,,4.19988e-05
2358.8,,,,,,,,,,,,,4.3e-05
2358.9,,,,,,,,,,,,,4.45018e-05
2359.0,,,,,,,,,,,,,4.6e-05
2359.1,,,,,,,,,,,,,4.70012e-05
2359.2,,,,,,,,,,,,,4.8e-05
2359.3,,,,,,,,,,,,,4.90012e-05
2359.4,,,,,,,,,,,,,5.00037e-05
2359.5,,,,,,,,,,,,,5.15e-05
2359.6,,,,,,,,,,,,,5.3e-05
2359.7,,,,,,,,,,,,,5.39988e-05
2359.8,,,,,,,,,,,,,5.5e-05
2359.9,,,,,,,,,,,,,5.60012e-05
2360.0,,,,,,,,,,,,,5.7e-05
2360.1,,,,,,,,,,,,,5.64994e-05
2360.2,,,,,,,,,,,,,5.6e-05
2360.3,,,,,,,,,,,,,5.49988e-05
2360.4,,,,,,,,,,,,,5.39988e-05
2360.5,,,,,,,,,,,,,5.35e-05
2360.6,,,,,,,,,,,,,5.3e-05
2360.7,,,,,,,,,,,,,5.20012e-05
2360.8,,,,,,,,,,,,,5.1e-05
2360.9,,,,,,,,,,,,,5.04994e-05
2361.0,,,,,,,,,,,,,5e-05
2361.1,,,,,,,,,,,,,5e-05
2361.2,,,,,,,,,,,,,5e-05
2361.3,,,,,,,,,,,,,5e-05
2361.4,,,,,,,,,,,,,5e-05
2361.5,,,,,,,,,,,,,5e-05
2361.6,,,,,,,,,,,,,5e-05
2361.7,,,,,,,,,,,,,5e-05
2361.8,,,,,,,,,,,,,5e-05
2361.9,,,,,,,,,,,,,5e-05
2362.0,,,,,,,,,,,,,5e-05
2362.1,,,,,,,,,,,,,4.89988e-05
2362.2,,,,,,,,,,,,,4.8e-05
2362.3,,,,,,,,,,,,,4.64982e-05
2362.4,,,,,,,,,,,,,4.49976e-05
2362.5,,,,,,,,,,,,,4.4e-05
2362.6,,,,,,,,,,,,,4.3e-05
2362.7,,,,,,,,,,,,,4.15018e-05
2362.8,,,,,,,,,,,,,4e-05
2362.9,,,,,,,,,,,,,3.89988e-05
2363.0,,,,,,,,,,,,,3.8e-05
2363.1,,,,,,,,,,,,,3.69988e-05
2363.2,,,,,,,,,,,,,3.6e-05
2363.3,,,,,,,,,,,,,3.49988e-05
2363.4,,,,,,,,,,,,,3.39976e-05
2363.5,,,,,,,,,,,,,3.3e-05
2363.6,,,,,,,,,,,,,3.2e-05
2363.7,,,,,,,,,,,,,3.15006e-05
2363.8,,,,,,,,,,,,,3.1e-05
2363.9,,,,,,,,,,,,,2.99988e-05
2364.0,,,,,,,,,,,,,2.9e-05
2364.1,,,,,,,,,,,,,2.95006e-05
2364.2,,,,,,,,,,,,,3e-05
2364.3,,,,,,,,,,,,,3.10012e-05
2364.4,,,,,,,,,,,,,3.20012e-05
2364.5,,,,,,,,,,,,,3.25e-05
2364.6,,,,,,,,,,,,,3.3e-05
2364.7,,,,,,,,,,,,,3.39988e-05
2364.8,,,,,,,,,,,,,3.5e-05
2364.9,,,,,,,,,,,,,3.60012e-05
2365.0,,,,,,,,,,,,,3.7e-05
2365.1,,,,,,,,,,,,,3.54982e-05
2365.2,,,,,,,,,,,,,3.4e-05
2365.3,,,,,,,,,,,,,3.24982e-05
2365.4,,,,,,,,,,,,,3.09963e-05
2365.5,,,,,,,,,,,,,2.95e-05
2365.6,,,,,,,,,,,,,2.8e-05
2365.7,,,,,,,,,,,,,2.65018e-05
2365.8,,,,,,,,,,,,,2.5e-05
2365.9,,,,,,,,,,,,,2.34982e-05
2366.0,,,,,,,,,,,,,2.2e-05
2366.1,,,,,,,,,,,,,1.99976e-05
2366.2,,,,,,,,,,,,,1.8e-05
2366.3,,,,,,,,,,,,,1.54969e-05
2366.4,,,,,,,,,,,,,1.29951e-05
2366.5,,,,,,,,,,,,,1.1e-05
2366.6,,,,,,,,,,,,,9e-06
2366.7,,,,,,,,,,,,,6.50305e-06
2366.8,,,,,,,,,,,,,4e-06
2366.9,,,,,,,,,,,,,1.99756e-06
2367.0,,,,,,,,,,,,,
2367.1,,,,,,,,,,,,,
2367.2,,,,,,,,,,,,,
2367.3,,,,,,,,,,,,,
2367.4,,,,,,,,,,,,,
2367.5,,,,,,,,,,,,,
2367.6,,,,,,,,,,,,,
2367.7,,,,,,,,,,,,,
2367.8,,,,,,,,,,,,,
2367.9,,,,,,,,,,,,,
2368.0,,,,,,,,,,,,,
2368.1,,,,,,,,,,,,,
2368.2,,,,,,,,,,,,,
2368.3,,,,,,,,,,,,,
2368.4,,,,,,,,,,,,,
2368.5,,,,,,,,,,,,,
2368.6,,,,,,,,,,,,,
2368.7,,,,,,,,,,,,,
2368.8,,,,,,,,,,,,,
2368.9,,,,,,,,,,,,,
2369.0,,,,,,,,,,,,,
2369.1,,,,,,,,,,,,,
2369.2,,,,,,,,,,,,,
2369.3,,,,,,,,,,,,,
2369.4,,,,,,,,,,,,,
2369.5,,,,,,,,,,,,,
2369.6,,,,,,,,,,,,,
2369.7,,,,,,,,,,,,,
2369.8,,,,,,,,,,,,,
2369.9,,,,,,,,,,,,,
2370.0,,,,,,,,,,,,,
2370.1,,,,,,,,,,,,,1.00122e-06
2370.2,,,,,,,,,,,,,2e-06
2370.3,,,,,,,,,,,,,3.00122e-06
2370.4,,,,,,,,,,,,,4.00244e-06
2370.5,,,,,,,,,,,,,5e-06
2370.6,,,,,,,,,,,,,6e-06
2370.7,,,,,,,,,,,,,7.49817e-06
2370.8,,,,,,,,,,,,,9e-06
2370.9,,,,,,,,,,,,,1.00012e-05
2371.0,,,,,,,,,,,,,1.1e-05
2371.1,,,,,,,,,,,,,1.1e-05
2371.2,,,,,,,,,,,,,1.1e-05
2371.3,,,,,,,,,,,,,1.1e-05
2371.4,,,,,,,,,,,,,1.09988e-05
2371.5,,,,,,,,,,,,,1.05e-05
2371.6,,,,,,,,,,,,,1e-05
2371.7,,,,,,,,,,,,,1e-05
2371.8,,,,,,,,,,,,,1e-05
2371.9,,,,,,,,,,,,,1e-05
2372.0,,,,,,,,,,,,,1e-05
2372.1,,,,,,,,,,,,,1.10012e-05
2372.2,,,,,,,,,,,,,1.2e-05
2372.3,,,,,,,,,,,,,1.35018e-05
2372.4,,,,,,,,,,,,,1.50024e-05
2372.5,,,,,,,,,,,,,1.6e-05
2372.6,,,,,,,,,,,,,1.7e-05
2372.7,,,,,,,,,,,,,1.79988e-05
2372.8,,,,,,,,,,,,,1.9e-05
2372.9,,,,,,,,,,,,,2.00012e-05
2373.0,,,,,,,,,,,,,2.1e-05
2373.1,,,,,,,,,,,,,2.15006e-05
2373.2,,,,,,,,,,,,,2.2e-05
2373.3,,,,,,,,,,,,,2.25006e-05
2373.4,,,,,,,,,,,,,2.30012e-05
2373.5,,,,,,,,,,,,,2.35e-05
2373.6,,,,,,,,,,,,,2.4e-05
2373.7,,,,,,,,,,,,,2.44994e-05
2373.8,,,,,,,,,,,,,2.5e-05
2373.9,,,,,,,,,,,,,2.55006e-05
2374.0,,,,,,,,,,,,,2.6e-05
2374.1,,,,,,,,,,,,,2.49988e-05
2374.2,,,,,,,,,,,,,2.4e-05
2374.3,,,,,,,,,,,,,2.34994e-05
2374.4,,,,,,,,,,,,,2.29976e-05
2374.5,,,,,,,,,,,,,2.2e-05
2374.6,,,,,,,,,,,,,2.1e-05
2374.7,,,,,,,,,,,,,2.05006e-05
2374.8,,,,,,,,,,,,,2e-05
2374.9,,,,,,,,,,,,,1.89988e-05
2375.0,,,,,,,,,,,,,1.8e-05
2375.1,,,,,,,,,,,,,1.8e-05
2375.2,,,,,,,,,,,,,1.8e-05
2375.3,,,,,,,,,,,,,1.8e-05
2375.4,,,,,,,,,,,,,1.79988e-05
2375.5,,,,,,,,,,,,,1.75e-05
2375.6,,,,,,,,,,,,,1.7e-05
2375.7,,,,,,,,,,,,,1.7e-05
2375.8,,,,,,,,,,,,,1.7e-05
2375.9,,,,,,,,,,,,,1.64994e-05
2376.0,,,,,,,,,,,,,1.6e-05
2376.1,,,,,,,,,,,,,1.44982e-05
2376.2,,,,,,,,,,,,,1.3e-05
2376.3,,,,,,,,,,,,,1.14982e-05
2376.4,,,,,,,,,,,,,9.99634e-06
2376.5,,,,,,,,,,,,,8.5e-06
2376.6,,,,,,,,,,,,,7e-06
2376.7,,,,,,,,,,,,,5.50183e-06
2376.8,,,,,,,,,,,,,4e-06
2376.9,,,,,,,,,,,,,2.49817e-06
2377.0,,,,,,,,,,,,,1e-06
2377.1,,,,,,,,,,,,,1e-06
2377.2,,,,,,,,,,,,,1e-06
2377.3,,,,,,,,,,,,,1e-06
2377.4,,,,,,,,,,,,,1e-06
2377.5,,,,,,,,,,,,,1e-06
2377.6,,,,,,,,,,,,,1e-06
2377.7,,,,,,,,,,,,,1e-06
2377.8,,,,,,,,,,,,,1e-06
2377.9,,,,,,,,,,,,,1e-06
2378.0,,,,,,,,,,,,,1e-06
2378.1,,,,,,,,,,,,,2.00122e-06
2378.2,,,,,,,,,,,,,3e-06
2378.3,,,,,,,,,,,,,3.50061e-06
2378.4,,,,,,,,,,,,,4.00122e-06
2378.5,,,,,,,,,,,,,4.5e-06
2378.6,,,,,,,,,,,,,5e-06
2378.7,,,,,,,,,,,,,5.49939e-06
2378.8,,,,,,,,,,,,,6e-06
2378.9,,,,,,,,,,,,,7.00122e-06
2379.0,,,,,,,,,,,,,8e-06
2379.1,,,,,,,,,,,,,9.00122e-06
2379.2,,,,,,,,,,,,,1e-05
2379.3,,,,,,,,,,,,,1.10012e-05
2379.4,,,,,,,,,,,,,1.20037e-05
2379.5,,,,,,,,,,,,,1.35e-05
2379.6,,,,,,,,,,,,,1.5e-05
2379.7,,,,,,,,,,,,,1.59988e-05
2379.8,,,,,,,,,,,,,1.7e-05
2379.9,,,,,,,,,,,,,1.85018e-05
2380.0,,,,,,,,,,,,,2e-05
2380.1,,,,,,,,,,,,,2.05006e-05
2380.2,,,,,,,,,,,,,2.1e-05
2380.3,,,,,,,,,,,,,2.15006e-05
2380.4,,,,,,,,,,,,,2.20012e-05
2380.5,,,,,,,,,,,,,2.25e-05
2380.6,,,,,,,,,,,,,2.3e-05
2380.7,,,,,,,,,,,,,2.34994e-05
2380.8,,,,,,,,,,,,,2.4e-05
2380.9,,,,,,,,,,,,,2.45006e-05
2381.0,,,,,,,,,,,,,2.5e-05
2381.1,,,,,,,,,,,,,2.34982e-05
2381.2,,,,,,,,,,,,,2.2e-05
2381.3,,,,,,,,,,,,,2.09988e-05
2381.4,,,,,,,,,,,,,1.99963e-05
2381.5,,,,,,,,,,,,,1.85e-05
2381.6,,,,,,,,,,,,,1.7e-05
2381.7,,,,,,,,,,,,,1.60012e-05
2381.8,,,,,,,,,,,,,1.5e-05
2381.9,,,,,,,,,,,,,1.34982e-05
2382.0,,,,,,,,,,,,,1.2e-05
2382.1,,,,,,,,,,,,,1.09988e-05
2382.2,,,,,,,,,,,,,1e-05
2382.3,,,,,,,,,,,,,8.49817e-06
2382.4,,,,,,,,,,,,,6.99756e-06
2382.5,,,,,,,,,,,,,6e-06
2382.6,,,,,,,,,,,,,5e-06
2382.7,,,,,,,,,,,,,3.50183e-06
2382.8,,,,,,,,,,,,,2e-06
2382.9,,,,,,,,,,,,,9.98779e-07
2383.0,,,,,,,,,,,,,
2383.1,,,,,,,,,,,,,
2383.2,,,,,,,,,,,,,
2383.3,,,,,,,,,,,,,
2383.4,,,,,,,,,,,,,
2383.5,,,,,,,,,,,,,
2383.6,,,,,,,,,,,,,
2383.7,,,,,,,,,,,,,
2383.8,,,,,,,,,,,,,
2383.9,,,,,,,,,,,,,
2384.0,,,,,,,,,,,,,
2384.1,,,,,,,,,,,,,5.0061e-07
2384.2,,,,,,,,,,,,,1e-06
2384.3,,,,,,,,,,,,,1e-06
2384.4,,,,,,,,,,,,,1.00122e-06
2384.5,,,,,,,,,,,,,1.5e-06
2384.6,,,,,,,,,,,,,2e-06
2384.7,,,,,,,,,,,,,2.49939e-06
2384.8,,,,,,,,,,,,,3e-06
2384.9,,,,,,,,,,,,,3e-06
2385.0,,,,,,,,,,,,,3e-06
2385.1,,,,,,,,,,,,,3e-06
2385.2,,,,,,,,,,,,,3e-06
2385.3,,,,,,,,,,,,,2.49939e-06
2385.4,,,,,,,,,,,,,1.99878e-06
2385.5,,,,,,,,,,,,,1.5e-06
2385.6,,,,,,,,,,,,,1e-06
2385.7,,,,,,,,,,,,,1e-06
2385.8,,,,,,,,,,,,,1e-06
2385.9,,,,,,,,,,,,,4.9939e-07
2386.0,,,,,,,,,,,,,
2386.1,,,,,,,,,,,,,5.0061e-07
2386.2,,,,,,,,,,,,,1e-06
2386.3,,,,,,,,,,,,,1.50061e-06
2386.4,,,,,,,,,,,,,2.00122e-06
2386.5,,,,,,,,,,,,,2.5e-06
2386.6,,,,,,,,,,,,,3e-06
2386.7,,,,,,,,,,,,,3.49939e-06
2386.8,,,,,,,,,,,,,4e-06
2386.9,,,,,,,,,,,,,5.00122e-06
2387.0,,,,,,,,,,,,,6e-06
2387.1,,,,,,,,,,,,,5.49939e-06
2387.2,,,,,,,,,,,,,5e-06
2387.3,,,,,,,,,,,,,3.99878e-06
2387.4,,,,,,,,,,,,,2.99878e-06
2387.5,,,,,,,,,,,,,2.5e-06
2387.6,,,,,,,,,,,,,2e-06
2387.7,,,,,,,,,,,,,1.50061e-06
2387.8,,,,,,,,,,,,,1e-06
2387.9,,,,,,,,,,,,,4.9939e-07
2388.0,,,,,,,,,,,,,
2388.1,,,,,,,,,,,,,1.00122e-06
2388.2,,,,,,,,,,,,,2e-06
2388.3,,,,,,,,,,,,,3.00122e-06
2388.4,,,,,,,,,,,,,4.00244e-06
2388.5,,,,,,,,,,,,,5e-06
2388.6,,,,,,,,,,,,,6e-06
2388.7,,,,,,,,,,,,,6.49939e-06
2388.8,,,,,,,,,,,,,7e-06
2388.9,,,,,,,,,,,,,8.00122e-06
2389.0,,,,,,,,,,,,,9e-06
2389.1,,,,,,,,,,,,,9e-06
2389.2,,,,,,,,,,,,,9e-06
2389.3,,,,,,,,,,,,,9e-06
2389.4,,,,,,,,,,,,,9e-06
2389.5,,,,,,,,,,,,,9e-06
2389.6,,,,,,,,,,,,,9e-06
2389.7,,,,,,,,,,,,,8.50061e-06
2389.8,,,,,,,,,,,,,8e-06
2389.9,,,,,,,,,,,,,8e-06
2390.0,,,,,,,,,,,,,8e-06
2390.1,,,,,,,,,,,,,8e-06
2390.2,,,,,,,,,,,,,8e-06
2390.3,,,,,,,,,,,,,8e-06
2390.4,,,,,,,,,,,,,8e-06
2390.5,,,,,,,,,,,,,8e-06
2390.6,,,,,,,,,,,,,8e-06
2390.7,,,,,,,,,,,,,8e-06
2390.8,,,,,,,,,,,,,8e-06
2390.9,,,,,,,,,,,,,8e-06
2391.0,,,,,,,,,,,,,8e-06
2391.1,,,,,,,,,,,,,8e-06
2391.2,,,,,,,,,,,,,8e-06
2391.3,,,,,,,,,,,,,8.50061e-06
2391.4,,,,,,,,,,,,,9e-06
2391.5,,,,,,,,,,,,,9e-06
2391.6,,,,,,,,,,,,,9e-06
2391.7,,,,,,,,,,,,,9e-06
2391.8,,,,,,,,,,,,,9e-06
2391.9,,,,,,,,,,,,,9e-06
2392.0,,,,,,,,,,,,,9e-06
2392.1,,,,,,,,,,,,,9e-06
2392.2,,,,,,,,,,,,,9e-06
2392.3,,,,,,,,,,,,,9e-06
2392.4,,,,,,,,,,,,,9e-06
2392.5,,,,,,,,,,,,,9e-06
2392.6,,,,,,,,,,,,,9e-06
2392.7,,,,,,,,,,,,,9e-06
2392.8,,,,,,,,,,,,,9e-06
2392.9,,,,,,,,,,,,,8.49939e-06
2393.0,,,,,,,,,,,,,8e-06
2393.1,,,,,,,,,,,,,8.50061e-06
2393.2,,,,,,,,,,,,,9e-06
2393.3,,,,,,,,,,,,,9.50061e-06
2393.4,,,,,,,,,,,,,1e-05
2393.5,,,,,,,,,,,,,1e-05
2393.6,,,,,,,,,,,,,1e-05
2393.7,,,,,,,,,,,,,1.04994e-05
2393.8,,,,,,,,,,,,,1.1e-05
2393.9,,,,,,,,,,,,,1.1e-05
2394.0,,,,,,,,,,,,,1.1e-05
2394.1,,,,,,,,,,,,,1.04994e-05
2394.2,,,,,,,,,,,,,1e-05
2394.3,,,,,,,,,,,,,9.49939e-06
2394.4,,,,,,,,,,,,,8.99878e-06
2394.5,,,,,,,,,,,,,8.5e-06
2394.6,,,,,,,,,,,,,8e-06
2394.7,,,,,,,,,,,,,8e-06
2394.8,,,,,,,,,,,,,8e-06
2394.9,,,,,,,,,,,,,7.49939e-06
2395.0,,,,,,,,,,,,,7e-06
2395.1,,,,,,,,,,,,,6.49939e-06
2395.2,,,,,,,,,,,,,6e-06
2395.3,,,,,,,,,,,,,5.49939e-06
2395.4,,,,,,,,,,,,,4.99878e-06
2395.5,,,,,,,,,,,,,4.5e-06
2395.6,,,,,,,,,,,,,4e-06
2395.7,,,,,,,,,,,,,3.50061e-06
2395.8,,,,,,,,,,,,,3e-06
2395.9,,,,,,,,,,,,,2.49939e-06
2396.0,,,,,,,,,,,,,2e-06
2396.1,,,,,,,,,,,,,2e-06
2396.2,,,,,,,,,,,,,2e-06
2396.3,,,,,,,,,,,,,1.49939e-06
2396.4,,,,,,,,,,,,,1e-06
2396.5,,,,,,,,,,,,,1e-06
2396.6,,,,,,,,,,,,,1e-06
2396.7,,,,,,,,,,,,,5.0061e-07
2396.8,,,,,,,,,,,,,
2396.9,,,,,,,,,,,,,
2397.0,,,,,,,,,,,,,
2397.1,,,,,,,,,,,,,
2397.2,,,,,,,,,,,,,
2397.3,,,,,,,,,,,,,
2397.4,,,,,,,,,,,,,
2397.5,,,,,,,,,,,,,
2397.6,,,,,,,,,,,,,
2397.7,,,,,,,,,,,,,
2397.8,,,,,,,,,,,,,
2397.9,,,,,,,,,,,,,
2398.0,,,,,,,,,,,,,
2398.1,,,,,,,,,,,,,
2398.2,,,,,,,,,,,,,
2398.3,,,,,,,,,,,,,
2398.4,,,,,,,,,,,,,
2398.5,,,,,,,,,,,,,
2398.6,,,,,,,,,,,,,
2398.7,,,,,,,,,,,,,
2398.8,,,,,,,,,,,,,
2398.9,,,,,,,,,,,,,
2399.0,,,,,,,,,,,,,
2399.1,,,,,,,,,,,,,
2399.2,,,,,,,,,,,,,
2399.3,,,,,,,,,,,,,
2399.4,,,,,,,,,,,,,
2399.5,,,,,,,,,,,,,
2399.6,,,,,,,,,,,,,
2399.7,,,,,,,,,,,,,
2399.8,,,,,,,,,,,,,
2399.9,,,,,,,,,,,,,
2400.0,,,,,,,,,,,,,
2400.1,,,,,,,,,,,,,
2400.2,,,,,,,,,,,,,
2400.3,,,,,,,,,,,,,
2400.4,,,,,,,,,,,,,
2400.5,,,,,,,,,,,,,
2400.6,,,,,,,,,,,,,
2400.7,,,,,,,,,,,,,
2400.8,,,,,,,,,,,,,
2400.9,,,,,,,,,,,,,
2401.0,,,,,,,,,,,,,
2401.1,,,,,,,,,,,,,
2401.2,,,,,,,,,,,,,
2401.3,,,,,,,,,,,,,
2401.4,,,,,,,,,,,,,
2401.5,,,,,,,,,,,,,
2401.6,,,,,,,,,,,,,
2401.7,,,,,,,,,,,,,
2401.8,,,,,,,,,,,,,
2401.9,,,,,,,,,,,,,
2402.0,,,,,,,,,,,,,
2402.1,,,,,,,,,,,,,
2402.2,,,,,,,,,,,,,
2402.3,,,,,,,,,,,,,
2402.4,,,,,,,,,,,,,
2402.5,,,,,,,,,,,,,
2402.6,,,,,,,,,,,,,
2402.7,,,,,,,,,,,,,
2402.8,,,,,,,,,,,,,
2402.9,,,,,,,,,,,,,
2403.0,,,,,,,,,,,,,
2403.1,,,,,,,,,,,,,
2403.2,,,,,,,,,,,,,
2403.3,,,,,,,,,,,,,
2403.4,,,,,,,,,,,,,
2403.5,,,,,,,,,,,,,
2403.6,,,,,,,,,,,,,
2403.7,,,,,,,,,,,,,
2403.8,,,,,,,,,,,,,
2403.9,,,,,,,,,,,,,
2404.0,,,,,,,,,,,,,
2404.1,,,,,,,,,,,,,
2404.2,,,,,,,,,,,,,
2404.3,,,,,,,,,,,,,
2404.4,,,,,,,,,,,,,
2404.5,,,,,,,,,,,,,
2404.6,,,,,,,,,,,,,
2404.7,,,,,,,,,,,,,
2404.8,,,,,,,,,,,,,
2404.9,,,,,,,,,,,,,
2405.0,,,,,,,,,,,,,
2405.1,,,,,,,,,,,,,
2405.2,,,,,,,,,,,,,
2405.3,,,,,,,,,,,,,
2405.4,,,,,,,,,,,,,
2405.5,,,,,,,,,,,,,
2405.6,,,,,,,,,,,,,
2405.7,,,,,,,,,,,,,
2405.8,,,,,,,,,,,,,
2405.9,,,,,,,,,,,,,5.0061e-07
2406.0,,,,,,,,,,,,,1e-06
2406.1,,,,,,,,,,,,,2.00122e-06
2406.2,,,,,,,,,,,,,3e-06
2406.3,,,,,,,,,,,,,4.00122e-06
2406.4,,,,,,,,,,,,,5.00244e-06
2406.5,,,,,,,,,,,,,6e-06
2406.6,,,,,,,,,,,,,7e-06
2406.7,,,,,,,,,,,,,7.99878e-06
2406.8,,,,,,,,,,,,,9e-06
2406.9,,,,,,,,,,,,,1.00012e-05
2407.0,,,,,,,,,,,,,1.1e-05
2407.1,,,,,,,,,,,,,1.1e-05
2407.2,,,,,,,,,,,,,1.1e-05
2407.3,,,,,,,,,,,,,1.15006e-05
2407.4,,,,,,,,,,,,,1.20012e-05
2407.5,,,,,,,,,,,,,1.25e-05
2407.6,,,,,,,,,,,,,1.3e-05
2407.7,,,,,,,,,,,,,1.34994e-05
2407.8,,,,,,,,,,,,,1.4e-05
2407.9,,,,,,,,,,,,,1.45006e-05
2408.0,,,,,,,,,,,,,1.5e-05
2408.1,,,,,,,,,,,,,1.5e-05
2408.2,,,,,,,,,,,,,1.5e-05
2408.3,,,,,,,,,,,,,1.5e-05
2408.4,,,,,,,,,,,,,1.5e-05
2408.5,,,,,,,,,,,,,1.5e-05
2408.6,,,,,,,,,,,,,1.5e-05
2408.7,,,,,,,,,,,,,1.54994e-05
2408.8,,,,,,,,,,,,,1.6e-05
2408.9,,,,,,,,,,,,,1.6e-05
2409.0,,,,,,,,,,,,,1.6e-05
2409.1,,,,,,,,,,,,,1.6e-05
2409.2,,,,,,,,,,,,,1.6e-05
2409.3,,,,,,,,,,,,,1.6e-05
2409.4,,,,,,,,,,,,,1.6e-05
2409.5,,,,,,,,,,,,,1.6e-05
2409.6,,,,,,,,,,,,,1.6e-05
2409.7,,,,,,,,,,,,,1.6e-05
2409.8,,,,,,,,,,,,,1.6e-05
2409.9,,,,,,,,,,,,,1.6e-05
2410.0,,,,,,,,,,,,,1.6e-05
2410.1,,,,,,,,,,,,,1.49988e-05
2410.2,,,,,,,,,,,,,1.4e-05
2410.3,,,,,,,,,,,,,1.29988e-05
2410.4,,,,,,,,,,,,,1.19976e-05
2410.5,,,,,,,,,,,,,1.1e-05
2410.6,,,,,,,,,,,,,1e-05
2410.7,,,,,,,,,,,,,9.00122e-06
2410.8,,,,,,,,,,,,,8e-06
2410.9,,,,,,,,,,,,,6.49817e-06
2411.0,,,,,,,,,,,,,5e-06
2411.1,,,,,,,,,,,,,4.49939e-06
2411.2,,,,,,,,,,,,,4e-06
2411.3,,,,,,,,,,,,,3.49939e-06
2411.4,,,,,,,,,,,,,2.99878e-06
2411.5,,,,,,,,,,,,,2.5e-06
2411.6,,,,,,,,,,,,,2e-06
2411.7,,,,,,,,,,,,,1.50061e-06
2411.8,,,,,,,,,,,,,1e-06
2411.9,,,,,,,,,,,,,4.9939e-07
2412.0,,,,,,,,,,,,,
2412.1,,,,,,,,,,,,,
2412.2,,,,,,,,,,,,,
2412.3,,,,,,,,,,,,,
2412.4,,,,,,,,,,,,,
2412.5,,,,,,,,,,,,,
2412.6,,,,,,,,,,,,,
2412.7,,,,,,,,,,,,,
2412.8,,,,,,,,,,,,,
2412.9,,,,,,,,,,,,,
2413.0,,,,,,,,,,,,,
2413.1,,,,,,,,,,,,,
2413.2,,,,,,,,,,,,,
2413.3,,,,,,,,,,,,,
2413.4,,,,,,,,,,,,,
2413.5,,,,,,,,,,,,,
2413.6,,,,,,,,,,,,,
2413.7,,,,,,,,,,,,,
2413.8,,,,,,,,,,,,,
2413.9,,,,,,,,,,,,,
2414.0,,,,,,,,,,,,,
2414.1,,,,,,,,,,,,,
2414.2,,,,,,,,,,,,,
2414.3,,,,,,,,,,,,,
2414.4,,,,,,,,,,,,,
2414.5,,,,,,,,,,,,,
2414.6,,,,,,,,,,,,,
2414.7,,,,,,,,,,,,,
2414.8,,,,,,,,,,,,,
2414.9,,,,,,,,,,,,,
2415.0,,,,,,,,,,,,,
2415.1,,,,,,,,,,,,,
2415.2,,,,,,,,,,,,,
2415.3,,,,,,,,,,,,,
2415.4,,,,,,,,,,,,,
2415.5,,,,,,,,,,,,,
2415.6,,,,,,,,,,,,,
2415.7,,,,,,,,,,,,,
2415.8,,,,,,,,,,,,,
2415.9,,,,,,,,,,,,,
2416.0,,,,,,,,,,,,,
2416.1,,,,,,,,,,,,,
2416.2,,,,,,,,,,,,,
2416.3,,,,,,,,,,,,,
2416.4,,,,,,,,,,,,,
2416.5,,,,,,,,,,,,,
2416.6,,,,,,,,,,,,,
2416.7,,,,,,,,,,,,,
2416.8,,,,,,,,,,,,,
2416.9,,,,,,,,,,,,,
2417.0,,,,,,,,,,,,,
2417.1,,,,,,,,,,,,,
2417.2,,,,,,,,,,,,,
2417.3,,,,,,,,,,,,,
2417.4,,,,,,,,,,,,,
2417.5,,,,,,,,,,,,,
2417.6,,,,,,,,,,,,,
2417.7,,,,,,,,,,,,,
2417.8,,,,,,,,,,,,,
2417.9,,,,,,,,,,,,,
2418.0,,,,,,,,,,,,,
2418.1,,,,,,,,,,,,,5.0061e-07
2418.2,,,,,,,,,,,,,1e-06
2418.3,,,,,,,,,,,,,1e-06
2418.4,,,,,,,,,,,,,1.00122e-06
2418.5,,,,,,,,,,,,,1.5e-06
2418.6,,,,,,,,,,,,,2e-06
2418.7,,,,,,,,,,,,,2e-06
2418.8,,,,,,,,,,,,,2e-06
2418.9,,,,,,,,,,,,,2.50061e-06
2419.0,,,,,,,,,,,,,3e-06
2419.1,,,,,,,,,,,,,3.50061e-06
2419.2,,,,,,,,,,,,,4e-06
2419.3,,,,,,,,,,,,,4.50061e-06
2419.4,,,,,,,,,,,,,5.00244e-06
2419.5,,,,,,,,,,,,,6e-06
2419.6,,,,,,,,,,,,,7e-06
2419.7,,,,,,,,,,,,,7.49939e-06
2419.8,,,,,,,,,,,,,8e-06
2419.9,,,,,,,,,,,,,8.50061e-06
2420.0,,,,,,,,,,,,,9e-06
2420.1,,,,,,,,,,,,,1.00012e-05
2420.2,,,,,,,,,,,,,1.1e-05
2420.3,,,,,,,,,,,,,1.15006e-05
2420.4,,,,,,,,,,,,,1.20012e-05
2420.5,,,,,,,,,,,,,1.25e-05
2420.6,,,,,,,,,,,,,1.3e-05
2420.7,,,,,,,,,,,,,1.34994e-05
2420.8,,,,,,,,,,,,,1.4e-05
2420.9,,,,,,,,,,,,,1.45006e-05
2421.0,,,,,,,,,,,,,1.5e-05
2421.1,,,,,,,,,,,,,1.5e-05
2421.2,,,,,,,,,,,,,1.5e-05
2421.3,,,,,,,,,,,,,1.5e-05
2421.4,,,,,,,,,,,,,1.5e-05
2421.5,,,,,,,,,,,,,1.5e-05
2421.6,,,,,,,,,,,,,1.5e-05
2421.7,,,,,,,,,,,,,1.5e-05
2421.8,,,,,,,,,,,,,1.5e-05
2421.9,,,,,,,,,,,,,1.5e-05
2422.0,,,,,,,,,,,,,1.5e-05
2422.1,,,,,,,,,,,,,1.5e-05
2422.2,,,,,,,,,,,,,1.5e-05
2422.3,,,,,,,,,,,,,1.44994e-05
2422.4,,,,,,,,,,,,,1.39988e-05
2422.5,,,,,,,,,,,,,1.35e-05
2422.6,,,,,,,,,,,,,1.3e-05
2422.7,,,,,,,,,,,,,1.25006e-05
2422.8,,,,,,,,,,,,,1.2e-05
2422.9,,,,,,,,,,,,,1.2e-05
2423.0,,,,,,,,,,,,,1.2e-05
2423.1,,,,,,,,,,,,,1.09988e-05
2423.2,,,,,,,,,,,,,1e-05
2423.3,,,,,,,,,,,,,9.49939e-06
2423.4,,,,,,,,,,,,,8.99878e-06
2423.5,,,,,,,,,,,,,8.5e-06
2423.6,,,,,,,,,,,,,8e-06
2423.7,,,,,,,,,,,,,7.50061e-06
2423.8,,,,,,,,,,,,,7e-06
2423.9,,,,,,,,,,,,,6.49939e-06
2424.0,,,,,,,,,,,,,6e-06
2424.1,,,,,,,,,,,,,5.49939e-06
2424.2,,,,,,,,,,,,,5e-06
2424.3,,,,,,,,,,,,,3.99878e-06
2424.4,,,,,,,,,,,,,2.99878e-06
2424.5,,,,,,,,,,,,,2.5e-06
2424.6,,,,,,,,,,,,,2e-06
2424.7,,,,,,,,,,,,,1.50061e-06
2424.8,,,,,,,,,,,,,1e-06
2424.9,,,,,,,,,,,,,4.9939e-07
2425.0,,,,,,,,,,,,,
2425.1,,,,,,,,,,,,,
2425.2,,,,,,,,,,,,,
2425.3,,,,,,,,,,,,,
2425.4,,,,,,,,,,,,,
2425.5,,,,,,,,,,,,,
2425.6,,,,,,,,,,,,,
2425.7,,,,,,,,,,,,,
2425.8,,,,,,,,,,,,,
2425.9,,,,,,,,,,,,,
2426.0,,,,,,,,,,,,,
2426.1,,,,,,,,,,,,,
2426.2,,,,,,,,,,,,,
2426.3,,,,,,,,,,,,,
2426.4,,,,,,,,,,,,,
2426.5,,,,,,,,,,,,,
2426.6,,,,,,,,,,,,,
2426.7,,,,,,,,,,,,,
2426.8,,,,,,,,,,,,,
2426.9,,,,,,,,,,,,,
2427.0,,,,,,,,,,,,,
2427.1,,,,,,,,,,,,,
2427.2,,,,,,,,,,,,,
2427.3,,,,,,,,,,,,,
2427.4,,,,,,,,,,,,,
2427.5,,,,,,,,,,,,,
2427.6,,,,,,,,,,,,,
2427.7,,,,,,,,,,,,,
2427.8,,,,,,,,,,,,,
2427.9,,,,,,,,,,,,,
2428.0,,,,,,,,,,,,,
2428.1,,,,,,,,,,,,,
2428.2,,,,,,,,,,,,,
2428.3,,,,,,,,,,,,,
2428.4,,,,,,,,,,,,,
2428.5,,,,,,,,,,,,,
2428.6,,,,,,,,,,,,,
2428.7,,,,,,,,,,,,,
2428.8,,,,,,,,,,,,,
2428.9,,,,,,,,,,,,,
2429.0,,,,,,,,,,,,,
2429.1,,,,,,,,,,,,,
2429.2,,,,,,,,,,,,,
2429.3,,,,,,,,,,,,,
2429.4,,,,,,,,,,,,,1.21951e-09
2429.5,,,,,,,,,,,,,5e-07
2429.6,,,,,,,,,,,,,1e-06
2429.7,,,,,,,,,,,,,1e-06
2429.8,,,,,,,,,,,,,1e-06
2429.9,,,,,,,,,,,,,1e-06
2430.0,,,,,,,,,,,,,1e-06
2430.1,,,,,,,,,,,,,1.50061e-06
2430.2,,,,,,,,,,,,,2e-06
2430.3,,,,,,,,,,,,,2.50061e-06
2430.4,,,,,,,,,,,,,3.00122e-06
2430.5,,,,,,,,,,,,,3.5e-06
2430.6,,,,,,,,,,,,,4e-06
2430.7,,,,,,,,,,,,,4.49939e-06
2430.8,,,,,,,,,,,,,5e-06
2430.9,,,,,,,,,,,,,5.50061e-06
2431.0,,,,,,,,,,,,,6e-06
2431.1,,,,,,,,,,,,,5.49939e-06
2431.2,,,,,,,,,,,,,5e-06
2431.3,,,,,,,,,,,,,5e-06
2431.4,,,,,,,,,,,,,5e-06
2431.5,,,,,,,,,,,,,5e-06
2431.6,,,,,,,,,,,,,5e-06
2431.7,,,,,,,,,,,,,5e-06
2431.8,,,,,,,,,,,,,5e-06
2431.9,,,,,,,,,,,,,4.49939e-06
2432.0,,,,,,,,,,,,,4e-06
2432.1,,,,,,,,,,,,,3.49939e-06
2432.2,,,,,,,,,,,,,3e-06
2432.3,,,,,,,,,,,,,3e-06
2432.4,,,,,,,,,,,,,2.99878e-06
2432.5,,,,,,,,,,,,,2.5e-06
2432.6,,,,,,,,,,,,,2e-06
2432.7,,,,,,,,,,,,,1.50061e-06
2432.8,,,,,,,,,,,,,1e-06
2432.9,,,,,,,,,,,,,4.9939e-07
2433.0,,,,,,,,,,,,,
2433.1,,,,,,,,,,,,,
2433.2,,,,,,,,,,,,,
2433.3,,,,,,,,,,,,,
2433.4,,,,,,,,,,,,,
2433.5,,,,,,,,,,,,,
2433.6,,,,,,,,,,,,,
2433.7,,,,,,,,,,,,,
2433.8,,,,,,,,,,,,,
2433.9,,,,,,,,,,,,,
2434.0,,,,,,,,,,,,,
2434.1,,,,,,,,,,,,,
2434.2,,,,,,,,,,,,,
2434.3,,,,,,,,,,,,,
2434.4,,,,,,,,,,,,,
2434.5,,,,,,,,,,,,,
2434.6,,,,,,,,,,,,,
2434.7,,,,,,,,,,,,,
2434.8,,,,,,,,,,,,,
2434.9,,,,,,,,,,,,,
2435.0,,,,,,,,,,,,,
2435.1,,,,,,,,,,,,,
2435.2,,,,,,,,,,,,,
2435.3,,,,,,,,,,,,,
2435.4,,,,,,,,,,,,,
2435.5,,,,,,,,,,,,,
2435.6,,,,,,,,,,,,,
2435.7,,,,,,,,,,,,,
2435.8,,,,,,,,,,,,,
2435.9,,,,,,,,,,,,,
2436.0,,,,,,,,,,,,,
2436.1,,,,,,,,,,,,,
2436.2,,,,,,,,,,,,,
2436.3,,,,,,,,,,,,,
2436.4,,,,,,,,,,,,,
2436.5,,,,,,,,,,,,,
2436.6,,,,,,,,,,,,,
2436.7,,,,,,,,,,,,,
2436.8,,,,,,,,,,,,,
2436.9,,,,,,,,,,,,,
2437.0,,,,,,,,,,,,,
2437.1,,,,,,,,,,,,,
2437.2,,,,,,,,,,,,,
2437.3,,,,,,,,,,,,,
2437.4,,,,,,,,,,,,,
2437.5,,,,,,,,,,,,,
2437.6,,,,,,,,,,,,,
2437.7,,,,,,,,,,,,,
2437.8,,,,,,,,,,,,,
2437.9,,,,,,,,,,,,,
2438.0,,,,,,,,,,,,,
2438.1,,,,,,,,,,,,,
2438.2,,,,,,,,,,,,,
2438.3,,,,,,,,,,,,,
2438.4,,,,,,,,,,,,,
2438.5,,,,,,,,,,,,,
2438.6,,,,,,,,,,,,,
2438.7,,,,,,,,,,,,,
2438.8,,,,,,,,,,,,,
2438.9,,,,,,,,,,,,,
2439.0,,,,,,,,,,,,,
2439.1,,,,,,,,,,,,,
2439.2,,,,,,,,,,,,,
2439.3,,,,,,,,,,,,,
2439.4,,,,,,,,,,,,,
2439.5,,,,,,,,,,,,,
2439.6,,,,,,,,,,,,,
2439.7,,,,,,,,,,,,,
2439.8,,,,,,,,,,,,,
2439.9,,,,,,,,,,,,,
2440.0,,,,,,,,,,,,,
2440.1,,,,,,,,,,,,,
2440.2,,,,,,,,,,,,,
2440.3,,,,,,,,,,,,,
2440.4,,,,,,,,,,,,,
2440.5,,,,,,,,,,,,,
2440.6,,,,,,,,,,,,,
2440.7,,,,,,,,,,,,,
2440.8,,,,,,,,,,,,,
2440.9,,,,,,,,,,,,,
2441.0,,,,,,,,,,,,,
2441.1,,,,,,,,,,,,,
2441.2,,,,,,,,,,,,,
2441.3,,,,,,,,,,,,,
2441.4,,,,,,,,,,,,,
2441.5,,,,,,,,,,,,,
2441.6,,,,,,,,,,,,,
2441.7,,,,,,,,,,,,,
2441.8,,,,,,,,,,,,,
2441.9,,,,,,,,,,,,,
2442.0,,,,,,,,,,,,,
2442.1,,,,,,,,,,,,,
2442.2,,,,,,,,,,,,,
2442.3,,,,,,,,,,,,,
2442.4,,,,,,,,,,,,,
2442.5,,,,,,,,,,,,,
2442.6,,,,,,,,,,,,,
2442.7,,,,,,,,,,,,,
2442.8,,,,,,,,,,,,,
2442.9,,,,,,,,,,,,,
2443.0,,,,,,,,,,,,,
2443.1,,,,,,,,,,,,,
2443.2,,,,,,,,,,,,,
2443.3,,,,,,,,,,,,,
2443.4,,,,,,,,,,,,,
2443.5,,,,,,,,,,,,,
2443.6,,,,,,,,,,,,,
2443.7,,,,,,,,,,,,,
2443.8,,,,,,,,,,,,,
2443.9,,,,,,,,,,,,,
2444.0,,,,,,,,,,,,,
2444.1,,,,,,,,,,,,,
2444.2,,,,,,,,,,,,,
2444.3,,,,,,,,,,,,,
2444.4,,,,,,,,,,,,,
2444.5,,,,,,,,,,,,,
2444.6,,,,,,,,,,,,,
2444.7,,,,,,,,,,,,,
2444.8,,,,,,,,,,,,,
2444.9,,,,,,,,,,,,,
2445.0,,,,,,,,,,,,,
2445.1,,,,,,,,,,,,,5.0061e-07
2445.2,,,,,,,,,,,,,1e-06
2445.3,,,,,,,,,,,,,1e-06
2445.4,,,,,,,,,,,,,1.00122e-06
2445.5,,,,,,,,,,,,,1.5e-06
2445.6,,,,,,,,,,,,,2e-06
2445.7,,,,,,,,,,,,,2.49939e-06
2445.8,,,,,,,,,,,,,3e-06
2445.9,,,,,,,,,,,,,3e-06
2446.0,,,,,,,,,,,,,3e-06
2446.1,,,,,,,,,,,,,3.50061e-06
2446.2,,,,,,,,,,,,,4e-06
2446.3,,,,,,,,,,,,,4e-06
2446.4,,,,,,,,,,,,,4.00122e-06
2446.5,,,,,,,,,,,,,4.5e-06
2446.6,,,,,,,,,,,,,5e-06
2446.7,,,,,,,,,,,,,5e-06
2446.8,,,,,,,,,,,,,5e-06
2446.9,,,,,,,,,,,,,5.50061e-06
2447.0,,,,,,,,,,,,,6e-06
2447.1,,,,,,,,,,,,,6e-06
2447.2,,,,,,,,,,,,,6e-06
2447.3,,,,,,,,,,,,,6e-06
2447.4,,,,,,,,,,,,,6e-06
2447.5,,,,,,,,,,,,,6e-06
2447.6,,,,,,,,,,,,,6e-06
2447.7,,,,,,,,,,,,,6.49939e-06
2447.8,,,,,,,,,,,,,7e-06
2447.9,,,,,,,,,,,,,7e-06
2448.0,,,,,,,,,,,,,7e-06
2448.1,,,,,,,,,,,,,7e-06
2448.2,,,,,,,,,,,,,7e-06
2448.3,,,,,,,,,,,,,7.50061e-06
2448.4,,,,,,,,,,,,,8e-06
2448.5,,,,,,,,,,,,,8e-06
2448.6,,,,,,,,,,,,,8e-06
2448.7,,,,,,,,,,,,,8e-06
2448.8,,,,,,,,,,,,,8e-06
2448.9,,,,,,,,,,,,,8.50061e-06
2449.0,,,,,,,,,,,,,9e-06
2449.1,,,,,,,,,,,,,9e-06
2449.2,,,,,,,,,,,,,9e-06
2449.3,,,,,,,,,,,,,8.49939e-06
2449.4,,,,,,,,,,,,,8e-06
2449.5,,,,,,,,,,,,,8e-06
2449.6,,,,,,,,,,,,,8e-06
2449.7,,,,,,,,,,,,,8e-06
2449.8,,,,,,,,,,,,,8e-06
2449.9,,,,,,,,,,,,,8e-06
2450.0,,,,,,,,,,,,,8e-06
2450.1,,,,,,,,,,,,,8e-06
2450.2,,,,,,,,,,,,,8e-06
2450.3,,,,,,,,,,,,,7.49939e-06
2450.4,,,,,,,,,,,,,7e-06
2450.5,,,,,,,,,,,,,7e-06
2450.6,,,,,,,,,,,,,7e-06
2450.7,,,,,,,,,,,,,7e-06
2450.8,,,,,,,,,,,,,7e-06
2450.9,,,,,,,,,,,,,6.49939e-06
2451.0,,,,,,,,,,,,,6e-06
2451.1,,,,,,,,,,,,,6e-06
2451.2,,,,,,,,,,,,,6e-06
2451.3,,,,,,,,,,,,,6e-06
2451.4,,,,,,,,,,,,,5.99878e-06
2451.5,,,,,,,,,,,,,5.5e-06
2451.6,,,,,,,,,,,,,5e-06
2451.7,,,,,,,,,,,,,5e-06
2451.8,,,,,,,,,,,,,5e-06
2451.9,,,,,,,,,,,,,5e-06
2452.0,,,,,,,,,,,,,5e-06
2452.1,,,,,,,,,,,,,4.49939e-06
2452.2,,,,,,,,,,,,,4e-06
2452.3,,,,,,,,,,,,,4e-06
2452.4,,,,,,,,,,,,,3.99878e-06
2452.5,,,,,,,,,,,,,3.5e-06
2452.6,,,,,,,,,,,,,3e-06
2452.7,,,,,,,,,,,,,3e-06
2452.8,,,,,,,,,,,,,3e-06
2452.9,,,,,,,,,,,,,2.49939e-06
2453.0,,,,,,,,,,,,,2e-06
2453.1,,,,,,,,,,,,,2e-06
2453.2,,,,,,,,,,,,,2e-06
2453.3,,,,,,,,,,,,,2e-06
2453.4,,,,,,,,,,,,,2e-06
2453.5,,,,,,,,,,,,,2e-06
2453.6,,,,,,,,,,,,,2e-06
2453.7,,,,,,,,,,,,,1.50061e-06
2453.8,,,,,,,,,,,,,1e-06
2453.9,,,,,,,,,,,,,1e-06
2454.0,,,,,,,,,,,,,1e-06
2454.1,,,,,,,,,,,,,1e-06
2454.2,,,,,,,,,,,,,1e-06
2454.3,,,,,,,,,,,,,1e-06
2454.4,,,,,,,,,,,,,1e-06
2454.5,,,,,,,,,,,,,1e-06
2454.6,,,,,,,,,,,,,1e-06
2454.7,,,,,,,,,,,,,5.0061e-07
2454.8,,,,,,,,,,,,,
2454.9,,,,,,,,,,,,,
2455.0,,,,,,,,,,,,,
2455.1,,,,,,,,,,,,,
2455.2,,,,,,,,,,,,,
2455.3,,,,,,,,,,,,,
2455.4,,,,,,,,,,,,,
2455.5,,,,,,,,,,,,,
2455.6,,,,,,,,,,,,,
2455.7,,,,,,,,,,,,,
2455.8,,,,,,,,,,,,,
2455.9,,,,,,,,,,,,,
2456.0,,,,,,,,,,,,,
2456.1,,,,,,,,,,,,,
2456.2,,,,,,,,,,,,,
2456.3,,,,,,,,,,,,,
2456.4,,,,,,,,,,,,,
2456.5,,,,,,,,,,,,,
2456.6,,,,,,,,,,,,,
2456.7,,,,,,,,,,,,,
2456.8,,,,,,,,,,,,,
2456.9,,,,,,,,,,,,,
2457.0,,,,,,,,,,,,,
2457.1,,,,,,,,,,,,,
2457.2,,,,,,,,,,,,,
2457.3,,,,,,,,,,,,,
2457.4,,,,,,,,,,,,,
2457.5,,,,,,,,,,,,,
2457.6,,,,,,,,,,,,,
2457.7,,,,,,,,,,,,,
2457.8,,,,,,,,,,,,,
2457.9,,,,,,,,,,,,,
2458.0,,,,,,,,,,,,,
2458.1,,,,,,,,,,,,,
2458.2,,,,,,,,,,,,,
2458.3,,,,,,,,,,,,,
2458.4,,,,,,,,,,,,,
2458.5,,,,,,,,,,,,,
2458.6,,,,,,,,,,,,,
2458.7,,,,,,,,,,,,,
2458.8,,,,,,,,,,,,,
2458.9,,,,,,,,,,,,,
2459.0,,,,,,,,,,,,,
2459.1,,,,,,,,,,,,,
2459.2,,,,,,,,,,,,,
2459.3,,,,,,,,,,,,,
2459.4,,,,,,,,,,,,,
2459.5,,,,,,,,,,,,,
2459.6,,,,,,,,,,,,,
2459.7,,,,,,,,,,,,,
2459.8,,,,,,,,,,,,,
2459.9,,,,,,,,,,,,,
2460.0,,,,,,,,,,,,,
2460.1,,,,,,,,,,,,,
2460.2,,,,,,,,,,,,,
2460.3,,,,,,,,,,,,,
2460.4,,,,,,,,,,,,,
2460.5,,,,,,,,,,,,,
2460.6,,,,,,,,,,,,,
2460.7,,,,,,,,,,,,,
2460.8,,,,,,,,,,,,,
2460.9,,,,,,,,,,,,,5.0061e-07
2461.0,,,,,,,,,,,,,1e-06
2461.1,,,,,,,,,,,,,4.9939e-07
2461.2,,,,,,,,,,,,,
2461.3,,,,,,,,,,,,,
2461.4,,,,,,,,,,,,,
2461.5,,,,,,,,,,,,,
2461.6,,,,,,,,,,,,,
2461.7,,,,,,,,,,,,,
2461.8,,,,,,,,,,,,,
2461.9,,,,,,,,,,,,,
2462.0,,,,,,,,,,,,,
2462.1,,,,,,,,,,,,,
2462.2,,,,,,,,,,,,,
2462.3,,,,,,,,,,,,,
2462.4,,,,,,,,,,,,,
2462.5,,,,,,,,,,,,,
2462.6,,,,,,,,,,,,,
2462.7,,,,,,,,,,,,,
2462.8,,,,,,,,,,,,,
2462.9,,,,,,,,,,,,,
2463.0,,,,,,,,,,,,,
2463.1,,,,,,,,,,,,,
2463.2,,,,,,,,,,,,,
2463.3,,,,,,,,,,,,,
2463.4,,,,,,,,,,,,,
2463.5,,,,,,,,,,,,,
2463.6,,,,,,,,,,,,,
2463.7,,,,,,,,,,,,,
2463.8,,,,,,,,,,,,,
2463.9,,,,,,,,,,,,,
2464.0,,,,,,,,,,,,,
2464.1,,,,,,,,,,,,,
2464.2,,,,,,,,,,,,,
2464.3,,,,,,,,,,,,,
2464.4,,,,,,,,,,,,,
2464.5,,,,,,,,,,,,,
2464.6,,,,,,,,,,,,,
2464.7,,,,,,,,,,,,,
2464.8,,,,,,,,,,,,,
2464.9,,,,,,,,,,,,,
2465.0,,,,,,,,,,,,,
2465.1,,,,,,,,,,,,,
2465.2,,,,,,,,,,,,,
2465.3,,,,,,,,,,,,,
2465.4,,,,,,,,,,,,,
2465.5,,,,,,,,,,,,,
2465.6,,,,,,,,,,,,,
2465.7,,,,,,,,,,,,,
2465.8,,,,,,,,,,,,,
2465.9,,,,,,,,,,,,,
2466.0,,,,,,,,,,,,,
2466.1,,,,,,,,,,,,,
2466.2,,,,,,,,,,,,,
2466.3,,,,,,,,,,,,,
2466.4,,,,,,,,,,,,,
2466.5,,,,,,,,,,,,,
2466.6,,,,,,,,,,,,,
2466.7,,,,,,,,,,,,,
2466.8,,,,,,,,,,,,,
2466.9,,,,,,,,,,,,,
2467.0,,,,,,,,,,,,,
2467.1,,,,,,,,,,,,,
2467.2,,,,,,,,,,,,,
2467.3,,,,,,,,,,,,,
2467.4,,,,,,,,,,,,,
2467.5,,,,,,,,,,,,,
2467.6,,,,,,,,,,,,,
2467.7,,,,,,,,,,,,,
2467.8,,,,,,,,,,,,,
2467.9,,,,,,,,,,,,,
2468.0,,,,,,,,,,,,,
2468.1,,,,,,,,,,,,,
2468.2,,,,,,,,,,,,,
2468.3,,,,,,,,,,,,,
2468.4,,,,,,,,,,,,,
2468.5,,,,,,,,,,,,,
2468.6,,,,,,,,,,,,,
2468.7,,,,,,,,,,,,,
2468.8,,,,,,,,,,,,,
2468.9,,,,,,,,,,,,,
2469.0,,,,,,,,,,,,,
2469.1,,,,,,,,,,,,,
2469.2,,,,,,,,,,,,,
2469.3,,,,,,,,,,,,,
2469.4,,,,,,,,,,,,,
2469.5,,,,,,,,,,,,,
2469.6,,,,,,,,,,,,,
2469.7,,,,,,,,,,,,,4.9939e-07
2469.8,,,,,,,,,,,,,1e-06
2469.9,,,,,,,,,,,,,1e-06
2470.0,,,,,,,,,,,,,1e-06
2470.1,,,,,,,,,,,,,1e-06
2470.2,,,,,,,,,,,,,1e-06
2470.3,,,,,,,,,,,,,1e-06
2470.4,,,,,,,,,,,,,1e-06
2470.5,,,,,,,,,,,,,1e-06
2470.6,,,,,,,,,,,,,1e-06
2470.7,,,,,,,,,,,,,1.49939e-06
2470.8,,,,,,,,,,,,,2e-06
2470.9,,,,,,,,,,,,,2e-06
2471.0,,,,,,,,,,,,,2e-06
2471.1,,,,,,,,,,,,,2e-06
2471.2,,,,,,,,,,,,,2e-06
2471.3,,,,,,,,,,,,,2e-06
2471.4,,,,,,,,,,,,,2e-06
2471.5,,,,,,,,,,,,,2e-06
2471.6,,,,,,,,,,,,,2e-06
2471.7,,,,,,,,,,,,,2e-06
2471.8,,,,,,,,,,,,,2e-06
2471.9,,,,,,,,,,,,,2e-06
2472.0,,,,,,,,,,,,,2e-06
2472.1,,,,,,,,,,,,,2e-06
2472.2,,,,,,,,,,,,,2e-06
2472.3,,,,,,,,,,,,,2e-06
2472.4,,,,,,,,,,,,,1.99878e-06
2472.5,,,,,,,,,,,,,1.5e-06
2472.6,,,,,,,,,,,,,1e-06
2472.7,,,,,,,,,,,,,1e-06
2472.8,,,,,,,,,,,,,1e-06
2472.9,,,,,,,,,,,,,1e-06
2473.0,,,,,,,,,,,,,1e-06
2473.1,,,,,,,,,,,,,1e-06
2473.2,,,,,,,,,,,,,1e-06
2473.3,,,,,,,,,,,,,1e-06
2473.4,,,,,,,,,,,,,1e-06
2473.5,,,,,,,,,,,,,1e-06
2473.6,,,,,,,,,,,,,1e-06
2473.7,,,,,,,,,,,,,1e-06
2473.8,,,,,,,,,,,,,1e-06
2473.9,,,,,,,,,,,,,1e-06
2474.0,,,,,,,,,,,,,1e-06
2474.1,,,,,,,,,,,,,1e-06
2474.2,,,,,,,,,,,,,1e-06
2474.3,,,,,,,,,,,,,1e-06
2474.4,,,,,,,,,,,,,1e-06
2474.5,,,,,,,,,,,,,1e-06
2474.6,,,,,,,,,,,,,1e-06
2474.7,,,,,,,,,,,,,1e-06
2474.8,,,,,,,,,,,,,1e-06
2474.9,,,,,,,,,,,,,1e-06
2475.0,,,,,,,,,,,,,1e-06
2475.1,,,,,,,,,,,,,1e-06
2475.2,,,,,,,,,,,,,1e-06
2475.3,,,,,,,,,,,,,1e-06
2475.4,,,,,,,,,,,,,9.9878e-07
2475.5,,,,,,,,,,,,,5e-07
2475.6,,,,,,,,,,,,,
2475.7,,,,,,,,,,,,,
2475.8,,,,,,,,,,,,,
2475.9,,,,,,,,,,,,,
2476.0,,,,,,,,,,,,,
2476.1,,,,,,,,,,,,,
2476.2,,,,,,,,,,,,,
2476.3,,,,,,,,,,,,,
2476.4,,,,,,,,,,,,,
2476.5,,,,,,,,,,,,,
2476.6,,,,,,,,,,,,,
2476.7,,,,,,,,,,,,,
2476.8,,,,,,,,,,,,,
2476.9,,,,,,,,,,,,,
2477.0,,,,,,,,,,,,,
2477.1,,,,,,,,,,,,,
2477.2,,,,,,,,,,,,,
2477.3,,,,,,,,,,,,,
2477.4,,,,,,,,,,,,,
2477.5,,,,,,,,,,,,,
2477.6,,,,,,,,,,,,,
2477.7,,,,,,,,,,,,,
2477.8,,,,,,,,,,,,,
2477.9,,,,,,,,,,,,,
2478.0,,,,,,,,,,,,,
2478.1,,,,,,,,,,,,,
2478.2,,,,,,,,,,,,,
2478.3,,,,,,,,,,,,,
2478.4,,,,,,,,,,,,,
2478.5,,,,,,,,,,,,,
2478.6,,,,,,,,,,,,,
2478.7,,,,,,,,,,,,,
2478.8,,,,,,,,,,,,,
2478.9,,,,,,,,,,,,,
2479.0,,,,,,,,,,,,,
2479.1,,,,,,,,,,,,,
2479.2,,,,,,,,,,,,,
2479.3,,,,,,,,,,,,,
2479.4,,,,,,,,,,,,,
2479.5,,,,,,,,,,,,,
2479.6,,,,,,,,,,,,,
2479.7,,,,,,,,,,,,,
2479.8,,,,,,,,,,,,,
2479.9,,,,,,,,,,,,,
2480.0,,,,,,,,,,,,,
2480.1,,,,,,,,,,,,,
2480.2,,,,,,,,,,,,,
2480.3,,,,,,,,,,,,,
2480.4,,,,,,,,,,,,,
2480.5,,,,,,,,,,,,,
2480.6,,,,,,,,,,,,,
2480.7,,,,,,,,,,,,,
2480.8,,,,,,,,,,,,,
2480.9,,,,,,,,,,,,,
2481.0,,,,,,,,,,,,,
2481.1,,,,,,,,,,,,,
2481.2,,,,,,,,,,,,,
2481.3,,,,,,,,,,,,,
2481.4,,,,,,,,,,,,,
2481.5,,,,,,,,,,,,,
2481.6,,,,,,,,,,,,,
2481.7,,,,,,,,,,,,,
2481.8,,,,,,,,,,,,,
2481.9,,,,,,,,,,,,,
2482.0,,,,,,,,,,,,,
2482.1,,,,,,,,,,,,,
2482.2,,,,,,,,,,,,,
2482.3,,,,,,,,,,,,,
2482.4,,,,,,,,,,,,,
2482.5,,,,,,,,,,,,,
2482.6,,,,,,,,,,,,,
2482.7,,,,,,,,,,,,,
2482.8,,,,,,,,,,,,,
2482.9,,,,,,,,,,,,,
2483.0,,,,,,,,,,,,,
2483.1,,,,,,,,,,,,,
2483.2,,,,,,,,,,,,,
2483.3,,,,,,,,,,,,,
2483.4,,,,,,,,,,,,,1.21951e-09
2483.5,,,,,,,,,,,,,5e-07
2483.6,,,,,,,,,,,,,1e-06
2483.7,,,,,,,,,,,,,1e-06
2483.8,,,,,,,,,,,,,1e-06
2483.9,,,,,,,,,,,,,1e-06
2484.0,,,,,,,,,,,,,1e-06
2484.1,,,,,,,,,,,,,1e-06
2484.2,,,,,,,,,,,,,1e-06
2484.3,,,,,,,,,,,,,1e-06
2484.4,,,,,,,,,,,,,1e-06
2484.5,,,,,,,,,,,,,1e-06
2484.6,,,,,,,,,,,,,1e-06
2484.7,,,,,,,,,,,,,5.0061e-07
2484.8,,,,,,,,,,,,,
2484.9,,,,,,,,,,,,,
2485.0,,,,,,,,,,,,,
2485.1,,,,,,,,,,,,,
2485.2,,,,,,,,,,,,,
2485.3,,,,,,,,,,,,,
2485.4,,,,,,,,,,,,,
2485.5,,,,,,,,,,,,,
2485.6,,,,,,,,,,,,,
2485.7,,,,,,,,,,,,,
2485.8,,,,,,,,,,,,,
2485.9,,,,,,,,,,,,,
2486.0,,,,,,,,,,,,,
2486.1,,,,,,,,,,,,,
2486.2,,,,,,,,,,,,,
2486.3,,,,,,,,,,,,,
2486.4,,,,,,,,,,,,,
2486.5,,,,,,,,,,,,,
2486.6,,,,,,,,,,,,,
2486.7,,,,,,,,,,,,,
2486.8,,,,,,,,,,,,,
2486.9,,,,,,,,,,,,,
2487.0,,,,,,,,,,,,,
2487.1,,,,,,,,,,,,,
2487.2,,,,,,,,,,,,,
2487.3,,,,,,,,,,,,,
2487.4,,,,,,,,,,,,,
2487.5,,,,,,,,,,,,,
2487.6,,,,,,,,,,,,,
2487.7,,,,,,,,,,,,,
2487.8,,,,,,,,,,,,,
2487.9,,,,,,,,,,,,,
2488.0,,,,,,,,,,,,,
2488.1,,,,,,,,,,,,,
2488.2,,,,,,,,,,,,,
2488.3,,,,,,,,,,,,,
2488.4,,,,,,,,,,,,,
2488.5,,,,,,,,,,,,,
2488.6,,,,,,,,,,,,,
2488.7,,,,,,,,,,,,,
2488.8,,,,,,,,,,,,,
2488.9,,,,,,,,,,,,,
2489.0,,,,,,,,,,,,,
2489.1,,,,,,,,,,,,,
2489.2,,,,,,,,,,,,,
2489.3,,,,,,,,,,,,,
2489.4,,,,,,,,,,,,,
2489.5,,,,,,,,,,,,,
2489.6,,,,,,,,,,,,,
2489.7,,,,,,,,,,,,,
2489.8,,,,,,,,,,,,,
2489.9,,,,,,,,,,,,,
2490.0,,,,,,,,,,,,,
2490.1,,,,,,,,,,,,,
2490.2,,,,,,,,,,,,,
2490.3,,,,,,,,,,,,,
2490.4,,,,,,,,,,,,,
2490.5,,,,,,,,,,,,,
2490.6,,,,,,,,,,,,,
2490.7,,,,,,,,,,,,,
2490.8,,,,,,,,,,,,,
2490.9,,,,,,,,,,,,,
2491.0,,,,,,,,,,,,,
2491.1,,,,,,,,,,,,,
2491.2,,,,,,,,,,,,,
2491.3,,,,,,,,,,,,,
2491.4,,,,,,,,,,,,,
2491.5,,,,,,,,,,,,,
2491.6,,,,,,,,,,,,,
2491.7,,,,,,,,,,,,,
2491.8,,,,,,,,,,,,,
2491.9,,,,,,,,,,,,,
2492.0,,,,,,,,,,,,,
2492.1,,,,,,,,,,,,,
2492.2,,,,,,,,,,,,,
2492.3,,,,,,,,,,,,,5.0061e-07
2492.4,,,,,,,,,,,,,1e-06
2492.5,,,,,,,,,,,,,1e-06
2492.6,,,,,,,,,,,,,1e-06
2492.7,,,,,,,,,,,,,1e-06
2492.8,,,,,,,,,,,,,1e-06
2492.9,,,,,,,,,,,,,1e-06
2493.0,,,,,,,,,,,,,1e-06
2493.1,,,,,,,,,,,,,1e-06
2493.2,,,,,,,,,,,,,1e-06
2493.3,,,,,,,,,,,,,1e-06
2493.4,,,,,,,,,,,,,1e-06
2493.5,,,,,,,,,,,,,1e-06
2493.6,,,,,,,,,,,,,1e-06
2493.7,,,,,,,,,,,,,1e-06
2493.8,,,,,,,,,,,,,1e-06
2493.9,,,,,,,,,,,,,1e-06
2494.0,,,,,,,,,,,,,1e-06
2494.1,,,,,,,,,,,,,1e-06
2494.2,,,,,,,,,,,,,1e-06
2494.3,,,,,,,,,,,,,1e-06
2494.4,,,,,,,,,,,,,1e-06
2494.5,,,,,,,,,,,,,1e-06
2494.6,,,,,,,,,,,,,1e-06
2494.7,,,,,,,,,,,,,1e-06
2494.8,,,,,,,,,,,,,1e-06
2494.9,,,,,,,,,,,,,1e-06
2495.0,,,,,,,,,,,,,1e-06
2495.1,,,,,,,,,,,,,1e-06
2495.2,,,,,,,,,,,,,1e-06
2495.3,,,,,,,,,,,,,1e-06
2495.4,,,,,,,,,,,,,9.9878e-07
2495.5,,,,,,,,,,,,,5e-07
2495.6,,,,,,,,,,,,,
2495.7,,,,,,,,,,,,,
2495.8,,,,,,,,,,,,,
2495.9,,,,,,,,,,,,,
2496.0,,,,,,,,,,,,,
2496.1,,,,,,,,,,,,,
2496.2,,,,,,,,,,,,,
2496.3,,,,,,,,,,,,,
2496.4,,,,,,,,,,,,,
2496.5,,,,,,,,,,,,,
2496.6,,,,,,,,,,,,,
2496.7,,,,,,,,,,,,,
2496.8,,,,,,,,,,,,,
2496.9,,,,,,,,,,,,,
2497.0,,,,,,,,,,,,,
2497.1,,,,,,,,,,,,,
2497.2,,,,,,,,,,,,,
2497.3,,,,,,,,,,,,,
2497.4,,,,,,,,,,,,,
2497.5,,,,,,,,,,,,,
2497.6,,,,,,,,,,,,,
2497.7,,,,,,,,,,,,,
2497.8,,,,,,,,,,,,,
2497.9,,,,,,,,,,,,,
2498.0,,,,,,,,,,,,,
2498.1,,,,,,,,,,,,,
2498.2,,,,,,,,,,,,,
2498.3,,,,,,,,,,,,,
2498.4,,,,,,,,,,,,,
2498.5,,,,,,,,,,,,,
2498.6,,,,,,,,,,,,,
2498.7,,,,,,,,,,,,,
2498.8,,,,,,,,,,,,,
2498.9,,,,,,,,,,,,,
2499.0,,,,,,,,,,,,,
2499.1,,,,,,,,,,,,,
2499.2,,,,,,,,,,,,,
2499.3,,,,,,,,,,,,,
2499.4,,,,,,,,,,,,,
2499.5,,,,,,,,,,,,,
2499.6,,,,,,,,,,,,,
2499.7,,,,,,,,,,,,,
2499.8,,,,,,,,,,,,,
2499.9,,,,,,,,,,,,,
2500.0,,,,,,,,,,,,,
