,411.0,445.0,488.0,555.0,671.0,747.0,868.0,1241.0,1613.0,2252.0
300.0,0.0,0.0,0.0,0.0,0.0,0.0,0.0,0.0,0.0,0.0
301.0,0.0,0.0,0.0,0.0,0.0,0.0,0.0,0.0,0.0,0.0
302.0,0.0,0.0,0.0,0.0,0.0,0.0,0.0,0.0,0.0,0.0
303.0,0.0,0.0,0.0,0.0,0.0,0.0,0.0,0.0,0.0,0.0
304.0,0.0,0.0,0.0,0.0,0.0,0.0,0.0,0.0,0.0,0.0
305.0,0.0,0.0,0.0,0.0,0.0,0.0,0.0,0.0,0.0,0.0
306.0,0.0,0.0,0.0,0.0,0.0,0.0,0.0,0.0,0.0,0.0
307.0,0.0,0.0,0.0,0.0,0.0,0.0,0.0,0.0,0.0,0.0
308.0,0.0,0.0,0.0,0.0,0.0,0.0,0.0,0.0,0.0,0.0
309.0,0.0,0.0,0.0,0.0,0.0,0.0,0.0,0.0,0.0,0.0
310.0,0.0,0.0,0.0,0.0,0.0,0.0,0.0,0.0,0.0,0.0
311.0,0.0,0.0,0.0,0.0,0.0,0.0,0.0,0.0,0.0,0.0
312.0,0.0,0.0,0.0,0.0,0.0,0.0,0.0,0.0,0.0,0.0
313.0,0.0,0.0,0.0,0.0,0.0,0.0,0.0,0.0,0.0,0.0
314.0,0.0,0.0,0.0,0.0,0.0,0.0,0.0,0.0,0.0,0.0
315.0,0.0,0.0,0.0,0.0,0.0,0.0,0.0,0.0,0.0,0.0
316.0,0.0,0.0,0.0,0.0,0.0,0.0,0.0,0.0,0.0,0.0
317.0,0.0,0.0,0.0,0.0,0.0,0.0,0.0,0.0,0.0,0.0
318.0,0.0,0.0,0.0,0.0,0.0,0.0,0.0,0.0,0.0,0.0
319.0,0.0,0.0,0.0,0.0,0.0,0.0,0.0,0.0,0.0,0.0
320.0,0.0,0.0,0.0,0.0,0.0,0.0,0.0,0.0,0.0,0.0
321.0,0.0,0.0,0.0,0.0,0.0,0.0,0.0,0.0,0.0,0.0
322.0,0.0,0.0,0.0,0.0,0.0,0.0,0.0,0.0,0.0,0.0
323.0,0.0,0.0,0.0,0.0,0.0,0.0,0.0,0.0,0.0,0.0
324.0,0.0,0.0,0.0,0.0,0.0,0.0,0.0,0.0,0.0,0.0
325.0,0.0,0.0,0.0,0.0,0.0,0.0,0.0,0.0,0.0,0.0
326.0,0.0,0.0,0.0,0.0,0.0,0.0,0.0,0.0,0.0,0.0
327.0,0.0,0.0,0.0,0.0,0.0,0.0,0.0,0.0,0.0,0.0
328.0,0.0,0.0,0.0,0.0,0.0,0.0,0.0,0.0,0.0,0.0
329.0,0.0,0.0,0.0,0.0,0.0,0.0,0.0,0.0,0.0,0.0
330.0,0.0,0.0,0.0,0.0,0.0,0.0,0.0,0.0,0.0,0.0
331.0,0.0,0.0,0.0,0.0,0.0,0.0,0.0,0.0,0.0,0.0
332.0,0.0,0.0,0.0,0.0,0.0,0.0,0.0,0.0,0.0,0.0
333.0,0.0,0.0,0.0,0.0,0.0,0.0,0.0,0.0,0.0,0.0
334.0,0.0,0.0,0.0,0.0,0.0,0.0,0.0,0.0,0.0,0.0
335.0,0.0,0.0,0.0,0.0,0.0,0.0,0.0,0.0,0.0,0.0
336.0,0.0,0.0,0.0,0.0,0.0,0.0,0.0,0.0,0.0,0.0
337.0,0.0,0.0,0.0,0.0,0.0,0.0,0.0,0.0,0.0,0.0
338.0,0.0,0.0,0.0,0.0,0.0,0.0,0.0,0.0,0.0,0.0
339.0,0.0,0.0,0.0,0.0,0.0,0.0,0.0,0.0,0.0,0.0
340.0,0.0,0.0,0.0,0.0,0.0,0.0,0.0,0.0,0.0,0.0
341.0,0.0,0.0,0.0,0.0,0.0,0.0,0.0,0.0,0.0,0.0
342.0,0.0,0.0,0.0,0.0,0.0,0.0,0.0,0.0,0.0,0.0
343.0,1.0035747e-10,0.0,0.0,0.0,0.0,0.0,0.0,0.0,0.0,0.0
344.0,1.0035747e-10,0.0,0.0,0.0,0.0,0.0,0.0,0.0,0.0,0.0
345.0,1.0035747e-10,1.0005343e-10,0.0,0.0,0.0,0.0,0.0,0.0,0.0,0.0
346.0,1.0035747e-10,1.0005343e-10,0.0,0.0,0.0,0.0,0.0,0.0,0.0,0.0
347.0,1.0035747e-10,1.0005343e-10,0.0,0.0,0.0,0.0,0.0,0.0,0.0,0.0
348.0,1.0035747e-10,1.0005343e-10,0.0,0.0,0.0,0.0,0.0,0.0,0.0,0.0
349.0,1.0035747e-10,1.0005343e-10,0.0,0.0,1.00268516e-10,1.0005573e-10,0.0,0.0,0.0,0.0
350.0,1.0035747e-10,1.0005343e-10,0.0,0.0,1.00268516e-10,1.0005573e-10,0.0,0.0,0.0,0.0
351.0,1.0035747e-10,1.0005343e-10,1.000053e-10,0.0,1.00268516e-10,1.0005573e-10,1.00002e-10,0.0,0.0,0.0
352.0,1.0035747e-10,1.0005343e-10,1.000053e-10,0.0,1.00268516e-10,1.0005573e-10,1.00002e-10,0.0,0.0,0.0
353.0,1.0035747e-10,1.0005343e-10,1.000053e-10,0.0,1.00268516e-10,1.0005573e-10,1.00002e-10,0.0,0.0,0.0
354.0,1.0035747e-10,1.0005343e-10,1.000053e-10,0.0,1.00268516e-10,1.0005573e-10,1.00002e-10,0.0,0.0,0.0
355.0,1.0035747e-10,1.0005343e-10,1.000053e-10,1.000151e-10,1.00268516e-10,1.0005573e-10,1.00002e-10,0.0,0.0,0.0
356.0,1.0035747e-10,1.0005343e-10,1.000053e-10,1.000151e-10,1.00268516e-10,1.0005573e-10,1.00002e-10,0.0,0.0,0.0
357.0,1.0035747e-10,1.0005343e-10,1.000053e-10,1.000151e-10,1.00268516e-10,1.0005573e-10,1.00002e-10,0.0,0.0,0.0
358.0,1.0035747e-10,1.0005343e-10,1.000053e-10,1.000151e-10,1.00268516e-10,1.0005573e-10,1.00002e-10,0.0,0.0,0.0
359.0,1.0035747e-10,1.0005343e-10,1.000053e-10,1.000151e-10,1.00268516e-10,1.0005573e-10,1.00002e-10,0.0,0.0,0.0
360.0,1.0035747e-10,1.0005343e-10,1.000053e-10,1.000151e-10,1.00268516e-10,1.0005573e-10,1.00002e-10,0.0,0.0,0.0
361.0,1.0035747e-10,1.0005343e-10,1.000053e-10,1.000151e-10,1.00268516e-10,1.0005573e-10,1.00002e-10,0.0,0.0,0.0
362.0,1.0035747e-10,1.0005343e-10,1.000053e-10,1.000151e-10,1.00268516e-10,1.0005573e-10,1.00002e-10,0.0,0.0,0.0
363.0,1.0035747e-10,1.0005343e-10,1.000053e-10,1.000151e-10,1.00268516e-10,1.0005573e-10,1.00002e-10,0.0,0.0,0.0
364.0,1.0035747e-10,1.0005343e-10,1.000053e-10,1.000151e-10,1.00268516e-10,1.0005573e-10,1.00002e-10,0.0,0.0,0.0
365.0,1.0035747e-10,1.0005343e-10,1.000053e-10,1.000151e-10,1.00268516e-10,1.0005573e-10,1.00002e-10,0.0,0.0,0.0
366.0,1.0035747e-10,1.0005343e-10,1.000053e-10,1.000151e-10,1.00268516e-10,1.0005573e-10,1.00002e-10,0.0,0.0,0.0
367.0,1.0035747e-10,1.0005343e-10,1.000053e-10,1.000151e-10,1.00268516e-10,1.0005573e-10,1.00002e-10,0.0,0.0,0.0
368.0,1.0035747e-10,1.0005343e-10,1.000053e-10,1.000151e-10,1.00268516e-10,1.0005573e-10,1.00002e-10,0.0,0.0,0.0
369.0,1.0035747e-10,1.0005343e-10,1.000053e-10,1.000151e-10,1.00268516e-10,1.0005573e-10,1.00002e-10,0.0,0.0,0.0
370.0,1.0035747e-10,1.0005343e-10,1.000053e-10,1.000151e-10,1.00268516e-10,1.0005573e-10,1.00002e-10,0.0,0.0,0.0
371.0,1.0035747e-10,1.0005343e-10,1.000053e-10,1.000151e-10,1.00268516e-10,1.0005573e-10,1.00002e-10,0.0,0.0,0.0
372.0,1.0035747e-10,1.0005343e-10,1.000053e-10,1.000151e-10,1.00268516e-10,1.0005573e-10,1.00002e-10,0.0,0.0,0.0
373.0,1.0035747e-10,1.0005343e-10,1.000053e-10,1.000151e-10,1.00268516e-10,1.0005573e-10,1.00002e-10,0.0,0.0,0.0
374.0,1.0035747e-10,1.0005343e-10,1.000053e-10,1.000151e-10,1.00268516e-10,1.0005573e-10,1.00002e-10,0.0,0.0,0.0
375.0,1.0035747e-10,1.0005343e-10,1.000053e-10,1.000151e-10,1.00268516e-10,1.0005573e-10,1.00002e-10,0.0,0.0,0.0
376.0,1.0035747e-10,1.0005343e-10,1.000053e-10,1.000151e-10,1.00268516e-10,1.0005573e-10,1.00002e-10,0.0,0.0,0.0
377.0,1.0035747e-10,1.0005343e-10,1.000053e-10,1.000151e-10,1.00268516e-10,1.0005573e-10,1.00002e-10,0.0,0.0,0.0
378.0,1.0035747e-10,1.0005343e-10,1.000053e-10,1.000151e-10,1.00268516e-10,1.0005573e-10,1.00002e-10,0.0,0.0,0.0
379.0,1.0035747e-10,1.0005343e-10,1.000053e-10,1.000151e-10,1.00268516e-10,1.0005573e-10,1.00002e-10,0.0,0.0,0.0
380.0,1.0035747e-10,1.0005343e-10,1.000053e-10,1.000151e-10,1.00268516e-10,1.0005573e-10,1.00002e-10,0.0,0.0,0.0
381.0,1.0035747e-10,1.0005343e-10,1.000053e-10,1.000151e-10,1.00268516e-10,1.0005573e-10,1.00002e-10,0.0,0.0,0.0
382.0,1.0035747e-10,1.0005343e-10,1.000053e-10,1.000151e-10,1.00268516e-10,1.0005573e-10,1.00002e-10,0.0,0.0,0.0
383.0,1.0035747e-10,1.0005343e-10,1.000053e-10,1.000151e-10,1.00268516e-10,1.0005573e-10,1.00002e-10,0.0,0.0,0.0
384.0,1.0035747e-10,1.0005343e-10,1.000053e-10,1.000151e-10,1.00268516e-10,1.0005573e-10,1.00002e-10,0.0,0.0,0.0
385.0,1.0035747e-10,1.0005343e-10,1.000053e-10,1.000151e-10,1.00268516e-10,1.0005573e-10,1.00002e-10,0.0,0.0,0.0
386.0,1.0035747e-10,1.0005343e-10,1.000053e-10,1.000151e-10,1.00268516e-10,1.0005573e-10,1.00002e-10,0.0,0.0,0.0
387.0,1.9332361e-08,1.0005343e-10,1.000053e-10,1.000151e-10,1.00268516e-10,1.0005573e-10,1.00002e-10,0.0,0.0,0.0
388.0,4.8299744e-06,1.0005343e-10,1.000053e-10,1.000151e-10,1.00268516e-10,1.0005573e-10,1.00002e-10,0.0,0.0,0.0
389.0,9.64062e-06,1.0005343e-10,1.000053e-10,1.000151e-10,1.00268516e-10,1.0005573e-10,1.00002e-10,0.0,0.0,0.0
390.0,1.4451275e-05,1.0005343e-10,1.000053e-10,1.000151e-10,1.00268516e-10,1.0005573e-10,1.00002e-10,0.0,0.0,0.0
391.0,1.9261912e-05,1.0005343e-10,1.000053e-10,1.000151e-10,1.00268516e-10,1.0005573e-10,1.00002e-10,0.0,0.0,0.0
392.0,0.0001239194,1.0005343e-10,1.000053e-10,1.000151e-10,1.00268516e-10,1.0005573e-10,1.00002e-10,0.0,0.0,0.0
393.0,0.00022872673,1.0005343e-10,1.000053e-10,1.000151e-10,1.00268516e-10,1.0005573e-10,1.00002e-10,0.0,0.0,0.0
394.0,0.00033353406,2.5661004e-05,1.000053e-10,1.000151e-10,1.00268516e-10,1.0005573e-10,1.00002e-10,0.0,0.0,0.0
395.0,0.00044204257,7.62236e-05,1.000053e-10,1.000151e-10,1.00268516e-10,1.0005573e-10,1.00002e-10,0.0,0.0,0.0
396.0,0.00076417497,0.0001267857,1.000053e-10,1.000151e-10,1.00268516e-10,1.0005573e-10,1.00002e-10,0.0,0.0,0.0
397.0,0.0029849624,0.0001773487,1.000053e-10,1.000151e-10,1.00268516e-10,1.0005573e-10,1.00002e-10,0.0,0.0,0.0
398.0,0.023219006,0.00023207894,1.000053e-10,1.000151e-10,1.00268516e-10,1.0005573e-10,1.00002e-10,0.0,0.0,0.0
399.0,0.17488495,0.000280855,1.000053e-10,1.000151e-10,1.00268516e-10,1.0005573e-10,1.00002e-10,0.0,0.0,0.0
400.0,0.40617982,0.00037774272,1.000053e-10,1.000151e-10,1.00268516e-10,1.0005573e-10,1.00002e-10,0.0,0.0,0.0
401.0,0.4812452,0.00037157943,1.000053e-10,1.000151e-10,1.00268516e-10,1.0005573e-10,1.00002e-10,0.0,0.0,0.0
402.0,0.5385503,0.00036219542,1.000053e-10,1.000151e-10,1.00268516e-10,1.0005573e-10,1.00002e-10,0.0,0.0,0.0
403.0,0.5782427,0.0003808624,1.000053e-10,1.000151e-10,1.00268516e-10,1.0005573e-10,1.00002e-10,0.0,0.0,0.0
404.0,0.6183375,0.000382008,1.000053e-10,1.000151e-10,1.00268516e-10,1.0005573e-10,1.00002e-10,0.0,0.0,0.0
405.0,0.65680856,0.00038526373,1.000053e-10,1.000151e-10,1.00268516e-10,1.0005573e-10,1.00002e-10,0.0,0.0,0.0
406.0,0.7028375,0.0003911769,1.000053e-10,1.000151e-10,1.00268516e-10,1.0005573e-10,1.00002e-10,0.0,0.0,0.0
407.0,0.7520297,0.00038321663,1.000053e-10,1.000151e-10,1.00268516e-10,1.0005573e-10,1.00002e-10,0.0,0.0,0.0
408.0,0.7940213,0.0003921404,1.000053e-10,1.000151e-10,1.00268516e-10,1.0005573e-10,1.00002e-10,0.0,0.0,0.0
409.0,0.8142022,0.00038899473,1.000053e-10,1.000151e-10,1.00268516e-10,1.0005573e-10,1.00002e-10,0.0,0.0,0.0
410.0,0.816124,0.00037419982,1.000053e-10,1.000151e-10,1.00268516e-10,1.0005573e-10,1.00002e-10,0.0,0.0,0.0
411.0,0.8076067,0.00035643435,1.000053e-10,1.000151e-10,1.00268516e-10,1.0005573e-10,1.00002e-10,0.0,0.0,0.0
412.0,0.8403935,0.00037407977,1.000053e-10,1.000151e-10,1.00268516e-10,1.0005573e-10,1.00002e-10,0.0,0.0,0.0
413.0,0.92996556,0.00039842576,1.000053e-10,1.000151e-10,1.00268516e-10,1.0005573e-10,1.00002e-10,0.0,0.0,0.0
414.0,0.93637234,0.00042036947,1.000053e-10,1.000151e-10,1.00268516e-10,1.0005573e-10,1.00002e-10,0.0,0.0,0.0
415.0,0.93583345,0.00039442163,1.000053e-10,1.000151e-10,1.00268516e-10,1.0005573e-10,1.00002e-10,0.0,0.0,0.0
416.0,0.9544347,0.00041154976,1.000053e-10,1.000151e-10,1.00268516e-10,1.0005573e-10,1.00002e-10,0.0,0.0,0.0
417.0,0.9561498,0.0004048452,1.000053e-10,1.000151e-10,1.00268516e-10,1.0005573e-10,1.00002e-10,0.0,0.0,0.0
418.0,0.98047847,0.0004331563,1.000053e-10,1.000151e-10,1.00268516e-10,1.0005573e-10,1.00002e-10,0.0,0.0,0.0
419.0,1.0,0.00043309628,1.000053e-10,1.000151e-10,1.00268516e-10,1.0005573e-10,1.00002e-10,0.0,0.0,0.0
420.0,0.8458108,0.0003565244,1.000053e-10,1.000151e-10,1.00268516e-10,1.0005573e-10,1.00002e-10,0.0,0.0,0.0
421.0,0.39956826,0.00023977704,1.000053e-10,1.000151e-10,1.00268516e-10,1.0005573e-10,1.00002e-10,0.0,0.0,0.0
422.0,0.09364516,0.00019666502,1.000053e-10,1.000151e-10,1.00268516e-10,1.0005573e-10,1.00002e-10,0.0,0.0,0.0
423.0,0.028250227,0.00015850064,1.000053e-10,1.000151e-10,1.00268516e-10,1.0005573e-10,1.00002e-10,0.0,0.0,0.0
424.0,0.004471939,0.00015240138,1.000053e-10,1.000151e-10,1.00268516e-10,1.0005573e-10,1.00002e-10,0.0,0.0,0.0
425.0,0.0016359673,0.00015606933,1.000053e-10,1.000151e-10,1.00268516e-10,1.0005573e-10,1.00002e-10,0.0,0.0,0.0
426.0,0.0007401996,0.00016988371,1.000053e-10,1.000151e-10,1.00268516e-10,1.0005573e-10,1.00002e-10,0.0,0.0,0.0
427.0,0.00017589654,0.00018447451,1.000053e-10,1.000151e-10,1.00268516e-10,1.0005573e-10,1.00002e-10,0.0,0.0,0.0
428.0,0.00010828471,0.0001880034,1.000053e-10,1.000151e-10,1.00268516e-10,1.0005573e-10,1.00002e-10,0.0,0.0,0.0
429.0,0.00013034529,0.00021220732,1.000053e-10,1.000151e-10,1.00268516e-10,1.0005573e-10,1.00002e-10,0.0,0.0,0.0
430.0,0.000110158384,0.0002454911,1.000053e-10,1.000151e-10,1.00268516e-10,1.0005573e-10,1.00002e-10,0.0,0.0,0.0
431.0,4.6825393e-05,0.0003372641,1.000053e-10,1.000151e-10,1.00268516e-10,1.0005573e-10,1.00002e-10,0.0,0.0,0.0
432.0,3.730558e-05,0.0005199977,1.000053e-10,1.000151e-10,1.00268516e-10,1.0005573e-10,1.00002e-10,0.0,0.0,0.0
433.0,5.630877e-05,0.001015112,1.000053e-10,1.000151e-10,1.00268516e-10,1.0005573e-10,1.00002e-10,0.0,0.0,0.0
434.0,9.148678e-05,0.0036821063,1.000053e-10,1.000151e-10,1.00268516e-10,1.0005573e-10,1.00002e-10,0.0,0.0,0.0
435.0,6.4249056e-05,0.03906106,1.000053e-10,1.000151e-10,1.00268516e-10,1.0005573e-10,1.00002e-10,0.0,0.0,0.0
436.0,0.00018488154,0.3141828,1.000053e-10,1.000151e-10,1.00268516e-10,1.0005573e-10,1.00002e-10,0.0,0.0,0.0
437.0,0.00035150605,0.7238005,1.000053e-10,1.000151e-10,1.00268516e-10,1.0005573e-10,1.00002e-10,0.0,0.0,0.0
438.0,0.0003200721,0.6710513,7.906659e-10,1.000151e-10,1.00268516e-10,1.0005573e-10,1.00002e-10,0.0,0.0,0.0
439.0,0.0003756561,0.7765947,6.865954e-07,1.000151e-10,1.00268516e-10,1.0005573e-10,1.00002e-10,0.0,0.0,0.0
440.0,0.00043622483,0.86959934,1.3724027e-06,1.000151e-10,1.00268516e-10,1.0005573e-10,1.00002e-10,0.0,0.0,0.0
441.0,0.0004127763,0.898892,2.058209e-06,1.000151e-10,1.00268516e-10,1.0005573e-10,1.00002e-10,0.0,0.0,0.0
442.0,0.0004102744,0.87437594,2.7440055e-06,1.000151e-10,1.00268516e-10,1.0005573e-10,1.00002e-10,0.0,0.0,0.0
443.0,0.00041208786,0.88356084,3.4298118e-06,1.000151e-10,1.00268516e-10,1.0005573e-10,1.00002e-10,0.0,0.0,0.0
444.0,0.00042998462,0.9546218,4.0973073e-06,1.000151e-10,1.00268516e-10,1.0005573e-10,1.00002e-10,0.0,0.0,0.0
445.0,0.00045131356,1.0,4.7468816e-06,1.000151e-10,1.00268516e-10,1.0005573e-10,1.00002e-10,0.0,0.0,0.0
446.0,0.00045576744,0.9417639,5.396466e-06,1.000151e-10,1.00268516e-10,1.0005573e-10,1.00002e-10,0.0,0.0,0.0
447.0,0.00041684078,0.89296985,6.0460407e-06,1.000151e-10,1.00268516e-10,1.0005573e-10,1.00002e-10,0.0,0.0,0.0
448.0,0.0004385471,0.94355583,6.695615e-06,1.000151e-10,1.00268516e-10,1.0005573e-10,1.00002e-10,0.0,0.0,0.0
449.0,0.00042465763,0.9822365,7.3451993e-06,1.000151e-10,1.00268516e-10,1.0005573e-10,1.00002e-10,0.0,0.0,0.0
450.0,0.00043755857,0.9189617,7.567441e-06,1.000151e-10,1.00268516e-10,1.0005573e-10,1.00002e-10,0.0,0.0,0.0
451.0,0.00038130823,0.87521535,7.786252e-06,1.000151e-10,1.00268516e-10,1.0005573e-10,1.00002e-10,0.0,0.0,0.0
452.0,0.00039767852,0.8475976,8.005054e-06,1.000151e-10,1.00268516e-10,1.0005573e-10,1.00002e-10,0.0,0.0,0.0
453.0,0.0003237251,0.6258192,8.223866e-06,1.000151e-10,1.00268516e-10,1.0005573e-10,1.00002e-10,0.0,0.0,0.0
454.0,0.0001299258,0.25231674,8.442667e-06,1.000151e-10,1.00268516e-10,1.0005573e-10,1.00002e-10,0.0,0.0,0.0
455.0,5.672054e-05,0.053454645,8.987687e-06,1.000151e-10,1.00268516e-10,1.0005573e-10,1.00002e-10,0.0,0.0,0.0
456.0,3.7838883e-05,0.01747263,9.534995e-06,1.000151e-10,1.00268516e-10,1.0005573e-10,1.00002e-10,0.0,0.0,0.0
457.0,1.8957226e-05,0.005170491,1.00823345e-05,1.000151e-10,1.00268516e-10,1.0005573e-10,1.00002e-10,0.0,0.0,0.0
458.0,7.558553e-08,0.0019027861,1.0629663e-05,1.000151e-10,1.00268516e-10,1.0005573e-10,1.00002e-10,0.0,0.0,0.0
459.0,1.0035747e-10,0.00050155784,1.245016e-05,1.000151e-10,1.00268516e-10,1.0005573e-10,1.00002e-10,0.0,0.0,0.0
460.0,1.0035747e-10,0.00022069585,1.4275856e-05,1.000151e-10,1.00268516e-10,1.0005573e-10,1.00002e-10,0.0,0.0,0.0
461.0,1.0035747e-10,0.00026045908,1.6101554e-05,1.000151e-10,1.00268516e-10,1.0005573e-10,1.00002e-10,0.0,0.0,0.0
462.0,1.0035747e-10,0.00019970465,1.7942051e-05,1.000151e-10,1.00268516e-10,1.0005573e-10,1.00002e-10,0.0,0.0,0.0
463.0,1.0035747e-10,9.011792e-05,2.1111618e-05,1.000151e-10,1.00268516e-10,1.0005573e-10,1.00002e-10,0.0,0.0,0.0
464.0,1.0035747e-10,7.780995e-05,2.4281188e-05,8.34279e-10,1.00268516e-10,1.0005573e-10,1.00002e-10,0.0,0.0,0.0
465.0,1.0035747e-10,6.550188e-05,2.7450755e-05,4.918623e-07,1.00268516e-10,1.0005573e-10,1.00002e-10,0.0,0.0,0.0
466.0,1.0035747e-10,5.3193904e-05,3.0620424e-05,9.828905e-07,1.00268516e-10,1.0005573e-10,1.00002e-10,0.0,0.0,0.0
467.0,1.0035747e-10,4.3852517e-05,6.902846e-05,1.4739226e-06,1.00268516e-10,1.0005573e-10,1.00002e-10,0.0,0.0,0.0
468.0,1.0035747e-10,3.6435657e-05,0.000107436696,1.9649467e-06,1.00268516e-10,1.0005573e-10,1.00002e-10,0.0,0.0,0.0
469.0,1.0035747e-10,2.9018896e-05,0.00014584474,2.4559708e-06,1.00268516e-10,1.0005573e-10,1.00002e-10,0.0,0.0,0.0
470.0,1.0035747e-10,2.1602036e-05,0.00018380674,2.682255e-06,1.00268516e-10,1.0005573e-10,1.00002e-10,0.0,0.0,0.0
471.0,1.0035747e-10,1.876402e-05,0.00024273187,2.635188e-06,1.00268516e-10,1.0005573e-10,1.00002e-10,0.0,0.0,0.0
472.0,1.0035747e-10,1.5962923e-05,0.00034494328,2.5881209e-06,1.00268516e-10,1.0005573e-10,1.00002e-10,0.0,0.0,0.0
473.0,1.0035747e-10,1.3161828e-05,0.00043724818,2.5410536e-06,1.00268516e-10,1.0005573e-10,1.00002e-10,0.0,0.0,0.0
474.0,1.0035747e-10,1.0587553e-05,0.0008665269,2.4939866e-06,1.00268516e-10,1.0005573e-10,1.00002e-10,0.0,0.0,0.0
475.0,1.0035747e-10,8.359884e-06,0.002604478,2.4469296e-06,1.00268516e-10,1.0005573e-10,1.00002e-10,0.0,0.0,0.0
476.0,1.0035747e-10,6.132215e-06,0.009116903,7.94692e-05,1.00268516e-10,1.0005573e-10,1.00002e-10,0.0,0.0,0.0
477.0,1.0035747e-10,3.904535e-06,0.04882439,0.00015660665,1.00268516e-10,1.0005573e-10,1.00002e-10,0.0,0.0,0.0
478.0,1.0035747e-10,3.4768566e-06,0.33093053,0.00021056579,1.00268516e-10,1.0005573e-10,1.00002e-10,0.0,0.0,0.0
479.0,1.0035747e-10,3.4768566e-06,0.82058346,0.00036048444,1.00268516e-10,1.0005573e-10,1.00002e-10,0.0,0.0,0.0
480.0,1.0035747e-10,3.4768566e-06,0.8643308,0.00038715845,1.00268516e-10,1.0005573e-10,1.00002e-10,0.0,0.0,0.0
481.0,1.0035747e-10,3.4768566e-06,0.8816297,0.00037853717,1.00268516e-10,1.0005573e-10,1.00002e-10,0.0,0.0,0.0
482.0,1.0035747e-10,3.4785576e-06,0.89484143,0.00037839013,1.00268516e-10,1.0005573e-10,1.00002e-10,0.0,0.0,0.0
483.0,1.0035747e-10,3.705749e-06,0.923998,0.00038185465,1.00268516e-10,1.0005573e-10,1.00002e-10,0.0,0.0,0.0
484.0,1.0035747e-10,3.93294e-06,0.9527035,0.00040341693,1.00268516e-10,1.0005573e-10,1.00002e-10,0.0,0.0,0.0
485.0,1.0035747e-10,4.1601215e-06,0.96103495,0.0003815316,1.00268516e-10,1.0005573e-10,1.00002e-10,0.0,0.0,0.0
486.0,1.0035747e-10,4.387313e-06,0.9568117,0.0003748056,1.00268516e-10,1.0005573e-10,1.00002e-10,0.0,0.0,0.0
487.0,1.0035747e-10,4.614504e-06,0.9602119,0.00037264626,2.0374864e-07,1.0005573e-10,1.00002e-10,0.0,0.0,0.0
488.0,1.0035747e-10,4.9605687e-06,0.9639821,0.0003702299,6.106473e-07,1.0005573e-10,1.00002e-10,0.0,0.0,0.0
489.0,1.0035747e-10,5.4243264e-06,0.962412,0.00038639933,1.017545e-06,1.0005573e-10,1.00002e-10,0.0,0.0,0.0
490.0,1.0035747e-10,5.888084e-06,0.96459013,0.00036466005,1.4244447e-06,1.0005573e-10,1.00002e-10,0.0,0.0,0.0
491.0,1.0035747e-10,6.351842e-06,0.95498663,0.0003788892,1.8313443e-06,1.0005573e-10,1.00002e-10,0.0,0.0,0.0
492.0,1.0035747e-10,6.8155996e-06,0.95745873,0.00035256523,2.2378229e-06,1.0005573e-10,1.00002e-10,0.0,0.0,0.0
493.0,1.0035747e-10,7.278497e-06,0.97282857,0.000357629,2.365595e-06,1.0005573e-10,1.00002e-10,0.0,0.0,0.0
494.0,1.0035747e-10,6.8896893e-06,0.99191254,0.0003621537,2.4933572e-06,1.0005573e-10,1.00002e-10,0.0,0.0,0.0
495.0,1.0035747e-10,6.5008817e-06,1.0,0.00036458604,2.6211194e-06,1.0005573e-10,1.00002e-10,0.0,0.0,0.0
496.0,1.0035747e-10,6.112074e-06,0.9896635,0.0003550296,2.7488816e-06,1.0005573e-10,1.00002e-10,0.0,0.0,0.0
497.0,1.0035747e-10,5.7232664e-06,0.92695713,0.00033747696,2.8766538e-06,1.0005573e-10,1.00002e-10,0.0,0.0,0.0
498.0,1.0035747e-10,5.334459e-06,0.6587459,0.00025137895,2.8836323e-06,1.0005573e-10,1.00002e-10,0.0,0.0,0.0
499.0,1.0035747e-10,5.0480357e-06,0.24105178,0.0001476183,2.7731564e-06,1.0005573e-10,1.00002e-10,0.0,0.0,0.0
500.0,1.0035747e-10,4.863797e-06,0.04924271,9.9774064e-05,2.6626806e-06,1.0005573e-10,1.00002e-10,0.0,0.0,0.0
501.0,1.0035747e-10,4.679559e-06,0.013068693,7.0958115e-05,2.552215e-06,1.0005573e-10,1.00002e-10,0.0,0.0,0.0
502.0,1.0035747e-10,4.4953103e-06,0.0051792944,2.5474947e-05,2.441739e-06,1.0005573e-10,1.00002e-10,0.0,0.0,0.0
503.0,1.0035747e-10,4.311072e-06,0.0019381727,2.9845608e-06,2.3301702e-06,1.0005573e-10,1.00002e-10,0.0,0.0,0.0
504.0,1.0035747e-10,4.1268636e-06,0.0004070876,3.2135451e-06,1.9072075e-06,1.0005573e-10,1.00002e-10,0.0,0.0,0.0
505.0,1.0035747e-10,3.9576234e-06,9.984449e-05,3.4425298e-06,1.4842549e-06,1.0005573e-10,1.00002e-10,0.0,0.0,0.0
506.0,1.0035747e-10,3.788383e-06,9.109483e-05,3.6715244e-06,1.0613022e-06,1.0005573e-10,1.00002e-10,0.0,0.0,0.0
507.0,1.0035747e-10,3.6191427e-06,0.000103109465,3.900509e-06,6.383425e-07,1.0005573e-10,1.00002e-10,0.0,0.0,0.0
508.0,1.0035747e-10,3.4499124e-06,0.00010885077,4.1294934e-06,2.153858e-07,1.0005573e-10,1.00002e-10,0.0,0.0,0.0
509.0,1.0035747e-10,3.280672e-06,5.4271175e-05,4.4545027e-06,1.00268516e-10,1.0005573e-10,1.00002e-10,0.0,0.0,0.0
510.0,1.0035747e-10,3.190944e-06,3.6448233e-05,4.7799917e-06,1.00268516e-10,1.0005573e-10,1.00002e-10,0.0,0.0,0.0
511.0,1.0035747e-10,3.181839e-06,3.343197e-05,5.105481e-06,1.00268516e-10,1.0005573e-10,1.00002e-10,0.0,0.0,0.0
512.0,1.0035747e-10,3.1727443e-06,3.0527717e-05,5.43097e-06,1.00268516e-10,1.0005573e-10,1.00002e-10,0.0,0.0,0.0
513.0,1.0035747e-10,3.1636494e-06,2.7623564e-05,5.7564494e-06,1.00268516e-10,1.0005573e-10,1.00002e-10,0.0,0.0,0.0
514.0,1.0035747e-10,3.1545446e-06,2.471931e-05,6.0080974e-06,1.00268516e-10,1.0005573e-10,1.00002e-10,0.0,0.0,0.0
515.0,1.0035747e-10,3.1454497e-06,2.0800902e-05,6.1836636e-06,1.00268516e-10,1.0005573e-10,1.00002e-10,0.0,0.0,0.0
516.0,1.0035747e-10,2.9045912e-06,1.6871694e-05,6.35922e-06,1.00268516e-10,1.0005573e-10,1.00002e-10,0.0,0.0,0.0
517.0,1.0035747e-10,2.6632622e-06,1.2942586e-05,6.5347767e-06,1.00268516e-10,1.0005573e-10,1.00002e-10,0.0,0.0,0.0
518.0,1.0035747e-10,2.4219432e-06,9.013398e-06,6.7103333e-06,1.00268516e-10,1.0005573e-10,1.00002e-10,0.0,0.0,0.0
519.0,1.0035747e-10,2.1806145e-06,1.0323347e-05,6.8859e-06,1.00268516e-10,1.0005573e-10,1.00002e-10,0.0,0.0,0.0
520.0,1.0035747e-10,1.9392955e-06,1.1667318e-05,7.524546e-06,1.00268516e-10,1.0005573e-10,1.00002e-10,0.0,0.0,0.0
521.0,1.0035747e-10,1.6531428e-06,1.30113895e-05,8.164823e-06,1.00268516e-10,1.0005573e-10,1.00002e-10,0.0,0.0,0.0
522.0,1.0035747e-10,1.3229565e-06,1.434436e-05,8.805089e-06,1.00268516e-10,1.0005573e-10,1.00002e-10,0.0,0.0,0.0
523.0,1.0035747e-10,9.927782e-07,1.2517664e-05,9.445356e-06,1.00268516e-10,1.0005573e-10,1.00002e-10,0.0,0.0,0.0
524.0,1.0035747e-10,6.625978e-07,1.06908665e-05,1.0085623e-05,1.00268516e-10,1.0005573e-10,1.00002e-10,0.0,0.0,0.0
525.0,1.0035747e-10,3.324165e-07,8.86413e-06,1.0725919e-05,1.00268516e-10,1.0005573e-10,1.00002e-10,0.0,0.0,0.0
526.0,1.0035747e-10,2.236234e-09,7.037373e-06,1.1366116e-05,1.00268516e-10,1.0005573e-10,1.00002e-10,0.0,0.0,0.0
527.0,1.0035747e-10,1.0005343e-10,5.210606e-06,1.3405224e-05,1.00268516e-10,1.0005573e-10,1.00002e-10,0.0,0.0,0.0
528.0,1.0035747e-10,1.0005343e-10,5.2581586e-06,1.5453334e-05,1.00268516e-10,1.0005573e-10,1.00002e-10,0.0,0.0,0.0
529.0,1.0035747e-10,1.0005343e-10,7.1174773e-06,1.7501443e-05,1.00268516e-10,1.0005573e-10,1.00002e-10,0.0,0.0,0.0
530.0,1.0035747e-10,1.0005343e-10,8.9767855e-06,1.9549652e-05,1.00268516e-10,1.0005573e-10,1.00002e-10,0.0,0.0,0.0
531.0,1.0035747e-10,1.0005343e-10,1.0836075e-05,2.6707034e-05,1.00268516e-10,1.0005573e-10,1.00002e-10,0.0,0.0,0.0
532.0,1.0035747e-10,1.0005343e-10,1.2695373e-05,3.3864413e-05,1.00268516e-10,1.0005573e-10,1.00002e-10,0.0,0.0,0.0
533.0,1.0035747e-10,1.0005343e-10,1.453667e-05,4.1021794e-05,1.00268516e-10,1.0005573e-10,4.1665434e-08,0.0,0.0,0.0
534.0,1.0035747e-10,1.0005343e-10,1.3111695e-05,4.8179176e-05,1.00268516e-10,1.0005573e-10,1.2606353e-07,0.0,0.0,0.0
535.0,1.0035747e-10,1.0005343e-10,1.168682e-05,0.00013548546,1.00268516e-10,1.0005573e-10,2.1046121e-07,0.0,0.0,0.0
536.0,1.0035747e-10,1.0005343e-10,1.0261844e-05,0.0002277904,1.00268516e-10,1.0005573e-10,2.948599e-07,0.0,0.0,0.0
537.0,1.0035747e-10,1.0005343e-10,8.836898e-06,0.0003411835,1.00268516e-10,1.0005573e-10,3.7925759e-07,0.0,0.0,0.0
538.0,1.0035747e-10,1.0005343e-10,7.411953e-06,0.00049511174,1.00268516e-10,1.0005573e-10,4.6300627e-07,0.0,0.0,0.0
539.0,1.0035747e-10,1.0005343e-10,7.643225e-06,0.0008137959,1.00268516e-10,1.0005573e-10,4.4707795e-07,0.0,0.0,0.0
540.0,1.0035747e-10,1.0005343e-10,9.497903e-06,0.001542763,1.00268516e-10,1.0005573e-10,4.3114864e-07,0.0,0.0,0.0
541.0,1.0035747e-10,1.0005343e-10,1.1352602e-05,0.0037165112,1.00268516e-10,1.0005573e-10,4.152203e-07,0.0,0.0,0.0
542.0,1.0035747e-10,1.0005343e-10,1.32073e-05,0.012919151,1.00268516e-10,1.0005573e-10,3.99292e-07,0.0,0.0,0.0
543.0,1.0035747e-10,2.3741978e-07,1.5061898e-05,0.053085014,1.00268516e-10,1.0005573e-10,3.8336267e-07,0.0,0.0,0.0
544.0,1.0035747e-10,7.09695e-07,1.6916596e-05,0.23322621,1.00268516e-10,1.0005573e-10,3.4102183e-07,0.0,0.0,0.0
545.0,1.0035747e-10,1.1819711e-06,0.0002037128,0.62816584,1.00268516e-10,1.0005573e-10,2.7289246e-07,0.0,0.0,0.0
546.0,1.0035747e-10,1.6542434e-06,0.00035174165,0.94009095,1.00268516e-10,1.0005573e-10,2.047631e-07,0.0,0.0,0.0
547.0,1.0035747e-10,2.1265155e-06,0.0004075696,0.993,1.00268516e-10,1.0005573e-10,1.3663373e-07,0.0,0.0,0.0
548.0,1.0035747e-10,2.5987977e-06,0.00037831205,0.9828024,1.00268516e-10,1.0005573e-10,6.850397e-08,0.0,0.0,0.0
549.0,1.0035747e-10,2.707916e-06,0.00037128667,0.97849077,1.00268516e-10,1.0005573e-10,3.744495e-10,0.0,0.0,0.0
550.0,1.0035747e-10,2.8150432e-06,0.00036120514,0.9743371,1.00268516e-10,1.0005573e-10,1.00002e-10,0.0,0.0,0.0
551.0,1.0035747e-10,2.9221605e-06,0.00034627935,0.9714247,1.00268516e-10,1.0005573e-10,1.00002e-10,0.0,0.0,0.0
552.0,3.404808e-07,3.0292777e-06,0.0003531457,0.9854278,1.00268516e-10,1.0005573e-10,1.00002e-10,0.0,0.0,0.0
553.0,1.0225724e-06,3.1363948e-06,0.00035248668,0.99517524,1.00268516e-10,1.0005573e-10,1.00002e-10,0.0,0.0,0.0
554.0,1.7046721e-06,3.2065022e-06,0.00035182765,0.98239136,1.00268516e-10,1.0005573e-10,1.00002e-10,0.0,0.0,0.0
555.0,2.3867617e-06,3.2406306e-06,0.00034999254,0.9544451,1.00268516e-10,1.0005573e-10,1.00002e-10,0.0,0.0,0.0
556.0,3.0688514e-06,3.2747587e-06,0.00034792544,0.9205,1.00268516e-10,1.0005573e-10,1.00002e-10,0.0,0.0,0.0
557.0,3.7509508e-06,3.308877e-06,0.00034585834,0.9098614,1.00268516e-10,1.0005573e-10,1.00002e-10,0.0,0.0,0.0
558.0,4.0610657e-06,3.3430051e-06,0.0003437912,0.94280136,1.00268516e-10,1.0005573e-10,1.00002e-10,0.0,0.0,0.0
559.0,4.3678183e-06,3.3762228e-06,0.0003417241,0.9848687,1.00268516e-10,1.0005573e-10,1.00002e-10,0.0,0.0,0.0
560.0,4.674571e-06,3.3149702e-06,0.000339657,1.0,1.00268516e-10,1.0005573e-10,1.00002e-10,0.0,0.0,0.0
561.0,4.9813234e-06,3.2537175e-06,0.0003362258,0.99241084,1.00268516e-10,1.0005573e-10,1.00002e-10,0.0,0.0,0.0
562.0,5.288076e-06,3.1924649e-06,0.00033248562,0.97130364,1.00268516e-10,1.0005573e-10,1.00002e-10,0.0,0.0,0.0
563.0,5.394967e-06,3.131212e-06,0.00033160357,0.96906734,1.00268516e-10,1.0005573e-10,1.00002e-10,0.0,0.0,0.0
564.0,5.3035915e-06,3.0699593e-06,0.00032482622,0.9728619,1.00268516e-10,1.0005573e-10,1.00002e-10,0.0,0.0,0.0
565.0,5.212206e-06,2.9731177e-06,0.0003037581,0.87435204,1.00268516e-10,1.0005573e-10,1.00002e-10,0.0,0.0,0.0
566.0,5.1208303e-06,2.8401766e-06,0.00019734247,0.496814,1.00268516e-10,1.0005573e-10,1.00002e-10,0.0,0.0,0.0
567.0,5.0294548e-06,2.7072356e-06,5.380595e-05,0.14856543,1.00268516e-10,1.0005573e-10,1.00002e-10,0.0,0.0,0.0
568.0,4.938792e-06,2.5742947e-06,4.240015e-05,0.026698532,1.00268516e-10,1.0005573e-10,1.00002e-10,0.0,0.0,0.0
569.0,5.3160657e-06,2.4413537e-06,3.0994444e-05,0.0074946117,1.00268516e-10,1.0005573e-10,1.00002e-10,0.0,0.0,0.0
570.0,5.6933295e-06,2.3084126e-06,1.9588639e-05,0.0026728837,1.00268516e-10,1.0005573e-10,1.00002e-10,0.0,0.0,0.0
571.0,6.0706034e-06,2.4057247e-06,8.182904e-06,0.0009762164,1.00268516e-10,1.0005573e-10,1.00002e-10,0.0,0.0,0.0
572.0,6.4478672e-06,2.5046575e-06,2.244759e-06,0.00034725943,1.00268516e-10,1.0005573e-10,8.830957e-08,0.0,0.0,0.0
573.0,6.825141e-06,2.6035902e-06,1.7956452e-06,0.00019941911,1.00268516e-10,1.0005573e-10,1.7722954e-07,0.0,0.0,0.0
574.0,7.2689218e-06,2.7025333e-06,1.3465313e-06,0.00021530752,1.00268516e-10,1.0005573e-10,2.6615032e-07,0.0,0.0,0.0
575.0,7.777654e-06,2.801466e-06,8.974226e-07,0.00021205902,1.00268516e-10,1.0005573e-10,3.550711e-07,0.0,0.0,0.0
576.0,8.286386e-06,2.8177546e-06,4.4830875e-07,0.000115333416,1.00268516e-10,1.0005573e-10,4.439919e-07,0.0,0.0,0.0
577.0,8.795118e-06,2.7493882e-06,6.5796185e-10,6.864087e-05,1.00268516e-10,1.0005573e-10,4.4349088e-07,0.0,0.0,0.0
578.0,9.303851e-06,2.6810317e-06,2.7767473e-07,2.1968717e-05,1.00268516e-10,1.0005573e-10,3.548041e-07,0.0,0.0,0.0
579.0,9.812582e-06,2.6126652e-06,5.546924e-07,1.6795937e-05,1.00268516e-10,1.0005573e-10,2.6611733e-07,0.0,0.0,0.0
580.0,9.555085e-06,2.5443087e-06,8.317091e-07,1.1623155e-05,1.00268516e-10,1.0005573e-10,1.7743055e-07,0.0,0.0,0.0
581.0,9.296043e-06,2.4759122e-06,1.1087287e-06,6.450424e-06,1.00268516e-10,1.0005573e-10,8.874348e-08,0.0,0.0,0.0
582.0,9.0369895e-06,2.4010221e-06,1.3857434e-06,1.2802933e-06,1.00268516e-10,1.0005573e-10,1.00002e-10,0.0,0.0,0.0
583.0,8.777947e-06,2.326142e-06,1.3869135e-06,1.5073776e-06,1.00268516e-10,1.0005573e-10,1.00002e-10,0.0,0.0,0.0
584.0,8.518904e-06,2.2512622e-06,1.1089088e-06,1.7344719e-06,1.00268516e-10,1.0005573e-10,1.00002e-10,0.0,0.0,0.0
585.0,8.619743e-06,2.1763722e-06,8.3091106e-07,1.961556e-06,1.00268516e-10,1.0005573e-10,1.00002e-10,0.0,0.0,0.0
586.0,9.091454e-06,2.101492e-06,5.5291133e-07,2.1874603e-06,1.00268516e-10,1.0005573e-10,1.00002e-10,0.0,0.0,0.0
587.0,9.563154e-06,2.046743e-06,2.7491058e-07,1.6399376e-06,1.00268516e-10,1.0005573e-10,1.00002e-10,0.0,0.0,0.0
588.0,1.0034864e-05,2.0126047e-06,1.000053e-10,1.092405e-06,1.00268516e-10,1.0005573e-10,1.00002e-10,0.0,0.0,0.0
589.0,1.0506525e-05,1.9784766e-06,1.000053e-10,5.4488527e-07,1.00268516e-10,1.0005573e-10,1.00002e-10,0.0,0.0,0.0
590.0,1.0988842e-05,1.9443382e-06,1.000053e-10,3.781421e-09,1.00268516e-10,1.0005573e-10,1.00002e-10,0.0,0.0,0.0
591.0,1.3562811e-05,1.9102001e-06,1.000053e-10,7.393446e-07,1.00268516e-10,1.0005573e-10,1.00002e-10,0.0,0.0,0.0
592.0,1.6136879e-05,1.8760718e-06,1.000053e-10,1.4749127e-06,1.00268516e-10,1.0005573e-10,1.00002e-10,0.0,0.0,0.0
593.0,1.8710847e-05,1.9066181e-06,1.000053e-10,2.210474e-06,1.00268516e-10,1.0005573e-10,1.00002e-10,0.0,0.0,0.0
594.0,2.1284917e-05,1.9372944e-06,1.000053e-10,2.9460348e-06,1.00268516e-10,1.0005573e-10,8.3755474e-08,0.0,0.0,0.0
595.0,2.3858986e-05,1.967981e-06,1.000053e-10,3.681596e-06,1.00268516e-10,1.0005573e-10,1.6783136e-07,0.0,0.0,0.0
596.0,2.4735307e-05,1.9986574e-06,1.000053e-10,4.0268583e-06,1.00268516e-10,1.0005573e-10,2.5190803e-07,0.0,0.0,0.0
597.0,2.3920606e-05,2.0293337e-06,1.000053e-10,3.9833317e-06,1.416343e-07,1.0005573e-10,3.359837e-07,0.0,0.0,0.0
598.0,2.3105802e-05,1.8604135e-06,1.000053e-10,3.939805e-06,4.227451e-07,1.0005573e-10,4.200604e-07,0.0,0.0,0.0
599.0,2.22911e-05,1.4874543e-06,1.000053e-10,3.8962885e-06,7.038559e-07,1.0005573e-10,4.7201644e-07,0.0,0.0,0.0
600.0,2.1476399e-05,1.1144951e-06,1.000053e-10,3.852762e-06,9.849678e-07,1.0005573e-10,4.902688e-07,0.0,0.0,0.0
601.0,2.0661697e-05,7.41534e-07,1.000053e-10,3.8092353e-06,1.2660805e-06,1.0005573e-10,5.0852117e-07,0.0,0.0,0.0
602.0,2.1916567e-05,3.6857483e-07,1.000053e-10,4.019077e-06,1.5471934e-06,1.0005573e-10,5.2677353e-07,0.0,0.0,0.0
603.0,2.3181974e-05,1.0005343e-10,1.000053e-10,4.2301785e-06,1.834613e-06,1.0005573e-10,5.450259e-07,0.0,0.0,0.0
604.0,2.4447281e-05,1.0005343e-10,1.000053e-10,4.4412905e-06,2.1220528e-06,1.0005573e-10,5.6326627e-07,0.0,0.0,0.0
605.0,2.5712588e-05,1.0005343e-10,3.925798e-07,4.6524024e-06,2.4095027e-06,1.0005573e-10,5.757825e-07,0.0,0.0,0.0
606.0,2.6977996e-05,1.0005343e-10,1.1705121e-06,4.8635043e-06,2.6969424e-06,1.0005573e-10,5.8829977e-07,0.0,0.0,0.0
607.0,2.72038e-05,1.0005343e-10,1.9484432e-06,5.1422167e-06,2.9843923e-06,1.0005573e-10,6.00816e-07,0.0,0.0,0.0
608.0,2.638368e-05,1.0005343e-10,2.7263745e-06,5.4889288e-06,3.332745e-06,1.0005573e-10,6.1333225e-07,0.0,0.0,0.0
609.0,2.5563557e-05,1.0005343e-10,3.5043058e-06,5.8356513e-06,3.74164e-06,1.0005573e-10,6.2584854e-07,0.0,0.0,0.0
610.0,2.4743536e-05,1.0005343e-10,4.281127e-06,6.1823634e-06,4.150535e-06,1.0005573e-10,6.3779976e-07,0.0,0.0,0.0
611.0,2.3923416e-05,1.0005343e-10,3.925328e-06,6.529086e-06,4.55943e-06,1.0005573e-10,6.4919e-07,0.0,0.0,0.0
612.0,2.3115035e-05,1.0005343e-10,3.569529e-06,6.875948e-06,4.9683254e-06,1.0005573e-10,6.605792e-07,0.0,0.0,0.0
613.0,2.4416171e-05,1.0005343e-10,3.2137302e-06,7.250245e-06,5.37722e-06,1.0005573e-10,6.719694e-07,0.0,0.0,0.0
614.0,2.5717205e-05,1.0005343e-10,2.8579316e-06,7.6245315e-06,5.935515e-06,1.0005573e-10,6.8335964e-07,0.0,0.0,0.0
615.0,2.701834e-05,1.0005343e-10,2.5021327e-06,7.998828e-06,6.494031e-06,1.0005573e-10,6.957379e-07,0.0,0.0,0.0
616.0,2.8319473e-05,1.0005343e-10,2.4165781e-06,8.373115e-06,7.0525466e-06,1.0005573e-10,8.388358e-07,0.0,0.0,0.0
617.0,2.9620609e-05,1.0005343e-10,2.5985678e-06,8.747411e-06,7.6110623e-06,1.0005573e-10,9.819327e-07,0.0,0.0,0.0
618.0,2.8089655e-05,1.0005343e-10,2.7805575e-06,8.80915e-06,8.169578e-06,1.0005573e-10,1.1250326e-06,0.0,0.0,0.0
619.0,2.368055e-05,1.0005343e-10,2.9625571e-06,8.553272e-06,9.022863e-06,1.0005573e-10,1.2681254e-06,0.0,0.0,0.0
620.0,1.9271345e-05,1.0005343e-10,3.1445466e-06,8.297393e-06,1.01715395e-05,1.0005573e-10,1.4112283e-06,0.0,0.0,0.0
621.0,1.4862239e-05,1.0005343e-10,3.3298566e-06,8.041514e-06,1.1320115e-05,1.0005573e-10,1.4242985e-06,0.0,0.0,0.0
622.0,1.0453134e-05,1.0005343e-10,3.9538095e-06,7.785636e-06,1.2468791e-05,1.0005573e-10,1.3057961e-06,0.0,0.0,0.0
623.0,6.043979e-06,1.0005343e-10,4.5777624e-06,7.529757e-06,1.3617368e-05,1.0005573e-10,1.1872837e-06,0.0,0.0,0.0
624.0,5.8201413e-06,1.0005343e-10,5.201716e-06,8.168234e-06,1.4766043e-05,1.0005573e-10,1.0687713e-06,0.0,0.0,0.0
625.0,5.596314e-06,1.0005343e-10,5.8256687e-06,8.80672e-06,1.7435492e-05,1.0005573e-10,9.50262e-07,0.0,0.0,0.0
626.0,5.3724866e-06,1.0005343e-10,6.4496217e-06,9.445196e-06,2.0106345e-05,1.0005573e-10,8.3312364e-07,0.0,0.0,0.0
627.0,5.1486495e-06,1.0005343e-10,6.341016e-06,1.0083722e-05,2.2777298e-05,1.0005573e-10,9.886998e-07,0.0,0.0,0.0
628.0,4.9248224e-06,1.0005343e-10,5.5229125e-06,1.0722119e-05,2.5448251e-05,1.0005573e-10,1.1442729e-06,0.0,0.0,0.0
629.0,5.456787e-06,1.0005343e-10,4.7048193e-06,1.073052e-05,2.8119102e-05,1.0005573e-10,1.299856e-06,0.0,0.0,0.0
630.0,6.7491806e-06,1.0005343e-10,3.886716e-06,1.0104726e-05,4.430184e-05,1.0005573e-10,1.4554291e-06,0.0,0.0,0.0
631.0,8.041584e-06,1.0005343e-10,3.0686226e-06,9.479071e-06,7.421575e-05,1.0005573e-10,1.6110022e-06,0.0,0.0,0.0
632.0,9.333978e-06,1.0005343e-10,2.2505192e-06,8.853357e-06,0.00010412986,1.0005573e-10,2.7374147e-06,0.0,0.0,0.0
633.0,1.06263515e-05,1.0005343e-10,1.8417776e-06,8.227652e-06,0.00013404396,1.0005573e-10,4.8581574e-06,0.0,0.0,0.0
634.0,1.1918754e-05,1.0005343e-10,1.433246e-06,7.601948e-06,0.00016395807,1.0005573e-10,6.9789094e-06,0.0,0.0,0.0
635.0,1.1462931e-05,1.0005343e-10,1.0247043e-06,6.8686772e-06,0.00019179263,1.0005573e-10,9.099652e-06,0.0,0.0,0.0
636.0,1.0999179e-05,1.0005343e-10,6.1617163e-07,6.1349165e-06,0.00021272167,1.0005573e-10,1.1220424e-05,0.0,0.0,0.0
637.0,1.05355275e-05,1.0005343e-10,2.0763501e-07,5.4011557e-06,0.00023692349,1.0005573e-10,1.3341167e-05,0.0,0.0,0.0
638.0,1.0071775e-05,1.0005343e-10,1.000053e-10,4.667385e-06,0.00026790946,1.0005573e-10,1.17286345e-05,0.0,0.0,0.0
639.0,9.608014e-06,1.0005343e-10,1.000053e-10,3.933624e-06,0.00032503443,1.0005573e-10,1.0080202e-05,0.0,0.0,0.0
640.0,8.943657e-06,1.0005343e-10,1.000053e-10,3.5505761e-06,0.0003688869,1.0005573e-10,8.431779e-06,0.0,0.0,0.0
641.0,8.074632e-06,1.0005343e-10,1.000053e-10,3.5253224e-06,0.00046648926,1.0005573e-10,6.7833657e-06,0.0,0.0,0.0
642.0,7.2056064e-06,1.0005343e-10,1.000053e-10,3.5000785e-06,0.0006071319,1.0005573e-10,5.1349425e-06,0.0,0.0,0.0
643.0,6.336581e-06,1.0005343e-10,1.000053e-10,3.4748248e-06,0.000779326,1.0005573e-10,5.4417987e-06,0.0,0.0,0.0
644.0,5.4675556e-06,1.0005343e-10,1.000053e-10,3.4495708e-06,0.00096522487,1.0005573e-10,7.668913e-06,0.0,0.0,0.0
645.0,4.59854e-06,1.0005343e-10,1.000053e-10,3.424027e-06,0.0012668727,1.0005573e-10,9.896028e-06,0.0,0.0,0.0
646.0,3.7618497e-06,1.0005343e-10,1.000053e-10,2.801043e-06,0.0016591231,1.0005573e-10,1.2123142e-05,0.0,0.0,0.0
647.0,2.9251594e-06,1.0005343e-10,1.000053e-10,2.1780488e-06,0.002155011,1.0005573e-10,1.4350287e-05,0.0,0.0,0.0
648.0,2.088459e-06,1.0005343e-10,1.000053e-10,1.5550648e-06,0.0030714052,1.0005573e-10,1.6567432e-05,0.0,0.0,0.0
649.0,1.2517688e-06,1.0005343e-10,1.000053e-10,9.3207376e-07,0.0043375357,1.0005573e-10,1.4821097e-05,0.0,0.0,0.0
650.0,4.150765e-07,1.0005343e-10,1.000053e-10,3.0908467e-07,0.0062294723,1.0005573e-10,1.3074861e-05,0.0,0.0,0.0
651.0,6.346888e-07,1.0005343e-10,1.000053e-10,8.7926475e-07,0.009169325,1.0005573e-10,1.1328527e-05,0.0,0.0,0.0
652.0,1.8937254e-06,1.0005343e-10,1.000053e-10,2.6235462e-06,0.013676726,1.0005573e-10,9.5822115e-06,0.0,0.0,0.0
653.0,3.1527602e-06,1.0005343e-10,1.000053e-10,4.3678197e-06,0.020815043,1.0005573e-10,7.835907e-06,0.0,0.0,0.0
654.0,4.4117946e-06,1.0005343e-10,1.000053e-10,6.1120927e-06,0.03258767,1.0005573e-10,1.3174264e-05,0.0,0.0,0.0
655.0,5.6708295e-06,1.0005343e-10,8.2950095e-07,7.856376e-06,0.05058968,1.0005573e-10,2.555421e-05,0.0,0.0,0.0
656.0,6.9262514e-06,1.0005343e-10,1.661798e-06,9.588328e-06,0.07949128,1.0005573e-10,3.793426e-05,0.0,0.0,0.0
657.0,7.4636755e-06,1.0005343e-10,2.494092e-06,8.870989e-06,0.122800864,1.0005573e-10,5.0314207e-05,0.0,0.0,0.0
658.0,8.0011e-06,1.0005343e-10,3.3263964e-06,8.153641e-06,0.18681228,1.3510826e-05,5.8058362e-05,0.0,0.0,0.0
659.0,8.5385245e-06,1.0005343e-10,4.1586904e-06,7.436293e-06,0.27617761,2.7048865e-05,8.929378e-05,0.0,0.0,0.0
660.0,9.075949e-06,1.0005343e-10,4.3846526e-06,6.7189544e-06,0.3927187,3.474055e-05,0.00014158883,0.0,0.0,0.0
661.0,9.613373e-06,1.0005343e-10,3.9845713e-06,6.0016064e-06,0.5270394,4.064634e-05,0.00016746335,0.0,0.0,0.0
662.0,8.960236e-06,1.0005343e-10,3.58448e-06,1.2330862e-05,0.666534,5.5720335e-05,0.00022824157,0.0,0.0,0.0
663.0,7.1655136e-06,1.0005343e-10,3.1843988e-06,2.5416837e-05,0.79381686,5.8049634e-05,0.00025098101,0.0,0.0,0.0
664.0,5.370791e-06,1.0005343e-10,2.7843175e-06,3.8502712e-05,0.89041954,6.393511e-05,0.00028197665,0.0,0.0,0.0
665.0,3.576068e-06,1.0005343e-10,2.3870866e-06,5.158869e-05,0.9526843,6.7588546e-05,0.00029857297,0.0,0.0,0.0
666.0,1.7813452e-06,1.0005343e-10,2.3235732e-06,6.467466e-05,0.9876239,6.66017e-05,0.0003248945,0.0,0.0,0.0
667.0,4.7231037e-09,1.0005343e-10,2.2600598e-06,7.760952e-05,0.99931014,6.928449e-05,0.00032601252,0.0,0.0,0.0
668.0,6.2048815e-07,1.0005343e-10,2.1965463e-06,7.056895e-05,0.9994405,6.581296e-05,0.00031244126,0.0,0.0,0.0
669.0,1.2362535e-06,1.0005343e-10,2.1330331e-06,6.3528394e-05,0.9953977,6.4921864e-05,0.00029871397,0.0,0.0,0.0
670.0,1.8520169e-06,1.0005343e-10,2.0695197e-06,5.648783e-05,0.99221516,6.134347e-05,0.0003057931,0.0,0.0,0.0
671.0,2.4677802e-06,1.0005343e-10,2.1857359e-06,4.9447266e-05,0.99143404,6.3640946e-05,0.00029201384,0.0,0.0,0.0
672.0,3.0835436e-06,1.0005343e-10,2.4834817e-06,4.2406704e-05,0.9930514,6.683513e-05,0.00031874637,0.0,0.0,0.0
673.0,3.085049e-06,1.0005343e-10,2.7812175e-06,4.4186174e-05,0.99859226,7.3360665e-05,0.00029801196,0.0,0.0,0.0
674.0,2.4673186e-06,1.0005343e-10,3.0789631e-06,5.4857082e-05,1.0,7.649741e-05,0.00030329206,0.0,0.0,0.0
675.0,1.8495882e-06,1.0005343e-10,3.376709e-06,6.5527995e-05,0.9988539,6.0258662e-05,0.0003146813,0.0,0.0,0.0
676.0,1.2318679e-06,1.0005343e-10,3.6744448e-06,7.619891e-05,0.98871577,5.9046888e-05,0.00032133644,0.0,0.0,0.0
677.0,6.1413454e-07,1.0005343e-10,3.9868714e-06,8.686982e-05,0.9583354,5.7835114e-05,0.00030404408,0.0,0.0,0.0
678.0,1.0035747e-10,1.0005343e-10,4.299338e-06,9.7381104e-05,0.9000884,5.662334e-05,0.00031279324,0.0,0.0,0.0
679.0,1.0035747e-10,1.0005343e-10,4.6117943e-06,8.1371385e-05,0.81073916,5.5411565e-05,0.00025188003,0.0,0.0,0.0
680.0,1.0035747e-10,1.0005343e-10,4.924261e-06,6.5361666e-05,0.7033736,6.0618866e-05,0.00021277525,0.0,0.0,0.0
681.0,1.0035747e-10,1.0005343e-10,5.2367177e-06,4.9352053e-05,0.59216785,5.1230334e-05,0.00018883878,0.0,0.0,0.0
682.0,1.0035747e-10,1.0005343e-10,5.1739944e-06,3.3342334e-05,0.4934294,4.6297188e-05,0.00014582092,0.0,0.0,0.0
683.0,1.0035747e-10,1.0005343e-10,4.730841e-06,1.7332617e-05,0.3918965,3.775633e-05,0.00011551731,0.0,0.0,0.0
684.0,1.0035747e-10,1.0005343e-10,4.2876773e-06,8.908855e-06,0.3130744,3.101978e-05,9.4351184e-05,0.0,0.0,0.0
685.0,1.0035747e-10,1.0005343e-10,3.8445137e-06,8.132388e-06,0.23325466,2.518893e-05,7.091582e-05,0.0,0.0,0.0
686.0,1.0035747e-10,1.0005343e-10,3.4013503e-06,7.355921e-06,0.16905774,2.2781689e-05,5.753805e-05,0.0,0.0,0.0
687.0,1.0035747e-10,1.0005343e-10,2.9581968e-06,6.5794534e-06,0.113257304,1.935338e-05,4.0154202e-05,0.0,0.0,0.0
688.0,1.0035747e-10,1.0005343e-10,2.8237896e-06,5.8029864e-06,0.07536112,1.7132143e-05,2.8335267e-05,0.0,0.0,0.0
689.0,1.0035747e-10,1.0005343e-10,2.6906325e-06,5.026519e-06,0.049840774,1.5705748e-05,2.0816517e-05,0.0,0.0,0.0
690.0,1.0035747e-10,1.0005343e-10,2.5574755e-06,4.594674e-06,0.03352448,1.3494717e-05,1.5150203e-05,0.0,0.0,0.0
691.0,1.0035747e-10,1.0005343e-10,2.4243184e-06,4.1629887e-06,0.022986759,1.0380182e-05,1.1171624e-05,0.0,0.0,0.0
692.0,1.0035747e-10,1.0005343e-10,2.2911615e-06,3.7313134e-06,0.01659775,1.1621773e-05,8.396828e-08,0.0,0.0,0.0
693.0,1.0035747e-10,1.0005343e-10,2.5790666e-06,3.2996281e-06,0.012106822,1.1846999e-05,1.00002e-10,0.0,0.0,0.0
694.0,1.0035747e-10,1.0005343e-10,3.2813039e-06,2.867953e-06,0.009094094,9.168547e-06,1.00002e-10,0.0,0.0,0.0
695.0,1.0035747e-10,1.0005343e-10,3.9835513e-06,2.9300525e-06,0.0069169137,1.0139848e-05,1.00002e-10,0.0,0.0,0.0
696.0,1.0035747e-10,1.0005343e-10,4.6857886e-06,3.501999e-06,0.0052675665,1.0766397e-05,1.00002e-10,0.0,0.0,0.0
697.0,1.0035747e-10,2.4595334e-07,5.388026e-06,4.073935e-06,0.004035868,1.0534368e-05,1.00002e-10,0.0,0.0,0.0
698.0,1.0035747e-10,7.313786e-07,6.0853326e-06,4.6458817e-06,0.0030121265,1.1870712e-05,1.00002e-10,0.0,0.0,0.0
699.0,1.0035747e-10,1.2167998e-06,5.3695444e-06,5.217828e-06,0.0022926698,1.1801173e-05,1.00002e-10,0.0,0.0,0.0
700.0,1.0035747e-10,1.702229e-06,4.6537566e-06,5.7891443e-06,0.0017490339,1.1995781e-05,1.00002e-10,0.0,0.0,0.0
701.0,1.0035747e-10,2.1876583e-06,3.937969e-06,5.7249144e-06,0.001372656,1.4037819e-05,1.00002e-10,0.0,0.0,0.0
702.0,1.0035747e-10,2.670396e-06,3.2221808e-06,5.6606746e-06,0.0010951328,1.6621258e-05,1.00002e-10,0.0,0.0,0.0
703.0,1.0035747e-10,2.707836e-06,2.5063928e-06,5.596445e-06,0.0008874436,1.9921496e-05,1.00002e-10,0.0,0.0,0.0
704.0,1.0035747e-10,2.7452659e-06,2.321543e-06,5.5322153e-06,0.000733775,2.1541999e-05,1.00002e-10,0.0,0.0,0.0
705.0,1.0035747e-10,2.782706e-06,2.6815721e-06,5.467976e-06,0.0006203152,2.3314886e-05,1.00002e-10,0.0,0.0,0.0
706.0,1.0035747e-10,2.820146e-06,3.0416013e-06,5.3103818e-06,0.0005312437,2.2168548e-05,1.00002e-10,0.0,0.0,0.0
707.0,1.0035747e-10,2.857576e-06,3.4016202e-06,5.060534e-06,0.00044851413,2.4144249e-05,1.00002e-10,0.0,0.0,0.0
708.0,1.0035747e-10,2.618078e-06,3.7616494e-06,4.8106863e-06,0.0003747225,2.416476e-05,1.00002e-10,0.0,0.0,0.0
709.0,1.0035747e-10,2.0943785e-06,4.1192384e-06,4.5608485e-06,0.0003090426,2.6638438e-05,1.00002e-10,0.0,0.0,0.0
710.0,1.0035747e-10,1.5706787e-06,4.1555104e-06,4.311001e-06,0.000250928,3.0057141e-05,1.00002e-10,0.0,0.0,0.0
711.0,1.0035747e-10,1.046979e-06,4.191782e-06,4.061523e-06,0.00019759918,3.2021337e-05,1.00002e-10,0.0,0.0,0.0
712.0,1.0035747e-10,5.232864e-07,4.228054e-06,4.5814318e-06,0.00015624442,3.565596e-05,1.00002e-10,0.0,0.0,0.0
713.0,1.0035747e-10,1.0005343e-10,4.264316e-06,5.1013303e-06,0.00012212305,3.808311e-05,1.00002e-10,0.0,0.0,0.0
714.0,1.0035747e-10,1.0005343e-10,4.300588e-06,5.621229e-06,9.899902e-05,4.114572e-05,1.00002e-10,0.0,0.0,0.0
715.0,1.0035747e-10,1.0005343e-10,4.1392796e-06,6.1411274e-06,7.945107e-05,4.3565666e-05,1.00002e-10,0.0,0.0,0.0
716.0,1.0035747e-10,1.0005343e-10,3.77476e-06,6.661036e-06,6.751822e-05,4.568925e-05,1.00002e-10,0.0,0.0,0.0
717.0,1.0035747e-10,1.0005343e-10,3.4102407e-06,9.841696e-06,5.5681314e-05,4.8734444e-05,1.00002e-10,0.0,0.0,0.0
718.0,1.0035747e-10,1.0005343e-10,3.0457313e-06,1.6653616e-05,5.0294788e-05,4.9935115e-05,1.00002e-10,0.0,0.0,0.0
719.0,1.0035747e-10,1.0005343e-10,2.6812122e-06,2.3341125e-05,4.3548724e-05,5.220908e-05,1.00002e-10,0.0,0.0,0.0
720.0,1.0035747e-10,1.0005343e-10,2.3163527e-06,1.529701e-05,4.2081392e-05,5.576236e-05,1.00002e-10,0.0,0.0,0.0
721.0,1.0035747e-10,1.0005343e-10,1.8947904e-06,6.4143787e-06,3.7824495e-05,6.0709415e-05,1.00002e-10,0.0,0.0,0.0
722.0,1.0035747e-10,1.0005343e-10,1.4732381e-06,5.8796677e-06,3.4582612e-05,6.6613706e-05,1.00002e-10,0.0,0.0,0.0
723.0,1.0035747e-10,1.0005343e-10,1.0516758e-06,5.344957e-06,3.2297892e-05,7.381882e-05,1.00002e-10,0.0,0.0,0.0
724.0,1.0035747e-10,1.0005343e-10,6.301204e-07,4.8102465e-06,3.0230458e-05,8.4023304e-05,1.00002e-10,0.0,0.0,0.0
725.0,1.0035747e-10,1.0005343e-10,2.0856305e-07,4.2755255e-06,2.6427071e-05,0.00010603206,1.00002e-10,0.0,0.0,0.0
726.0,1.0035747e-10,1.0005343e-10,1.000053e-10,3.740815e-06,2.413704e-05,0.00013750159,1.00002e-10,0.0,0.0,0.0
727.0,1.0035747e-10,1.0005343e-10,1.000053e-10,3.206104e-06,2.1847007e-05,0.00016897211,1.00002e-10,0.0,0.0,0.0
728.0,1.0035747e-10,1.0005343e-10,1.000053e-10,2.9760395e-06,1.9767036e-05,0.00019918995,1.00002e-10,0.0,0.0,0.0
729.0,1.0035747e-10,1.0005343e-10,1.000053e-10,3.0506205e-06,1.801294e-05,0.00023039134,1.00002e-10,0.0,0.0,0.0
730.0,1.0035747e-10,1.0005343e-10,1.000053e-10,3.1252118e-06,1.6274082e-05,0.0003093433,1.00002e-10,0.0,0.0,0.0
731.0,1.0035747e-10,1.0005343e-10,1.000053e-10,3.1997931e-06,1.4353539e-05,0.00041888532,1.00002e-10,0.0,0.0,0.0
732.0,1.0035747e-10,1.0005343e-10,1.000053e-10,3.2743744e-06,1.2997708e-05,0.0006051941,1.00002e-10,0.0,0.0,0.0
733.0,1.0035747e-10,1.0005343e-10,1.000053e-10,3.3537965e-06,1.2750546e-05,0.0009580216,1.00002e-10,0.0,0.0,0.0
734.0,1.0035747e-10,1.0005343e-10,1.000053e-10,4.629719e-06,1.1723295e-05,0.001604944,1.00002e-10,0.0,0.0,0.0
735.0,1.0035747e-10,1.0005343e-10,1.000053e-10,5.905642e-06,1.0829e-05,0.0029839322,1.00002e-10,0.0,0.0,0.0
736.0,1.0035747e-10,1.0005343e-10,1.000053e-10,6.768712e-06,1.0636685e-05,0.006673877,1.00002e-10,0.0,0.0,0.0
737.0,1.0035747e-10,1.0005343e-10,1.000053e-10,7.137298e-06,1.0427926e-05,0.01863448,1.00002e-10,0.0,0.0,0.0
738.0,1.0035747e-10,1.0005343e-10,1.000053e-10,7.5058833e-06,1.3971416e-05,0.061701067,1.00002e-10,0.0,0.0,0.0
739.0,1.0035747e-10,1.0005343e-10,1.000053e-10,7.874479e-06,2.5477028e-05,0.20805989,1.00002e-10,0.0,0.0,0.0
740.0,1.0035747e-10,1.0005343e-10,1.000053e-10,8.243064e-06,4.1220286e-05,0.5356153,1.00002e-10,0.0,0.0,0.0
741.0,1.0035747e-10,1.0005343e-10,1.000053e-10,8.611651e-06,6.379685e-05,0.87961495,1.00002e-10,0.0,0.0,0.0
742.0,1.0035747e-10,1.0005343e-10,1.000053e-10,8.980236e-06,6.865566e-05,0.987427,1.00002e-10,0.0,0.0,0.0
743.0,1.0035747e-10,1.0005343e-10,1.000053e-10,9.348822e-06,7.071738e-05,0.9998359,1.00002e-10,0.0,0.0,0.0
744.0,1.0035747e-10,1.0005343e-10,1.000053e-10,9.717417e-06,7.031711e-05,0.9986983,1.00002e-10,0.0,0.0,0.0
745.0,1.0035747e-10,1.0005343e-10,1.000053e-10,1.0086023e-05,6.730163e-05,0.99635,1.00002e-10,0.0,0.0,0.0
746.0,1.0035747e-10,1.0005343e-10,1.000053e-10,1.0454579e-05,7.136652e-05,0.99773973,1.00002e-10,0.0,0.0,0.0
747.0,1.0035747e-10,1.0005343e-10,1.000053e-10,1.0823134e-05,6.802728e-05,1.0,1.00002e-10,0.0,0.0,0.0
748.0,1.0035747e-10,1.0005343e-10,1.000053e-10,1.119179e-05,7.324495e-05,0.99976987,1.00002e-10,0.0,0.0,0.0
749.0,1.0035747e-10,1.0005343e-10,1.000053e-10,1.1560345e-05,6.970587e-05,0.9974716,1.00002e-10,0.0,0.0,0.0
750.0,1.0035747e-10,1.0005343e-10,1.000053e-10,1.1928902e-05,7.0968556e-05,0.99381953,1.00002e-10,0.0,0.0,0.0
751.0,1.0035747e-10,1.0005343e-10,1.000053e-10,1.2297557e-05,6.501862e-05,0.9902235,1.00002e-10,0.0,0.0,0.0
752.0,1.0035747e-10,1.0005343e-10,1.000053e-10,1.26661125e-05,7.5775126e-05,0.9823682,1.00002e-10,0.0,0.0,0.0
753.0,1.0035747e-10,1.0005343e-10,1.000053e-10,1.3034668e-05,6.353926e-05,0.9375472,6.341037e-07,0.0,0.0,0.0
754.0,1.0035747e-10,1.0005343e-10,1.000053e-10,1.34033235e-05,6.29949e-05,0.74850094,1.9187385e-06,0.0,0.0,0.0
755.0,1.0035747e-10,1.0005343e-10,1.000053e-10,1.377188e-05,4.613926e-05,0.41394457,3.203364e-06,0.0,0.0,0.0
756.0,1.0035747e-10,1.0005343e-10,1.000053e-10,1.4140435e-05,2.5197078e-05,0.15519243,4.48799e-06,0.0,0.0,0.0
757.0,1.0035747e-10,1.0005343e-10,1.000053e-10,1.622275e-05,9.5409405e-06,0.049758416,5.682574e-06,0.0,0.0,0.0
758.0,1.0035747e-10,1.0005343e-10,1.000053e-10,2.0203051e-05,7.4159902e-06,0.016465671,6.300126e-06,0.0,0.0,0.0
759.0,1.0035747e-10,1.0005343e-10,1.000053e-10,2.0192148e-05,6.3430566e-06,0.00599632,6.297596e-06,0.0,0.0,0.0
760.0,1.0035747e-10,1.0005343e-10,1.000053e-10,2.0818343e-05,5.070108e-06,0.0024545772,6.9727394e-06,0.0,0.0,0.0
761.0,1.0035747e-10,1.0005343e-10,1.000053e-10,2.1615464e-05,4.537331e-06,0.0010947097,7.982309e-06,0.0,0.0,0.0
762.0,1.0035747e-10,1.0005343e-10,1.000053e-10,2.2044229e-05,4.2903093e-06,0.0005423821,8.876057e-06,0.0,0.0,0.0
763.0,1.0035747e-10,1.0005343e-10,1.000053e-10,2.1891805e-05,4.4940048e-06,0.00027184942,9.587092e-06,0.0,0.0,0.0
764.0,1.0035747e-10,1.0005343e-10,1.000053e-10,2.1671072e-05,4.7448866e-06,0.00015128226,1.0396708e-05,0.0,0.0,0.0
765.0,1.0035747e-10,1.0005343e-10,1.000053e-10,2.1574859e-05,4.865319e-06,8.327278e-05,1.1162623e-05,0.0,0.0,0.0
766.0,1.0035747e-10,1.0005343e-10,1.000053e-10,2.1727781e-05,4.7631156e-06,5.733744e-05,1.1723235e-05,0.0,0.0,0.0
767.0,1.0035747e-10,1.0005343e-10,1.000053e-10,2.1999622e-05,5.057083e-06,3.76994e-05,1.2392848e-05,0.0,0.0,0.0
768.0,1.0035747e-10,1.0005343e-10,1.000053e-10,2.2730832e-05,5.4145e-06,2.65716e-05,1.2800256e-05,0.0,0.0,0.0
769.0,1.0035747e-10,1.0005343e-10,1.000053e-10,2.3534854e-05,5.4665293e-06,1.8513512e-05,1.2904058e-05,0.0,0.0,0.0
770.0,1.0035747e-10,1.0005343e-10,1.000053e-10,2.2735832e-05,5.715586e-06,1.4059131e-05,1.3866177e-05,0.0,0.0,0.0
771.0,1.0035747e-10,1.0005343e-10,1.000053e-10,2.4615418e-05,5.365609e-06,1.1488799e-05,1.5185204e-05,0.0,0.0,0.0
772.0,1.0035747e-10,1.0005343e-10,1.000053e-10,2.602283e-05,6.1069145e-06,9.349517e-06,1.5182403e-05,0.0,0.0,0.0
773.0,1.0035747e-10,1.0005343e-10,1.000053e-10,2.8241264e-05,5.5543746e-06,7.010905e-06,1.6049122e-05,0.0,0.0,0.0
774.0,1.0035747e-10,4.3003564e-07,1.000053e-10,3.205724e-05,5.979082e-06,6.3527486e-06,1.7348048e-05,0.0,0.0,0.0
775.0,1.0035747e-10,1.2899088e-06,1.000053e-10,3.7603877e-05,5.7705433e-06,4.6454074e-06,1.8224864e-05,0.0,0.0,0.0
776.0,1.0035747e-10,2.149778e-06,1.000053e-10,4.0032846e-05,5.3294625e-06,4.024572e-06,1.905218e-05,0.0,0.0,0.0
777.0,1.0035747e-10,3.0096471e-06,1.000053e-10,3.6599627e-05,4.5120833e-06,3.601216e-06,1.9476489e-05,0.0,0.0,0.0
778.0,1.0035747e-10,3.869516e-06,1.000053e-10,3.093087e-05,4.5120833e-06,2.960489e-06,2.0625113e-05,0.0,0.0,0.0
779.0,1.0035747e-10,1.0005343e-10,1.000053e-10,2.5614969e-05,4.5120833e-06,2.7923854e-06,2.1319327e-05,0.0,0.0,0.0
780.0,1.0035747e-10,1.0005343e-10,1.000053e-10,1.8817942e-05,4.5120833e-06,2.6242817e-06,2.054841e-05,0.0,0.0,0.0
781.0,1.0035747e-10,1.0005343e-10,1.000053e-10,1.22878555e-05,4.5120833e-06,2.5266374e-06,2.0801315e-05,0.0,0.0,0.0
782.0,1.0035747e-10,1.0005343e-10,1.000053e-10,7.3355977e-06,4.2941597e-06,2.498802e-06,2.1262325e-05,0.0,0.0,0.0
783.0,3.084527e-07,1.0005343e-10,1.000053e-10,5.2890286e-06,3.2206449e-06,1.9931401e-06,2.1943039e-05,0.0,0.0,0.0
784.0,9.251564e-07,1.0005343e-10,1.000053e-10,4.230079e-06,2.14713e-06,1.4874785e-06,2.2125043e-05,0.0,0.0,0.0
785.0,1.5418622e-06,1.0005343e-10,1.000053e-10,3.1711288e-06,1.0736152e-06,9.824743e-07,2.2301047e-05,0.0,0.0,0.0
786.0,2.1585588e-06,1.0005343e-10,1.000053e-10,2.112179e-06,1.00268516e-10,8.0369864e-07,2.2801856e-05,0.0,0.0,0.0
787.0,2.7752656e-06,1.0005343e-10,1.000053e-10,1.0532291e-06,1.00268516e-10,6.249221e-07,2.3428369e-05,0.0,0.0,0.0
788.0,3.5694845e-06,1.0005343e-10,1.000053e-10,1.000151e-10,1.00268516e-10,4.461455e-07,2.4346387e-05,0.0,0.0,0.0
789.0,5.2993464e-06,1.0005343e-10,1.000053e-10,1.000151e-10,1.00268516e-10,2.6736993e-07,2.4241885e-05,0.0,0.0,0.0
790.0,5.8496566e-06,1.0005343e-10,1.000053e-10,1.000151e-10,1.00268516e-10,8.8593445e-08,2.550051e-05,0.0,0.0,0.0
791.0,6.7840647e-06,1.0005343e-10,1.000053e-10,1.000151e-10,1.00268516e-10,1.0005573e-10,2.5588712e-05,0.0,0.0,0.0
792.0,6.16497e-06,1.0005343e-10,1.000053e-10,1.000151e-10,1.00268516e-10,1.0005573e-10,2.694594e-05,0.0,0.0,0.0
793.0,5.694865e-06,1.0005343e-10,1.000053e-10,1.000151e-10,1.00268516e-10,1.0005573e-10,2.7247044e-05,0.0,0.0,0.0
794.0,5.4113652e-06,1.0005343e-10,1.000053e-10,1.000151e-10,1.00268516e-10,1.0005573e-10,2.6845937e-05,0.0,0.0,0.0
795.0,4.871673e-06,1.0005343e-10,1.000053e-10,1.000151e-10,1.00268516e-10,1.0005573e-10,2.754745e-05,0.0,0.0,0.0
796.0,3.7875814e-06,1.0005343e-10,1.000053e-10,1.000151e-10,1.00268516e-10,1.0005573e-10,2.8319066e-05,0.0,0.0,0.0
797.0,3.0602105e-06,1.0005343e-10,1.000053e-10,1.000151e-10,1.00268516e-10,1.0005573e-10,2.9296087e-05,0.0,0.0,0.0
798.0,2.9249086e-06,1.0005343e-10,1.000053e-10,1.000151e-10,1.00268516e-10,1.0005573e-10,3.0840318e-05,0.0,0.0,0.0
799.0,2.7896167e-06,1.0005343e-10,1.000053e-10,1.000151e-10,1.00268516e-10,1.0005573e-10,3.3282766e-05,0.0,0.0,0.0
800.0,2.6543146e-06,1.0005343e-10,1.000053e-10,1.000151e-10,1.00268516e-10,1.0005573e-10,3.6716836e-05,0.0,0.0,0.0
801.0,2.5190127e-06,1.919465e-08,1.000053e-10,1.000151e-10,1.00268516e-10,1.0005573e-10,4.0150804e-05,0.0,0.0,0.0
802.0,2.3837208e-06,2.1473968e-06,1.000053e-10,1.000151e-10,1.00268516e-10,1.0005573e-10,4.3584772e-05,0.0,0.0,0.0
803.0,2.482322e-06,4.2756033e-06,5.401136e-07,1.000151e-10,1.00268516e-10,1.0005573e-10,4.6250327e-05,0.0,0.0,0.0
804.0,2.876185e-06,6.4037995e-06,1.6084052e-06,1.000151e-10,1.00268516e-10,1.0005573e-10,4.7945858e-05,0.0,0.0,0.0
805.0,3.270058e-06,8.532006e-06,2.6766918e-06,1.000151e-10,1.00268516e-10,1.0005573e-10,4.9641294e-05,0.0,0.0,0.0
806.0,3.6639208e-06,1.0660193e-05,3.7449786e-06,1.000151e-10,1.00268516e-10,1.0005573e-10,5.1336825e-05,0.0,0.0,0.0
807.0,4.057794e-06,1.350201e-05,4.813275e-06,1.000151e-10,1.00268516e-10,1.0005573e-10,5.303226e-05,0.0,0.0,0.0
808.0,4.451657e-06,1.7033595e-05,5.8815617e-06,1.000151e-10,1.00268516e-10,1.0005573e-10,5.4727796e-05,0.0,0.0,0.0
809.0,4.8606635e-06,2.0837528e-05,8.041016e-06,1.000151e-10,1.00268516e-10,1.0005573e-10,5.656123e-05,0.0,0.0,0.0
810.0,5.4646953e-06,2.8149932e-05,1.2770277e-05,1.000151e-10,1.00268516e-10,1.0005573e-10,6.0172602e-05,0.0,0.0,0.0
811.0,7.6602555e-06,3.2589902e-05,1.658878e-05,1.000151e-10,1.00268516e-10,1.0005573e-10,6.447169e-05,0.0,0.0,0.0
812.0,7.4203913e-06,2.4994648e-05,1.4577373e-05,1.000151e-10,1.00268516e-10,1.0005573e-10,7.293126e-05,0.0,0.0,0.0
813.0,7.229682e-06,9.128295e-06,4.7973745e-06,1.000151e-10,1.00268516e-10,1.0005573e-10,8.236715e-05,0.0,0.0,0.0
814.0,8.668016e-06,5.4986863e-06,3.998692e-06,1.000151e-10,1.00268516e-10,1.0005573e-10,9.2973256e-05,0.0,0.0,0.0
815.0,7.2896055e-06,5.4694005e-06,3.2000096e-06,1.000151e-10,1.00268516e-10,1.0005573e-10,0.000109375185,0.0,0.0,0.0
816.0,6.3828957e-06,5.440105e-06,2.4013173e-06,1.000151e-10,1.00268516e-10,1.0005573e-10,0.0001299646,0.0,0.0,0.0
817.0,5.316206e-06,5.4108095e-06,1.6026349e-06,1.000151e-10,1.00268516e-10,1.0005573e-10,0.00015451209,0.0,0.0,0.0
818.0,3.988517e-06,5.381514e-06,8.039526e-07,1.000151e-10,1.00268516e-10,1.0005573e-10,0.00018501071,0.0,0.0,0.0
819.0,2.660828e-06,5.352218e-06,5.267279e-09,1.000151e-10,1.00268516e-10,1.0005573e-10,0.00022314346,0.0,0.0,0.0
820.0,1.3331386e-06,5.3229223e-06,1.000053e-10,1.000151e-10,1.00268516e-10,1.0005573e-10,0.00027173143,0.0,0.0,0.0
821.0,5.4487184e-09,5.462807e-06,1.000053e-10,1.000151e-10,1.00268516e-10,1.0005573e-10,0.00032748055,0.0,0.0,0.0
822.0,1.0035747e-10,5.9722292e-06,1.000053e-10,1.000151e-10,1.00268516e-10,1.0005573e-10,0.00039076983,0.0,0.0,0.0
823.0,1.0035747e-10,6.979867e-06,1.000053e-10,1.000151e-10,1.00268516e-10,1.0005573e-10,0.00046050022,0.0,0.0,0.0
824.0,1.0035747e-10,9.666362e-06,1.000053e-10,1.000151e-10,1.00268516e-10,1.0005573e-10,0.0005447049,0.0,0.0,0.0
825.0,1.0035747e-10,1.29859345e-05,7.865257e-07,1.000151e-10,1.00268516e-10,1.0005573e-10,0.0006409508,0.0,0.0,0.0
826.0,1.0035747e-10,1.4122742e-05,2.3799962e-06,1.000151e-10,1.00268516e-10,1.0005573e-10,0.0007579732,0.0,0.0,0.0
827.0,1.0035747e-10,1.5084055e-05,3.9734705e-06,1.000151e-10,1.00268516e-10,1.0005573e-10,0.00090785214,0.0,0.0,0.0
828.0,1.0035747e-10,1.5822448e-05,5.566935e-06,1.000151e-10,1.00268516e-10,1.0005573e-10,0.0010873417,0.0,0.0,0.0
829.0,1.0035747e-10,1.5272855e-05,7.680267e-06,1.000151e-10,1.00268516e-10,1.0005573e-10,0.001298546,0.0,0.0,0.0
830.0,1.0035747e-10,1.5101064e-05,1.2032738e-05,1.000151e-10,1.00268516e-10,1.0005573e-10,0.0015945619,0.0,0.0,0.0
831.0,1.0035747e-10,1.6663598e-05,1.6887296e-05,1.000151e-10,1.00268516e-10,1.0005573e-10,0.0020071901,0.0,0.0,0.0
832.0,1.0035747e-10,1.7757182e-05,2.1056616e-05,1.000151e-10,1.00268516e-10,1.0005573e-10,0.0025819617,0.0,0.0,0.0
833.0,1.0035747e-10,2.3343466e-05,2.4502799e-05,1.000151e-10,1.00268516e-10,1.0005573e-10,0.003398928,0.0,0.0,0.0
834.0,1.0035747e-10,2.8085398e-05,3.279794e-05,1.000151e-10,1.00268516e-10,1.0005573e-10,0.0046102023,0.0,0.0,0.0
835.0,1.0035747e-10,2.6616914e-05,3.620742e-05,1.000151e-10,1.00268516e-10,6.294416e-07,0.0064581893,0.0,0.0,0.0
836.0,1.0035747e-10,3.134684e-05,4.019023e-05,1.000151e-10,3.5677845e-06,1.8856704e-06,0.009183284,0.0,0.0,0.0
837.0,1.0035747e-10,4.1900075e-05,4.9048598e-05,1.000151e-10,8.175293e-06,3.1419002e-06,0.013358567,0.0,0.0,0.0
838.0,1.0035747e-10,4.098989e-05,4.509769e-05,1.000151e-10,1.1715374e-05,4.39813e-06,0.019177383,0.0,0.0,0.0
839.0,1.0035747e-10,3.9837374e-05,4.661167e-05,1.000151e-10,1.6231268e-05,5.221048e-06,0.02756725,0.0,0.0,0.0
840.0,1.0035747e-10,3.413803e-05,3.5900903e-05,1.000151e-10,2.7126445e-05,5.490278e-06,0.03853327,0.0,0.0,0.0
841.0,1.0035747e-10,2.3345367e-05,2.8088089e-05,1.000151e-10,2.9901877e-05,5.759518e-06,0.052386347,0.0,0.0,0.0
842.0,1.0035747e-10,2.2352837e-05,1.4131449e-05,1.000151e-10,3.708812e-05,5.6329877e-06,0.06946239,0.0,0.0,0.0
843.0,8.648516e-10,7.6037904e-06,1.0134937e-05,8.14529e-10,4.965648e-05,5.0044473e-06,0.09100622,0.0,0.0,0.0
844.0,2.206098e-07,5.82403e-06,9.921576e-06,2.0619314e-07,6.572431e-05,5.7814805e-06,0.11789836,0.0,0.0,0.0
845.0,4.4035554e-07,5.7086986e-06,9.708185e-06,4.1157216e-07,8.3528386e-05,6.4035667e-06,0.15191104,0.0,0.0,0.0
846.0,6.601003e-07,5.593357e-06,9.494804e-06,6.169512e-07,0.0001055276,1.5999613e-05,0.20694114,0.0,0.0,0.0
847.0,8.79846e-07,5.4780153e-06,9.281412e-06,8.2233015e-07,0.00014256279,1.45132835e-05,0.27855757,0.0,0.0,0.0
848.0,1.0995867e-06,5.3626836e-06,9.0680305e-06,1.0277051e-06,0.0001835676,1.6297477e-05,0.37569553,0.0,0.0,0.0
849.0,1.3193395e-06,5.247342e-06,8.854639e-06,1.2330862e-06,0.00023717615,1.7237802e-05,0.49927297,0.0,0.0,0.0
850.0,1.5390822e-06,5.1320103e-06,8.641258e-06,1.4384672e-06,0.0003059363,2.0112002e-05,0.6344387,0.0,0.0,0.0
851.0,1.758825e-06,5.016669e-06,8.427876e-06,1.6438482e-06,0.00038178643,1.8771356e-05,0.76135325,0.0,0.0,0.0
852.0,1.9785678e-06,4.9013274e-06,8.214485e-06,1.8492292e-06,0.00042842032,2.1704089e-05,0.8553381,0.0,0.0,0.0
853.0,2.1983203e-06,4.7859958e-06,8.001104e-06,2.0546001e-06,0.00046343709,2.0798985e-05,0.91843736,0.0,0.0,0.0
854.0,2.418063e-06,4.670654e-06,7.787713e-06,2.2599813e-06,0.0004823798,1.9893781e-05,0.94687396,0.0,0.0,0.0
855.0,2.637806e-06,4.5553124e-06,7.5743314e-06,2.4653623e-06,0.0004916396,1.8988576e-05,0.9578872,0.0,0.0,0.0
856.0,2.8575487e-06,4.439981e-06,7.3609403e-06,2.6707432e-06,0.00049097184,1.8083472e-05,0.9642833,0.0,0.0,0.0
857.0,3.0773012e-06,4.3246396e-06,7.147559e-06,2.8761242e-06,0.0004955511,1.7178269e-05,0.9699604,0.0,0.0,0.0
858.0,3.297044e-06,4.209298e-06,6.9341777e-06,3.0814954e-06,0.0004968255,1.6273165e-05,0.9748325,0.0,0.0,0.0
859.0,3.5167868e-06,4.0939663e-06,6.720786e-06,3.2868763e-06,0.00050494325,1.536796e-05,0.9805646,0.0,0.0,0.0
860.0,3.7365296e-06,3.9786246e-06,6.507405e-06,3.4922573e-06,0.000501507,1.4462856e-05,0.9853147,0.0,0.0,0.0
861.0,3.9562824e-06,3.863293e-06,6.2940135e-06,3.6976382e-06,0.00050592684,1.3557652e-05,0.98925376,0.0,0.0,0.0
862.0,4.176025e-06,3.7479515e-06,6.0806324e-06,3.903019e-06,0.0005103547,1.3215061e-05,0.99292487,0.0,0.0,0.0
863.0,4.3957675e-06,3.6326098e-06,5.867241e-06,4.1083904e-06,0.00050734566,1.3227568e-05,0.9962599,0.0,0.0,0.0
864.0,4.6155105e-06,3.5172782e-06,5.6538597e-06,4.3137716e-06,0.00050928385,1.3240075e-05,0.99838096,0.0,0.0,0.0
865.0,4.835263e-06,3.4019367e-06,5.440468e-06,4.5191523e-06,0.0005101933,1.3252582e-05,0.99950796,0.0,0.0,0.0
866.0,5.055006e-06,3.286595e-06,5.227087e-06,4.7245335e-06,0.0005065124,1.32650885e-05,0.999398,0.0,0.0,0.0
867.0,5.2747487e-06,3.1712634e-06,5.0137055e-06,4.929914e-06,0.000514564,1.3277596e-05,0.99888796,0.0,0.0,0.0
868.0,5.4944912e-06,3.0559218e-06,4.8003144e-06,5.1352854e-06,0.0005138511,1.3290102e-05,0.998194,0.0,0.0,0.0
869.0,5.7142443e-06,2.9405803e-06,4.5869333e-06,5.3406666e-06,0.00050808466,1.330271e-05,0.99772197,0.0,0.0,0.0
870.0,5.933987e-06,2.8252487e-06,4.3735417e-06,5.5460473e-06,0.0005111258,1.3390959e-05,0.998284,0.0,0.0,0.0
871.0,6.1537294e-06,2.709907e-06,4.1601606e-06,5.7514285e-06,0.0005090603,1.3525534e-05,0.999169,0.0,0.0,0.0
872.0,6.3734824e-06,2.5945756e-06,3.946769e-06,5.9567997e-06,0.000510444,1.3660208e-05,1.0,0.0,0.0,0.0
873.0,6.593225e-06,2.479234e-06,3.7333878e-06,6.1621804e-06,0.00050827314,1.3794784e-05,0.999847,0.0,0.0,0.0
874.0,6.812968e-06,2.3638922e-06,3.5199967e-06,6.3675616e-06,0.0005093621,1.5955788e-05,0.99855596,0.0,0.0,0.0
875.0,7.0327105e-06,2.2485608e-06,3.3066153e-06,6.5729423e-06,0.0005091766,1.3358841e-05,0.9963539,0.0,0.0,0.0
876.0,7.252463e-06,2.1332191e-06,3.093234e-06,6.7783235e-06,0.0005113915,1.5544058e-05,0.99329084,0.0,0.0,0.0
877.0,7.472206e-06,2.0178775e-06,2.8798427e-06,6.9836947e-06,0.0005056732,1.5469017e-05,0.9901878,0.0,0.0,0.0
878.0,7.691949e-06,1.9025459e-06,2.6664613e-06,7.1890754e-06,0.0005057454,1.4257742e-05,0.98799276,0.0,0.0,0.0
879.0,7.911692e-06,1.7872044e-06,2.45307e-06,7.3944566e-06,0.0005026651,1.39077465e-05,0.98707473,0.0,0.0,0.0
880.0,8.131444e-06,1.6718627e-06,2.2396887e-06,7.5998378e-06,0.0005056963,1.4502678e-05,0.98698074,0.0,0.0,0.0
881.0,8.351187e-06,1.5565312e-06,2.0262974e-06,7.805219e-06,0.0005058025,1.6305483e-05,0.9854527,0.0,0.0,0.0
882.0,8.57093e-06,1.4411896e-06,1.8129161e-06,8.010589e-06,0.00050391245,1.6684093e-05,0.9794546,0.0,0.0,0.0
883.0,8.790672e-06,1.325848e-06,1.5995248e-06,8.21597e-06,0.00049310253,1.6625861e-05,0.9603882,0.0,0.0,0.0
884.0,9.010425e-06,1.2105164e-06,1.3861435e-06,8.421352e-06,0.00047704953,2.7002241e-05,0.9202704,0.0,0.0,0.0
885.0,9.230168e-06,1.0951749e-06,1.1727622e-06,8.626733e-06,0.00044834867,2.3246948e-05,0.8454839,0.0,0.0,0.0
886.0,9.449911e-06,9.798392e-07,9.593718e-07,8.832114e-06,0.00038926143,2.8101953e-05,0.73320866,0.0,0.0,0.0
887.0,9.669653e-06,8.6450166e-07,7.4598654e-07,9.037484e-06,0.0003041455,2.9565868e-05,0.5913848,0.0,0.0,0.0
888.0,9.889406e-06,7.4916306e-07,5.326002e-07,9.242865e-06,0.0002276336,2.5420359e-05,0.44300586,0.0,0.0,0.0
889.0,1.0109109e-05,6.3382544e-07,3.192149e-07,9.448247e-06,0.00017129372,2.5412455e-05,0.31180024,0.0,0.0,0.0
890.0,1.0328891e-05,5.184869e-07,1.0582861e-07,1.3871295e-05,0.0001264366,1.8494102e-05,0.20931919,0.0,0.0,0.0
891.0,1.0548674e-05,4.0314927e-07,1.000053e-10,1.6611708e-05,9.135314e-05,1.892494e-05,0.13878177,0.0,0.0,0.0
892.0,1.0768357e-05,2.878117e-07,1.000053e-10,1.569017e-05,6.397733e-05,1.3408268e-05,0.09176674,0.0,0.0,0.0
893.0,1.0988139e-05,1.724731e-07,1.000053e-10,1.4187543e-05,4.5049845e-05,1.2580507e-05,0.061154522,0.0,0.0,0.0
894.0,1.0921603e-05,5.713551e-08,1.000053e-10,1.25878005e-05,3.8526774e-05,1.098832e-05,0.04149963,0.0,0.0,0.0
895.0,1.1494844e-05,1.0005343e-10,1.000053e-10,1.0755424e-05,2.6658892e-05,1.08176255e-05,0.028935479,0.0,0.0,0.0
896.0,1.202975e-05,1.0005343e-10,1.000053e-10,7.398887e-06,2.5759784e-05,1.06742455e-05,0.020573912,0.0,0.0,0.0
897.0,1.2277533e-05,1.0005343e-10,1.000053e-10,3.6966683e-06,2.0498093e-05,1.0941694e-05,0.014903298,0.0,0.0,0.0
898.0,1.25253155e-05,1.0005343e-10,1.000053e-10,3.4084346e-09,2.2612556e-05,1.2206099e-05,0.010786716,0.0,0.0,0.0
899.0,1.2236486e-05,1.0005343e-10,1.000053e-10,2.171608e-06,1.4223891e-05,1.393286e-05,0.00799738,0.0,0.0,0.0
900.0,1.2628984e-05,1.0005343e-10,1.000053e-10,4.3398154e-06,1.1913204e-05,1.2593115e-05,0.0059691495,0.0,0.0,0.0
901.0,1.3513936e-05,1.0005343e-10,1.000053e-10,6.5080226e-06,1.0609512e-05,1.5559066e-05,0.0045199706,0.0,0.0,0.0
902.0,1.2097291e-05,1.0005343e-10,1.000053e-10,8.67622e-06,9.502568e-06,1.5426893e-05,0.0034862696,0.0,0.0,0.0
903.0,1.1139378e-05,1.0005343e-10,1.000053e-10,1.0059819e-05,8.600201e-06,1.5454309e-05,0.002699454,0.0,0.0,0.0
904.0,1.1556062e-05,1.0005343e-10,1.000053e-10,9.419282e-06,8.736246e-06,1.5300522e-05,0.0020907419,0.0,0.0,0.0
905.0,1.1031293e-05,1.0005343e-10,1.000053e-10,8.246076e-06,9.035256e-06,1.51557415e-05,0.0016479329,0.0,0.0,0.0
906.0,1.026376e-05,1.0005343e-10,1.000053e-10,7.044404e-06,9.569327e-06,1.4511683e-05,0.0013104262,0.0,0.0,0.0
907.0,9.496175e-06,1.0005343e-10,1.000053e-10,5.842722e-06,9.406781e-06,1.4885191e-05,0.0010350507,0.0,0.0,0.0
908.0,9.138291e-06,1.0005343e-10,5.004125e-07,4.641041e-06,1.0875826e-05,1.6993365e-05,0.0007895888,0.0,0.0,0.0
909.0,8.994308e-06,1.0005343e-10,1.0037332e-06,3.4393693e-06,1.1819954e-05,1.7721972e-05,0.00066115725,0.0,0.0,0.0
910.0,9.423597e-06,1.0005343e-10,1.5070599e-06,5.643732e-06,1.3815397e-05,1.6712309e-05,0.0005147813,0.0,0.0,0.0
911.0,1.1419576e-05,1.0005343e-10,2.0103766e-06,7.8549665e-06,1.6054795e-05,1.7280625e-05,0.00046179924,0.0,0.0,0.0
912.0,1.2812538e-05,2.0202688e-06,2.5137033e-06,1.05915e-05,1.9676394e-05,1.7999126e-05,0.00037280144,0.0,0.0,0.0
913.0,1.2857598e-05,4.050603e-06,3.1783084e-06,1.2777729e-05,2.4964957e-05,1.8816081e-05,0.00030733916,0.0,0.0,0.0
914.0,1.6076465e-05,6.080937e-06,4.0088025e-06,1.3630158e-05,3.477954e-05,2.2210072e-05,0.00025473008,0.0,0.0,0.0
915.0,1.6160062e-05,8.111271e-06,4.8392967e-06,1.1531942e-05,4.5972916e-05,2.2192162e-05,0.00021220624,0.0,0.0,0.0
916.0,1.453106e-05,1.0141615e-05,5.6697804e-06,1.2530092e-05,5.830484e-05,2.1487469e-05,0.00017724054,0.0,0.0,0.0
917.0,1.4600507e-05,1.1384179e-05,6.5002746e-06,1.2692017e-05,6.734555e-05,2.113107e-05,0.00014860397,0.0,0.0,0.0
918.0,1.3037138e-05,1.541433e-05,7.327408e-06,1.1482234e-05,6.9206035e-05,2.0615784e-05,0.00012410148,0.0,0.0,0.0
919.0,1.1516722e-05,1.6211357e-05,7.639815e-06,8.218341e-06,6.885178e-05,1.9233214e-05,0.00010372907,0.0,0.0,0.0
920.0,1.1968432e-05,1.6938146e-05,7.9522215e-06,3.5247022e-06,6.395497e-05,1.6643671e-05,8.932349e-05,0.0,0.0,0.0
921.0,1.2686991e-05,1.8266453e-05,8.264628e-06,3.3724793e-06,5.9920065e-05,1.578179e-05,7.533181e-05,0.0,0.0,0.0
922.0,1.3405551e-05,2.280998e-05,8.577034e-06,3.2202563e-06,5.758451e-05,1.6046037e-05,6.353147e-05,0.0,0.0,0.0
923.0,1.412401e-05,1.975795e-05,8.889441e-06,3.0680333e-06,5.5965676e-05,1.5466514e-05,5.3239764e-05,0.0,0.0,0.0
924.0,1.4842569e-05,1.6279593e-05,8.657749e-06,2.9158102e-06,5.414159e-05,1.3695629e-05,4.547351e-05,0.0,0.0,0.0
925.0,1.5561129e-05,1.3723228e-05,7.891708e-06,2.7635872e-06,5.1565894e-05,1.147329e-05,4.0275605e-05,0.0,0.0,0.0
926.0,1.587294e-05,1.2825849e-05,7.1256677e-06,2.655311e-06,5.0215076e-05,1.0444618e-05,3.601822e-05,0.0,0.0,0.0
927.0,1.5900738e-05,1.2688175e-05,6.359627e-06,2.5921413e-06,5.0352344e-05,1.0170766e-05,3.095422e-05,0.0,0.0,0.0
928.0,1.5928637e-05,1.2550502e-05,5.5935866e-06,2.5289619e-06,5.2093706e-05,9.074584e-06,2.557431e-05,0.0,0.0,0.0
929.0,1.5956537e-05,1.2412928e-05,4.827546e-06,2.4657822e-06,5.3739313e-05,8.2522865e-06,2.1683634e-05,0.0,0.0,0.0
930.0,1.5984337e-05,1.2275255e-05,4.6460564e-06,2.4026028e-06,5.5378805e-05,8.269016e-06,1.9978399e-05,0.0,0.0,0.0
931.0,1.6012236e-05,1.21375815e-05,4.4663266e-06,2.3399034e-06,5.9157424e-05,8.16897e-06,1.7691755e-05,0.0,0.0,0.0
932.0,1.6040134e-05,1.2000008e-05,4.2865872e-06,2.4121243e-06,6.4340406e-05,8.087865e-06,1.5446109e-05,0.0,0.0,0.0
933.0,1.4932088e-05,1.1862335e-05,4.106858e-06,2.484355e-06,6.946092e-05,8.006769e-06,1.5056601e-05,0.0,0.0,0.0
934.0,1.7365857e-05,1.194828e-05,3.927118e-06,2.556586e-06,7.007817e-05,7.925664e-06,1.2588752e-05,0.0,0.0,0.0
935.0,2.0912088e-05,1.2187808e-05,4.2717265e-06,2.628817e-06,7.586036e-05,7.844569e-06,1.33735675e-05,0.0,0.0,0.0
936.0,2.0234776e-05,1.37308325e-05,5.1354423e-06,2.7010478e-06,8.189161e-05,7.617803e-06,1.3665273e-05,0.0,0.0,0.0
937.0,2.0935071e-05,1.6556642e-05,5.999158e-06,3.8318485e-06,8.406733e-05,7.950198e-06,1.2695354e-05,0.0,0.0,0.0
938.0,2.2814565e-05,1.7706756e-05,6.8628738e-06,6.008627e-06,8.699046e-05,8.593796e-06,1.2044341e-05,0.0,0.0,0.0
939.0,2.3136814e-05,1.5326885e-05,7.7265895e-06,8.185406e-06,8.993144e-05,7.978924e-06,1.1835136e-05,0.0,0.0,0.0
940.0,2.083672e-05,2.2002749e-05,8.590306e-06,1.0362165e-05,9.174118e-05,9.400706e-06,1.2863858e-05,0.0,0.0,0.0
941.0,1.810248e-05,2.522427e-05,1.1739722e-05,1.2352465e-05,9.5105795e-05,1.030594e-05,1.4400788e-05,0.0,0.0,0.0
942.0,1.8975992e-05,3.0696992e-05,1.48994895e-05,1.7500342e-05,9.770626e-05,1.0937993e-05,1.350677e-05,0.0,0.0,0.0
943.0,1.963233e-05,3.2273132e-05,1.6612681e-05,1.8599609e-05,9.664702e-05,1.1334213e-05,1.36593735e-05,0.0,0.0,0.0
944.0,1.9770423e-05,3.2083834e-05,1.8767694e-05,1.9836296e-05,9.9834055e-05,1.3240675e-05,1.3300266e-05,0.0,0.0,0.0
945.0,1.6181839e-05,2.9133658e-05,2.6246691e-05,2.1541053e-05,0.00010087615,1.3701331e-05,1.3812976e-05,0.0,0.0,0.0
946.0,2.435154e-05,3.0773732e-05,2.5544054e-05,2.1158296e-05,0.000106360836,1.45109825e-05,1.4774196e-05,0.0,0.0,0.0
947.0,2.4015342e-05,3.1301013e-05,2.2023867e-05,2.0087333e-05,0.00011282013,1.5138532e-05,1.448459e-05,0.0,0.0,0.0
948.0,2.3547276e-05,2.6604506e-05,1.829857e-05,1.761736e-05,0.000120670156,1.5556265e-05,1.31966635e-05,0.0,0.0,0.0
949.0,2.1564312e-05,2.1955624e-05,1.6175358e-05,1.5392625e-05,0.00012815019,1.5516343e-05,1.2928459e-05,0.0,0.0,0.0
950.0,2.2879998e-05,2.0955391e-05,1.5590625e-05,1.1228895e-05,0.00013747416,2.0156927e-05,1.5642712e-05,0.0,0.0,0.0
951.0,1.8561015e-05,2.1809046e-05,1.2248449e-05,1.1875293e-05,0.00015311304,2.1644957e-05,1.5699014e-05,0.0,0.0,0.0
952.0,2.0208483e-05,1.9745345e-05,1.2025937e-05,1.1247198e-05,0.00016791066,2.412974e-05,1.6185724e-05,0.0,0.0,0.0
953.0,2.085619e-05,2.082402e-05,1.1294599e-05,1.119739e-05,0.00018916157,2.725568e-05,1.7824557e-05,0.0,0.0,0.0
954.0,2.2469738e-05,2.1139589e-05,1.0727069e-05,9.991509e-06,0.00020378975,2.9368559e-05,1.9131683e-05,0.0,0.0,0.0
955.0,2.4074654e-05,1.9320718e-05,9.229899e-06,9.677931e-06,0.00021869065,3.400684e-05,2.047891e-05,0.0,0.0,0.0
956.0,2.921928e-05,1.9842997e-05,1.13258e-05,9.832434e-06,0.00021410237,3.7051537e-05,1.9803296e-05,0.0,0.0,0.0
957.0,3.210867e-05,2.3306746e-05,1.0627563e-05,8.934139e-06,0.00023334089,4.4009714e-05,2.3176664e-05,0.0,0.0,0.0
958.0,3.57665e-05,2.5253585e-05,1.0607662e-05,1.1001661e-05,0.00023856587,5.1358405e-05,2.5632513e-05,0.0,0.0,0.0
959.0,4.024716e-05,2.5593166e-05,1.3448112e-05,1.2405673e-05,0.0002457391,6.021824e-05,3.1905838e-05,0.0,0.0,0.0
960.0,3.7403028e-05,2.6869347e-05,1.3743328e-05,1.4477386e-05,0.0002558963,7.6773365e-05,3.9286188e-05,0.0,0.0,0.0
961.0,3.5355737e-05,2.619759e-05,1.6645683e-05,1.4420378e-05,0.00027904427,9.863704e-05,5.1908537e-05,0.0,0.0,0.0
962.0,3.0366265e-05,2.3646327e-05,2.132743e-05,1.6326665e-05,0.00031342133,0.00013020652,6.733995e-05,0.0,0.0,0.0
963.0,2.7659322e-05,2.260467e-05,2.7745371e-05,1.6986365e-05,0.00036999886,0.00017583894,9.01726e-05,0.0,0.0,0.0
964.0,2.30767e-05,2.1640155e-05,3.4483528e-05,1.7196497e-05,0.000439508,0.00023556821,0.000117906355,0.0,0.0,0.0
965.0,2.1846015e-05,2.0705356e-05,3.6366728e-05,1.8442584e-05,0.00050599704,0.00030148792,0.00014286085,0.0,0.0,0.0
966.0,2.1626734e-05,2.0991009e-05,3.619792e-05,2.1352223e-05,0.0005404774,0.00035577916,0.00015349807,0.0,0.0,0.0
967.0,1.5984237e-05,1.9799973e-05,2.5485451e-05,2.5205307e-05,0.0004946306,0.00038823625,0.0001345907,0.0,0.0,0.0
968.0,1.7387334e-05,1.7964994e-05,1.7509228e-05,3.252651e-05,0.00037913932,0.00047014488,9.330166e-05,0.0,0.0,0.0
969.0,1.8805586e-05,1.7354567e-05,9.527125e-06,4.1069e-05,0.00028724023,0.000730701,5.789946e-05,0.0,0.0,0.0
970.0,1.9654208e-05,1.7185777e-05,1.3512717e-05,5.0494924e-05,0.0002610952,0.0011474091,4.1955638e-05,0.0,0.0,0.0
971.0,2.2075332e-05,1.5367306e-05,9.8108e-06,6.275177e-05,0.0002400699,0.001531473,3.2359047e-05,0.0,0.0,0.0
972.0,2.2379918e-05,1.9298706e-05,6.1088936e-06,6.9284964e-05,0.000116406736,0.0006262168,1.8141964e-05,0.0,0.0,0.0
973.0,2.4689143e-05,1.4807907e-05,2.4127178e-06,6.9657515e-05,5.1995245e-05,0.00016090863,1.1174124e-05,0.0,0.0,0.0
974.0,2.698191e-05,1.5722595e-05,2.471831e-06,4.822868e-05,3.525752e-05,8.02424e-05,9.233845e-06,0.0,0.0,0.0
975.0,3.2171094e-05,2.0098832e-05,2.5309341e-06,2.4623918e-05,2.573211e-05,5.3615862e-05,1.0268305e-06,0.0,0.0,0.0
976.0,3.86585e-05,2.1232137e-05,2.5900472e-06,1.496356e-05,2.0498795e-05,4.0209095e-05,8.245665e-07,0.0,0.0,0.0
977.0,4.573852e-05,2.1880183e-05,2.6491605e-06,1.26112045e-05,1.8877854e-05,3.400384e-05,6.411878e-07,0.0,0.0,0.0
978.0,4.6675155e-05,2.6417307e-05,2.7082635e-06,9.759644e-06,1.6678065e-05,2.5805173e-05,4.5780817e-07,0.0,0.0,0.0
979.0,5.1034887e-05,2.7485677e-05,2.9533564e-06,6.908133e-06,1.6640362e-05,2.5638981e-05,2.7442948e-07,0.0,0.0,0.0
980.0,5.2337626e-05,2.8705928e-05,3.3822193e-06,4.0566224e-06,1.4835229e-05,2.3078055e-05,9.105072e-08,0.0,0.0,0.0
981.0,5.7572473e-05,2.8695724e-05,3.811082e-06,2.549865e-06,1.6887625e-05,2.1432637e-05,1.00002e-10,0.0,0.0,0.0
982.0,5.1382623e-05,2.966204e-05,4.2399347e-06,2.3663774e-06,1.5912614e-05,1.9710878e-05,1.00002e-10,0.0,0.0,0.0
983.0,5.5026103e-05,2.7417042e-05,4.6687974e-06,2.1828896e-06,1.5118187e-05,1.7875056e-05,1.00002e-10,0.0,0.0,0.0
984.0,6.366387e-05,3.208093e-05,5.1030806e-06,1.999402e-06,1.5817459e-05,1.782743e-05,1.00002e-10,0.0,0.0,0.0
985.0,7.106453e-05,3.504001e-05,6.170507e-06,1.8159142e-06,1.6436317e-05,1.7657936e-05,1.00002e-10,0.0,0.0,0.0
986.0,7.443022e-05,3.245223e-05,7.2379435e-06,1.6337167e-06,1.7123055e-05,1.8739138e-05,1.00002e-10,0.0,0.0,0.0
987.0,7.703911e-05,3.3159307e-05,8.30537e-06,1.7093381e-06,1.6996617e-05,1.874524e-05,1.00002e-10,0.0,0.0,0.0
988.0,8.096269e-05,3.429041e-05,9.372807e-06,1.7849595e-06,1.600476e-05,1.7425606e-05,1.00002e-10,0.0,0.0,0.0
989.0,8.0903075e-05,3.6899804e-05,1.0440253e-05,1.8605809e-06,1.4564002e-05,1.7589797e-05,1.00002e-10,0.0,0.0,0.0
990.0,7.995761e-05,4.3042986e-05,1.1022084e-05,1.9362024e-06,1.7757955e-05,1.7209286e-05,1.00002e-10,0.0,0.0,0.0
991.0,5.438763e-05,4.8622464e-05,1.1115289e-05,2.0118239e-06,1.7668717e-05,1.7384984e-05,1.00002e-10,0.0,0.0,0.0
992.0,3.3166638e-05,4.975537e-05,1.12084945e-05,2.0128039e-06,1.872244e-05,1.8252467e-05,1.00002e-10,0.0,0.0,0.0
993.0,3.6641617e-05,4.8267073e-05,1.1301699e-05,1.9394329e-06,2.0795289e-05,1.8011333e-05,1.00002e-10,0.0,0.0,0.0
994.0,3.5795903e-05,4.8513506e-05,1.1394904e-05,1.8660618e-06,1.972703e-05,2.0055171e-05,1.00002e-10,0.0,0.0,1.0007706e-10
995.0,3.8296614e-05,4.5938632e-05,1.1488109e-05,1.7926907e-06,2.172548e-05,2.1449147e-05,1.00002e-10,0.0,0.0,1.0007706e-10
996.0,5.0631046e-05,4.1332973e-05,1.0034832e-05,1.7193196e-06,2.1808804e-05,2.0853815e-05,1.00002e-10,1.00064144e-10,0.0,1.0007706e-10
997.0,6.774591e-05,3.5437522e-05,8.5815045e-06,1.6459485e-06,2.3901408e-05,1.9331668e-05,1.00002e-10,1.00064144e-10,0.0,1.0007706e-10
998.0,8.771494e-05,3.2705466e-05,7.128208e-06,2.304698e-06,2.3200531e-05,1.7588196e-05,1.00002e-10,1.00064144e-10,0.0,1.0007706e-10
999.0,0.00010753604,2.881859e-05,5.674911e-06,2.9634475e-06,1.9327459e-05,1.7137145e-05,1.00002e-10,1.00064144e-10,0.0,1.0007706e-10
1000.0,0.00012553415,2.293745e-05,4.221604e-06,3.622207e-06,2.2571145e-05,1.7135744e-05,1.00002e-10,1.00064144e-10,0.0,1.0007706e-10
1001.0,0.00013334397,2.8061284e-05,3.4623035e-06,4.2809565e-06,2.116869e-05,1.553105e-05,1.00002e-10,1.00064144e-10,0.0,1.0007706e-10
1002.0,0.00015282336,2.2514323e-05,3.4110208e-06,4.939706e-06,2.0375264e-05,1.8578949e-05,1.00002e-10,1.00064144e-10,1.000095e-10,1.0007706e-10
1003.0,0.00015320974,2.7813552e-05,3.359748e-06,6.1890946e-06,2.1345964e-05,1.2814137e-05,1.00002e-10,1.00064144e-10,1.000095e-10,1.0007706e-10
1004.0,0.00014377313,2.7061851e-05,3.3084652e-06,8.01741e-06,2.1727586e-05,1.9278337e-05,1.00002e-10,1.00064144e-10,1.000095e-10,1.0007706e-10
1005.0,9.755439e-05,2.9341869e-05,3.2571827e-06,9.845727e-06,2.1209198e-05,1.5920668e-05,1.00002e-10,1.00064144e-10,1.000095e-10,1.0007706e-10
1006.0,5.6907804e-05,3.0890296e-05,3.21026e-06,1.1674063e-05,2.1664619e-05,1.8793668e-05,1.00002e-10,1.00064144e-10,1.000095e-10,1.0007706e-10
1007.0,3.56818e-05,3.0772033e-05,3.5940204e-06,1.3502339e-05,2.1827454e-05,2.1056929e-05,1.00002e-10,1.00064144e-10,1.000095e-10,1.0007706e-10
1008.0,2.8589837e-05,2.8829294e-05,3.977781e-06,1.5330716e-05,2.1488546e-05,1.9873069e-05,1.00002e-10,1.00064144e-10,1.000095e-10,1.0007706e-10
1009.0,2.7089192e-05,3.2337968e-05,4.361551e-06,1.3081075e-05,2.0587733e-05,2.1006901e-05,1.00002e-10,1.00064144e-10,1.000095e-10,1.0007706e-10
1010.0,2.8260965e-05,2.9444924e-05,4.7453113e-06,1.0831435e-05,1.774482e-05,1.5058888e-05,1.00002e-10,1.00064144e-10,1.000095e-10,1.0007706e-10
1011.0,3.339144e-05,3.398625e-05,5.1290717e-06,8.5817655e-06,1.4394649e-05,1.5432395e-05,1.00002e-10,1.00064144e-10,1.000095e-10,1.0007706e-10
1012.0,4.4883272e-05,3.7014164e-05,6.089083e-06,6.3321263e-06,1.2559233e-05,1.5805905e-05,1.00002e-10,1.00064144e-10,1.000095e-10,1.0007706e-10
1013.0,7.053434e-05,3.6673184e-05,7.6139036e-06,4.0824866e-06,1.2208595e-05,1.6179412e-05,1.00002e-10,1.00064144e-10,1.000095e-10,1.0007706e-10
1014.0,9.325457e-05,3.6788246e-05,9.138735e-06,2.933583e-06,1.18578555e-05,1.655292e-05,1.00002e-10,1.00064144e-10,1.000095e-10,1.0007706e-10
1015.0,0.00010745676,3.8228914e-05,1.0663565e-05,2.8854256e-06,1.1507216e-05,1.6926428e-05,1.00002e-10,1.00064144e-10,1.000095e-10,1.0007706e-10
1016.0,0.00012042997,3.9839873e-05,1.2188446e-05,2.8372685e-06,1.1156477e-05,1.6992764e-05,1.00002e-10,1.00064144e-10,1.000095e-10,1.0007706e-10
1017.0,0.00012955748,4.198392e-05,1.37132265e-05,2.7891112e-06,1.0805838e-05,1.6096867e-05,1.00002e-10,1.00064144e-10,1.000095e-10,1.0007706e-10
1018.0,0.00013349552,4.2536616e-05,1.4272957e-05,2.740954e-06,1.0755703e-05,1.5200867e-05,1.00002e-10,1.00064144e-10,1.000095e-10,1.0007706e-10
1019.0,0.00010607785,3.3476877e-05,1.4832686e-05,2.6927967e-06,1.0705669e-05,1.4304968e-05,1.00002e-10,1.00064144e-10,1.000095e-10,1.0007706e-10
1020.0,8.930862e-05,2.8129321e-05,1.5392516e-05,2.6572613e-06,1.0655535e-05,1.4620644e-05,1.00002e-10,1.00064144e-10,1.000095e-10,1.0007706e-10
1021.0,7.2539384e-05,2.852103e-05,1.5952246e-05,2.6217158e-06,1.0605401e-05,1.486528e-05,1.00002e-10,1.00064144e-10,1.000095e-10,1.0007706e-10
1022.0,5.5770153e-05,2.6887958e-05,1.6511975e-05,2.5861705e-06,1.0555367e-05,1.5108315e-05,1.00002e-10,1.00064144e-10,1.000095e-10,1.0007706e-10
1023.0,3.9000923e-05,2.2467197e-05,1.5884541e-05,2.5506251e-06,1.0474651e-05,1.50841015e-05,1.00002e-10,1.00064144e-10,1.000095e-10,1.0007706e-10
1024.0,2.2231688e-05,1.8046438e-05,1.4045844e-05,2.5150798e-06,1.0362752e-05,1.5059988e-05,1.00002e-10,1.00064144e-10,1.000095e-10,1.0007706e-10
1025.0,1.4164654e-05,1.3625676e-05,1.2207147e-05,2.4978772e-06,1.0250852e-05,1.5035775e-05,1.00002e-10,1.00064144e-10,1.000095e-10,1.0007706e-10
1026.0,1.4799817e-05,9.204966e-06,1.036845e-05,2.4990275e-06,1.0139052e-05,1.5011661e-05,1.00002e-10,1.00064144e-10,1.000095e-10,1.0007706e-10
1027.0,1.5434878e-05,6.992774e-06,8.5298225e-06,2.5001675e-06,1.0027153e-05,1.4987448e-05,1.00002e-10,1.00064144e-10,1.000095e-10,1.0007706e-10
1028.0,1.6070042e-05,7.033776e-06,6.699605e-06,2.5013178e-06,9.914491e-06,1.4963334e-05,1.00002e-10,1.00064144e-10,1.000095e-10,1.0007706e-10
1029.0,1.6705204e-05,7.074778e-06,6.549867e-06,2.5024679e-06,9.653993e-06,1.4939121e-05,1.00002e-10,1.00064144e-10,1.000095e-10,1.0007706e-10
1030.0,1.7340266e-05,7.1157897e-06,6.4001392e-06,2.5036081e-06,9.393496e-06,1.4915007e-05,1.00002e-10,1.00064144e-10,1.000095e-10,1.0007706e-10
1031.0,1.9936615e-05,7.1567915e-06,6.2504014e-06,3.6378294e-06,9.1329985e-06,1.49524285e-05,1.00002e-10,1.00064144e-10,1.000095e-10,1.0007706e-10
1032.0,2.2532962e-05,7.198404e-06,6.1006635e-06,4.7720505e-06,8.872501e-06,1.5013363e-05,1.00002e-10,1.00064144e-10,1.000095e-10,1.0007706e-10
1033.0,2.5129311e-05,7.3597002e-06,5.9509252e-06,5.906272e-06,8.612003e-06,1.5074296e-05,1.00002e-10,1.00064144e-10,1.000095e-10,1.0007706e-10
1034.0,2.7725559e-05,7.5210064e-06,5.8038677e-06,7.040493e-06,8.324192e-06,1.5135231e-05,1.00002e-10,1.00064144e-10,1.000095e-10,1.0007706e-10
1035.0,3.0321906e-05,7.682313e-06,5.65955e-06,8.174715e-06,8.0085165e-06,1.5196264e-05,1.00002e-10,1.00064144e-10,1.000095e-10,1.0007706e-10
1036.0,2.9943058e-05,7.843619e-06,5.5152223e-06,9.373445e-06,7.692842e-06,1.5257198e-05,1.00002e-10,1.00064144e-10,1.000095e-10,1.0007706e-10
1037.0,2.6467578e-05,8.004915e-06,5.3708945e-06,1.0639306e-05,7.377176e-06,1.4026413e-05,1.00002e-10,1.00064144e-10,1.000095e-10,1.0007706e-10
1038.0,2.2991997e-05,8.320783e-06,5.226567e-06,1.1905197e-05,7.0615006e-06,5.9095314e-06,1.00002e-10,1.00064144e-10,1.000095e-10,1.0007706e-10
1039.0,1.9516518e-05,8.791205e-06,5.0822396e-06,1.31709885e-05,6.7458254e-06,5.7296916e-06,1.00002e-10,1.00064144e-10,1.000095e-10,1.0007706e-10
1040.0,1.6040938e-05,9.261636e-06,4.8993097e-06,1.443688e-05,6.5774043e-06,5.5498613e-06,1.00002e-10,1.00064144e-10,1.000095e-10,1.0007706e-10
1041.0,1.2565458e-05,9.732057e-06,4.7161698e-06,1.5702772e-05,6.4097353e-06,5.370021e-06,1.00002e-10,1.00064144e-10,1.000095e-10,1.0007706e-10
1042.0,1.1978868e-05,1.0202448e-05,4.5330403e-06,1.4065724e-05,6.2420563e-06,5.190191e-06,1.00002e-10,1.00064144e-10,1.000095e-10,1.0007706e-10
1043.0,1.1392179e-05,1.0664895e-05,4.3499103e-06,1.2428777e-05,6.0743773e-06,5.010351e-06,1.00002e-10,1.00064144e-10,1.000095e-10,1.0007706e-10
1044.0,1.0805589e-05,1.0330016e-05,4.166781e-06,1.0791729e-05,5.9067083e-06,4.8982783e-06,1.00002e-10,1.00064144e-10,1.000095e-10,1.0007706e-10
1045.0,1.0219e-05,9.995248e-06,4.0609953e-06,9.154723e-06,5.8433984e-06,4.8539737e-06,1.00002e-10,1.00064144e-10,1.000095e-10,1.0007706e-10
1046.0,9.63237e-06,9.660459e-06,4.0325635e-06,7.5177054e-06,5.8844585e-06,4.809659e-06,1.00002e-10,1.00064144e-10,1.000095e-10,1.0007706e-10
1047.0,9.193638e-06,9.325659e-06,4.0041223e-06,7.210329e-06,5.9255285e-06,4.7653543e-06,1.00002e-10,1.00064144e-10,1.000095e-10,1.0007706e-10
1048.0,8.905772e-06,8.990861e-06,3.9756906e-06,8.259477e-06,5.9665886e-06,4.7210397e-06,1.00002e-10,1.00064144e-10,1.000095e-10,1.0007706e-10
1049.0,8.617907e-06,8.856429e-06,3.9472493e-06,9.3086155e-06,6.0076486e-06,4.676735e-06,1.00002e-10,1.00064144e-10,1.000095e-10,1.0007706e-10
1050.0,8.330042e-06,8.922375e-06,3.920298e-06,1.0357764e-05,6.0484776e-06,4.569145e-06,1.00002e-10,1.00064144e-10,1.000095e-10,1.0007706e-10
1051.0,8.042186e-06,8.98832e-06,4.1871117e-06,1.1406923e-05,6.0416496e-06,4.4609146e-06,1.00002e-10,1.00064144e-10,1.000095e-10,1.0007706e-10
1052.0,7.754321e-06,9.054265e-06,4.453926e-06,1.2456081e-05,6.034811e-06,4.3526943e-06,1.00002e-10,1.00064144e-10,1.000095e-10,1.0007706e-10
1053.0,7.457694e-06,9.12021e-06,4.72074e-06,1.37837815e-05,6.027983e-06,4.244464e-06,1.00002e-10,1.00064144e-10,1.000095e-10,1.0007706e-10
1054.0,7.1610275e-06,9.186156e-06,4.9875644e-06,1.51128825e-05,6.0211546e-06,4.1362337e-06,1.00002e-10,1.00064144e-10,1.000095e-10,1.0007706e-10
1055.0,6.864361e-06,9.268169e-06,5.2543783e-06,1.6441983e-05,6.014316e-06,4.0241716e-06,1.00002e-10,1.00064144e-10,1.000095e-10,1.0007706e-10
1056.0,6.567684e-06,9.350173e-06,5.531103e-06,1.7771083e-05,5.892841e-06,3.908177e-06,1.00002e-10,1.00064144e-10,1.000095e-10,1.0007706e-10
1057.0,6.2710174e-06,9.432187e-06,5.8177484e-06,1.9100184e-05,5.6567287e-06,3.7921823e-06,1.00002e-10,1.00064144e-10,1.000095e-10,1.0007706e-10
1058.0,6.000042e-06,9.5142e-06,6.1043834e-06,1.840298e-05,5.4206166e-06,3.6761976e-06,1.00002e-10,1.00064144e-10,1.000095e-10,1.0007706e-10
1059.0,5.753755e-06,9.596214e-06,6.391019e-06,1.575918e-05,5.184504e-06,3.5602031e-06,1.00002e-10,1.00064144e-10,1.000095e-10,1.0007706e-10
1060.0,5.5074574e-06,9.193829e-06,6.677664e-06,1.311538e-05,4.948382e-06,3.4442085e-06,1.00002e-10,1.00064144e-10,1.000095e-10,1.0007706e-10
1061.0,5.2611704e-06,8.326067e-06,6.960609e-06,1.0471481e-05,4.712069e-06,3.32114e-06,1.00002e-10,1.00064144e-10,1.000095e-10,1.0007706e-10
1062.0,5.014873e-06,7.4583027e-06,6.509035e-06,7.827642e-06,4.4360295e-06,3.1979812e-06,1.00002e-10,1.00064144e-10,1.000095e-10,1.0007706e-10
1063.0,4.7685858e-06,6.590549e-06,6.057461e-06,5.183803e-06,4.1599906e-06,3.0748326e-06,1.00002e-10,1.00064144e-10,1.000095e-10,1.0007706e-10
1064.0,3.9015877e-06,5.7227858e-06,5.605897e-06,4.5382653e-06,3.883951e-06,2.951684e-06,1.00002e-10,1.00064144e-10,1.000095e-10,1.0007706e-10
1065.0,3.034589e-06,4.855023e-06,5.1543234e-06,3.892728e-06,3.607912e-06,2.8285356e-06,1.00002e-10,1.00064144e-10,1.000095e-10,1.0007706e-10
1066.0,2.167591e-06,4.3355153e-06,4.7027493e-06,3.2471803e-06,3.3318727e-06,2.6851656e-06,1.00002e-10,1.00064144e-10,1.000095e-10,1.0007706e-10
1067.0,1.3005927e-06,3.8195294e-06,4.2803367e-06,2.6016428e-06,3.1044638e-06,2.5215545e-06,1.00002e-10,1.00064144e-10,1.000095e-10,1.0007706e-10
1068.0,4.3359947e-07,3.3035442e-06,3.885946e-06,1.9561053e-06,2.92375e-06,2.3579535e-06,1.00002e-10,1.00064144e-10,1.000095e-10,1.0007706e-10
1069.0,1.0035747e-10,2.7875585e-06,3.4915452e-06,1.4848642e-06,2.7430458e-06,2.1943522e-06,1.00002e-10,1.00064144e-10,1.000095e-10,1.0007706e-10
1070.0,1.0035747e-10,2.271573e-06,3.0971441e-06,1.1879093e-06,2.562342e-06,2.0307511e-06,1.00002e-10,1.00064144e-10,1.000095e-10,1.0007706e-10
1071.0,1.0035747e-10,1.8306976e-06,2.7027434e-06,8.9095755e-07,2.381638e-06,1.86715e-06,1.00002e-10,1.00064144e-10,1.000095e-10,1.0007706e-10
1072.0,1.0035747e-10,1.4649423e-06,2.3083423e-06,5.940047e-07,2.2009342e-06,1.7186272e-06,1.00002e-10,1.00064144e-10,1.000095e-10,1.0007706e-10
1073.0,1.0035747e-10,1.099187e-06,1.8887702e-06,2.9705285e-07,2.063837e-06,1.5702547e-06,1.00002e-10,1.00064144e-10,1.000095e-10,1.0007706e-10
1074.0,1.0035747e-10,7.334377e-07,1.4690679e-06,1.000151e-10,1.9269603e-06,1.421882e-06,1.00002e-10,1.00064144e-10,1.000095e-10,1.0007706e-10
1075.0,1.0035747e-10,3.6768435e-07,1.0493557e-06,1.000151e-10,1.7900738e-06,1.2735094e-06,1.00002e-10,1.00064144e-10,1.000095e-10,1.0007706e-10
1076.0,1.0035747e-10,1.930611e-09,6.2965637e-07,1.000151e-10,1.6531973e-06,1.1251367e-06,1.00002e-10,1.00064144e-10,1.000095e-10,1.0007706e-10
1077.0,1.0035747e-10,1.0005343e-10,2.0995213e-07,1.000151e-10,1.5163207e-06,1.0057502e-06,1.00002e-10,1.00064144e-10,1.000095e-10,1.0007706e-10
1078.0,1.0035747e-10,1.0005343e-10,1.000053e-10,1.000151e-10,1.3163852e-06,9.147805e-07,1.00002e-10,1.00064144e-10,1.000095e-10,1.0007706e-10
1079.0,1.0035747e-10,1.0005343e-10,1.000053e-10,1.000151e-10,1.053391e-06,8.2380785e-07,1.00002e-10,1.00064144e-10,1.000095e-10,1.0007706e-10
1080.0,1.0035747e-10,1.0005343e-10,1.000053e-10,1.000151e-10,7.903977e-07,7.3283417e-07,1.00002e-10,1.00064144e-10,1.000095e-10,1.0007706e-10
1081.0,1.0035747e-10,1.0005343e-10,1.000053e-10,1.000151e-10,5.2740336e-07,6.418615e-07,1.00002e-10,1.00064144e-10,1.000095e-10,1.0007706e-10
1082.0,1.0035747e-10,1.0005343e-10,1.000053e-10,1.000151e-10,2.644101e-07,5.508878e-07,1.00002e-10,1.00064144e-10,1.000095e-10,1.0007706e-10
1083.0,1.0035747e-10,1.0005343e-10,1.000053e-10,1.000151e-10,1.4165235e-09,5.383679e-07,1.00002e-10,1.00064144e-10,1.000095e-10,1.0007706e-10
1084.0,1.0035747e-10,1.0005343e-10,1.000053e-10,1.000151e-10,1.00268516e-10,5.258479e-07,1.00002e-10,1.00064144e-10,1.000095e-10,1.0007706e-10
1085.0,1.0035747e-10,1.0005343e-10,1.000053e-10,1.000151e-10,1.00268516e-10,5.133279e-07,1.00002e-10,1.00064144e-10,1.000095e-10,1.0007706e-10
1086.0,1.0035747e-10,1.0005343e-10,1.000053e-10,1.000151e-10,1.00268516e-10,5.0080797e-07,1.00002e-10,1.00064144e-10,1.000095e-10,1.0007706e-10
1087.0,1.0035747e-10,1.0005343e-10,1.000053e-10,1.000151e-10,1.00268516e-10,4.8828696e-07,1.00002e-10,1.00064144e-10,1.000095e-10,1.0007706e-10
1088.0,1.0035747e-10,1.0005343e-10,1.000053e-10,1.000151e-10,1.00268516e-10,4.8430377e-07,1.00002e-10,1.00064144e-10,1.000095e-10,1.0007706e-10
1089.0,1.0035747e-10,1.0005343e-10,1.000053e-10,1.000151e-10,1.00268516e-10,4.888563e-07,1.00002e-10,1.00064144e-10,1.000095e-10,1.0007706e-10
1090.0,1.0035747e-10,1.0005343e-10,1.000053e-10,1.000151e-10,1.00268516e-10,4.9340883e-07,1.00002e-10,1.00064144e-10,1.000095e-10,1.0007706e-10
1091.0,1.0035747e-10,1.0005343e-10,1.000053e-10,1.000151e-10,1.00268516e-10,4.979624e-07,1.00002e-10,1.00064144e-10,1.000095e-10,1.0007706e-10
1092.0,1.0035747e-10,1.0005343e-10,1.000053e-10,1.000151e-10,1.00268516e-10,5.025149e-07,1.00002e-10,1.00064144e-10,1.000095e-10,1.0007706e-10
1093.0,1.0035747e-10,2.818035e-07,1.000053e-10,1.000151e-10,1.00268516e-10,5.0706745e-07,1.00002e-10,1.00064144e-10,1.000095e-10,1.0007706e-10
1094.0,1.0035747e-10,8.4521037e-07,1.000053e-10,1.000151e-10,1.00268516e-10,5.320854e-07,1.00002e-10,1.00064144e-10,1.000095e-10,1.0007706e-10
1095.0,1.0035747e-10,1.4086122e-06,3.20664e-07,1.000151e-10,1.00268516e-10,5.571033e-07,1.00002e-10,1.00064144e-10,1.000095e-10,1.0007706e-10
1096.0,1.0035747e-10,1.972023e-06,6.4284006e-07,1.000151e-10,1.00268516e-10,5.8212026e-07,1.00002e-10,1.00064144e-10,1.000095e-10,1.0007706e-10
1097.0,1.0035747e-10,2.5354339e-06,9.650162e-07,1.000151e-10,1.00268516e-10,6.071382e-07,1.00002e-10,1.00064144e-10,1.000095e-10,1.0007706e-10
1098.0,1.0035747e-10,3.0988347e-06,1.2871882e-06,1.000151e-10,1.00268516e-10,6.321561e-07,1.00002e-10,1.00064144e-10,1.000095e-10,1.0007706e-10
1099.0,1.0035747e-10,3.1039174e-06,1.6093653e-06,1.000151e-10,1.00268516e-10,6.4422585e-07,1.00002e-10,1.00064144e-10,1.000095e-10,1.0007706e-10
1100.0,1.0035747e-10,3.1061986e-06,0.0,1.000151e-10,0.0,6.430862e-07,1.00002e-10,1.00064144e-10,1.000095e-10,1.0007706e-10
1101.0,1.0035747e-10,3.1084699e-06,0.0,1.000151e-10,0.0,6.4194757e-07,1.00002e-10,1.00064144e-10,1.000095e-10,1.0007706e-10
1102.0,0.0,3.110751e-06,0.0,0.0,0.0,6.408079e-07,0.0,1.00064144e-10,1.000095e-10,1.0007706e-10
1103.0,0.0,3.1130223e-06,0.0,0.0,0.0,6.396693e-07,0.0,1.00064144e-10,1.000095e-10,1.0007706e-10
1104.0,0.0,0.0,0.0,0.0,0.0,6.385297e-07,0.0,1.00064144e-10,1.000095e-10,1.0007706e-10
1105.0,0.0,0.0,0.0,0.0,0.0,0.0,0.0,1.00064144e-10,1.000095e-10,1.0007706e-10
1106.0,0.0,0.0,0.0,0.0,0.0,0.0,0.0,1.00064144e-10,1.000095e-10,1.0007706e-10
1107.0,0.0,0.0,0.0,0.0,0.0,0.0,0.0,1.00064144e-10,1.000095e-10,1.0007706e-10
1108.0,0.0,0.0,0.0,0.0,0.0,0.0,0.0,1.00064144e-10,1.000095e-10,1.0007706e-10
1109.0,0.0,0.0,0.0,0.0,0.0,0.0,0.0,1.00064144e-10,1.000095e-10,1.0007706e-10
1110.0,0.0,0.0,0.0,0.0,0.0,0.0,0.0,1.00064144e-10,1.000095e-10,1.0007706e-10
1111.0,0.0,0.0,0.0,0.0,0.0,0.0,0.0,1.00064144e-10,1.000095e-10,1.0007706e-10
1112.0,0.0,0.0,0.0,0.0,0.0,0.0,0.0,1.00064144e-10,1.000095e-10,1.0007706e-10
1113.0,0.0,0.0,0.0,0.0,0.0,0.0,0.0,1.00064144e-10,1.000095e-10,1.0007706e-10
1114.0,0.0,0.0,0.0,0.0,0.0,0.0,0.0,1.00064144e-10,1.000095e-10,1.0007706e-10
1115.0,0.0,0.0,0.0,0.0,0.0,0.0,0.0,1.00064144e-10,1.000095e-10,1.0007706e-10
1116.0,0.0,0.0,0.0,0.0,0.0,0.0,0.0,1.00064144e-10,1.000095e-10,1.0007706e-10
1117.0,0.0,0.0,0.0,0.0,0.0,0.0,0.0,1.00064144e-10,1.000095e-10,1.0007706e-10
1118.0,0.0,0.0,0.0,0.0,0.0,0.0,0.0,1.00064144e-10,1.000095e-10,1.0007706e-10
1119.0,0.0,0.0,0.0,0.0,0.0,0.0,0.0,1.00064144e-10,1.000095e-10,1.0007706e-10
1120.0,0.0,0.0,0.0,0.0,0.0,0.0,0.0,1.00064144e-10,1.000095e-10,1.0007706e-10
1121.0,0.0,0.0,0.0,0.0,0.0,0.0,0.0,1.00064144e-10,1.000095e-10,1.0007706e-10
1122.0,0.0,0.0,0.0,0.0,0.0,0.0,0.0,1.00064144e-10,1.000095e-10,1.0007706e-10
1123.0,0.0,0.0,0.0,0.0,0.0,0.0,0.0,1.00064144e-10,1.000095e-10,1.0007706e-10
1124.0,0.0,0.0,0.0,0.0,0.0,0.0,0.0,1.00064144e-10,1.000095e-10,1.0007706e-10
1125.0,0.0,0.0,0.0,0.0,0.0,0.0,0.0,1.00064144e-10,1.000095e-10,1.0007706e-10
1126.0,0.0,0.0,0.0,0.0,0.0,0.0,0.0,1.00064144e-10,1.000095e-10,1.0007706e-10
1127.0,0.0,0.0,0.0,0.0,0.0,0.0,0.0,1.00064144e-10,1.000095e-10,1.0007706e-10
1128.0,0.0,0.0,0.0,0.0,0.0,0.0,0.0,1.00064144e-10,1.000095e-10,1.0007706e-10
1129.0,0.0,0.0,0.0,0.0,0.0,0.0,0.0,1.00064144e-10,1.000095e-10,1.0007706e-10
1130.0,0.0,0.0,0.0,0.0,0.0,0.0,0.0,1.00064144e-10,1.000095e-10,1.0007706e-10
1131.0,0.0,0.0,0.0,0.0,0.0,0.0,0.0,1.00064144e-10,1.000095e-10,1.0007706e-10
1132.0,0.0,0.0,0.0,0.0,0.0,0.0,0.0,1.00064144e-10,1.000095e-10,1.0007706e-10
1133.0,0.0,0.0,0.0,0.0,0.0,0.0,0.0,1.00064144e-10,1.000095e-10,1.0007706e-10
1134.0,0.0,0.0,0.0,0.0,0.0,0.0,0.0,1.00064144e-10,1.000095e-10,1.0007706e-10
1135.0,0.0,0.0,0.0,0.0,0.0,0.0,0.0,1.00064144e-10,1.000095e-10,1.0007706e-10
1136.0,0.0,0.0,0.0,0.0,0.0,0.0,0.0,1.00064144e-10,1.000095e-10,1.0007706e-10
1137.0,0.0,0.0,0.0,0.0,0.0,0.0,0.0,1.00064144e-10,1.000095e-10,1.0007706e-10
1138.0,0.0,0.0,0.0,0.0,0.0,0.0,0.0,1.00064144e-10,1.000095e-10,1.0007706e-10
1139.0,0.0,0.0,0.0,0.0,0.0,0.0,0.0,1.00064144e-10,1.000095e-10,1.0007706e-10
1140.0,0.0,0.0,0.0,0.0,0.0,0.0,0.0,1.00064144e-10,1.000095e-10,1.0007706e-10
1141.0,0.0,0.0,0.0,0.0,0.0,0.0,0.0,1.00064144e-10,1.000095e-10,1.0007706e-10
1142.0,0.0,0.0,0.0,0.0,0.0,0.0,0.0,1.00064144e-10,1.000095e-10,1.0007706e-10
1143.0,0.0,0.0,0.0,0.0,0.0,0.0,0.0,1.00064144e-10,1.000095e-10,1.0007706e-10
1144.0,0.0,0.0,0.0,0.0,0.0,0.0,0.0,1.00064144e-10,1.000095e-10,1.0007706e-10
1145.0,0.0,0.0,0.0,0.0,0.0,0.0,0.0,1.00064144e-10,1.000095e-10,1.0007706e-10
1146.0,0.0,0.0,0.0,0.0,0.0,0.0,0.0,1.00064144e-10,1.000095e-10,1.0007706e-10
1147.0,0.0,0.0,0.0,0.0,0.0,0.0,0.0,1.00064144e-10,1.000095e-10,1.0007706e-10
1148.0,0.0,0.0,0.0,0.0,0.0,0.0,0.0,1.00064144e-10,1.000095e-10,1.0007706e-10
1149.0,0.0,0.0,0.0,0.0,0.0,0.0,0.0,1.00064144e-10,1.000095e-10,1.0007706e-10
1150.0,0.0,0.0,0.0,0.0,0.0,0.0,0.0,1.00064144e-10,1.000095e-10,1.0007706e-10
1151.0,0.0,0.0,0.0,0.0,0.0,0.0,0.0,1.00064144e-10,1.000095e-10,1.0007706e-10
1152.0,0.0,0.0,0.0,0.0,0.0,0.0,0.0,1.00064144e-10,1.000095e-10,1.0007706e-10
1153.0,0.0,0.0,0.0,0.0,0.0,0.0,0.0,1.00064144e-10,1.000095e-10,1.0007706e-10
1154.0,0.0,0.0,0.0,0.0,0.0,0.0,0.0,1.00064144e-10,1.000095e-10,1.0007706e-10
1155.0,0.0,0.0,0.0,0.0,0.0,0.0,0.0,1.00064144e-10,1.000095e-10,1.0007706e-10
1156.0,0.0,0.0,0.0,0.0,0.0,0.0,0.0,1.00064144e-10,1.000095e-10,1.0007706e-10
1157.0,0.0,0.0,0.0,0.0,0.0,0.0,0.0,1.00064144e-10,1.000095e-10,1.0007706e-10
1158.0,0.0,0.0,0.0,0.0,0.0,0.0,0.0,1.00064144e-10,1.000095e-10,1.0007706e-10
1159.0,0.0,0.0,0.0,0.0,0.0,0.0,0.0,1.00064144e-10,1.000095e-10,1.0007706e-10
1160.0,0.0,0.0,0.0,0.0,0.0,0.0,0.0,1.00064144e-10,1.000095e-10,1.0007706e-10
1161.0,0.0,0.0,0.0,0.0,0.0,0.0,0.0,1.00064144e-10,1.000095e-10,1.0007706e-10
1162.0,0.0,0.0,0.0,0.0,0.0,0.0,0.0,1.00064144e-10,1.000095e-10,1.0007706e-10
1163.0,0.0,0.0,0.0,0.0,0.0,0.0,0.0,1.00064144e-10,1.000095e-10,1.0007706e-10
1164.0,0.0,0.0,0.0,0.0,0.0,0.0,0.0,1.00064144e-10,1.000095e-10,1.0007706e-10
1165.0,0.0,0.0,0.0,0.0,0.0,0.0,0.0,1.00064144e-10,1.000095e-10,1.0007706e-10
1166.0,0.0,0.0,0.0,0.0,0.0,0.0,0.0,1.00064144e-10,1.000095e-10,1.0007706e-10
1167.0,0.0,0.0,0.0,0.0,0.0,0.0,0.0,1.00064144e-10,1.000095e-10,1.0007706e-10
1168.0,0.0,0.0,0.0,0.0,0.0,0.0,0.0,1.00064144e-10,1.000095e-10,1.0007706e-10
1169.0,0.0,0.0,0.0,0.0,0.0,0.0,0.0,1.00064144e-10,1.000095e-10,1.0007706e-10
1170.0,0.0,0.0,0.0,0.0,0.0,0.0,0.0,1.00064144e-10,1.000095e-10,1.0007706e-10
1171.0,0.0,0.0,0.0,0.0,0.0,0.0,0.0,1.00064144e-10,1.000095e-10,1.0007706e-10
1172.0,0.0,0.0,0.0,0.0,0.0,0.0,0.0,1.00064144e-10,1.000095e-10,1.0007706e-10
1173.0,0.0,0.0,0.0,0.0,0.0,0.0,0.0,2.1159163e-08,1.000095e-10,1.0007706e-10
1174.0,0.0,0.0,0.0,0.0,0.0,0.0,0.0,4.232423e-08,1.000095e-10,1.0007706e-10
1175.0,0.0,0.0,0.0,0.0,0.0,0.0,0.0,6.3489196e-08,1.000095e-10,1.0007706e-10
1176.0,0.0,0.0,0.0,0.0,0.0,0.0,0.0,8.465426e-08,1.000095e-10,1.0007706e-10
1177.0,0.0,0.0,0.0,0.0,0.0,0.0,0.0,1.0581883e-07,1.000095e-10,1.0007706e-10
1178.0,0.0,0.0,0.0,0.0,0.0,0.0,0.0,1.269844e-07,1.000095e-10,1.0007706e-10
1179.0,0.0,0.0,0.0,0.0,0.0,0.0,0.0,1.4814897e-07,1.000095e-10,1.0007706e-10
1180.0,0.0,0.0,0.0,0.0,0.0,0.0,0.0,1.6931453e-07,1.000095e-10,1.0007706e-10
1181.0,0.0,0.0,0.0,0.0,0.0,0.0,0.0,1.904791e-07,1.000095e-10,1.0007706e-10
1182.0,0.0,0.0,0.0,0.0,0.0,0.0,0.0,2.1164466e-07,1.000095e-10,1.0007706e-10
1183.0,0.0,0.0,0.0,0.0,0.0,0.0,0.0,2.3280923e-07,1.000095e-10,1.0007706e-10
1184.0,0.0,0.0,0.0,0.0,0.0,0.0,0.0,2.539748e-07,1.000095e-10,1.0007706e-10
1185.0,0.0,0.0,0.0,0.0,0.0,0.0,0.0,2.7513937e-07,1.000095e-10,1.0007706e-10
1186.0,0.0,0.0,0.0,0.0,0.0,0.0,0.0,2.9630493e-07,1.000095e-10,1.0007706e-10
1187.0,0.0,0.0,0.0,0.0,0.0,0.0,0.0,3.174695e-07,1.000095e-10,1.0007706e-10
1188.0,0.0,0.0,0.0,0.0,0.0,0.0,0.0,3.391614e-07,1.000095e-10,1.0007706e-10
1189.0,0.0,0.0,0.0,0.0,0.0,0.0,0.0,3.9544247e-07,1.000095e-10,1.0007706e-10
1190.0,0.0,0.0,0.0,0.0,0.0,0.0,0.0,4.5172254e-07,1.000095e-10,1.0007706e-10
1191.0,0.0,0.0,0.0,0.0,0.0,0.0,0.0,5.080036e-07,1.000095e-10,1.0007706e-10
1192.0,0.0,0.0,0.0,0.0,0.0,0.0,0.0,5.642837e-07,1.000095e-10,1.0007706e-10
1193.0,0.0,0.0,0.0,0.0,0.0,0.0,0.0,6.205648e-07,1.000095e-10,1.0007706e-10
1194.0,0.0,0.0,0.0,0.0,0.0,0.0,0.0,6.768449e-07,1.000095e-10,1.0007706e-10
1195.0,0.0,0.0,0.0,0.0,0.0,0.0,0.0,7.3312594e-07,1.000095e-10,1.0007706e-10
1196.0,0.0,0.0,0.0,0.0,0.0,0.0,0.0,7.89406e-07,1.000095e-10,1.0007706e-10
1197.0,0.0,0.0,0.0,0.0,0.0,0.0,0.0,8.456861e-07,1.000095e-10,1.0007706e-10
1198.0,0.0,0.0,0.0,0.0,0.0,0.0,0.0,9.0196716e-07,1.000095e-10,1.0007706e-10
1199.0,0.0,0.0,0.0,0.0,0.0,0.0,0.0,9.582473e-07,1.000095e-10,1.0007706e-10
1200.0,0.0,0.0,0.0,0.0,0.0,0.0,0.0,1.0145303e-06,1.000095e-10,1.0007706e-10
1201.0,0.0,0.0,0.0,0.0,0.0,0.0,0.0,1.0708064e-06,1.000095e-10,1.0007706e-10
1202.0,0.0,0.0,0.0,0.0,0.0,0.0,0.0,1.1270924e-06,1.000095e-10,1.0007706e-10
1203.0,0.0,0.0,0.0,0.0,0.0,0.0,0.0,1.1833686e-06,1.000095e-10,1.0007706e-10
1204.0,0.0,0.0,0.0,0.0,0.0,0.0,0.0,1.2396546e-06,1.000095e-10,1.0007706e-10
1205.0,0.0,0.0,0.0,0.0,0.0,0.0,0.0,1.8282119e-06,1.000095e-10,1.0007706e-10
1206.0,0.0,0.0,0.0,0.0,0.0,0.0,0.0,2.4248943e-06,1.000095e-10,1.0007706e-10
1207.0,0.0,0.0,0.0,0.0,0.0,0.0,0.0,3.0215767e-06,1.000095e-10,1.0007706e-10
1208.0,0.0,0.0,0.0,0.0,0.0,0.0,0.0,3.6182594e-06,1.000095e-10,1.0007706e-10
1209.0,0.0,0.0,0.0,0.0,0.0,0.0,0.0,1.2084946e-05,1.000095e-10,1.0007706e-10
1210.0,0.0,0.0,0.0,0.0,0.0,0.0,0.0,1.2419661e-05,1.000095e-10,1.0007706e-10
1211.0,0.0,0.0,0.0,0.0,0.0,0.0,0.0,1.308929e-05,1.000095e-10,1.0007706e-10
1212.0,0.0,0.0,0.0,0.0,0.0,0.0,0.0,1.5852362e-05,1.000095e-10,1.0007706e-10
1213.0,0.0,0.0,0.0,0.0,0.0,0.0,0.0,1.8615332e-05,1.000095e-10,1.0007706e-10
1214.0,0.0,0.0,0.0,0.0,0.0,0.0,0.0,2.5281006e-05,1.000095e-10,1.0007706e-10
1215.0,0.0,0.0,0.0,0.0,0.0,0.0,0.0,3.4863046e-05,1.000095e-10,1.0007706e-10
1216.0,0.0,0.0,0.0,0.0,0.0,0.0,0.0,6.0661583e-05,1.000095e-10,1.0007706e-10
1217.0,0.0,0.0,0.0,0.0,0.0,0.0,0.0,8.6460124e-05,1.000095e-10,1.0007706e-10
1218.0,0.0,0.0,0.0,0.0,0.0,0.0,0.0,0.00012983422,1.000095e-10,1.0007706e-10
1219.0,0.0,0.0,0.0,0.0,0.0,0.0,0.0,0.00021095823,2.8077668e-08,1.0007706e-10
1220.0,0.0,0.0,0.0,0.0,0.0,0.0,0.0,0.0003429198,5.6338152e-08,1.0007706e-10
1221.0,0.0,0.0,0.0,0.0,0.0,0.0,0.0,0.00061272277,8.459874e-08,1.0007706e-10
1222.0,0.0,0.0,0.0,0.0,0.0,0.0,0.0,0.0009746828,1.1285972e-07,1.0007706e-10
1223.0,0.0,0.0,0.0,0.0,0.0,0.0,0.0,0.0017587674,1.411194e-07,1.0007706e-10
1224.0,0.0,0.0,0.0,0.0,0.0,0.0,0.0,0.0033373293,1.6938009e-07,1.0007706e-10
1225.0,0.0,0.0,0.0,0.0,0.0,0.0,0.0,0.0065093525,1.9764077e-07,1.0007706e-10
1226.0,0.0,0.0,0.0,0.0,0.0,0.0,0.0,0.013055669,2.2590146e-07,1.0007706e-10
1227.0,0.0,0.0,0.0,0.0,0.0,0.0,0.0,0.029150985,2.5416213e-07,1.0007706e-10
1228.0,0.0,0.0,0.0,0.0,0.0,0.0,0.0,0.06132661,2.8242283e-07,1.0007706e-10
1229.0,0.0,0.0,0.0,0.0,0.0,0.0,0.0,0.13795243,3.106825e-07,1.0007706e-10
1230.0,0.0,0.0,0.0,0.0,0.0,0.0,0.0,0.30887598,3.3851916e-07,1.0007706e-10
1231.0,0.0,0.0,0.0,0.0,0.0,0.0,0.0,0.48746946,3.2442483e-07,1.0007706e-10
1232.0,0.0,0.0,0.0,0.0,0.0,0.0,0.0,0.6885294,3.1032948e-07,1.0007706e-10
1233.0,0.0,0.0,0.0,0.0,0.0,0.0,0.0,0.7948355,2.9623513e-07,1.0007706e-10
1234.0,0.0,0.0,0.0,0.0,0.0,0.0,0.0,0.87167275,2.821398e-07,1.0007706e-10
1235.0,0.0,0.0,0.0,0.0,0.0,0.0,0.0,0.9171319,2.6804446e-07,1.0007706e-10
1236.0,0.0,0.0,0.0,0.0,0.0,0.0,0.0,0.9491514,2.5395013e-07,1.0007706e-10
1237.0,0.0,0.0,0.0,0.0,0.0,0.0,0.0,0.9677553,2.3985478e-07,1.0007706e-10
1238.0,0.0,0.0,0.0,0.0,0.0,0.0,0.0,0.98030335,2.2576045e-07,1.0007706e-10
1239.0,0.0,0.0,0.0,0.0,0.0,0.0,0.0,0.9915636,2.1166511e-07,1.0007706e-10
1240.0,0.0,0.0,0.0,0.0,0.0,0.0,0.0,1.0,1.9756978e-07,1.0007706e-10
1241.0,0.0,0.0,0.0,0.0,0.0,0.0,0.0,0.97900856,1.8347544e-07,1.0007706e-10
1242.0,0.0,0.0,0.0,0.0,0.0,0.0,0.0,0.9495957,1.6938009e-07,1.0007706e-10
1243.0,0.0,0.0,0.0,0.0,0.0,0.0,0.0,0.9028307,1.5528575e-07,1.0007706e-10
1244.0,0.0,0.0,0.0,0.0,0.0,0.0,0.0,0.87415636,1.4119041e-07,1.0007706e-10
1245.0,0.0,0.0,0.0,0.0,0.0,0.0,0.0,0.8740523,1.2709508e-07,1.0007706e-10
1246.0,0.0,0.0,0.0,0.0,0.0,0.0,0.0,0.89130133,1.1300074e-07,1.0007706e-10
1247.0,0.0,0.0,0.0,0.0,0.0,0.0,0.0,0.90616083,9.8905595e-08,1.0007706e-10
1248.0,0.0,0.0,0.0,0.0,0.0,0.0,0.0,0.9161413,8.481066e-08,1.0007706e-10
1249.0,0.0,0.0,0.0,0.0,0.0,0.0,0.0,0.9187709,7.071572e-08,1.0007706e-10
1250.0,0.0,0.0,0.0,0.0,0.0,0.0,0.0,0.8731667,5.662088e-08,1.0007706e-10
1251.0,0.0,0.0,0.0,0.0,0.0,0.0,0.0,0.6950765,4.252594e-08,1.0007706e-10
1252.0,0.0,0.0,0.0,0.0,0.0,0.0,0.0,0.39322707,2.8431002e-08,1.0007706e-10
1253.0,0.0,0.0,0.0,0.0,0.0,0.0,0.0,0.1558449,1.4336062e-08,1.0007706e-10
1254.0,0.0,0.0,0.0,0.0,0.0,0.0,0.0,0.05957669,2.410969e-10,1.0007706e-10
1255.0,0.0,0.0,0.0,0.0,0.0,0.0,0.0,0.025482234,1.000095e-10,1.0007706e-10
1256.0,0.0,0.0,0.0,0.0,0.0,0.0,0.0,0.012422463,1.000095e-10,1.0007706e-10
1257.0,0.0,0.0,0.0,0.0,0.0,0.0,0.0,0.0068661813,1.000095e-10,1.0007706e-10
1258.0,0.0,0.0,0.0,0.0,0.0,0.0,0.0,0.004080826,1.000095e-10,1.0007706e-10
1259.0,0.0,0.0,0.0,0.0,0.0,0.0,0.0,0.00248052,1.000095e-10,1.0007706e-10
1260.0,0.0,0.0,0.0,0.0,0.0,0.0,0.0,0.0015519448,1.000095e-10,1.0007706e-10
1261.0,0.0,0.0,0.0,0.0,0.0,0.0,0.0,0.0009788574,1.000095e-10,1.0007706e-10
1262.0,0.0,0.0,0.0,0.0,0.0,0.0,0.0,0.00061332015,1.000095e-10,1.0007706e-10
1263.0,0.0,0.0,0.0,0.0,0.0,0.0,0.0,0.00037886485,1.000095e-10,1.0007706e-10
1264.0,0.0,0.0,0.0,0.0,0.0,0.0,0.0,0.00022864457,1.000095e-10,1.0007706e-10
1265.0,0.0,0.0,0.0,0.0,0.0,0.0,0.0,0.00013483442,1.000095e-10,1.0007706e-10
1266.0,0.0,0.0,0.0,0.0,0.0,0.0,0.0,8.360349e-05,1.000095e-10,1.0007706e-10
1267.0,0.0,0.0,0.0,0.0,0.0,0.0,0.0,5.277663e-05,1.000095e-10,1.0007706e-10
1268.0,0.0,0.0,0.0,0.0,0.0,0.0,0.0,3.1399926e-05,1.000095e-10,1.0007706e-10
1269.0,0.0,0.0,0.0,0.0,0.0,0.0,0.0,2.2517734e-05,1.000095e-10,1.0007706e-10
1270.0,0.0,0.0,0.0,0.0,0.0,0.0,0.0,1.6998596e-05,1.000095e-10,1.0007706e-10
1271.0,0.0,0.0,0.0,0.0,0.0,0.0,0.0,1.1588829e-05,1.000095e-10,1.0007706e-10
1272.0,0.0,0.0,0.0,0.0,0.0,0.0,0.0,1.0254573e-05,1.000095e-10,1.0007706e-10
1273.0,0.0,0.0,0.0,0.0,0.0,0.0,0.0,8.920368e-06,1.000095e-10,1.0007706e-10
1274.0,0.0,0.0,0.0,0.0,0.0,0.0,0.0,7.5861426e-06,1.000095e-10,1.0007706e-10
1275.0,0.0,0.0,0.0,0.0,0.0,0.0,0.0,6.2519275e-06,1.000095e-10,1.0007706e-10
1276.0,0.0,0.0,0.0,0.0,0.0,0.0,0.0,4.9221453e-06,1.000095e-10,1.0007706e-10
1277.0,0.0,0.0,0.0,0.0,0.0,0.0,0.0,4.4747485e-06,1.000095e-10,1.0007706e-10
1278.0,0.0,0.0,0.0,0.0,0.0,0.0,0.0,4.0273517e-06,1.000095e-10,1.0007706e-10
1279.0,0.0,0.0,0.0,0.0,0.0,0.0,0.0,3.5799549e-06,1.000095e-10,1.0007706e-10
1280.0,0.0,0.0,0.0,0.0,0.0,0.0,0.0,3.132558e-06,1.000095e-10,1.0007706e-10
1281.0,0.0,0.0,0.0,0.0,0.0,0.0,0.0,2.6851612e-06,1.000095e-10,1.0007706e-10
1282.0,0.0,0.0,0.0,0.0,0.0,0.0,0.0,2.2377644e-06,1.000095e-10,1.0007706e-10
1283.0,0.0,0.0,0.0,0.0,0.0,0.0,0.0,1.7903676e-06,1.000095e-10,1.0007706e-10
1284.0,0.0,0.0,0.0,0.0,0.0,0.0,0.0,1.3429708e-06,1.000095e-10,1.0007706e-10
1285.0,0.0,0.0,0.0,0.0,0.0,0.0,0.0,1.2572859e-06,1.000095e-10,1.0007706e-10
1286.0,0.0,0.0,0.0,0.0,0.0,0.0,0.0,1.1734222e-06,1.000095e-10,1.0007706e-10
1287.0,0.0,0.0,0.0,0.0,0.0,0.0,0.0,1.0895484e-06,1.000095e-10,1.0007706e-10
1288.0,0.0,0.0,0.0,0.0,0.0,0.0,0.0,1.0056847e-06,1.000095e-10,1.0007706e-10
1289.0,0.0,0.0,0.0,0.0,0.0,0.0,0.0,9.2181386e-07,1.000095e-10,1.0007706e-10
1290.0,0.0,0.0,0.0,0.0,0.0,0.0,0.0,8.379451e-07,1.000095e-10,1.0007706e-10
1291.0,0.0,0.0,0.0,0.0,0.0,0.0,0.0,7.540764e-07,1.000095e-10,1.0007706e-10
1292.0,0.0,0.0,0.0,0.0,0.0,0.0,0.0,6.702086e-07,1.000095e-10,1.0007706e-10
1293.0,0.0,0.0,0.0,0.0,0.0,0.0,0.0,5.8633987e-07,1.000095e-10,1.0007706e-10
1294.0,0.0,0.0,0.0,0.0,0.0,0.0,0.0,5.024711e-07,1.000095e-10,1.0007706e-10
1295.0,0.0,0.0,0.0,0.0,0.0,0.0,0.0,4.1860332e-07,1.000095e-10,1.0007706e-10
1296.0,0.0,0.0,0.0,0.0,0.0,0.0,0.0,3.3473455e-07,1.000095e-10,1.0007706e-10
1297.0,0.0,0.0,0.0,0.0,0.0,0.0,0.0,2.508658e-07,1.000095e-10,1.0007706e-10
1298.0,0.0,0.0,0.0,0.0,0.0,0.0,0.0,1.6699704e-07,1.000095e-10,1.0007706e-10
1299.0,0.0,0.0,0.0,0.0,0.0,0.0,0.0,8.312909e-08,1.000095e-10,1.0007706e-10
1300.0,0.0,0.0,0.0,0.0,0.0,0.0,0.0,1.00064144e-10,1.000095e-10,1.0007706e-10
1301.0,0.0,0.0,0.0,0.0,0.0,0.0,0.0,1.00064144e-10,1.000095e-10,1.0007706e-10
1302.0,0.0,0.0,0.0,0.0,0.0,0.0,0.0,1.00064144e-10,1.000095e-10,1.0007706e-10
1303.0,0.0,0.0,0.0,0.0,0.0,0.0,0.0,1.00064144e-10,3.2345675e-08,1.0007706e-10
1304.0,0.0,0.0,0.0,0.0,0.0,0.0,0.0,1.00064144e-10,6.475355e-08,1.0007706e-10
1305.0,0.0,0.0,0.0,0.0,0.0,0.0,0.0,1.00064144e-10,9.716153e-08,1.0007706e-10
1306.0,0.0,0.0,0.0,0.0,0.0,0.0,0.0,1.00064144e-10,1.2956932e-07,1.0007706e-10
1307.0,0.0,0.0,0.0,0.0,0.0,0.0,0.0,1.00064144e-10,1.6197738e-07,1.0007706e-10
1308.0,0.0,0.0,0.0,0.0,0.0,0.0,0.0,1.00064144e-10,1.9438546e-07,1.0007706e-10
1309.0,0.0,0.0,0.0,0.0,0.0,0.0,0.0,1.00064144e-10,2.2679355e-07,1.0007706e-10
1310.0,0.0,0.0,0.0,0.0,0.0,0.0,0.0,1.00064144e-10,2.5920062e-07,1.0007706e-10
1311.0,0.0,0.0,0.0,0.0,0.0,0.0,0.0,1.00064144e-10,2.916087e-07,1.0007706e-10
1312.0,0.0,0.0,0.0,0.0,0.0,0.0,0.0,1.00064144e-10,3.2401678e-07,1.0007706e-10
1313.0,0.0,0.0,0.0,0.0,0.0,0.0,0.0,1.00064144e-10,3.5642486e-07,1.0007706e-10
1314.0,0.0,0.0,0.0,0.0,0.0,0.0,0.0,1.00064144e-10,3.8883294e-07,1.0007706e-10
1315.0,0.0,0.0,0.0,0.0,0.0,0.0,0.0,1.00064144e-10,3.8569763e-07,1.0007706e-10
1316.0,0.0,0.0,0.0,0.0,0.0,0.0,0.0,1.00064144e-10,3.8256334e-07,1.0007706e-10
1317.0,0.0,0.0,0.0,0.0,0.0,0.0,0.0,2.7117682e-08,3.7942905e-07,1.0007706e-10
1318.0,0.0,0.0,0.0,0.0,0.0,0.0,0.0,5.4547066e-08,3.7629474e-07,1.0007706e-10
1319.0,0.0,0.0,0.0,0.0,0.0,0.0,0.0,8.1976445e-08,3.7316045e-07,1.0007706e-10
1320.0,0.0,0.0,0.0,0.0,0.0,0.0,0.0,1.0940613e-07,3.7002616e-07,1.0007706e-10
1321.0,0.0,0.0,0.0,0.0,0.0,0.0,0.0,1.3683571e-07,3.6689187e-07,1.0007706e-10
1322.0,0.0,0.0,0.0,0.0,0.0,0.0,0.0,1.6426429e-07,3.6375656e-07,1.0007706e-10
1323.0,0.0,0.0,0.0,0.0,0.0,0.0,0.0,1.9169387e-07,3.6062227e-07,1.0007706e-10
1324.0,0.0,0.0,0.0,0.0,0.0,0.0,0.0,2.1912346e-07,3.5748795e-07,1.0007706e-10
1325.0,0.0,0.0,0.0,0.0,0.0,0.0,0.0,2.4655304e-07,3.5435366e-07,1.0007706e-10
1326.0,0.0,0.0,0.0,0.0,0.0,0.0,0.0,2.7398264e-07,3.5121937e-07,1.0007706e-10
1327.0,0.0,0.0,0.0,0.0,0.0,0.0,0.0,3.014122e-07,3.5432666e-07,1.0007706e-10
1328.0,0.0,0.0,0.0,0.0,0.0,0.0,0.0,3.288408e-07,3.5746496e-07,1.0007706e-10
1329.0,0.0,0.0,0.0,0.0,0.0,0.0,0.0,3.5627036e-07,3.6060325e-07,1.0007706e-10
1330.0,0.0,0.0,0.0,0.0,0.0,0.0,0.0,3.8369996e-07,3.6374155e-07,1.0007706e-10
1331.0,0.0,0.0,0.0,0.0,0.0,0.0,0.0,4.1112955e-07,3.6687985e-07,1.0007706e-10
1332.0,0.0,0.0,0.0,0.0,0.0,0.0,0.0,4.385591e-07,3.7001814e-07,1.0007706e-10
1333.0,0.0,0.0,0.0,0.0,0.0,0.0,0.0,4.1115555e-07,3.7315644e-07,1.0007706e-10
1334.0,0.0,0.0,0.0,0.0,0.0,0.0,0.0,3.8375097e-07,3.7629474e-07,1.0007706e-10
1335.0,0.0,0.0,0.0,0.0,0.0,0.0,0.0,3.563474e-07,3.7943303e-07,1.0007706e-10
1336.0,0.0,0.0,0.0,0.0,0.0,0.0,0.0,3.2894386e-07,3.8257136e-07,1.0007706e-10
1337.0,0.0,0.0,0.0,0.0,0.0,0.0,0.0,3.015403e-07,3.8570965e-07,1.0007706e-10
1338.0,0.0,0.0,0.0,0.0,0.0,0.0,0.0,2.741367e-07,3.8884295e-07,1.0007706e-10
1339.0,0.0,0.0,0.0,0.0,0.0,0.0,0.0,2.4673315e-07,3.9093214e-07,1.0007706e-10
1340.0,0.0,0.0,0.0,0.0,0.0,0.0,0.0,2.1932959e-07,3.9302034e-07,1.0007706e-10
1341.0,0.0,0.0,0.0,0.0,0.0,0.0,0.0,1.9192602e-07,3.9510954e-07,1.0007706e-10
1342.0,0.0,0.0,0.0,0.0,0.0,0.0,0.0,1.6452246e-07,3.9719774e-07,1.0007706e-10
1343.0,0.0,0.0,0.0,0.0,0.0,0.0,0.0,1.3711889e-07,3.9928693e-07,1.0007706e-10
1344.0,0.0,0.0,0.0,0.0,0.0,0.0,0.0,1.0971433e-07,4.0137513e-07,1.0007706e-10
1345.0,0.0,0.0,0.0,0.0,0.0,0.0,0.0,8.231106e-08,4.0346433e-07,1.0007706e-10
1346.0,0.0,0.0,0.0,0.0,0.0,0.0,0.0,5.4907396e-08,4.0555253e-07,1.0007706e-10
1347.0,0.0,0.0,0.0,0.0,0.0,0.0,0.0,2.7503729e-08,4.0764172e-07,1.0007706e-10
1348.0,0.0,0.0,0.0,0.0,0.0,0.0,0.0,1.00064144e-10,4.0973092e-07,1.0007706e-10
1349.0,0.0,0.0,0.0,0.0,0.0,0.0,0.0,1.00064144e-10,4.1181912e-07,1.0007706e-10
1350.0,0.0,0.0,0.0,0.0,0.0,0.0,0.0,1.00064144e-10,4.139083e-07,1.0007706e-10
1351.0,0.0,0.0,0.0,0.0,0.0,0.0,0.0,1.00064144e-10,3.7962008e-07,1.0007706e-10
1352.0,0.0,0.0,0.0,0.0,0.0,0.0,0.0,1.00064144e-10,3.451498e-07,1.0007706e-10
1353.0,0.0,0.0,0.0,0.0,0.0,0.0,0.0,1.00064144e-10,3.1067952e-07,1.0007706e-10
1354.0,0.0,0.0,0.0,0.0,0.0,0.0,0.0,1.00064144e-10,2.7620925e-07,1.0007706e-10
1355.0,0.0,0.0,0.0,0.0,0.0,0.0,0.0,1.00064144e-10,2.4173897e-07,1.0007706e-10
1356.0,0.0,0.0,0.0,0.0,0.0,0.0,0.0,1.00064144e-10,2.0726769e-07,1.0007706e-10
1357.0,0.0,0.0,0.0,0.0,0.0,0.0,0.0,1.00064144e-10,1.7279741e-07,1.0007706e-10
1358.0,0.0,0.0,0.0,0.0,0.0,0.0,0.0,1.00064144e-10,1.3832714e-07,1.0007706e-10
1359.0,0.0,0.0,0.0,0.0,0.0,0.0,0.0,1.00064144e-10,1.0385687e-07,1.0007706e-10
1360.0,0.0,0.0,0.0,0.0,0.0,0.0,0.0,1.00064144e-10,6.938599e-08,1.0007706e-10
1361.0,0.0,0.0,0.0,0.0,0.0,0.0,0.0,1.00064144e-10,3.4915516e-08,1.0007706e-10
1362.0,0.0,0.0,0.0,0.0,0.0,0.0,0.0,1.00064144e-10,4.4505127e-10,1.0007706e-10
1363.0,0.0,0.0,0.0,0.0,0.0,0.0,0.0,1.00064144e-10,4.1552347e-08,1.0007706e-10
1364.0,0.0,0.0,0.0,0.0,0.0,0.0,0.0,1.00064144e-10,8.342383e-08,1.0007706e-10
1365.0,0.0,0.0,0.0,0.0,0.0,0.0,0.0,2.3573612e-06,1.252949e-07,1.0007706e-10
1366.0,0.0,0.0,0.0,0.0,0.0,0.0,0.0,4.750555e-06,1.6716687e-07,1.0007706e-10
1367.0,0.0,0.0,0.0,0.0,0.0,0.0,0.0,7.1437594e-06,2.0903786e-07,1.0007706e-10
1368.0,0.0,0.0,0.0,0.0,0.0,0.0,0.0,9.536953e-06,2.5090984e-07,1.0007706e-10
1369.0,0.0,0.0,0.0,0.0,0.0,0.0,0.0,1.1930148e-05,2.927808e-07,1.0007706e-10
1370.0,0.0,0.0,0.0,0.0,0.0,0.0,0.0,1.4323381e-05,3.3465278e-07,1.0007706e-10
1371.0,0.0,0.0,0.0,0.0,0.0,0.0,0.0,1.6716514e-05,3.7652376e-07,1.0007706e-10
1372.0,0.0,0.0,0.0,0.0,0.0,0.0,0.0,2.9340006e-05,4.1839576e-07,1.0007706e-10
1373.0,0.0,0.0,0.0,0.0,0.0,0.0,0.0,7.141648e-05,4.6026673e-07,1.0007706e-10
1374.0,0.0,0.0,0.0,0.0,0.0,0.0,0.0,0.00012321898,5.0166665e-07,1.0007706e-10
1375.0,0.0,0.0,0.0,0.0,0.0,0.0,0.0,0.00023237095,4.9644717e-07,1.0007706e-10
1376.0,0.0,0.0,0.0,0.0,0.0,0.0,0.0,0.0002982712,4.912277e-07,1.0007706e-10
1377.0,0.0,0.0,0.0,0.0,0.0,0.0,0.0,0.00032925705,4.8600816e-07,1.0007706e-10
1378.0,0.0,0.0,0.0,0.0,0.0,0.0,0.0,0.0003214971,4.807887e-07,1.0007706e-10
1379.0,0.0,0.0,0.0,0.0,0.0,0.0,0.0,0.0003143345,4.7556819e-07,1.0007706e-10
1380.0,0.0,0.0,0.0,0.0,0.0,0.0,0.0,0.00029402648,4.7034868e-07,1.0007706e-10
1381.0,0.0,0.0,0.0,0.0,0.0,0.0,0.0,0.00027467206,4.6512918e-07,1.0007706e-10
1382.0,0.0,0.0,0.0,0.0,0.0,0.0,0.0,0.00030882497,4.599097e-07,1.0007706e-10
1383.0,0.0,0.0,0.0,0.0,0.0,0.0,0.0,0.0003335308,4.546902e-07,1.0007706e-10
1384.0,0.0,0.0,0.0,0.0,0.0,0.0,0.0,0.00032002214,4.494697e-07,1.0007706e-10
1385.0,0.0,0.0,0.0,0.0,0.0,0.0,0.0,0.00030274305,4.442502e-07,1.0007706e-10
1386.0,0.0,0.0,0.0,0.0,0.0,0.0,0.0,0.00030301322,4.390307e-07,1.0007706e-10
1387.0,0.0,0.0,0.0,0.0,0.0,0.0,0.0,0.00029473694,4.462904e-07,1.0007706e-10
1388.0,0.0,0.0,0.0,0.0,0.0,0.0,0.0,0.00020850565,4.536131e-07,1.0007706e-10
1389.0,0.0,0.0,0.0,0.0,0.0,0.0,0.0,0.00016827087,4.6093677e-07,1.0007706e-10
1390.0,0.0,0.0,0.0,0.0,0.0,0.0,0.0,0.00014233524,4.682595e-07,1.0007706e-10
1391.0,0.0,0.0,0.0,0.0,0.0,0.0,0.0,8.9739224e-05,4.7558217e-07,1.0007706e-10
1392.0,0.0,0.0,0.0,0.0,0.0,0.0,0.0,4.44595e-05,4.8290485e-07,1.0007706e-10
1393.0,0.0,0.0,0.0,0.0,0.0,0.0,0.0,3.0975356e-05,4.902276e-07,1.0007706e-10
1394.0,0.0,0.0,0.0,0.0,0.0,0.0,0.0,2.0994257e-05,4.975503e-07,1.0007706e-10
1395.0,0.0,0.0,0.0,0.0,0.0,0.0,0.0,1.151338e-05,5.0487296e-07,1.0007706e-10
1396.0,0.0,0.0,0.0,0.0,0.0,0.0,0.0,1.00064144e-10,5.1219666e-07,1.0007706e-10
1397.0,0.0,0.0,0.0,0.0,0.0,0.0,0.0,1.00064144e-10,5.1951935e-07,1.0007706e-10
1398.0,0.0,0.0,0.0,0.0,0.0,0.0,0.0,1.00064144e-10,5.2694907e-07,1.0007706e-10
1399.0,0.0,0.0,0.0,0.0,0.0,0.0,0.0,1.00064144e-10,5.556578e-07,1.0007706e-10
1400.0,0.0,0.0,0.0,0.0,0.0,0.0,0.0,1.00064144e-10,5.843655e-07,1.0007706e-10
1401.0,0.0,0.0,0.0,0.0,0.0,0.0,0.0,1.00064144e-10,6.1307423e-07,1.0007706e-10
1402.0,0.0,0.0,0.0,0.0,0.0,0.0,0.0,1.00064144e-10,6.4178295e-07,1.0007706e-10
1403.0,0.0,0.0,0.0,0.0,0.0,0.0,0.0,1.00064144e-10,6.704907e-07,1.0007706e-10
1404.0,0.0,0.0,0.0,0.0,0.0,0.0,0.0,1.00064144e-10,6.991994e-07,1.0007706e-10
1405.0,0.0,0.0,0.0,0.0,0.0,0.0,0.0,1.00064144e-10,7.279082e-07,1.0007706e-10
1406.0,0.0,0.0,0.0,0.0,0.0,0.0,0.0,1.00064144e-10,7.5661586e-07,1.0007706e-10
1407.0,0.0,0.0,0.0,0.0,0.0,0.0,0.0,1.00064144e-10,7.8532463e-07,1.0007706e-10
1408.0,0.0,0.0,0.0,0.0,0.0,0.0,0.0,1.00064144e-10,8.1403334e-07,1.0007706e-10
1409.0,0.0,0.0,0.0,0.0,0.0,0.0,0.0,1.00064144e-10,8.427411e-07,1.0007706e-10
1410.0,0.0,0.0,0.0,0.0,0.0,0.0,0.0,1.00064144e-10,8.714498e-07,1.0007706e-10
1411.0,0.0,0.0,0.0,0.0,0.0,0.0,0.0,1.00064144e-10,9.1059053e-07,1.0007706e-10
1412.0,0.0,0.0,0.0,0.0,0.0,0.0,0.0,1.00064144e-10,9.4983625e-07,1.0007706e-10
1413.0,0.0,0.0,0.0,0.0,0.0,0.0,0.0,1.00064144e-10,9.89082e-07,1.0007706e-10
1414.0,0.0,0.0,0.0,0.0,0.0,0.0,0.0,1.00064144e-10,1.0283277e-06,1.0007706e-10
1415.0,0.0,0.0,0.0,0.0,0.0,0.0,0.0,1.00064144e-10,1.0675715e-06,1.0007706e-10
1416.0,0.0,0.0,0.0,0.0,0.0,0.0,0.0,1.00064144e-10,1.1068252e-06,1.0007706e-10
1417.0,0.0,0.0,0.0,0.0,0.0,0.0,0.0,1.00064144e-10,1.1460688e-06,1.0007706e-10
1418.0,0.0,0.0,0.0,0.0,0.0,0.0,0.0,1.00064144e-10,1.1853126e-06,1.0007706e-10
1419.0,0.0,0.0,0.0,0.0,0.0,0.0,0.0,1.00064144e-10,1.2245563e-06,1.0007706e-10
1420.0,0.0,0.0,0.0,0.0,0.0,0.0,0.0,1.00064144e-10,1.2638001e-06,1.0007706e-10
1421.0,0.0,0.0,0.0,0.0,0.0,0.0,0.0,1.00064144e-10,1.3030538e-06,1.0007706e-10
1422.0,0.0,0.0,0.0,0.0,0.0,0.0,0.0,1.00064144e-10,1.3423776e-06,1.0007706e-10
1423.0,0.0,0.0,0.0,0.0,0.0,0.0,0.0,1.00064144e-10,1.3988729e-06,1.0007706e-10
1424.0,0.0,0.0,0.0,0.0,0.0,0.0,0.0,1.00064144e-10,1.4553583e-06,1.0007706e-10
1425.0,0.0,0.0,0.0,0.0,0.0,0.0,0.0,1.00064144e-10,1.5118536e-06,1.0007706e-10
1426.0,0.0,0.0,0.0,0.0,0.0,0.0,0.0,1.00064144e-10,1.568349e-06,1.0007706e-10
1427.0,0.0,0.0,0.0,0.0,0.0,0.0,0.0,1.00064144e-10,1.6248343e-06,1.0007706e-10
1428.0,0.0,0.0,0.0,0.0,0.0,0.0,0.0,1.00064144e-10,1.6813298e-06,1.0007706e-10
1429.0,0.0,0.0,0.0,0.0,0.0,0.0,0.0,1.00064144e-10,1.7378151e-06,1.0007706e-10
1430.0,0.0,0.0,0.0,0.0,0.0,0.0,0.0,1.00064144e-10,1.7943105e-06,1.0007706e-10
1431.0,0.0,0.0,0.0,0.0,0.0,0.0,0.0,1.00064144e-10,1.8507958e-06,1.0007706e-10
1432.0,0.0,0.0,0.0,0.0,0.0,0.0,0.0,1.00064144e-10,1.9072912e-06,1.0007706e-10
1433.0,0.0,0.0,0.0,0.0,0.0,0.0,0.0,1.00064144e-10,1.9637766e-06,1.0007706e-10
1434.0,0.0,0.0,0.0,0.0,0.0,0.0,0.0,1.00064144e-10,2.021302e-06,1.0007706e-10
1435.0,0.0,0.0,0.0,0.0,0.0,0.0,0.0,1.00064144e-10,2.146574e-06,1.0007706e-10
1436.0,0.0,0.0,0.0,0.0,0.0,0.0,0.0,1.00064144e-10,2.271846e-06,1.0007706e-10
1437.0,0.0,0.0,0.0,0.0,0.0,0.0,0.0,1.00064144e-10,2.3971177e-06,1.0007706e-10
1438.0,0.0,0.0,0.0,0.0,0.0,0.0,0.0,1.00064144e-10,2.5223897e-06,1.0007706e-10
1439.0,0.0,0.0,0.0,0.0,0.0,0.0,0.0,1.00064144e-10,2.6476716e-06,1.0007706e-10
1440.0,0.0,0.0,0.0,0.0,0.0,0.0,0.0,1.00064144e-10,2.7729434e-06,1.0007706e-10
1441.0,0.0,0.0,0.0,0.0,0.0,0.0,0.0,1.00064144e-10,2.8982154e-06,1.0007706e-10
1442.0,0.0,0.0,0.0,0.0,0.0,0.0,0.0,1.00064144e-10,3.0234871e-06,1.0007706e-10
1443.0,0.0,0.0,0.0,0.0,0.0,0.0,0.0,1.00064144e-10,3.148759e-06,1.0007706e-10
1444.0,0.0,0.0,0.0,0.0,0.0,0.0,0.0,3.7393968e-10,3.274031e-06,1.0007706e-10
1445.0,0.0,0.0,0.0,0.0,0.0,0.0,0.0,2.7734778e-08,3.3993028e-06,1.0007706e-10
1446.0,0.0,0.0,0.0,0.0,0.0,0.0,0.0,5.5095715e-08,3.5245748e-06,1.0007706e-10
1447.0,0.0,0.0,0.0,0.0,0.0,0.0,0.0,8.245655e-08,3.8994604e-06,1.0007706e-10
1448.0,0.0,0.0,0.0,0.0,0.0,0.0,0.0,1.0981739e-07,4.274336e-06,1.0007706e-10
1449.0,0.0,0.0,0.0,0.0,0.0,0.0,0.0,1.3717793e-07,4.649212e-06,1.0007706e-10
1450.0,0.0,0.0,0.0,0.0,0.0,0.0,0.0,1.6453947e-07,5.0240874e-06,1.0007706e-10
1451.0,0.0,0.0,0.0,0.0,0.0,0.0,0.0,1.9190001e-07,5.398973e-06,1.0007706e-10
1452.0,0.0,0.0,0.0,0.0,0.0,0.0,0.0,2.1926054e-07,5.7738484e-06,1.0007706e-10
1453.0,0.0,0.0,0.0,0.0,0.0,0.0,0.0,2.4662208e-07,6.148724e-06,1.0007706e-10
1454.0,0.0,0.0,0.0,0.0,0.0,0.0,0.0,2.7398264e-07,6.5236e-06,1.0007706e-10
1455.0,0.0,0.0,0.0,0.0,0.0,0.0,0.0,3.0134316e-07,6.8984755e-06,1.0007706e-10
1456.0,0.0,0.0,0.0,0.0,0.0,0.0,0.0,3.287047e-07,7.273361e-06,1.0007706e-10
1457.0,0.0,0.0,0.0,0.0,0.0,0.0,0.0,3.5606524e-07,7.6482365e-06,1.0007706e-10
1458.0,0.0,0.0,0.0,0.0,0.0,0.0,0.0,3.8342577e-07,8.025252e-06,1.0007706e-10
1459.0,0.0,0.0,0.0,0.0,0.0,0.0,0.0,4.1078732e-07,8.828339e-06,1.0007706e-10
1460.0,0.0,0.0,0.0,0.0,0.0,0.0,0.0,4.3814785e-07,9.631425e-06,1.0007706e-10
1461.0,0.0,0.0,0.0,0.0,0.0,0.0,0.0,4.115408e-07,1.0434491e-05,1.0007706e-10
1462.0,0.0,0.0,0.0,0.0,0.0,0.0,0.0,3.841122e-07,1.1237567e-05,1.0007706e-10
1463.0,0.0,0.0,0.0,0.0,0.0,0.0,0.0,3.5668262e-07,1.2040644e-05,1.0007706e-10
1464.0,0.0,0.0,0.0,0.0,0.0,0.0,0.0,3.2925306e-07,1.28438205e-05,1.0007706e-10
1465.0,0.0,0.0,0.0,0.0,0.0,0.0,0.0,3.0182346e-07,1.3646896e-05,1.0007706e-10
1466.0,0.0,0.0,0.0,0.0,0.0,0.0,0.0,2.743939e-07,1.4449973e-05,1.0007706e-10
1467.0,0.0,0.0,0.0,0.0,0.0,0.0,0.0,2.469643e-07,1.5253049e-05,1.0007706e-10
1468.0,0.0,0.0,0.0,0.0,0.0,0.0,0.0,2.1953572e-07,1.6056125e-05,1.0007706e-10
1469.0,0.0,0.0,0.0,0.0,0.0,0.0,0.0,1.9210614e-07,1.6859201e-05,1.0007706e-10
1470.0,0.0,0.0,0.0,0.0,0.0,0.0,0.0,1.6467656e-07,1.7864097e-05,1.0007706e-10
1471.0,0.0,0.0,0.0,0.0,0.0,0.0,0.0,1.3724697e-07,3.388872e-05,1.0007706e-10
1472.0,0.0,0.0,0.0,0.0,0.0,0.0,0.0,1.0981739e-07,3.3826913e-05,1.0007706e-10
1473.0,0.0,0.0,0.0,0.0,0.0,0.0,0.0,8.238831e-08,3.376521e-05,1.0007706e-10
1474.0,0.0,0.0,0.0,0.0,0.0,0.0,0.0,5.4958928e-08,3.3703403e-05,1.0007706e-10
1475.0,0.0,0.0,0.0,0.0,0.0,0.0,0.0,2.7529447e-08,3.5853005e-05,1.0007706e-10
1476.0,0.0,0.0,0.0,0.0,0.0,0.0,0.0,1.00064144e-10,3.801141e-05,1.0007706e-10
1477.0,0.0,0.0,0.0,0.0,0.0,0.0,0.0,1.00064144e-10,4.0169914e-05,1.0007706e-10
1478.0,0.0,0.0,0.0,0.0,0.0,0.0,0.0,1.00064144e-10,4.261985e-05,1.0007706e-10
1479.0,0.0,0.0,0.0,0.0,0.0,0.0,0.0,1.00064144e-10,4.5172692e-05,1.0007706e-10
1480.0,0.0,0.0,0.0,0.0,0.0,0.0,0.0,1.00064144e-10,4.8231483e-05,1.0007706e-10
1481.0,0.0,0.0,0.0,0.0,0.0,0.0,0.0,1.00064144e-10,5.1290273e-05,1.0007706e-10
1482.0,0.0,0.0,0.0,0.0,0.0,0.0,0.0,1.00064144e-10,5.4349064e-05,1.0007706e-10
1483.0,0.0,0.0,0.0,0.0,0.0,0.0,0.0,1.00064144e-10,5.6342553e-05,1.0007706e-10
1484.0,0.0,0.0,0.0,0.0,0.0,0.0,0.0,1.00064144e-10,6.334972e-05,1.0007706e-10
1485.0,0.0,0.0,0.0,0.0,0.0,0.0,0.0,1.00064144e-10,6.5412416e-05,1.0007706e-10
1486.0,0.0,0.0,0.0,0.0,0.0,0.0,0.0,1.00064144e-10,6.6497814e-05,1.0007706e-10
1487.0,0.0,0.0,0.0,0.0,0.0,0.0,0.0,1.00064144e-10,6.288318e-05,1.0007706e-10
1488.0,0.0,0.0,0.0,0.0,0.0,0.0,0.0,1.00064144e-10,5.8746482e-05,1.0007706e-10
1489.0,0.0,0.0,0.0,0.0,0.0,0.0,0.0,1.00064144e-10,6.554423e-05,1.0007706e-10
1490.0,0.0,0.0,0.0,0.0,0.0,0.0,0.0,1.00064144e-10,7.223866e-05,1.0007706e-10
1491.0,0.0,0.0,0.0,0.0,0.0,0.0,0.0,1.00064144e-10,7.628855e-05,1.0007706e-10
1492.0,0.0,0.0,0.0,0.0,0.0,0.0,0.0,1.00064144e-10,7.922573e-05,1.0007706e-10
1493.0,0.0,0.0,0.0,0.0,0.0,0.0,0.0,1.00064144e-10,7.961466e-05,1.0007706e-10
1494.0,0.0,0.0,0.0,0.0,0.0,0.0,0.0,1.00064144e-10,8.569754e-05,1.0007706e-10
1495.0,0.0,0.0,0.0,0.0,0.0,0.0,0.0,1.00064144e-10,9.360529e-05,1.0007706e-10
1496.0,0.0,0.0,0.0,0.0,0.0,0.0,0.0,1.00064144e-10,0.00010162265,1.0007706e-10
1497.0,0.0,0.0,0.0,0.0,0.0,0.0,0.0,1.00064144e-10,0.000107936256,1.0007706e-10
1498.0,0.0,0.0,0.0,0.0,0.0,0.0,0.0,1.00064144e-10,0.00011318375,1.0007706e-10
1499.0,0.0,0.0,0.0,0.0,0.0,0.0,0.0,1.00064144e-10,0.00011843025,1.0007706e-10
1500.0,0.0,0.0,0.0,0.0,0.0,0.0,0.0,1.00064144e-10,0.00013151349,1.0007706e-10
1501.0,0.0,0.0,0.0,0.0,0.0,0.0,0.0,1.00064144e-10,0.00013985128,1.0007706e-10
1502.0,0.0,0.0,0.0,0.0,0.0,0.0,0.0,1.00064144e-10,0.00015140738,1.0007706e-10
1503.0,0.0,0.0,0.0,0.0,0.0,0.0,0.0,1.00064144e-10,0.00017213135,1.0007706e-10
1504.0,0.0,0.0,0.0,0.0,0.0,0.0,0.0,1.00064144e-10,0.00017378651,1.0007706e-10
1505.0,0.0,0.0,0.0,0.0,0.0,0.0,0.0,1.00064144e-10,0.00017620374,1.0007706e-10
1506.0,0.0,0.0,0.0,0.0,0.0,0.0,0.0,1.00064144e-10,0.00019073112,1.0007706e-10
1507.0,0.0,0.0,0.0,0.0,0.0,0.0,0.0,1.00064144e-10,0.0002052585,1.0007706e-10
1508.0,0.0,0.0,0.0,0.0,0.0,0.0,0.0,1.00064144e-10,0.000221032,1.0007706e-10
1509.0,0.0,0.0,0.0,0.0,0.0,0.0,0.0,1.00064144e-10,0.00023935974,1.0007706e-10
1510.0,0.0,0.0,0.0,0.0,0.0,0.0,0.0,1.00064144e-10,0.00025646636,1.0007706e-10
1511.0,0.0,0.0,0.0,0.0,0.0,0.0,0.0,1.00064144e-10,0.0002745901,1.0007706e-10
1512.0,0.0,0.0,0.0,0.0,0.0,0.0,0.0,1.00064144e-10,0.00030065756,1.0007706e-10
1513.0,0.0,0.0,0.0,0.0,0.0,0.0,0.0,1.00064144e-10,0.00031137659,1.0007706e-10
1514.0,0.0,0.0,0.0,0.0,0.0,0.0,0.0,1.00064144e-10,0.0003399923,1.0007706e-10
1515.0,0.0,0.0,0.0,0.0,0.0,0.0,0.0,1.00064144e-10,0.0003673969,1.0007706e-10
1516.0,0.0,0.0,0.0,0.0,0.0,0.0,0.0,1.00064144e-10,0.00038476655,1.0007706e-10
1517.0,0.0,0.0,0.0,0.0,0.0,0.0,0.0,1.00064144e-10,0.0004240883,1.0007706e-10
1518.0,0.0,0.0,0.0,0.0,0.0,0.0,0.0,1.00064144e-10,0.00045604832,1.0007706e-10
1519.0,0.0,0.0,0.0,0.0,0.0,0.0,0.0,1.00064144e-10,0.0004958791,1.0007706e-10
1520.0,0.0,0.0,0.0,0.0,0.0,0.0,0.0,1.00064144e-10,0.00054978824,1.0007706e-10
1521.0,0.0,0.0,0.0,0.0,0.0,0.0,0.0,1.00064144e-10,0.0006111371,1.0007706e-10
1522.0,0.0,0.0,0.0,0.0,0.0,0.0,0.0,1.00064144e-10,0.0006639201,1.0007706e-10
1523.0,0.0,0.0,0.0,0.0,0.0,0.0,0.0,1.00064144e-10,0.00071627204,1.0007706e-10
1524.0,0.0,0.0,0.0,0.0,0.0,0.0,0.0,1.00064144e-10,0.0008017942,1.0007706e-10
1525.0,0.0,0.0,0.0,0.0,0.0,0.0,0.0,1.00064144e-10,0.00088815135,1.0007706e-10
1526.0,0.0,0.0,0.0,0.0,0.0,0.0,0.0,1.00064144e-10,0.0009945085,1.0007706e-10
1527.0,0.0,0.0,0.0,0.0,0.0,0.0,0.0,1.00064144e-10,0.0010950341,1.0007706e-10
1528.0,0.0,0.0,0.0,0.0,0.0,0.0,0.0,1.00064144e-10,0.0012122651,1.0007706e-10
1529.0,0.0,0.0,0.0,0.0,0.0,0.0,0.0,1.00064144e-10,0.0013776008,1.0007706e-10
1530.0,0.0,0.0,0.0,0.0,0.0,0.0,0.0,1.00064144e-10,0.0015393862,1.0007706e-10
1531.0,0.0,0.0,0.0,0.0,0.0,0.0,0.0,1.00064144e-10,0.0016925908,1.0007706e-10
1532.0,0.0,0.0,0.0,0.0,0.0,0.0,0.0,1.00064144e-10,0.0018563264,1.0007706e-10
1533.0,0.0,0.0,0.0,0.0,0.0,0.0,0.0,1.00064144e-10,0.0020392837,1.0007706e-10
1534.0,0.0,0.0,0.0,0.0,0.0,0.0,0.0,1.00064144e-10,0.0022301618,1.0007706e-10
1535.0,0.0,0.0,0.0,0.0,0.0,0.0,0.0,1.00064144e-10,0.0025007776,1.0007706e-10
1536.0,0.0,0.0,0.0,0.0,0.0,0.0,0.0,1.00064144e-10,0.0027562617,1.0007706e-10
1537.0,0.0,0.0,0.0,0.0,0.0,0.0,0.0,1.00064144e-10,0.0030311279,1.0007706e-10
1538.0,0.0,0.0,0.0,0.0,0.0,0.0,0.0,1.00064144e-10,0.00336649,1.0007706e-10
1539.0,0.0,0.0,0.0,0.0,0.0,0.0,0.0,1.00064144e-10,0.003736665,1.0007706e-10
1540.0,0.0,0.0,0.0,0.0,0.0,0.0,0.0,1.00064144e-10,0.0041526244,1.0007706e-10
1541.0,0.0,0.0,0.0,0.0,0.0,0.0,0.0,1.00064144e-10,0.0046026073,1.0007706e-10
1542.0,0.0,0.0,0.0,0.0,0.0,0.0,0.0,1.00064144e-10,0.005104845,1.0007706e-10
1543.0,0.0,0.0,0.0,0.0,0.0,0.0,0.0,1.00064144e-10,0.0056394357,1.0007706e-10
1544.0,0.0,0.0,0.0,0.0,0.0,0.0,0.0,1.00064144e-10,0.006273446,1.0007706e-10
1545.0,0.0,0.0,0.0,0.0,0.0,0.0,0.0,1.00064144e-10,0.0069423197,1.0007706e-10
1546.0,0.0,0.0,0.0,0.0,0.0,0.0,0.0,1.00064144e-10,0.0076593575,1.0007706e-10
1547.0,0.0,0.0,0.0,0.0,0.0,0.0,0.0,1.00064144e-10,0.008455403,1.0007706e-10
1548.0,0.0,0.0,0.0,0.0,0.0,0.0,0.0,1.00064144e-10,0.009354519,1.0007706e-10
1549.0,0.0,0.0,0.0,0.0,0.0,0.0,0.0,1.00064144e-10,0.01031648,1.0007706e-10
1550.0,0.0,0.0,0.0,0.0,0.0,0.0,0.0,1.00064144e-10,0.011332377,1.0007706e-10
1551.0,0.0,0.0,0.0,0.0,0.0,0.0,0.0,1.00064144e-10,0.012521589,1.0007706e-10
1552.0,0.0,0.0,0.0,0.0,0.0,0.0,0.0,1.00064144e-10,0.013805912,1.0007706e-10
1553.0,0.0,0.0,0.0,0.0,0.0,0.0,0.0,1.00064144e-10,0.01515834,1.0007706e-10
1554.0,0.0,0.0,0.0,0.0,0.0,0.0,0.0,1.00064144e-10,0.016708987,1.0007706e-10
1555.0,0.0,0.0,0.0,0.0,0.0,0.0,0.0,1.00064144e-10,0.018573765,1.0007706e-10
1556.0,0.0,0.0,0.0,0.0,0.0,0.0,0.0,1.00064144e-10,0.020605057,1.0007706e-10
1557.0,0.0,0.0,0.0,0.0,0.0,0.0,0.0,1.00064144e-10,0.022891575,1.0007706e-10
1558.0,0.0,0.0,0.0,0.0,0.0,0.0,0.0,1.00064144e-10,0.025382511,1.0007706e-10
1559.0,0.0,0.0,0.0,0.0,0.0,0.0,0.0,1.00064144e-10,0.028265985,1.0007706e-10
1560.0,0.0,0.0,0.0,0.0,0.0,0.0,0.0,1.00064144e-10,0.031643707,1.0007706e-10
1561.0,0.0,0.0,0.0,0.0,0.0,0.0,0.0,1.00064144e-10,0.035337858,1.0007706e-10
1562.0,0.0,0.0,0.0,0.0,0.0,0.0,0.0,1.00064144e-10,0.039281733,1.0007706e-10
1563.0,0.0,0.0,0.0,0.0,0.0,0.0,0.0,1.00064144e-10,0.043975778,1.0007706e-10
1564.0,0.0,0.0,0.0,0.0,0.0,0.0,0.0,1.00064144e-10,0.0494685,1.0007706e-10
1565.0,0.0,0.0,0.0,0.0,0.0,0.0,0.0,1.00064144e-10,0.05569439,9.335368e-09
1566.0,0.0,0.0,0.0,0.0,0.0,0.0,0.0,1.00064144e-10,0.062789164,1.8570699e-08
1567.0,0.0,0.0,0.0,0.0,0.0,0.0,0.0,1.00064144e-10,0.07095004,2.780591e-08
1568.0,0.0,0.0,0.0,0.0,0.0,0.0,0.0,1.00064144e-10,0.0809892,3.704122e-08
1569.0,0.0,0.0,0.0,0.0,0.0,0.0,0.0,1.00064144e-10,0.092049845,4.6276533e-08
1570.0,0.0,0.0,0.0,0.0,0.0,0.0,0.0,1.00064144e-10,0.10497497,5.5511844e-08
1571.0,0.0,0.0,0.0,0.0,0.0,0.0,0.0,1.00064144e-10,0.11968537,6.4747155e-08
1572.0,0.0,0.0,0.0,0.0,0.0,0.0,0.0,1.00064144e-10,0.13857016,7.398236e-08
1573.0,0.0,0.0,0.0,0.0,0.0,0.0,0.0,1.00064144e-10,0.15866807,8.321768e-08
1574.0,0.0,0.0,0.0,0.0,0.0,0.0,0.0,1.00064144e-10,0.18296438,9.2452986e-08
1575.0,0.0,0.0,0.0,0.0,0.0,0.0,0.0,1.00064144e-10,0.21216916,1.016883e-07
1576.0,0.0,0.0,0.0,0.0,0.0,0.0,0.0,1.00064144e-10,0.24380016,1.1092341e-07
1577.0,0.0,0.0,0.0,0.0,0.0,0.0,0.0,1.00064144e-10,0.28020462,1.2015852e-07
1578.0,0.0,0.0,0.0,0.0,0.0,0.0,0.0,1.00064144e-10,0.3220726,1.2939464e-07
1579.0,0.0,0.0,0.0,0.0,0.0,0.0,0.0,1.00064144e-10,0.3675149,1.3862974e-07
1580.0,0.0,0.0,0.0,0.0,0.0,0.0,0.0,1.00064144e-10,0.41697162,1.4451027e-07
1581.0,0.0,0.0,0.0,0.0,0.0,0.0,0.0,1.00064144e-10,0.4705447,1.503918e-07
1582.0,0.0,0.0,0.0,0.0,0.0,0.0,0.0,1.00064144e-10,0.52770215,1.5627333e-07
1583.0,0.0,0.0,0.0,0.0,0.0,0.0,0.0,1.00064144e-10,0.5854356,1.6215486e-07
1584.0,0.0,0.0,0.0,0.0,0.0,0.0,0.0,1.00064144e-10,0.6426191,1.6803538e-07
1585.0,0.0,0.0,0.0,0.0,0.0,0.0,0.0,1.00064144e-10,0.7005305,1.7391692e-07
1586.0,0.0,0.0,0.0,0.0,0.0,0.0,0.0,1.00064144e-10,0.75601685,1.7979845e-07
1587.0,0.0,0.0,0.0,0.0,0.0,0.0,0.0,1.00064144e-10,0.80188316,1.8567998e-07
1588.0,0.0,0.0,0.0,0.0,0.0,0.0,0.0,1.00064144e-10,0.8460114,1.915605e-07
1589.0,0.0,0.0,0.0,0.0,0.0,0.0,0.0,1.00064144e-10,0.88433003,1.9744203e-07
1590.0,0.0,0.0,0.0,0.0,0.0,0.0,0.0,1.00064144e-10,0.91524196,2.0332357e-07
1591.0,0.0,0.0,0.0,0.0,0.0,0.0,0.0,1.00064144e-10,0.9400783,2.0920409e-07
1592.0,0.0,0.0,0.0,0.0,0.0,0.0,0.0,1.00064144e-10,0.96061224,2.1508562e-07
1593.0,0.0,0.0,0.0,0.0,0.0,0.0,0.0,1.00064144e-10,0.9747436,2.2096714e-07
1594.0,0.0,0.0,0.0,0.0,0.0,0.0,0.0,1.00064144e-10,0.98567164,2.2684867e-07
1595.0,0.0,0.0,0.0,0.0,0.0,0.0,0.0,1.00064144e-10,0.9933554,2.3944636e-07
1596.0,0.0,0.0,0.0,0.0,0.0,0.0,0.0,1.00064144e-10,0.9975648,2.5204508e-07
1597.0,0.0,0.0,0.0,0.0,0.0,0.0,0.0,1.00064144e-10,0.99972296,2.6464377e-07
1598.0,0.0,0.0,0.0,0.0,0.0,0.0,0.0,1.00064144e-10,1.0,2.7724246e-07
1599.0,0.0,0.0,0.0,0.0,0.0,0.0,0.0,1.00064144e-10,0.99864686,2.898402e-07
1600.0,0.0,0.0,0.0,0.0,0.0,0.0,0.0,1.00064144e-10,0.9968827,3.0243888e-07
1601.0,0.0,0.0,0.0,0.0,0.0,0.0,0.0,1.00064144e-10,0.9948515,3.1503757e-07
1602.0,0.0,0.0,0.0,0.0,0.0,0.0,0.0,1.00064144e-10,0.9923733,3.276363e-07
1603.0,0.0,0.0,0.0,0.0,0.0,0.0,0.0,1.00064144e-10,0.9905351,3.4023498e-07
1604.0,0.0,0.0,0.0,0.0,0.0,0.0,0.0,1.00064144e-10,0.98888195,3.5283267e-07
1605.0,0.0,0.0,0.0,0.0,0.0,0.0,0.0,1.00064144e-10,0.98778284,3.654314e-07
1606.0,0.0,0.0,0.0,0.0,0.0,0.0,0.0,1.00064144e-10,0.9867687,3.7803008e-07
1607.0,0.0,0.0,0.0,0.0,0.0,0.0,0.0,1.00064144e-10,0.98585963,3.9062877e-07
1608.0,0.0,0.0,0.0,0.0,0.0,0.0,0.0,1.00064144e-10,0.9852826,4.032265e-07
1609.0,0.0,0.0,0.0,0.0,0.0,0.0,0.0,1.00064144e-10,0.98476154,4.1582518e-07
1610.0,0.0,0.0,0.0,0.0,0.0,0.0,0.0,1.00064144e-10,0.98411447,4.1003273e-07
1611.0,0.0,0.0,0.0,0.0,0.0,0.0,0.0,1.00064144e-10,0.98376745,4.041472e-07
1612.0,0.0,0.0,0.0,0.0,0.0,0.0,0.0,1.00064144e-10,0.9833874,3.9826267e-07
1613.0,0.0,0.0,0.0,0.0,0.0,0.0,0.0,1.00064144e-10,0.97959006,3.9237713e-07
1614.0,0.0,0.0,0.0,0.0,0.0,0.0,0.0,1.00064144e-10,0.97938704,3.864916e-07
1615.0,0.0,0.0,0.0,0.0,0.0,0.0,0.0,1.00064144e-10,0.9774579,3.8060708e-07
1616.0,0.0,0.0,0.0,0.0,0.0,0.0,0.0,1.00064144e-10,0.97539663,3.7472154e-07
1617.0,0.0,0.0,0.0,0.0,0.0,0.0,0.0,1.00064144e-10,0.9736115,3.68836e-07
1618.0,0.0,0.0,0.0,0.0,0.0,0.0,0.0,1.00064144e-10,0.9716313,3.6295148e-07
1619.0,0.0,0.0,0.0,0.0,0.0,0.0,0.0,1.00064144e-10,0.9706122,3.5706594e-07
1620.0,0.0,0.0,0.0,0.0,0.0,0.0,0.0,1.00064144e-10,0.96920705,3.511814e-07
1621.0,0.0,0.0,0.0,0.0,0.0,0.0,0.0,1.00064144e-10,0.96784794,3.452959e-07
1622.0,0.0,0.0,0.0,0.0,0.0,0.0,0.0,1.00064144e-10,0.9667888,3.3941035e-07
1623.0,0.0,0.0,0.0,0.0,0.0,0.0,0.0,1.00064144e-10,0.96561974,3.335258e-07
1624.0,0.0,0.0,0.0,0.0,0.0,0.0,0.0,1.00064144e-10,0.9635385,3.276403e-07
1625.0,0.0,0.0,0.0,0.0,0.0,0.0,0.0,1.00064144e-10,0.96060026,3.2176476e-07
1626.0,0.0,0.0,0.0,0.0,0.0,0.0,0.0,1.00064144e-10,0.95628583,3.1588922e-07
1627.0,0.0,0.0,0.0,0.0,0.0,0.0,0.0,1.00064144e-10,0.9504123,3.1001372e-07
1628.0,0.0,0.0,0.0,0.0,0.0,0.0,0.0,1.00064144e-10,0.9438947,3.0413918e-07
1629.0,0.0,0.0,0.0,0.0,0.0,0.0,0.0,1.00064144e-10,0.93412477,2.9826367e-07
1630.0,0.0,0.0,0.0,0.0,0.0,0.0,0.0,1.00064144e-10,0.9222666,2.9238814e-07
1631.0,0.0,0.0,0.0,0.0,0.0,0.0,0.0,1.00064144e-10,0.9080173,2.865126e-07
1632.0,0.0,0.0,0.0,0.0,0.0,0.0,0.0,1.00064144e-10,0.8905556,2.806371e-07
1633.0,0.0,0.0,0.0,0.0,0.0,0.0,0.0,1.00064144e-10,0.8730329,2.7476156e-07
1634.0,0.0,0.0,0.0,0.0,0.0,0.0,0.0,1.00064144e-10,0.8491897,2.6888705e-07
1635.0,0.0,0.0,0.0,0.0,0.0,0.0,0.0,1.00064144e-10,0.82358426,2.6301151e-07
1636.0,0.0,0.0,0.0,0.0,0.0,0.0,0.0,1.00064144e-10,0.7957516,2.57136e-07
1637.0,0.0,0.0,0.0,0.0,0.0,0.0,0.0,1.00064144e-10,0.7662498,2.5126047e-07
1638.0,0.0,0.0,0.0,0.0,0.0,0.0,0.0,1.00064144e-10,0.7338987,2.4538494e-07
1639.0,0.0,0.0,0.0,0.0,0.0,0.0,0.0,1.00064144e-10,0.69939345,2.3950943e-07
1640.0,0.0,0.0,0.0,0.0,0.0,0.0,0.0,1.00064144e-10,0.66464216,2.3279925e-07
1641.0,0.0,0.0,0.0,0.0,0.0,0.0,0.0,1.00064144e-10,0.6296588,2.2608008e-07
1642.0,0.0,0.0,0.0,0.0,0.0,0.0,0.0,1.00064144e-10,0.59274733,2.1936091e-07
1643.0,0.0,0.0,0.0,0.0,0.0,0.0,0.0,1.00064144e-10,0.557621,2.1264174e-07
1644.0,0.0,0.0,0.0,0.0,0.0,0.0,0.0,1.00064144e-10,0.5205225,2.0592256e-07
1645.0,0.0,0.0,0.0,0.0,0.0,0.0,0.0,1.00064144e-10,0.48801836,1.9920338e-07
1646.0,0.0,0.0,0.0,0.0,0.0,0.0,0.0,1.00064144e-10,0.45494223,1.9248421e-07
1647.0,0.0,0.0,0.0,0.0,0.0,0.0,0.0,1.00064144e-10,0.4232322,1.8576505e-07
1648.0,0.0,0.0,0.0,0.0,0.0,0.0,0.0,1.00064144e-10,0.39113116,1.7904587e-07
1649.0,0.0,0.0,0.0,0.0,0.0,0.0,0.0,1.00064144e-10,0.36237842,1.723267e-07
1650.0,0.0,0.0,0.0,0.0,0.0,0.0,0.0,1.00064144e-10,0.33487383,1.6560752e-07
1651.0,0.0,0.0,0.0,0.0,0.0,0.0,0.0,1.00064144e-10,0.3074202,1.5888834e-07
1652.0,0.0,0.0,0.0,0.0,0.0,0.0,0.0,1.00064144e-10,0.28373596,1.5216916e-07
1653.0,0.0,0.0,0.0,0.0,0.0,0.0,0.0,1.00064144e-10,0.26065576,1.4545e-07
1654.0,0.0,0.0,0.0,0.0,0.0,0.0,0.0,1.00064144e-10,0.23943174,1.3873083e-07
1655.0,0.0,0.0,0.0,0.0,0.0,0.0,0.0,1.00064144e-10,0.21850276,1.3862974e-07
1656.0,0.0,0.0,0.0,0.0,0.0,0.0,0.0,1.00064144e-10,0.19974098,1.3862974e-07
1657.0,0.0,0.0,0.0,0.0,0.0,0.0,0.0,1.00064144e-10,0.18223631,1.3862974e-07
1658.0,0.0,0.0,0.0,0.0,0.0,0.0,0.0,1.00064144e-10,0.16571075,1.3862974e-07
1659.0,0.0,0.0,0.0,0.0,0.0,0.0,0.0,1.00064144e-10,0.15106834,1.3862974e-07
1660.0,0.0,0.0,0.0,0.0,0.0,0.0,0.0,1.00064144e-10,0.13739206,1.3862974e-07
1661.0,0.0,0.0,0.0,0.0,0.0,0.0,0.0,1.00064144e-10,0.12513389,1.3862974e-07
1662.0,0.0,0.0,0.0,0.0,0.0,0.0,0.0,1.00064144e-10,0.11299373,1.3862974e-07
1663.0,0.0,0.0,0.0,0.0,0.0,0.0,0.0,1.00064144e-10,0.10273676,1.3862974e-07
1664.0,0.0,0.0,0.0,0.0,0.0,0.0,0.0,1.00064144e-10,0.09280032,1.3862974e-07
1665.0,0.0,0.0,0.0,0.0,0.0,0.0,0.0,1.00064144e-10,0.08438221,1.3862974e-07
1666.0,0.0,0.0,0.0,0.0,0.0,0.0,0.0,1.00064144e-10,0.075794004,1.3862974e-07
1667.0,0.0,0.0,0.0,0.0,0.0,0.0,0.0,1.00064144e-10,0.06863772,1.3862974e-07
1668.0,0.0,0.0,0.0,0.0,0.0,0.0,0.0,1.00064144e-10,0.061958887,1.3862974e-07
1669.0,0.0,0.0,0.0,0.0,0.0,0.0,0.0,1.00064144e-10,0.056170937,1.3858372e-07
1670.0,0.0,0.0,0.0,0.0,0.0,0.0,0.0,1.00064144e-10,0.05104555,1.293546e-07
1671.0,0.0,0.0,0.0,0.0,0.0,0.0,0.0,1.00064144e-10,0.04597157,1.201245e-07
1672.0,0.0,0.0,0.0,0.0,0.0,0.0,0.0,1.00064144e-10,0.04180517,1.1089539e-07
1673.0,0.0,0.0,0.0,0.0,0.0,0.0,0.0,1.00064144e-10,0.03780099,1.0166628e-07
1674.0,0.0,0.0,0.0,0.0,0.0,0.0,0.0,1.00064144e-10,0.03452868,9.2437574e-08
1675.0,0.0,0.0,0.0,0.0,0.0,0.0,0.0,1.00064144e-10,0.03137148,8.320847e-08
1676.0,0.0,0.0,0.0,0.0,0.0,0.0,0.0,1.00064144e-10,0.028517108,7.3979365e-08
1677.0,0.0,0.0,0.0,0.0,0.0,0.0,0.0,1.00064144e-10,0.026015071,6.475016e-08
1678.0,0.0,0.0,0.0,0.0,0.0,0.0,0.0,1.00064144e-10,0.023647746,5.5521053e-08
1679.0,0.0,0.0,0.0,0.0,0.0,0.0,0.0,1.00064144e-10,0.021513944,4.6291944e-08
1680.0,0.0,0.0,0.0,0.0,0.0,0.0,0.0,1.00064144e-10,0.019643366,3.706284e-08
1681.0,0.0,0.0,0.0,0.0,0.0,0.0,0.0,1.00064144e-10,0.017928803,2.7833632e-08
1682.0,0.0,0.0,0.0,0.0,0.0,0.0,0.0,1.00064144e-10,0.01631455,1.8604526e-08
1683.0,0.0,0.0,0.0,0.0,0.0,0.0,0.0,1.00064144e-10,0.014970822,9.375399e-09
1684.0,0.0,0.0,0.0,0.0,0.0,0.0,0.0,1.00064144e-10,0.013770208,1.4626762e-10
1685.0,0.0,0.0,0.0,0.0,0.0,0.0,0.0,1.00064144e-10,0.0126295,1.0007706e-10
1686.0,0.0,0.0,0.0,0.0,0.0,0.0,0.0,1.00064144e-10,0.011566299,1.0007706e-10
1687.0,0.0,0.0,0.0,0.0,0.0,0.0,0.0,1.00064144e-10,0.010619509,1.0007706e-10
1688.0,0.0,0.0,0.0,0.0,0.0,0.0,0.0,1.00064144e-10,0.009805932,1.0007706e-10
1689.0,0.0,0.0,0.0,0.0,0.0,0.0,0.0,1.00064144e-10,0.009074942,1.0007706e-10
1690.0,0.0,0.0,0.0,0.0,0.0,0.0,0.0,1.00064144e-10,0.008381456,1.0007706e-10
1691.0,0.0,0.0,0.0,0.0,0.0,0.0,0.0,1.00064144e-10,0.007728694,1.0007706e-10
1692.0,0.0,0.0,0.0,0.0,0.0,0.0,0.0,1.00064144e-10,0.00715809,1.0007706e-10
1693.0,0.0,0.0,0.0,0.0,0.0,0.0,0.0,1.00064144e-10,0.00663221,1.0007706e-10
1694.0,0.0,0.0,0.0,0.0,0.0,0.0,0.0,1.00064144e-10,0.006138363,1.0007706e-10
1695.0,0.0,0.0,0.0,0.0,0.0,0.0,0.0,1.00064144e-10,0.0057958406,1.0007706e-10
1696.0,0.0,0.0,0.0,0.0,0.0,0.0,0.0,1.00064144e-10,0.0054559885,1.0007706e-10
1697.0,0.0,0.0,0.0,0.0,0.0,0.0,0.0,1.00064144e-10,0.005077632,1.0007706e-10
1698.0,0.0,0.0,0.0,0.0,0.0,0.0,0.0,1.00064144e-10,0.0047292393,1.0007706e-10
1699.0,0.0,0.0,0.0,0.0,0.0,0.0,0.0,1.00064144e-10,0.0044443724,1.0007706e-10
1700.0,0.0,0.0,0.0,0.0,0.0,0.0,0.0,1.00064144e-10,0.004097599,1.0007706e-10
1701.0,0.0,0.0,0.0,0.0,0.0,0.0,0.0,1.00064144e-10,0.0038073016,1.0007706e-10
1702.0,0.0,0.0,0.0,0.0,0.0,0.0,0.0,1.00064144e-10,0.003536396,1.0007706e-10
1703.0,0.0,0.0,0.0,0.0,0.0,0.0,0.0,1.00064144e-10,0.0033007336,1.0007706e-10
1704.0,0.0,0.0,0.0,0.0,0.0,0.0,0.0,1.00064144e-10,0.003021017,1.0007706e-10
1705.0,0.0,0.0,0.0,0.0,0.0,0.0,0.0,1.00064144e-10,0.0028388398,1.0007706e-10
1706.0,0.0,0.0,0.0,0.0,0.0,0.0,0.0,1.00064144e-10,0.0025585631,1.0007706e-10
1707.0,0.0,0.0,0.0,0.0,0.0,0.0,0.0,1.00064144e-10,0.0023949174,1.0007706e-10
1708.0,0.0,0.0,0.0,0.0,0.0,0.0,0.0,1.00064144e-10,0.002252644,1.0007706e-10
1709.0,0.0,0.0,0.0,0.0,0.0,0.0,0.0,1.00064144e-10,0.002094009,1.0007706e-10
1710.0,0.0,0.0,0.0,0.0,0.0,0.0,0.0,1.00064144e-10,0.0019851786,1.0007706e-10
1711.0,0.0,0.0,0.0,0.0,0.0,0.0,0.0,1.00064144e-10,0.00189553,1.0007706e-10
1712.0,0.0,0.0,0.0,0.0,0.0,0.0,0.0,1.00064144e-10,0.0017502262,1.0007706e-10
1713.0,0.0,0.0,0.0,0.0,0.0,0.0,0.0,1.00064144e-10,0.0016328051,1.0007706e-10
1714.0,0.0,0.0,0.0,0.0,0.0,0.0,0.0,1.00064144e-10,0.0015237448,1.0007706e-10
1715.0,0.0,0.0,0.0,0.0,0.0,0.0,0.0,1.00064144e-10,0.0014146745,1.0007706e-10
1716.0,0.0,0.0,0.0,0.0,0.0,0.0,0.0,1.00064144e-10,0.0013139949,1.0007706e-10
1717.0,0.0,0.0,0.0,0.0,0.0,0.0,0.0,1.00064144e-10,0.0012231062,1.0007706e-10
1718.0,0.0,0.0,0.0,0.0,0.0,0.0,0.0,1.00064144e-10,0.0011114856,1.0007706e-10
1719.0,0.0,0.0,0.0,0.0,0.0,0.0,0.0,1.00064144e-10,0.00105345,1.0007706e-10
1720.0,0.0,0.0,0.0,0.0,0.0,0.0,0.0,1.00064144e-10,0.0009903881,1.0007706e-10
1721.0,0.0,0.0,0.0,0.0,0.0,0.0,0.0,1.00064144e-10,0.00092916325,1.0007706e-10
1722.0,0.0,0.0,0.0,0.0,0.0,0.0,0.0,1.00064144e-10,0.0008954821,1.0007706e-10
1723.0,0.0,0.0,0.0,0.0,0.0,0.0,0.0,1.00064144e-10,0.0008398228,1.0007706e-10
1724.0,0.0,0.0,0.0,0.0,0.0,0.0,0.0,1.00064144e-10,0.000789451,1.0007706e-10
1725.0,0.0,0.0,0.0,0.0,0.0,0.0,0.0,1.00064144e-10,0.00071310176,1.0007706e-10
1726.0,0.0,0.0,0.0,0.0,0.0,0.0,0.0,1.00064144e-10,0.00064681645,1.0007706e-10
1727.0,0.0,0.0,0.0,0.0,0.0,0.0,0.0,1.00064144e-10,0.0006241953,1.0007706e-10
1728.0,0.0,0.0,0.0,0.0,0.0,0.0,0.0,1.00064144e-10,0.000568651,1.0007706e-10
1729.0,0.0,0.0,0.0,0.0,0.0,0.0,0.0,1.00064144e-10,0.00053621794,1.0007706e-10
1730.0,0.0,0.0,0.0,0.0,0.0,0.0,0.0,1.00064144e-10,0.0005022317,1.0007706e-10
1731.0,0.0,0.0,0.0,0.0,0.0,0.0,0.0,1.00064144e-10,0.0004967592,1.0007706e-10
1732.0,0.0,0.0,0.0,0.0,0.0,0.0,0.0,1.00064144e-10,0.00045618133,1.0007706e-10
1733.0,0.0,0.0,0.0,0.0,0.0,0.0,0.0,1.00064144e-10,0.0004303179,1.0007706e-10
1734.0,0.0,0.0,0.0,0.0,0.0,0.0,0.0,1.00064144e-10,0.0004284117,1.0007706e-10
1735.0,0.0,0.0,0.0,0.0,0.0,0.0,0.0,1.00064144e-10,0.0004296748,1.0007706e-10
1736.0,0.0,0.0,0.0,0.0,0.0,0.0,0.0,1.00064144e-10,0.00040445942,1.0007706e-10
1737.0,0.0,0.0,0.0,0.0,0.0,0.0,0.0,1.00064144e-10,0.000368428,1.0007706e-10
1738.0,0.0,0.0,0.0,0.0,0.0,0.0,0.0,1.00064144e-10,0.00034413268,1.0007706e-10
1739.0,0.0,0.0,0.0,0.0,0.0,0.0,0.0,1.00064144e-10,0.00033514583,1.0007706e-10
1740.0,0.0,0.0,0.0,0.0,0.0,0.0,0.0,1.00064144e-10,0.0003199544,1.0007706e-10
1741.0,0.0,0.0,0.0,0.0,0.0,0.0,0.0,1.00064144e-10,0.00029928144,1.0007706e-10
1742.0,0.0,0.0,0.0,0.0,0.0,0.0,0.0,1.00064144e-10,0.00027860946,1.0007706e-10
1743.0,0.0,0.0,0.0,0.0,0.0,0.0,0.0,1.00064144e-10,0.0002579365,1.0007706e-10
1744.0,0.0,0.0,0.0,0.0,0.0,0.0,0.0,1.00064144e-10,0.00023726354,1.0007706e-10
1745.0,0.0,0.0,0.0,0.0,0.0,0.0,0.0,1.00064144e-10,0.0002475955,1.0007706e-10
1746.0,0.0,0.0,0.0,0.0,0.0,0.0,0.0,1.00064144e-10,0.00022836769,1.0007706e-10
1747.0,0.0,0.0,0.0,0.0,0.0,0.0,0.0,1.00064144e-10,0.0002115681,1.0007706e-10
1748.0,0.0,0.0,0.0,0.0,0.0,0.0,0.0,1.00064144e-10,0.00020086208,1.0007706e-10
1749.0,0.0,0.0,0.0,0.0,0.0,0.0,0.0,1.00064144e-10,0.00019000906,1.0007706e-10
1750.0,0.0,0.0,0.0,0.0,0.0,0.0,0.0,1.00064144e-10,0.00017767688,1.0007706e-10
1751.0,0.0,0.0,0.0,0.0,0.0,0.0,0.0,1.00064144e-10,0.00016534471,1.0007706e-10
1752.0,0.0,0.0,0.0,0.0,0.0,0.0,0.0,1.00064144e-10,0.00015332457,1.0007706e-10
1753.0,0.0,0.0,0.0,0.0,0.0,0.0,0.0,1.00064144e-10,0.00014141944,1.0007706e-10
1754.0,0.0,0.0,0.0,0.0,0.0,0.0,0.0,1.00064144e-10,0.00014246753,1.0007706e-10
1755.0,0.0,0.0,0.0,0.0,0.0,0.0,0.0,1.00064144e-10,0.00015033728,1.0007706e-10
1756.0,0.0,0.0,0.0,0.0,0.0,0.0,0.0,1.00064144e-10,0.0001536066,1.0007706e-10
1757.0,0.0,0.0,0.0,0.0,0.0,0.0,0.0,1.00064144e-10,0.00015080432,1.0007706e-10
1758.0,0.0,0.0,0.0,0.0,0.0,0.0,0.0,1.00064144e-10,0.00014800105,1.0007706e-10
1759.0,0.0,0.0,0.0,0.0,0.0,0.0,0.0,1.00064144e-10,0.00014347263,1.0007706e-10
1760.0,0.0,0.0,0.0,0.0,0.0,0.0,0.0,1.00064144e-10,0.00013826914,1.0007706e-10
1761.0,0.0,0.0,0.0,0.0,0.0,0.0,0.0,1.00064144e-10,0.00013306564,1.0007706e-10
1762.0,0.0,0.0,0.0,0.0,0.0,0.0,0.0,1.00064144e-10,0.00012786215,1.0007706e-10
1763.0,0.0,0.0,0.0,0.0,0.0,0.0,0.0,1.00064144e-10,0.00012265865,1.0007706e-10
1764.0,0.0,0.0,0.0,0.0,0.0,0.0,0.0,1.00064144e-10,0.00011745416,1.0007706e-10
1765.0,0.0,0.0,0.0,0.0,0.0,0.0,0.0,1.00064144e-10,0.000112250666,1.0007706e-10
1766.0,0.0,0.0,0.0,0.0,0.0,0.0,0.0,1.00064144e-10,0.00010704717,1.0007706e-10
1767.0,0.0,0.0,0.0,0.0,0.0,0.0,0.0,1.00064144e-10,0.000101843674,1.0007706e-10
1768.0,0.0,0.0,0.0,0.0,0.0,0.0,0.0,1.00064144e-10,9.664018e-05,1.0007706e-10
1769.0,0.0,0.0,0.0,0.0,0.0,0.0,0.0,1.00064144e-10,9.143659e-05,1.0007706e-10
1770.0,0.0,0.0,0.0,0.0,0.0,0.0,0.0,1.00064144e-10,8.623299e-05,1.0007706e-10
1771.0,0.0,0.0,0.0,0.0,0.0,0.0,0.0,1.00064144e-10,8.366025e-05,1.0007706e-10
1772.0,0.0,0.0,0.0,0.0,0.0,0.0,0.0,1.00064144e-10,8.1087404e-05,1.0007706e-10
1773.0,0.0,0.0,0.0,0.0,0.0,0.0,0.0,1.00064144e-10,7.851466e-05,1.0007706e-10
1774.0,0.0,0.0,0.0,0.0,0.0,0.0,0.0,1.00064144e-10,7.594182e-05,1.0007706e-10
1775.0,0.0,0.0,0.0,0.0,0.0,0.0,0.0,1.00064144e-10,7.336907e-05,1.0007706e-10
1776.0,0.0,0.0,0.0,0.0,0.0,0.0,0.0,1.00064144e-10,7.0796224e-05,1.0007706e-10
1777.0,0.0,0.0,0.0,0.0,0.0,0.0,0.0,1.00064144e-10,6.822348e-05,1.0007706e-10
1778.0,0.0,0.0,0.0,0.0,0.0,0.0,0.0,1.00064144e-10,6.565064e-05,1.0007706e-10
1779.0,0.0,0.0,0.0,0.0,0.0,0.0,0.0,1.00064144e-10,6.3077896e-05,1.0007706e-10
1780.0,0.0,0.0,0.0,0.0,0.0,0.0,0.0,1.00064144e-10,6.0505048e-05,1.0007706e-10
1781.0,0.0,0.0,0.0,0.0,0.0,0.0,0.0,1.00064144e-10,5.7932204e-05,1.0007706e-10
1782.0,0.0,0.0,0.0,0.0,0.0,0.0,0.0,1.00064144e-10,5.535946e-05,1.0007706e-10
1783.0,0.0,0.0,0.0,0.0,0.0,0.0,0.0,1.00064144e-10,5.346478e-05,1.0007706e-10
1784.0,0.0,0.0,0.0,0.0,0.0,0.0,0.0,1.00064144e-10,5.15805e-05,1.0007706e-10
1785.0,0.0,0.0,0.0,0.0,0.0,0.0,0.0,1.00064144e-10,4.9696122e-05,1.0007706e-10
1786.0,0.0,0.0,0.0,0.0,0.0,0.0,0.0,1.00064144e-10,4.781184e-05,1.0007706e-10
1787.0,0.0,0.0,0.0,0.0,0.0,0.0,0.0,1.00064144e-10,4.5927463e-05,1.0007706e-10
1788.0,0.0,0.0,0.0,0.0,0.0,0.0,0.0,1.00064144e-10,4.4043183e-05,1.0007706e-10
1789.0,0.0,0.0,0.0,0.0,0.0,0.0,0.0,1.00064144e-10,4.2158805e-05,1.0007706e-10
1790.0,0.0,0.0,0.0,0.0,0.0,0.0,0.0,1.00064144e-10,4.0274525e-05,1.0007706e-10
1791.0,0.0,0.0,0.0,0.0,0.0,0.0,0.0,1.00064144e-10,3.8390146e-05,1.0007706e-10
1792.0,0.0,0.0,0.0,0.0,0.0,0.0,0.0,1.00064144e-10,3.650587e-05,1.0007706e-10
1793.0,0.0,0.0,0.0,0.0,0.0,0.0,0.0,1.00064144e-10,3.4621487e-05,1.0007706e-10
1794.0,0.0,0.0,0.0,0.0,0.0,0.0,0.0,1.00064144e-10,3.273721e-05,1.0007706e-10
1795.0,0.0,0.0,0.0,0.0,0.0,0.0,0.0,1.00064144e-10,3.1536794e-05,1.0007706e-10
1796.0,0.0,0.0,0.0,0.0,0.0,0.0,0.0,1.00064144e-10,3.0336381e-05,1.0007706e-10
1797.0,0.0,0.0,0.0,0.0,0.0,0.0,0.0,1.00064144e-10,2.9135868e-05,1.0007706e-10
1798.0,0.0,0.0,0.0,0.0,0.0,0.0,0.0,1.00064144e-10,2.7935454e-05,1.0007706e-10
1799.0,0.0,0.0,0.0,0.0,0.0,0.0,0.0,1.00064144e-10,2.673504e-05,1.0007706e-10
1800.0,0.0,0.0,0.0,0.0,0.0,0.0,0.0,1.00064144e-10,2.5534626e-05,1.0007706e-10
1801.0,0.0,0.0,0.0,0.0,0.0,0.0,0.0,1.00064144e-10,2.4334211e-05,1.0007706e-10
1802.0,0.0,0.0,0.0,0.0,0.0,0.0,0.0,1.00064144e-10,2.3133798e-05,1.0007706e-10
1803.0,0.0,0.0,0.0,0.0,0.0,0.0,0.0,1.00064144e-10,2.1933383e-05,1.0007706e-10
1804.0,0.0,0.0,0.0,0.0,0.0,0.0,0.0,1.00064144e-10,2.073297e-05,1.0007706e-10
1805.0,0.0,0.0,0.0,0.0,0.0,0.0,0.0,1.00064144e-10,1.9532556e-05,1.0007706e-10
1806.0,0.0,0.0,0.0,0.0,0.0,0.0,0.0,1.00064144e-10,1.8337641e-05,1.0007706e-10
1807.0,0.0,0.0,0.0,0.0,0.0,0.0,0.0,1.00064144e-10,1.769298e-05,1.0007706e-10
1808.0,0.0,0.0,0.0,0.0,0.0,0.0,0.0,1.00064144e-10,1.704832e-05,1.0007706e-10
1809.0,0.0,0.0,0.0,0.0,0.0,0.0,0.0,1.00064144e-10,1.640366e-05,1.0007706e-10
1810.0,0.0,0.0,0.0,0.0,0.0,0.0,0.0,1.00064144e-10,1.5758997e-05,1.0007706e-10
1811.0,0.0,0.0,0.0,0.0,0.0,0.0,0.0,1.00064144e-10,1.5114336e-05,1.0007706e-10
1812.0,0.0,0.0,0.0,0.0,0.0,0.0,0.0,1.00064144e-10,1.4469674e-05,1.0007706e-10
1813.0,0.0,0.0,0.0,0.0,0.0,0.0,0.0,1.00064144e-10,1.3825013e-05,1.0007706e-10
1814.0,0.0,0.0,0.0,0.0,0.0,0.0,0.0,1.00064144e-10,1.3180352e-05,1.0007706e-10
1815.0,0.0,0.0,0.0,0.0,0.0,0.0,0.0,1.00064144e-10,1.2535691e-05,1.0007706e-10
1816.0,0.0,0.0,0.0,0.0,0.0,0.0,0.0,1.00064144e-10,1.1891029e-05,1.0007706e-10
1817.0,0.0,0.0,0.0,0.0,0.0,0.0,0.0,1.00064144e-10,1.1246369e-05,1.0007706e-10
1818.0,0.0,0.0,0.0,0.0,0.0,0.0,0.0,1.00064144e-10,1.0606108e-05,1.0007706e-10
1819.0,0.0,0.0,0.0,0.0,0.0,0.0,0.0,1.00064144e-10,1.02543745e-05,1.0007706e-10
1820.0,0.0,0.0,0.0,0.0,0.0,0.0,0.0,1.00064144e-10,9.902631e-06,1.0007706e-10
1821.0,0.0,0.0,0.0,0.0,0.0,0.0,0.0,1.00064144e-10,9.550908e-06,1.0007706e-10
1822.0,0.0,0.0,0.0,0.0,0.0,0.0,0.0,1.00064144e-10,9.199184e-06,1.0007706e-10
1823.0,0.0,0.0,0.0,0.0,0.0,0.0,0.0,1.00064144e-10,8.847451e-06,1.0007706e-10
1824.0,0.0,0.0,0.0,0.0,0.0,0.0,0.0,1.00064144e-10,8.495727e-06,1.0007706e-10
1825.0,0.0,0.0,0.0,0.0,0.0,0.0,0.0,1.00064144e-10,8.144004e-06,1.0007706e-10
1826.0,0.0,0.0,0.0,0.0,0.0,0.0,0.0,1.00064144e-10,7.7922705e-06,1.0007706e-10
1827.0,0.0,0.0,0.0,0.0,0.0,0.0,0.0,1.00064144e-10,7.440547e-06,1.0007706e-10
1828.0,0.0,0.0,0.0,0.0,0.0,0.0,0.0,1.00064144e-10,7.0888236e-06,1.0007706e-10
1829.0,0.0,0.0,0.0,0.0,0.0,0.0,0.0,1.00064144e-10,6.7371e-06,1.0007706e-10
1830.0,0.0,0.0,0.0,0.0,0.0,0.0,0.0,1.00064144e-10,6.3869966e-06,1.0007706e-10
1831.0,0.0,0.0,0.0,0.0,0.0,0.0,0.0,1.00064144e-10,6.1434534e-06,1.0007706e-10
1832.0,0.0,0.0,0.0,0.0,0.0,0.0,0.0,1.00064144e-10,5.8999103e-06,1.0007706e-10
1833.0,0.0,0.0,0.0,0.0,0.0,0.0,0.0,1.00064144e-10,5.656367e-06,1.0007706e-10
1834.0,0.0,0.0,0.0,0.0,0.0,0.0,0.0,1.00064144e-10,5.412824e-06,1.0007706e-10
1835.0,0.0,0.0,0.0,0.0,0.0,0.0,0.0,1.00064144e-10,5.169281e-06,1.0007706e-10
1836.0,0.0,0.0,0.0,0.0,0.0,0.0,0.0,1.00064144e-10,4.925738e-06,1.0007706e-10
1837.0,0.0,0.0,0.0,0.0,0.0,0.0,0.0,1.00064144e-10,4.6821947e-06,1.0007706e-10
1838.0,0.0,0.0,0.0,0.0,0.0,0.0,0.0,1.00064144e-10,4.4386516e-06,1.0007706e-10
1839.0,0.0,0.0,0.0,0.0,0.0,0.0,0.0,1.00064144e-10,4.1951084e-06,1.0007706e-10
1840.0,0.0,0.0,0.0,0.0,0.0,0.0,0.0,1.00064144e-10,3.9515653e-06,1.0007706e-10
1841.0,0.0,0.0,0.0,0.0,0.0,0.0,0.0,1.00064144e-10,3.7080222e-06,1.0007706e-10
1842.0,0.0,0.0,0.0,0.0,0.0,0.0,0.0,1.00064144e-10,3.4666393e-06,1.0007706e-10
1843.0,0.0,0.0,0.0,0.0,0.0,0.0,0.0,1.00064144e-10,3.3668098e-06,1.0007706e-10
1844.0,0.0,0.0,0.0,0.0,0.0,0.0,0.0,1.00064144e-10,3.2669905e-06,1.0007706e-10
1845.0,0.0,0.0,0.0,0.0,0.0,0.0,0.0,1.00064144e-10,3.167171e-06,1.0007706e-10
1846.0,0.0,0.0,0.0,0.0,0.0,0.0,0.0,1.00064144e-10,3.0673514e-06,1.0007706e-10
1847.0,0.0,0.0,0.0,0.0,0.0,0.0,0.0,1.00064144e-10,2.9675318e-06,1.0007706e-10
1848.0,0.0,0.0,0.0,0.0,0.0,0.0,0.0,1.00064144e-10,2.8677125e-06,1.0007706e-10
1849.0,0.0,0.0,0.0,0.0,0.0,0.0,0.0,1.00064144e-10,2.767883e-06,1.0007706e-10
1850.0,0.0,0.0,0.0,0.0,0.0,0.0,0.0,1.00064144e-10,2.6680634e-06,1.0007706e-10
1851.0,0.0,0.0,0.0,0.0,0.0,0.0,0.0,1.00064144e-10,2.5682439e-06,1.0007706e-10
1852.0,0.0,0.0,0.0,0.0,0.0,0.0,0.0,1.00064144e-10,2.4684246e-06,1.0007706e-10
1853.0,0.0,0.0,0.0,0.0,0.0,0.0,0.0,1.00064144e-10,2.368605e-06,1.0007706e-10
1854.0,0.0,0.0,0.0,0.0,0.0,0.0,0.0,1.00064144e-10,2.2691956e-06,1.0007706e-10
1855.0,0.0,0.0,0.0,0.0,0.0,0.0,0.0,1.00064144e-10,2.1972287e-06,1.0007706e-10
1856.0,0.0,0.0,0.0,0.0,0.0,0.0,0.0,1.00064144e-10,2.125252e-06,1.0007706e-10
1857.0,0.0,0.0,0.0,0.0,0.0,0.0,0.0,1.00064144e-10,2.053285e-06,1.0007706e-10
1858.0,0.0,0.0,0.0,0.0,0.0,0.0,0.0,1.00064144e-10,1.9813083e-06,1.0007706e-10
1859.0,0.0,0.0,0.0,0.0,0.0,0.0,0.0,1.00064144e-10,1.9093413e-06,1.0007706e-10
1860.0,0.0,0.0,0.0,0.0,0.0,0.0,0.0,1.00064144e-10,1.8373645e-06,1.0007706e-10
1861.0,0.0,0.0,0.0,0.0,0.0,0.0,0.0,1.00064144e-10,1.7653978e-06,1.0007706e-10
1862.0,0.0,0.0,0.0,0.0,0.0,0.0,0.0,1.00064144e-10,1.6934209e-06,1.0007706e-10
1863.0,0.0,0.0,0.0,0.0,0.0,0.0,0.0,1.00064144e-10,1.6214541e-06,1.0007706e-10
1864.0,0.0,0.0,0.0,0.0,0.0,0.0,0.0,1.00064144e-10,1.5494772e-06,1.0007706e-10
1865.0,0.0,0.0,0.0,0.0,0.0,0.0,0.0,1.00064144e-10,1.4775104e-06,1.0007706e-10
1866.0,0.0,0.0,0.0,0.0,0.0,0.0,0.0,1.00064144e-10,1.4055336e-06,1.0007706e-10
1867.0,0.0,0.0,0.0,0.0,0.0,0.0,0.0,1.00064144e-10,1.3856717e-06,1.0007706e-10
1868.0,0.0,0.0,0.0,0.0,0.0,0.0,0.0,1.00064144e-10,1.3663298e-06,1.0007706e-10
1869.0,0.0,0.0,0.0,0.0,0.0,0.0,0.0,1.00064144e-10,1.3469979e-06,1.0007706e-10
1870.0,0.0,0.0,0.0,0.0,0.0,0.0,0.0,1.00064144e-10,1.3276562e-06,1.0007706e-10
1871.0,0.0,0.0,0.0,0.0,0.0,0.0,0.0,1.00064144e-10,1.3083243e-06,1.0007706e-10
1872.0,0.0,0.0,0.0,0.0,0.0,0.0,0.0,1.00064144e-10,1.2889825e-06,1.0007706e-10
1873.0,0.0,0.0,0.0,0.0,0.0,0.0,0.0,1.00064144e-10,1.2696506e-06,1.0007706e-10
1874.0,0.0,0.0,0.0,0.0,0.0,0.0,0.0,1.00064144e-10,1.2503087e-06,1.0007706e-10
1875.0,0.0,0.0,0.0,0.0,0.0,0.0,0.0,1.00064144e-10,1.230977e-06,1.0007706e-10
1876.0,0.0,0.0,0.0,0.0,0.0,0.0,0.0,1.00064144e-10,1.2116351e-06,1.0007706e-10
1877.0,0.0,0.0,0.0,0.0,0.0,0.0,0.0,1.00064144e-10,1.1923032e-06,1.0007706e-10
1878.0,0.0,0.0,0.0,0.0,0.0,0.0,0.0,1.00064144e-10,1.1729614e-06,1.0007706e-10
1879.0,0.0,0.0,0.0,0.0,0.0,0.0,0.0,1.00064144e-10,1.1665609e-06,1.0007706e-10
1880.0,0.0,0.0,0.0,0.0,0.0,0.0,0.0,1.00064144e-10,1.1602802e-06,1.0007706e-10
1881.0,0.0,0.0,0.0,0.0,0.0,0.0,0.0,1.00064144e-10,1.1540096e-06,1.0007706e-10
1882.0,0.0,0.0,0.0,0.0,0.0,0.0,0.0,1.00064144e-10,1.147739e-06,1.0007706e-10
1883.0,0.0,0.0,0.0,0.0,0.0,0.0,0.0,1.00064144e-10,1.1414585e-06,1.0007706e-10
1884.0,0.0,0.0,0.0,0.0,0.0,0.0,0.0,1.00064144e-10,1.1351879e-06,1.0007706e-10
1885.0,0.0,0.0,0.0,0.0,0.0,0.0,0.0,1.00064144e-10,1.1289172e-06,1.0007706e-10
1886.0,0.0,0.0,0.0,0.0,0.0,0.0,0.0,1.00064144e-10,1.1226366e-06,1.0007706e-10
1887.0,0.0,0.0,0.0,0.0,0.0,0.0,0.0,1.00064144e-10,1.1163661e-06,1.0007706e-10
1888.0,0.0,0.0,0.0,0.0,0.0,0.0,0.0,1.00064144e-10,1.1100955e-06,1.0007706e-10
1889.0,0.0,0.0,0.0,0.0,0.0,0.0,0.0,1.00064144e-10,1.1038148e-06,1.0007706e-10
1890.0,0.0,0.0,0.0,0.0,0.0,0.0,0.0,1.00064144e-10,1.0975442e-06,1.0007706e-10
1891.0,0.0,0.0,0.0,0.0,0.0,0.0,0.0,1.00064144e-10,1.0063656e-06,1.0007706e-10
1892.0,0.0,0.0,0.0,0.0,0.0,0.0,0.0,1.00064144e-10,9.147619e-07,1.0007706e-10
1893.0,0.0,0.0,0.0,0.0,0.0,0.0,0.0,1.00064144e-10,8.231582e-07,1.0007706e-10
1894.0,0.0,0.0,0.0,0.0,0.0,0.0,0.0,1.00064144e-10,7.315545e-07,1.0007706e-10
1895.0,0.0,0.0,0.0,0.0,0.0,0.0,0.0,1.00064144e-10,6.3995077e-07,1.0007706e-10
1896.0,0.0,0.0,0.0,0.0,0.0,0.0,0.0,1.00064144e-10,5.483471e-07,1.0007706e-10
1897.0,0.0,0.0,0.0,0.0,0.0,0.0,0.0,1.00064144e-10,4.5674338e-07,1.0007706e-10
1898.0,0.0,0.0,0.0,0.0,0.0,0.0,0.0,1.00064144e-10,3.651397e-07,1.0007706e-10
1899.0,0.0,0.0,0.0,0.0,0.0,0.0,0.0,1.00064144e-10,2.73536e-07,1.0007706e-10
1900.0,0.0,0.0,0.0,0.0,0.0,0.0,0.0,1.00064144e-10,1.8193228e-07,1.0007706e-10
1901.0,0.0,0.0,0.0,0.0,0.0,0.0,0.0,1.00064144e-10,9.032838e-08,1.0007706e-10
1902.0,0.0,0.0,0.0,0.0,0.0,0.0,0.0,1.00064144e-10,1.000095e-10,1.0007706e-10
1903.0,0.0,0.0,0.0,0.0,0.0,0.0,0.0,1.00064144e-10,1.000095e-10,1.0007706e-10
1904.0,0.0,0.0,0.0,0.0,0.0,0.0,0.0,1.00064144e-10,1.000095e-10,1.0007706e-10
1905.0,0.0,0.0,0.0,0.0,0.0,0.0,0.0,1.00064144e-10,1.000095e-10,1.0007706e-10
1906.0,0.0,0.0,0.0,0.0,0.0,0.0,0.0,1.00064144e-10,1.000095e-10,1.0007706e-10
1907.0,0.0,0.0,0.0,0.0,0.0,0.0,0.0,1.00064144e-10,1.000095e-10,1.0007706e-10
1908.0,0.0,0.0,0.0,0.0,0.0,0.0,0.0,1.00064144e-10,1.000095e-10,1.0007706e-10
1909.0,0.0,0.0,0.0,0.0,0.0,0.0,0.0,1.00064144e-10,1.000095e-10,1.0007706e-10
1910.0,0.0,0.0,0.0,0.0,0.0,0.0,0.0,1.00064144e-10,1.000095e-10,1.0007706e-10
1911.0,0.0,0.0,0.0,0.0,0.0,0.0,0.0,1.00064144e-10,1.000095e-10,1.0007706e-10
1912.0,0.0,0.0,0.0,0.0,0.0,0.0,0.0,1.00064144e-10,1.000095e-10,1.0007706e-10
1913.0,0.0,0.0,0.0,0.0,0.0,0.0,0.0,1.00064144e-10,1.000095e-10,1.0007706e-10
1914.0,0.0,0.0,0.0,0.0,0.0,0.0,0.0,1.00064144e-10,1.000095e-10,1.0007706e-10
1915.0,0.0,0.0,0.0,0.0,0.0,0.0,0.0,1.00064144e-10,1.000095e-10,1.0007706e-10
1916.0,0.0,0.0,0.0,0.0,0.0,0.0,0.0,1.00064144e-10,1.000095e-10,1.0007706e-10
1917.0,0.0,0.0,0.0,0.0,0.0,0.0,0.0,1.00064144e-10,1.000095e-10,1.0007706e-10
1918.0,0.0,0.0,0.0,0.0,0.0,0.0,0.0,1.00064144e-10,1.000095e-10,1.0007706e-10
1919.0,0.0,0.0,0.0,0.0,0.0,0.0,0.0,1.00064144e-10,1.000095e-10,1.0007706e-10
1920.0,0.0,0.0,0.0,0.0,0.0,0.0,0.0,1.00064144e-10,1.000095e-10,1.0007706e-10
1921.0,0.0,0.0,0.0,0.0,0.0,0.0,0.0,1.00064144e-10,1.000095e-10,1.0007706e-10
1922.0,0.0,0.0,0.0,0.0,0.0,0.0,0.0,1.00064144e-10,1.000095e-10,1.0007706e-10
1923.0,0.0,0.0,0.0,0.0,0.0,0.0,0.0,1.00064144e-10,1.000095e-10,1.0007706e-10
1924.0,0.0,0.0,0.0,0.0,0.0,0.0,0.0,1.00064144e-10,1.000095e-10,1.0007706e-10
1925.0,0.0,0.0,0.0,0.0,0.0,0.0,0.0,1.00064144e-10,1.000095e-10,1.0007706e-10
1926.0,0.0,0.0,0.0,0.0,0.0,0.0,0.0,1.00064144e-10,1.000095e-10,1.0007706e-10
1927.0,0.0,0.0,0.0,0.0,0.0,0.0,0.0,1.00064144e-10,1.000095e-10,1.0007706e-10
1928.0,0.0,0.0,0.0,0.0,0.0,0.0,0.0,1.00064144e-10,1.000095e-10,1.0007706e-10
1929.0,0.0,0.0,0.0,0.0,0.0,0.0,0.0,1.00064144e-10,1.000095e-10,1.0007706e-10
1930.0,0.0,0.0,0.0,0.0,0.0,0.0,0.0,1.00064144e-10,1.000095e-10,1.0007706e-10
1931.0,0.0,0.0,0.0,0.0,0.0,0.0,0.0,1.00064144e-10,1.000095e-10,1.0007706e-10
1932.0,0.0,0.0,0.0,0.0,0.0,0.0,0.0,1.00064144e-10,1.000095e-10,1.0007706e-10
1933.0,0.0,0.0,0.0,0.0,0.0,0.0,0.0,1.00064144e-10,1.000095e-10,1.0007706e-10
1934.0,0.0,0.0,0.0,0.0,0.0,0.0,0.0,1.00064144e-10,1.000095e-10,1.0007706e-10
1935.0,0.0,0.0,0.0,0.0,0.0,0.0,0.0,1.00064144e-10,1.000095e-10,1.0007706e-10
1936.0,0.0,0.0,0.0,0.0,0.0,0.0,0.0,1.00064144e-10,1.000095e-10,1.0007706e-10
1937.0,0.0,0.0,0.0,0.0,0.0,0.0,0.0,1.00064144e-10,1.000095e-10,1.0007706e-10
1938.0,0.0,0.0,0.0,0.0,0.0,0.0,0.0,1.00064144e-10,1.000095e-10,1.0007706e-10
1939.0,0.0,0.0,0.0,0.0,0.0,0.0,0.0,1.00064144e-10,1.000095e-10,1.0007706e-10
1940.0,0.0,0.0,0.0,0.0,0.0,0.0,0.0,1.00064144e-10,1.000095e-10,1.0007706e-10
1941.0,0.0,0.0,0.0,0.0,0.0,0.0,0.0,1.00064144e-10,1.000095e-10,1.0007706e-10
1942.0,0.0,0.0,0.0,0.0,0.0,0.0,0.0,1.00064144e-10,1.000095e-10,1.0007706e-10
1943.0,0.0,0.0,0.0,0.0,0.0,0.0,0.0,1.00064144e-10,1.000095e-10,1.0007706e-10
1944.0,0.0,0.0,0.0,0.0,0.0,0.0,0.0,1.00064144e-10,1.000095e-10,1.0007706e-10
1945.0,0.0,0.0,0.0,0.0,0.0,0.0,0.0,1.00064144e-10,1.000095e-10,1.0007706e-10
1946.0,0.0,0.0,0.0,0.0,0.0,0.0,0.0,1.00064144e-10,1.000095e-10,1.0007706e-10
1947.0,0.0,0.0,0.0,0.0,0.0,0.0,0.0,1.00064144e-10,1.000095e-10,1.0007706e-10
1948.0,0.0,0.0,0.0,0.0,0.0,0.0,0.0,1.00064144e-10,1.000095e-10,1.0007706e-10
1949.0,0.0,0.0,0.0,0.0,0.0,0.0,0.0,1.00064144e-10,1.000095e-10,1.0007706e-10
1950.0,0.0,0.0,0.0,0.0,0.0,0.0,0.0,1.00064144e-10,1.000095e-10,1.0007706e-10
1951.0,0.0,0.0,0.0,0.0,0.0,0.0,0.0,1.00064144e-10,1.000095e-10,1.0007706e-10
1952.0,0.0,0.0,0.0,0.0,0.0,0.0,0.0,1.00064144e-10,1.000095e-10,1.0007706e-10
1953.0,0.0,0.0,0.0,0.0,0.0,0.0,0.0,1.00064144e-10,1.000095e-10,1.0007706e-10
1954.0,0.0,0.0,0.0,0.0,0.0,0.0,0.0,1.00064144e-10,1.000095e-10,1.0007706e-10
1955.0,0.0,0.0,0.0,0.0,0.0,0.0,0.0,1.00064144e-10,1.000095e-10,1.0007706e-10
1956.0,0.0,0.0,0.0,0.0,0.0,0.0,0.0,1.00064144e-10,1.000095e-10,1.0007706e-10
1957.0,0.0,0.0,0.0,0.0,0.0,0.0,0.0,1.00064144e-10,1.000095e-10,1.0007706e-10
1958.0,0.0,0.0,0.0,0.0,0.0,0.0,0.0,1.00064144e-10,1.000095e-10,1.0007706e-10
1959.0,0.0,0.0,0.0,0.0,0.0,0.0,0.0,1.00064144e-10,1.000095e-10,1.0007706e-10
1960.0,0.0,0.0,0.0,0.0,0.0,0.0,0.0,1.00064144e-10,1.000095e-10,1.0007706e-10
1961.0,0.0,0.0,0.0,0.0,0.0,0.0,0.0,1.00064144e-10,1.000095e-10,1.0007706e-10
1962.0,0.0,0.0,0.0,0.0,0.0,0.0,0.0,1.00064144e-10,1.000095e-10,1.0007706e-10
1963.0,0.0,0.0,0.0,0.0,0.0,0.0,0.0,1.00064144e-10,1.000095e-10,1.0007706e-10
1964.0,0.0,0.0,0.0,0.0,0.0,0.0,0.0,1.00064144e-10,1.000095e-10,1.0007706e-10
1965.0,0.0,0.0,0.0,0.0,0.0,0.0,0.0,1.00064144e-10,1.000095e-10,1.0007706e-10
1966.0,0.0,0.0,0.0,0.0,0.0,0.0,0.0,1.00064144e-10,1.000095e-10,1.0007706e-10
1967.0,0.0,0.0,0.0,0.0,0.0,0.0,0.0,1.00064144e-10,1.000095e-10,1.0007706e-10
1968.0,0.0,0.0,0.0,0.0,0.0,0.0,0.0,1.00064144e-10,1.000095e-10,1.0007706e-10
1969.0,0.0,0.0,0.0,0.0,0.0,0.0,0.0,1.00064144e-10,1.000095e-10,1.0007706e-10
1970.0,0.0,0.0,0.0,0.0,0.0,0.0,0.0,1.00064144e-10,1.000095e-10,1.0007706e-10
1971.0,0.0,0.0,0.0,0.0,0.0,0.0,0.0,1.00064144e-10,1.000095e-10,1.0007706e-10
1972.0,0.0,0.0,0.0,0.0,0.0,0.0,0.0,1.00064144e-10,1.000095e-10,1.0007706e-10
1973.0,0.0,0.0,0.0,0.0,0.0,0.0,0.0,1.00064144e-10,1.000095e-10,1.0007706e-10
1974.0,0.0,0.0,0.0,0.0,0.0,0.0,0.0,1.00064144e-10,1.000095e-10,1.0007706e-10
1975.0,0.0,0.0,0.0,0.0,0.0,0.0,0.0,1.00064144e-10,1.000095e-10,1.0007706e-10
1976.0,0.0,0.0,0.0,0.0,0.0,0.0,0.0,1.00064144e-10,1.000095e-10,1.0007706e-10
1977.0,0.0,0.0,0.0,0.0,0.0,0.0,0.0,1.00064144e-10,1.000095e-10,1.0007706e-10
1978.0,0.0,0.0,0.0,0.0,0.0,0.0,0.0,1.00064144e-10,1.000095e-10,1.0007706e-10
1979.0,0.0,0.0,0.0,0.0,0.0,0.0,0.0,1.00064144e-10,1.000095e-10,1.0007706e-10
1980.0,0.0,0.0,0.0,0.0,0.0,0.0,0.0,1.00064144e-10,1.000095e-10,1.0007706e-10
1981.0,0.0,0.0,0.0,0.0,0.0,0.0,0.0,1.00064144e-10,1.000095e-10,1.0007706e-10
1982.0,0.0,0.0,0.0,0.0,0.0,0.0,0.0,1.00064144e-10,1.000095e-10,1.0007706e-10
1983.0,0.0,0.0,0.0,0.0,0.0,0.0,0.0,1.00064144e-10,1.000095e-10,1.0007706e-10
1984.0,0.0,0.0,0.0,0.0,0.0,0.0,0.0,1.00064144e-10,1.000095e-10,1.0007706e-10
1985.0,0.0,0.0,0.0,0.0,0.0,0.0,0.0,1.00064144e-10,1.000095e-10,1.0007706e-10
1986.0,0.0,0.0,0.0,0.0,0.0,0.0,0.0,1.00064144e-10,1.000095e-10,1.0007706e-10
1987.0,0.0,0.0,0.0,0.0,0.0,0.0,0.0,1.00064144e-10,1.000095e-10,1.0007706e-10
1988.0,0.0,0.0,0.0,0.0,0.0,0.0,0.0,1.00064144e-10,1.000095e-10,1.0007706e-10
1989.0,0.0,0.0,0.0,0.0,0.0,0.0,0.0,1.00064144e-10,1.000095e-10,1.0007706e-10
1990.0,0.0,0.0,0.0,0.0,0.0,0.0,0.0,1.00064144e-10,1.000095e-10,1.0007706e-10
1991.0,0.0,0.0,0.0,0.0,0.0,0.0,0.0,1.00064144e-10,1.000095e-10,1.0007706e-10
1992.0,0.0,0.0,0.0,0.0,0.0,0.0,0.0,1.00064144e-10,1.000095e-10,1.0007706e-10
1993.0,0.0,0.0,0.0,0.0,0.0,0.0,0.0,1.00064144e-10,1.000095e-10,1.0007706e-10
1994.0,0.0,0.0,0.0,0.0,0.0,0.0,0.0,1.00064144e-10,1.000095e-10,1.0007706e-10
1995.0,0.0,0.0,0.0,0.0,0.0,0.0,0.0,1.00064144e-10,1.000095e-10,1.0007706e-10
1996.0,0.0,0.0,0.0,0.0,0.0,0.0,0.0,1.00064144e-10,1.000095e-10,1.0007706e-10
1997.0,0.0,0.0,0.0,0.0,0.0,0.0,0.0,1.00064144e-10,1.000095e-10,1.0007706e-10
1998.0,0.0,0.0,0.0,0.0,0.0,0.0,0.0,1.00064144e-10,1.000095e-10,1.0007706e-10
1999.0,0.0,0.0,0.0,0.0,0.0,0.0,0.0,1.00064144e-10,1.000095e-10,1.0007706e-10
2000.0,0.0,0.0,0.0,0.0,0.0,0.0,0.0,1.00064144e-10,1.000095e-10,1.0007706e-10
2001.0,0.0,0.0,0.0,0.0,0.0,0.0,0.0,1.00064144e-10,1.000095e-10,1.0007706e-10
2002.0,0.0,0.0,0.0,0.0,0.0,0.0,0.0,1.00064144e-10,1.000095e-10,1.0007706e-10
2003.0,0.0,0.0,0.0,0.0,0.0,0.0,0.0,1.00064144e-10,1.000095e-10,1.0007706e-10
2004.0,0.0,0.0,0.0,0.0,0.0,0.0,0.0,1.00064144e-10,1.000095e-10,1.0007706e-10
2005.0,0.0,0.0,0.0,0.0,0.0,0.0,0.0,1.00064144e-10,1.000095e-10,1.0007706e-10
2006.0,0.0,0.0,0.0,0.0,0.0,0.0,0.0,1.00064144e-10,1.000095e-10,1.0007706e-10
2007.0,0.0,0.0,0.0,0.0,0.0,0.0,0.0,1.00064144e-10,1.000095e-10,1.0007706e-10
2008.0,0.0,0.0,0.0,0.0,0.0,0.0,0.0,1.00064144e-10,1.000095e-10,1.0007706e-10
2009.0,0.0,0.0,0.0,0.0,0.0,0.0,0.0,1.00064144e-10,1.000095e-10,1.0007706e-10
2010.0,0.0,0.0,0.0,0.0,0.0,0.0,0.0,1.00064144e-10,1.000095e-10,1.0007706e-10
2011.0,0.0,0.0,0.0,0.0,0.0,0.0,0.0,1.00064144e-10,1.000095e-10,1.0007706e-10
2012.0,0.0,0.0,0.0,0.0,0.0,0.0,0.0,1.00064144e-10,1.000095e-10,1.0007706e-10
2013.0,0.0,0.0,0.0,0.0,0.0,0.0,0.0,1.00064144e-10,1.000095e-10,1.0007706e-10
2014.0,0.0,0.0,0.0,0.0,0.0,0.0,0.0,1.00064144e-10,1.000095e-10,1.0007706e-10
2015.0,0.0,0.0,0.0,0.0,0.0,0.0,0.0,1.00064144e-10,1.000095e-10,1.0007706e-10
2016.0,0.0,0.0,0.0,0.0,0.0,0.0,0.0,1.00064144e-10,1.000095e-10,1.0007706e-10
2017.0,0.0,0.0,0.0,0.0,0.0,0.0,0.0,1.00064144e-10,1.000095e-10,1.0007706e-10
2018.0,0.0,0.0,0.0,0.0,0.0,0.0,0.0,1.00064144e-10,1.000095e-10,1.0007706e-10
2019.0,0.0,0.0,0.0,0.0,0.0,0.0,0.0,1.00064144e-10,1.000095e-10,1.0007706e-10
2020.0,0.0,0.0,0.0,0.0,0.0,0.0,0.0,1.00064144e-10,1.000095e-10,1.0007706e-10
2021.0,0.0,0.0,0.0,0.0,0.0,0.0,0.0,1.00064144e-10,1.000095e-10,1.0007706e-10
2022.0,0.0,0.0,0.0,0.0,0.0,0.0,0.0,1.00064144e-10,1.000095e-10,1.0007706e-10
2023.0,0.0,0.0,0.0,0.0,0.0,0.0,0.0,1.00064144e-10,1.000095e-10,1.0007706e-10
2024.0,0.0,0.0,0.0,0.0,0.0,0.0,0.0,1.00064144e-10,1.000095e-10,1.0007706e-10
2025.0,0.0,0.0,0.0,0.0,0.0,0.0,0.0,1.00064144e-10,1.000095e-10,1.0007706e-10
2026.0,0.0,0.0,0.0,0.0,0.0,0.0,0.0,1.00064144e-10,1.000095e-10,1.0007706e-10
2027.0,0.0,0.0,0.0,0.0,0.0,0.0,0.0,1.00064144e-10,1.000095e-10,1.0007706e-10
2028.0,0.0,0.0,0.0,0.0,0.0,0.0,0.0,1.00064144e-10,1.000095e-10,1.0007706e-10
2029.0,0.0,0.0,0.0,0.0,0.0,0.0,0.0,1.00064144e-10,1.000095e-10,1.0007706e-10
2030.0,0.0,0.0,0.0,0.0,0.0,0.0,0.0,1.00064144e-10,1.000095e-10,1.0007706e-10
2031.0,0.0,0.0,0.0,0.0,0.0,0.0,0.0,1.00064144e-10,1.000095e-10,1.0007706e-10
2032.0,0.0,0.0,0.0,0.0,0.0,0.0,0.0,1.00064144e-10,1.000095e-10,1.0007706e-10
2033.0,0.0,0.0,0.0,0.0,0.0,0.0,0.0,1.00064144e-10,1.000095e-10,1.0007706e-10
2034.0,0.0,0.0,0.0,0.0,0.0,0.0,0.0,1.00064144e-10,1.000095e-10,1.0007706e-10
2035.0,0.0,0.0,0.0,0.0,0.0,0.0,0.0,1.00064144e-10,1.000095e-10,1.0007706e-10
2036.0,0.0,0.0,0.0,0.0,0.0,0.0,0.0,1.00064144e-10,1.000095e-10,1.0007706e-10
2037.0,0.0,0.0,0.0,0.0,0.0,0.0,0.0,1.00064144e-10,1.000095e-10,1.0007706e-10
2038.0,0.0,0.0,0.0,0.0,0.0,0.0,0.0,1.00064144e-10,1.000095e-10,1.0007706e-10
2039.0,0.0,0.0,0.0,0.0,0.0,0.0,0.0,1.00064144e-10,1.000095e-10,1.0007706e-10
2040.0,0.0,0.0,0.0,0.0,0.0,0.0,0.0,1.00064144e-10,1.000095e-10,1.0007706e-10
2041.0,0.0,0.0,0.0,0.0,0.0,0.0,0.0,1.00064144e-10,1.000095e-10,1.0007706e-10
2042.0,0.0,0.0,0.0,0.0,0.0,0.0,0.0,1.00064144e-10,1.000095e-10,1.0007706e-10
2043.0,0.0,0.0,0.0,0.0,0.0,0.0,0.0,1.00064144e-10,1.000095e-10,1.0007706e-10
2044.0,0.0,0.0,0.0,0.0,0.0,0.0,0.0,1.00064144e-10,1.000095e-10,1.0007706e-10
2045.0,0.0,0.0,0.0,0.0,0.0,0.0,0.0,1.00064144e-10,1.000095e-10,1.0007706e-10
2046.0,0.0,0.0,0.0,0.0,0.0,0.0,0.0,1.00064144e-10,1.000095e-10,1.0007706e-10
2047.0,0.0,0.0,0.0,0.0,0.0,0.0,0.0,1.00064144e-10,1.000095e-10,1.0007706e-10
2048.0,0.0,0.0,0.0,0.0,0.0,0.0,0.0,1.00064144e-10,1.000095e-10,1.0007706e-10
2049.0,0.0,0.0,0.0,0.0,0.0,0.0,0.0,1.00064144e-10,1.000095e-10,1.0007706e-10
2050.0,0.0,0.0,0.0,0.0,0.0,0.0,0.0,1.00064144e-10,1.000095e-10,1.0007706e-10
2051.0,0.0,0.0,0.0,0.0,0.0,0.0,0.0,1.00064144e-10,1.000095e-10,1.0007706e-10
2052.0,0.0,0.0,0.0,0.0,0.0,0.0,0.0,1.00064144e-10,1.000095e-10,1.0007706e-10
2053.0,0.0,0.0,0.0,0.0,0.0,0.0,0.0,1.00064144e-10,1.000095e-10,1.0007706e-10
2054.0,0.0,0.0,0.0,0.0,0.0,0.0,0.0,1.00064144e-10,1.000095e-10,1.0007706e-10
2055.0,0.0,0.0,0.0,0.0,0.0,0.0,0.0,1.00064144e-10,1.000095e-10,1.0007706e-10
2056.0,0.0,0.0,0.0,0.0,0.0,0.0,0.0,1.00064144e-10,1.000095e-10,1.0007706e-10
2057.0,0.0,0.0,0.0,0.0,0.0,0.0,0.0,1.00064144e-10,1.000095e-10,1.0007706e-10
2058.0,0.0,0.0,0.0,0.0,0.0,0.0,0.0,1.00064144e-10,1.000095e-10,1.0007706e-10
2059.0,0.0,0.0,0.0,0.0,0.0,0.0,0.0,1.00064144e-10,1.000095e-10,1.0007706e-10
2060.0,0.0,0.0,0.0,0.0,0.0,0.0,0.0,1.00064144e-10,1.000095e-10,1.0007706e-10
2061.0,0.0,0.0,0.0,0.0,0.0,0.0,0.0,1.00064144e-10,1.000095e-10,1.0007706e-10
2062.0,0.0,0.0,0.0,0.0,0.0,0.0,0.0,1.00064144e-10,1.000095e-10,1.0007706e-10
2063.0,0.0,0.0,0.0,0.0,0.0,0.0,0.0,1.00064144e-10,1.000095e-10,1.0007706e-10
2064.0,0.0,0.0,0.0,0.0,0.0,0.0,0.0,1.00064144e-10,1.000095e-10,1.0007706e-10
2065.0,0.0,0.0,0.0,0.0,0.0,0.0,0.0,1.00064144e-10,1.000095e-10,1.0007706e-10
2066.0,0.0,0.0,0.0,0.0,0.0,0.0,0.0,1.00064144e-10,1.000095e-10,1.0007706e-10
2067.0,0.0,0.0,0.0,0.0,0.0,0.0,0.0,1.00064144e-10,1.000095e-10,1.0007706e-10
2068.0,0.0,0.0,0.0,0.0,0.0,0.0,0.0,1.00064144e-10,1.000095e-10,1.0007706e-10
2069.0,0.0,0.0,0.0,0.0,0.0,0.0,0.0,1.00064144e-10,1.000095e-10,1.0007706e-10
2070.0,0.0,0.0,0.0,0.0,0.0,0.0,0.0,1.00064144e-10,1.000095e-10,1.0007706e-10
2071.0,0.0,0.0,0.0,0.0,0.0,0.0,0.0,1.00064144e-10,1.000095e-10,1.0007706e-10
2072.0,0.0,0.0,0.0,0.0,0.0,0.0,0.0,1.00064144e-10,1.000095e-10,1.0007706e-10
2073.0,0.0,0.0,0.0,0.0,0.0,0.0,0.0,1.00064144e-10,1.000095e-10,1.0007706e-10
2074.0,0.0,0.0,0.0,0.0,0.0,0.0,0.0,1.00064144e-10,1.000095e-10,1.0007706e-10
2075.0,0.0,0.0,0.0,0.0,0.0,0.0,0.0,1.00064144e-10,1.000095e-10,1.0007706e-10
2076.0,0.0,0.0,0.0,0.0,0.0,0.0,0.0,1.00064144e-10,1.000095e-10,1.0007706e-10
2077.0,0.0,0.0,0.0,0.0,0.0,0.0,0.0,1.00064144e-10,1.000095e-10,1.0007706e-10
2078.0,0.0,0.0,0.0,0.0,0.0,0.0,0.0,1.00064144e-10,1.000095e-10,1.0007706e-10
2079.0,0.0,0.0,0.0,0.0,0.0,0.0,0.0,1.00064144e-10,1.000095e-10,1.0007706e-10
2080.0,0.0,0.0,0.0,0.0,0.0,0.0,0.0,1.00064144e-10,1.000095e-10,1.0007706e-10
2081.0,0.0,0.0,0.0,0.0,0.0,0.0,0.0,1.00064144e-10,1.000095e-10,1.0007706e-10
2082.0,0.0,0.0,0.0,0.0,0.0,0.0,0.0,1.00064144e-10,1.000095e-10,1.0007706e-10
2083.0,0.0,0.0,0.0,0.0,0.0,0.0,0.0,1.00064144e-10,1.000095e-10,1.0007706e-10
2084.0,0.0,0.0,0.0,0.0,0.0,0.0,0.0,1.00064144e-10,1.000095e-10,1.0007706e-10
2085.0,0.0,0.0,0.0,0.0,0.0,0.0,0.0,1.00064144e-10,1.000095e-10,1.0007706e-10
2086.0,0.0,0.0,0.0,0.0,0.0,0.0,0.0,1.00064144e-10,1.000095e-10,1.0007706e-10
2087.0,0.0,0.0,0.0,0.0,0.0,0.0,0.0,1.00064144e-10,1.000095e-10,1.0007706e-10
2088.0,0.0,0.0,0.0,0.0,0.0,0.0,0.0,1.00064144e-10,1.000095e-10,1.0007706e-10
2089.0,0.0,0.0,0.0,0.0,0.0,0.0,0.0,1.00064144e-10,1.000095e-10,1.8616735e-10
2090.0,0.0,0.0,0.0,0.0,0.0,0.0,0.0,1.00064144e-10,1.000095e-10,1.781752e-08
2091.0,0.0,0.0,0.0,0.0,0.0,0.0,0.0,1.00064144e-10,1.000095e-10,3.5448895e-08
2092.0,0.0,0.0,0.0,0.0,0.0,0.0,0.0,1.00064144e-10,1.000095e-10,5.308017e-08
2093.0,0.0,0.0,0.0,0.0,0.0,0.0,0.0,1.00064144e-10,1.000095e-10,7.071155e-08
2094.0,0.0,0.0,0.0,0.0,0.0,0.0,0.0,1.00064144e-10,5.0779725e-10,8.834282e-08
2095.0,0.0,0.0,0.0,0.0,0.0,0.0,0.0,1.00064144e-10,4.1246718e-08,1.059746e-07
2096.0,0.0,0.0,0.0,0.0,0.0,0.0,0.0,1.00064144e-10,8.198569e-08,1.2360518e-07
2097.0,0.0,0.0,0.0,0.0,0.0,0.0,0.0,1.00064144e-10,1.2272466e-07,1.4123675e-07
2098.0,0.0,0.0,0.0,0.0,0.0,0.0,0.0,1.00064144e-10,1.6346353e-07,1.5886833e-07
2099.0,0.0,0.0,0.0,0.0,0.0,0.0,0.0,1.00064144e-10,2.042024e-07,1.7649991e-07
2100.0,0.0,0.0,0.0,0.0,0.0,0.0,0.0,1.00064144e-10,2.4494128e-07,1.9413048e-07
2101.0,0.0,0.0,0.0,0.0,0.0,0.0,0.0,1.00064144e-10,2.8568013e-07,2.1176206e-07
2102.0,0.0,0.0,0.0,0.0,0.0,0.0,0.0,1.00064144e-10,3.26419e-07,2.2939363e-07
2103.0,0.0,0.0,0.0,0.0,0.0,0.0,0.0,1.00064144e-10,3.6715787e-07,2.470252e-07
2104.0,0.0,0.0,0.0,0.0,0.0,0.0,0.0,1.00064144e-10,4.0789774e-07,2.646558e-07
2105.0,0.0,0.0,0.0,0.0,0.0,0.0,0.0,1.00064144e-10,4.4863663e-07,3.066371e-07
2106.0,0.0,0.0,0.0,0.0,0.0,0.0,0.0,1.00064144e-10,4.893545e-07,3.4861844e-07
2107.0,0.0,0.0,0.0,0.0,0.0,0.0,0.0,1.00064144e-10,5.2595396e-07,3.9059876e-07
2108.0,0.0,0.0,0.0,0.0,0.0,0.0,0.0,1.00064144e-10,5.6255345e-07,4.325801e-07
2109.0,0.0,0.0,0.0,0.0,0.0,0.0,0.0,1.00064144e-10,5.9915294e-07,4.745604e-07
2110.0,0.0,0.0,0.0,0.0,0.0,0.0,0.0,1.00064144e-10,6.357524e-07,5.165417e-07
2111.0,0.0,0.0,0.0,0.0,0.0,0.0,0.0,1.00064144e-10,6.7235186e-07,5.585231e-07
2112.0,0.0,0.0,0.0,0.0,0.0,0.0,0.0,1.00064144e-10,7.0895135e-07,6.0050337e-07
2113.0,0.0,0.0,0.0,0.0,0.0,0.0,0.0,1.00064144e-10,7.4555084e-07,6.4248474e-07
2114.0,0.0,0.0,0.0,0.0,0.0,0.0,0.0,1.00064144e-10,7.821493e-07,6.84465e-07
2115.0,0.0,0.0,0.0,0.0,0.0,0.0,0.0,1.00064144e-10,8.187488e-07,7.264464e-07
2116.0,0.0,0.0,0.0,0.0,0.0,0.0,0.0,1.00064144e-10,8.553483e-07,7.684277e-07
2117.0,0.0,0.0,0.0,0.0,0.0,0.0,0.0,1.00064144e-10,8.919477e-07,8.1040804e-07
2118.0,0.0,0.0,0.0,0.0,0.0,0.0,0.0,1.00064144e-10,9.280392e-07,8.5238935e-07
2119.0,0.0,0.0,0.0,0.0,0.0,0.0,0.0,1.00064144e-10,9.1391684e-07,8.943697e-07
2120.0,0.0,0.0,0.0,0.0,0.0,0.0,0.0,1.00064144e-10,8.997945e-07,1.0125597e-06
2121.0,0.0,0.0,0.0,0.0,0.0,0.0,0.0,1.00064144e-10,8.856711e-07,1.1315312e-06
2122.0,0.0,0.0,0.0,0.0,0.0,0.0,0.0,1.00064144e-10,8.715488e-07,1.2504929e-06
2123.0,0.0,0.0,0.0,0.0,0.0,0.0,0.0,1.00064144e-10,8.5742647e-07,1.3694545e-06
2124.0,0.0,0.0,0.0,0.0,0.0,0.0,0.0,1.00064144e-10,8.433031e-07,1.488426e-06
2125.0,0.0,0.0,0.0,0.0,0.0,0.0,0.0,1.00064144e-10,8.2918075e-07,1.6073877e-06
2126.0,0.0,0.0,0.0,0.0,0.0,0.0,0.0,1.00064144e-10,8.1505846e-07,1.7263493e-06
2127.0,0.0,0.0,0.0,0.0,0.0,0.0,0.0,1.00064144e-10,8.009361e-07,1.8453209e-06
2128.0,0.0,0.0,0.0,0.0,0.0,0.0,0.0,1.00064144e-10,7.8681273e-07,1.9642825e-06
2129.0,0.0,0.0,0.0,0.0,0.0,0.0,0.0,1.00064144e-10,7.726904e-07,2.083244e-06
2130.0,0.0,0.0,0.0,0.0,0.0,0.0,0.0,1.00064144e-10,7.596342e-07,2.2022157e-06
2131.0,0.0,0.0,0.0,0.0,0.0,0.0,0.0,1.00064144e-10,7.987659e-07,2.3211774e-06
2132.0,0.0,0.0,0.0,0.0,0.0,0.0,0.0,1.00064144e-10,8.378966e-07,2.4401388e-06
2133.0,0.0,0.0,0.0,0.0,0.0,0.0,0.0,1.00064144e-10,8.770283e-07,2.5591005e-06
2134.0,0.0,0.0,0.0,0.0,0.0,0.0,0.0,1.00064144e-10,9.1616005e-07,2.6780722e-06
2135.0,0.0,0.0,0.0,0.0,0.0,0.0,0.0,1.00064144e-10,9.552917e-07,3.1529278e-06
2136.0,0.0,0.0,0.0,0.0,0.0,0.0,0.0,1.00064144e-10,9.944234e-07,3.6277834e-06
2137.0,0.0,0.0,0.0,0.0,0.0,0.0,0.0,1.00064144e-10,1.0335582e-06,4.102639e-06
2138.0,0.0,0.0,0.0,0.0,0.0,0.0,0.0,1.00064144e-10,1.0726819e-06,4.5774946e-06
2139.0,0.0,0.0,0.0,0.0,0.0,0.0,0.0,1.00064144e-10,1.1118157e-06,5.0523504e-06
2140.0,0.0,0.0,0.0,0.0,0.0,0.0,0.0,1.00064144e-10,1.1509493e-06,5.5272058e-06
2141.0,0.0,0.0,0.0,0.0,0.0,0.0,0.0,1.00064144e-10,1.190083e-06,6.0020616e-06
2142.0,0.0,0.0,0.0,0.0,0.0,0.0,0.0,1.00064144e-10,1.2292168e-06,6.4769174e-06
2143.0,0.0,0.0,0.0,0.0,0.0,0.0,0.0,1.00064144e-10,1.26368e-06,6.951773e-06
2144.0,0.0,0.0,0.0,0.0,0.0,0.0,0.0,1.00064144e-10,1.2981433e-06,7.4266286e-06
2145.0,0.0,0.0,0.0,0.0,0.0,0.0,0.0,1.00064144e-10,1.3326066e-06,7.901484e-06
2146.0,0.0,0.0,0.0,0.0,0.0,0.0,0.0,1.00064144e-10,1.3670699e-06,8.37634e-06
2147.0,0.0,0.0,0.0,0.0,0.0,0.0,0.0,1.00064144e-10,1.4015332e-06,8.851195e-06
2148.0,0.0,0.0,0.0,0.0,0.0,0.0,0.0,1.00064144e-10,1.4359964e-06,9.326041e-06
2149.0,0.0,0.0,0.0,0.0,0.0,0.0,0.0,1.00064144e-10,1.4704597e-06,9.808182e-06
2150.0,0.0,0.0,0.0,0.0,0.0,0.0,0.0,1.00064144e-10,1.5049329e-06,1.17741665e-05
2151.0,0.0,0.0,0.0,0.0,0.0,0.0,0.0,1.00064144e-10,1.5393963e-06,1.374018e-05
2152.0,0.0,0.0,0.0,0.0,0.0,0.0,0.0,1.00064144e-10,1.5738595e-06,1.5706193e-05
2153.0,0.0,0.0,0.0,0.0,0.0,0.0,0.0,1.00064144e-10,1.6083228e-06,1.7672208e-05
2154.0,0.0,0.0,0.0,0.0,0.0,0.0,0.0,1.00064144e-10,1.6427861e-06,1.963822e-05
2155.0,0.0,0.0,0.0,0.0,0.0,0.0,0.0,1.00064144e-10,1.5955516e-06,2.1604135e-05
2156.0,0.0,0.0,0.0,0.0,0.0,0.0,0.0,1.00064144e-10,1.547487e-06,2.3570148e-05
2157.0,0.0,0.0,0.0,0.0,0.0,0.0,0.0,1.00064144e-10,1.4994224e-06,2.5536163e-05
2158.0,0.0,0.0,0.0,0.0,0.0,0.0,0.0,1.00064144e-10,1.4513679e-06,2.7502178e-05
2159.0,0.0,0.0,0.0,0.0,0.0,0.0,0.0,1.00064144e-10,1.4033033e-06,2.946819e-05
2160.0,0.0,0.0,0.0,0.0,0.0,0.0,0.0,1.00064144e-10,1.3552387e-06,3.1434203e-05
2161.0,0.0,0.0,0.0,0.0,0.0,0.0,0.0,1.00064144e-10,1.3071742e-06,3.340012e-05
2162.0,0.0,0.0,0.0,0.0,0.0,0.0,0.0,1.00064144e-10,1.2591196e-06,3.536613e-05
2163.0,0.0,0.0,0.0,0.0,0.0,0.0,0.0,1.00064144e-10,1.2110551e-06,3.7332145e-05
2164.0,0.0,0.0,0.0,0.0,0.0,0.0,0.0,1.00064144e-10,1.1629904e-06,3.929816e-05
2165.0,0.0,0.0,0.0,0.0,0.0,0.0,0.0,1.00064144e-10,1.1149359e-06,4.958688e-05
2166.0,0.0,0.0,0.0,0.0,0.0,0.0,0.0,1.00064144e-10,1.0668714e-06,5.9916434e-05
2167.0,0.0,0.0,0.0,0.0,0.0,0.0,0.0,1.00064144e-10,9.785659e-07,7.024609e-05
2168.0,0.0,0.0,0.0,0.0,0.0,0.0,0.0,1.00064144e-10,8.896535e-07,8.057564e-05
2169.0,0.0,0.0,0.0,0.0,0.0,0.0,0.0,1.00064144e-10,8.0074204e-07,9.0905196e-05
2170.0,0.0,0.0,0.0,0.0,0.0,0.0,0.0,1.00064144e-10,7.118296e-07,0.00010123495
2171.0,0.0,0.0,0.0,0.0,0.0,0.0,0.0,1.00064144e-10,6.2291815e-07,0.0001115639
2172.0,0.0,0.0,0.0,0.0,0.0,0.0,0.0,1.00064144e-10,5.340057e-07,0.000121893856
2173.0,0.0,0.0,0.0,0.0,0.0,0.0,0.0,1.00064144e-10,4.450943e-07,0.00013222381
2174.0,0.0,0.0,0.0,0.0,0.0,0.0,0.0,1.00064144e-10,3.5618183e-07,0.00014255276
2175.0,0.0,0.0,0.0,0.0,0.0,0.0,0.0,1.00064144e-10,2.672704e-07,0.00015288271
2176.0,0.0,0.0,0.0,0.0,0.0,0.0,0.0,1.00064144e-10,1.7835795e-07,0.00016321268
2177.0,0.0,0.0,0.0,0.0,0.0,0.0,0.0,1.00064144e-10,8.94461e-08,0.00017354163
2178.0,0.0,0.0,0.0,0.0,0.0,0.0,0.0,1.00064144e-10,5.341497e-10,0.00018387158
2179.0,0.0,0.0,0.0,0.0,0.0,0.0,0.0,1.00064144e-10,1.000095e-10,0.00019444372
2180.0,0.0,0.0,0.0,0.0,0.0,0.0,0.0,1.00064144e-10,1.000095e-10,0.00025445092
2181.0,0.0,0.0,0.0,0.0,0.0,0.0,0.0,1.00064144e-10,1.000095e-10,0.00031445714
2182.0,0.0,0.0,0.0,0.0,0.0,0.0,0.0,1.00064144e-10,1.000095e-10,0.00037446435
2183.0,0.0,0.0,0.0,0.0,0.0,0.0,0.0,1.00064144e-10,1.000095e-10,0.00043447054
2184.0,0.0,0.0,0.0,0.0,0.0,0.0,0.0,1.00064144e-10,1.000095e-10,0.00049447775
2185.0,0.0,0.0,0.0,0.0,0.0,0.0,0.0,1.00064144e-10,1.000095e-10,0.00055448496
2186.0,0.0,0.0,0.0,0.0,0.0,0.0,0.0,1.00064144e-10,1.000095e-10,0.0006144912
2187.0,0.0,0.0,0.0,0.0,0.0,0.0,0.0,1.00064144e-10,1.000095e-10,0.0006744984
2188.0,0.0,0.0,0.0,0.0,0.0,0.0,0.0,1.00064144e-10,1.000095e-10,0.0007068963
2189.0,0.0,0.0,0.0,0.0,0.0,0.0,0.0,1.00064144e-10,1.000095e-10,0.0007336469
2190.0,0.0,0.0,0.0,0.0,0.0,0.0,0.0,1.00064144e-10,1.000095e-10,0.0007912433
2191.0,0.0,0.0,0.0,0.0,0.0,0.0,0.0,1.00064144e-10,1.000095e-10,0.00089045765
2192.0,0.0,0.0,0.0,0.0,0.0,0.0,0.0,1.00064144e-10,1.000095e-10,0.0010132502
2193.0,0.0,0.0,0.0,0.0,0.0,0.0,0.0,1.00064144e-10,1.000095e-10,0.0011606037
2194.0,0.0,0.0,0.0,0.0,0.0,0.0,0.0,1.00064144e-10,1.000095e-10,0.0013365592
2195.0,0.0,0.0,0.0,0.0,0.0,0.0,0.0,1.00064144e-10,1.000095e-10,0.0015555178
2196.0,0.0,0.0,0.0,0.0,0.0,0.0,0.0,1.00064144e-10,1.000095e-10,0.0018244849
2197.0,0.0,0.0,0.0,0.0,0.0,0.0,0.0,1.00064144e-10,1.000095e-10,0.0021347639
2198.0,0.0,0.0,0.0,0.0,0.0,0.0,0.0,1.00064144e-10,1.000095e-10,0.0024946008
2199.0,0.0,0.0,0.0,0.0,0.0,0.0,0.0,1.00064144e-10,1.000095e-10,0.002931097
2200.0,0.0,0.0,0.0,0.0,0.0,0.0,0.0,1.00064144e-10,1.000095e-10,0.0034438919
2201.0,0.0,0.0,0.0,0.0,0.0,0.0,0.0,1.00064144e-10,1.000095e-10,0.004035387
2202.0,0.0,0.0,0.0,0.0,0.0,0.0,0.0,1.00064144e-10,1.000095e-10,0.004735857
2203.0,0.0,0.0,0.0,0.0,0.0,0.0,0.0,1.00064144e-10,1.000095e-10,0.005572861
2204.0,0.0,0.0,0.0,0.0,0.0,0.0,0.0,1.00064144e-10,1.000095e-10,0.006635189
2205.0,0.0,0.0,0.0,0.0,0.0,0.0,0.0,1.00064144e-10,1.000095e-10,0.007917216
2206.0,0.0,0.0,0.0,0.0,0.0,0.0,0.0,1.00064144e-10,1.000095e-10,0.009421105
2207.0,0.0,0.0,0.0,0.0,0.0,0.0,0.0,1.00064144e-10,1.000095e-10,0.011161294
2208.0,0.0,0.0,0.0,0.0,0.0,0.0,0.0,1.00064144e-10,1.000095e-10,0.013310949
2209.0,0.0,0.0,0.0,0.0,0.0,0.0,0.0,1.00064144e-10,1.000095e-10,0.015850306
2210.0,0.0,0.0,0.0,0.0,0.0,0.0,0.0,1.00064144e-10,1.000095e-10,0.018927073
2211.0,0.0,0.0,0.0,0.0,0.0,0.0,0.0,1.00064144e-10,1.000095e-10,0.022619117
2212.0,0.0,0.0,0.0,0.0,0.0,0.0,0.0,1.00064144e-10,1.000095e-10,0.027035417
2213.0,0.0,0.0,0.0,0.0,0.0,0.0,0.0,1.00064144e-10,1.000095e-10,0.03264934
2214.0,0.0,0.0,0.0,0.0,0.0,0.0,0.0,1.00064144e-10,1.000095e-10,0.039452977
2215.0,0.0,0.0,0.0,0.0,0.0,0.0,0.0,1.00064144e-10,1.000095e-10,0.047660697
2216.0,0.0,0.0,0.0,0.0,0.0,0.0,0.0,1.00064144e-10,1.000095e-10,0.05744133
2217.0,0.0,0.0,0.0,0.0,0.0,0.0,0.0,1.00064144e-10,1.000095e-10,0.070205055
2218.0,0.0,0.0,0.0,0.0,0.0,0.0,0.0,1.00064144e-10,1.000095e-10,0.08556709
2219.0,0.0,0.0,0.0,0.0,0.0,0.0,0.0,1.00064144e-10,1.000095e-10,0.104225256
2220.0,0.0,0.0,0.0,0.0,0.0,0.0,0.0,1.00064144e-10,1.000095e-10,0.12658747
2221.0,0.0,0.0,0.0,0.0,0.0,0.0,0.0,1.00064144e-10,1.000095e-10,0.15405662
2222.0,0.0,0.0,0.0,0.0,0.0,0.0,0.0,1.00064144e-10,1.000095e-10,0.18842109
2223.0,0.0,0.0,0.0,0.0,0.0,0.0,0.0,1.00064144e-10,1.000095e-10,0.22825576
2224.0,0.0,0.0,0.0,0.0,0.0,0.0,0.0,1.00064144e-10,1.000095e-10,0.27366373
2225.0,0.0,0.0,0.0,0.0,0.0,0.0,0.0,1.00064144e-10,1.000095e-10,0.32607707
2226.0,0.0,0.0,0.0,0.0,0.0,0.0,0.0,1.00064144e-10,1.000095e-10,0.38691694
2227.0,0.0,0.0,0.0,0.0,0.0,0.0,0.0,1.00064144e-10,1.000095e-10,0.4516888
2228.0,0.0,0.0,0.0,0.0,0.0,0.0,0.0,1.00064144e-10,1.000095e-10,0.5203867
2229.0,0.0,0.0,0.0,0.0,0.0,0.0,0.0,1.00064144e-10,1.000095e-10,0.59339494
2230.0,0.0,0.0,0.0,0.0,0.0,0.0,0.0,1.00064144e-10,1.000095e-10,0.66394323
2231.0,0.0,0.0,0.0,0.0,0.0,0.0,0.0,1.00064144e-10,1.000095e-10,0.729915
2232.0,0.0,0.0,0.0,0.0,0.0,0.0,0.0,1.00064144e-10,1.000095e-10,0.7909
2233.0,0.0,0.0,0.0,0.0,0.0,0.0,0.0,1.00064144e-10,1.000095e-10,0.84657687
2234.0,0.0,0.0,0.0,0.0,0.0,0.0,0.0,1.00064144e-10,1.000095e-10,0.89169663
2235.0,0.0,0.0,0.0,0.0,0.0,0.0,0.0,1.00064144e-10,1.000095e-10,0.92746717
2236.0,0.0,0.0,0.0,0.0,0.0,0.0,0.0,1.00064144e-10,1.000095e-10,0.9550764
2237.0,0.0,0.0,0.0,0.0,0.0,0.0,0.0,1.00064144e-10,1.000095e-10,0.9754261
2238.0,0.0,0.0,0.0,0.0,0.0,0.0,0.0,1.00064144e-10,1.000095e-10,0.98847014
2239.0,0.0,0.0,0.0,0.0,0.0,0.0,0.0,1.00064144e-10,1.000095e-10,0.994801
2240.0,0.0,0.0,0.0,0.0,0.0,0.0,0.0,1.00064144e-10,1.000095e-10,0.9969827
2241.0,0.0,0.0,0.0,0.0,0.0,0.0,0.0,1.00064144e-10,1.000095e-10,0.9956957
2242.0,0.0,0.0,0.0,0.0,0.0,0.0,0.0,1.00064144e-10,1.000095e-10,0.9917967
2243.0,0.0,0.0,0.0,0.0,0.0,0.0,0.0,1.00064144e-10,1.000095e-10,0.9832741
2244.0,0.0,0.0,0.0,0.0,0.0,0.0,0.0,1.00064144e-10,1.000095e-10,0.9739129
2245.0,0.0,0.0,0.0,0.0,0.0,0.0,0.0,1.00064144e-10,1.000095e-10,0.9644066
2246.0,0.0,0.0,0.0,0.0,0.0,0.0,0.0,1.00064144e-10,1.000095e-10,0.95542866
2247.0,0.0,0.0,0.0,0.0,0.0,0.0,0.0,1.00064144e-10,1.000095e-10,0.9486415
2248.0,0.0,0.0,0.0,0.0,0.0,0.0,0.0,1.00064144e-10,1.000095e-10,0.9432493
2249.0,0.0,0.0,0.0,0.0,0.0,0.0,0.0,1.00064144e-10,1.000095e-10,0.93887895
2250.0,0.0,0.0,0.0,0.0,0.0,0.0,0.0,1.00064144e-10,1.000095e-10,0.9356184
2251.0,0.0,0.0,0.0,0.0,0.0,0.0,0.0,1.00064144e-10,1.000095e-10,0.93406326
2252.0,0.0,0.0,0.0,0.0,0.0,0.0,0.0,1.00064144e-10,1.000095e-10,0.93418634
2253.0,0.0,0.0,0.0,0.0,0.0,0.0,0.0,1.00064144e-10,1.000095e-10,0.93523014
2254.0,0.0,0.0,0.0,0.0,0.0,0.0,0.0,1.00064144e-10,1.000095e-10,0.9372607
2255.0,0.0,0.0,0.0,0.0,0.0,0.0,0.0,1.00064144e-10,1.000095e-10,0.9404121
2256.0,0.0,0.0,0.0,0.0,0.0,0.0,0.0,1.00064144e-10,1.000095e-10,0.9430932
2257.0,0.0,0.0,0.0,0.0,0.0,0.0,0.0,1.00064144e-10,1.000095e-10,0.94474447
2258.0,0.0,0.0,0.0,0.0,0.0,0.0,0.0,1.00064144e-10,1.000095e-10,0.94525087
2259.0,0.0,0.0,0.0,0.0,0.0,0.0,0.0,1.00064144e-10,1.000095e-10,0.94492257
2260.0,0.0,0.0,0.0,0.0,0.0,0.0,0.0,1.00064144e-10,1.000095e-10,0.9457022
2261.0,0.0,0.0,0.0,0.0,0.0,0.0,0.0,1.00064144e-10,1.000095e-10,0.9507941
2262.0,0.0,0.0,0.0,0.0,0.0,0.0,0.0,1.00064144e-10,1.000095e-10,0.9595979
2263.0,0.0,0.0,0.0,0.0,0.0,0.0,0.0,1.00064144e-10,1.000095e-10,0.9713569
2264.0,0.0,0.0,0.0,0.0,0.0,0.0,0.0,1.00064144e-10,1.000095e-10,0.984467
2265.0,0.0,0.0,0.0,0.0,0.0,0.0,0.0,1.00064144e-10,1.000095e-10,0.99513626
2266.0,0.0,0.0,0.0,0.0,0.0,0.0,0.0,1.00064144e-10,1.000095e-10,1.0
2267.0,0.0,0.0,0.0,0.0,0.0,0.0,0.0,1.00064144e-10,1.000095e-10,0.9970227
2268.0,0.0,0.0,0.0,0.0,0.0,0.0,0.0,1.00064144e-10,1.000095e-10,0.98473126
2269.0,0.0,0.0,0.0,0.0,0.0,0.0,0.0,1.00064144e-10,1.000095e-10,0.9567247
2270.0,0.0,0.0,0.0,0.0,0.0,0.0,0.0,1.00064144e-10,1.000095e-10,0.91735435
2271.0,0.0,0.0,0.0,0.0,0.0,0.0,0.0,1.00064144e-10,1.000095e-10,0.8670326
2272.0,0.0,0.0,0.0,0.0,0.0,0.0,0.0,1.00064144e-10,1.000095e-10,0.80617577
2273.0,0.0,0.0,0.0,0.0,0.0,0.0,0.0,1.00064144e-10,1.000095e-10,0.7303063
2274.0,0.0,0.0,0.0,0.0,0.0,0.0,0.0,1.00064144e-10,1.000095e-10,0.65005857
2275.0,0.0,0.0,0.0,0.0,0.0,0.0,0.0,1.00064144e-10,1.000095e-10,0.5661469
2276.0,0.0,0.0,0.0,0.0,0.0,0.0,0.0,1.00064144e-10,1.000095e-10,0.48115048
2277.0,0.0,0.0,0.0,0.0,0.0,0.0,0.0,1.00064144e-10,1.000095e-10,0.40157422
2278.0,0.0,0.0,0.0,0.0,0.0,0.0,0.0,1.00064144e-10,1.000095e-10,0.3306696
2279.0,0.0,0.0,0.0,0.0,0.0,0.0,0.0,1.00064144e-10,1.000095e-10,0.26880798
2280.0,0.0,0.0,0.0,0.0,0.0,0.0,0.0,1.00064144e-10,1.000095e-10,0.21601333
2281.0,0.0,0.0,0.0,0.0,0.0,0.0,0.0,1.00064144e-10,1.000095e-10,0.17130491
2282.0,0.0,0.0,0.0,0.0,0.0,0.0,0.0,1.00064144e-10,1.000095e-10,0.13745184
2283.0,0.0,0.0,0.0,0.0,0.0,0.0,0.0,1.00064144e-10,1.000095e-10,0.110023715
2284.0,0.0,0.0,0.0,0.0,0.0,0.0,0.0,1.00064144e-10,1.000095e-10,0.08787837
2285.0,0.0,0.0,0.0,0.0,0.0,0.0,0.0,1.00064144e-10,1.000095e-10,0.06982817
2286.0,0.0,0.0,0.0,0.0,0.0,0.0,0.0,1.00064144e-10,1.000095e-10,0.05621188
2287.0,0.0,0.0,0.0,0.0,0.0,0.0,0.0,1.00064144e-10,1.000095e-10,0.04542878
2288.0,0.0,0.0,0.0,0.0,0.0,0.0,0.0,1.00064144e-10,1.000095e-10,0.036691852
2289.0,0.0,0.0,0.0,0.0,0.0,0.0,0.0,1.00064144e-10,1.000095e-10,0.029692663
2290.0,0.0,0.0,0.0,0.0,0.0,0.0,0.0,1.00064144e-10,1.000095e-10,0.024267586
2291.0,0.0,0.0,0.0,0.0,0.0,0.0,0.0,1.00064144e-10,1.000095e-10,0.020015411
2292.0,0.0,0.0,0.0,0.0,0.0,0.0,0.0,1.00064144e-10,1.000095e-10,0.01651952
2293.0,0.0,0.0,0.0,0.0,0.0,0.0,0.0,1.00064144e-10,1.000095e-10,0.013666723
2294.0,0.0,0.0,0.0,0.0,0.0,0.0,0.0,1.00064144e-10,1.000095e-10,0.011360847
2295.0,0.0,0.0,0.0,0.0,0.0,0.0,0.0,1.00064144e-10,1.000095e-10,0.0095489025
2296.0,0.0,0.0,0.0,0.0,0.0,0.0,0.0,1.00064144e-10,1.000095e-10,0.008003673
2297.0,0.0,0.0,0.0,0.0,0.0,0.0,0.0,1.00064144e-10,1.000095e-10,0.0067054834
2298.0,0.0,0.0,0.0,0.0,0.0,0.0,0.0,1.00064144e-10,1.000095e-10,0.0056340382
2299.0,0.0,0.0,0.0,0.0,0.0,0.0,0.0,1.00064144e-10,1.000095e-10,0.0047955625
2300.0,0.0,0.0,0.0,0.0,0.0,0.0,0.0,1.00064144e-10,1.000095e-10,0.004099917
2301.0,0.0,0.0,0.0,0.0,0.0,0.0,0.0,1.00064144e-10,1.000095e-10,0.0034937202
2302.0,0.0,0.0,0.0,0.0,0.0,0.0,0.0,1.00064144e-10,1.000095e-10,0.0029733896
2303.0,0.0,0.0,0.0,0.0,0.0,0.0,0.0,1.00064144e-10,1.000095e-10,0.002566176
2304.0,0.0,0.0,0.0,0.0,0.0,0.0,0.0,1.00064144e-10,1.000095e-10,0.0022036468
2305.0,0.0,0.0,0.0,0.0,0.0,0.0,0.0,1.00064144e-10,1.000095e-10,0.0018897952
2306.0,0.0,0.0,0.0,0.0,0.0,0.0,0.0,1.00064144e-10,1.000095e-10,0.0016274231
2307.0,0.0,0.0,0.0,0.0,0.0,0.0,0.0,1.00064144e-10,1.000095e-10,0.0014143791
2308.0,0.0,0.0,0.0,0.0,0.0,0.0,0.0,1.00064144e-10,1.000095e-10,0.0012469902
2309.0,0.0,0.0,0.0,0.0,0.0,0.0,0.0,1.00064144e-10,1.000095e-10,0.0010902595
2310.0,0.0,0.0,0.0,0.0,0.0,0.0,0.0,1.00064144e-10,1.000095e-10,0.0009580727
2311.0,0.0,0.0,0.0,0.0,0.0,0.0,0.0,1.00064144e-10,1.000095e-10,0.00086081884
2312.0,0.0,0.0,0.0,0.0,0.0,0.0,0.0,1.00064144e-10,1.000095e-10,0.00078020175
2313.0,0.0,0.0,0.0,0.0,0.0,0.0,0.0,1.00064144e-10,1.000095e-10,0.00069958565
2314.0,0.0,0.0,0.0,0.0,0.0,0.0,0.0,1.00064144e-10,1.000095e-10,0.0006189686
2315.0,0.0,0.0,0.0,0.0,0.0,0.0,0.0,1.00064144e-10,1.000095e-10,0.00058314303
2316.0,0.0,0.0,0.0,0.0,0.0,0.0,0.0,1.00064144e-10,1.000095e-10,0.0005482321
2317.0,0.0,0.0,0.0,0.0,0.0,0.0,0.0,1.00064144e-10,1.000095e-10,0.00051332224
2318.0,0.0,0.0,0.0,0.0,0.0,0.0,0.0,1.00064144e-10,1.000095e-10,0.00047841138
2319.0,0.0,0.0,0.0,0.0,0.0,0.0,0.0,1.00064144e-10,1.000095e-10,0.0004435005
2320.0,0.0,0.0,0.0,0.0,0.0,0.0,0.0,1.00064144e-10,1.000095e-10,0.0004085896
2321.0,0.0,0.0,0.0,0.0,0.0,0.0,0.0,1.00064144e-10,1.000095e-10,0.00037367872
2322.0,0.0,0.0,0.0,0.0,0.0,0.0,0.0,1.00064144e-10,1.000095e-10,0.00033876885
2323.0,0.0,0.0,0.0,0.0,0.0,0.0,0.0,1.00064144e-10,1.000095e-10,0.00030385796
2324.0,0.0,0.0,0.0,0.0,0.0,0.0,0.0,1.00064144e-10,1.000095e-10,0.0002689471
2325.0,0.0,0.0,0.0,0.0,0.0,0.0,0.0,1.00064144e-10,1.000095e-10,0.00023403621
2326.0,0.0,0.0,0.0,0.0,0.0,0.0,0.0,1.00064144e-10,1.000095e-10,0.00019912532
2327.0,0.0,0.0,0.0,0.0,0.0,0.0,0.0,1.00064144e-10,1.000095e-10,0.00016421545
2328.0,0.0,0.0,0.0,0.0,0.0,0.0,0.0,1.00064144e-10,1.000095e-10,0.00012930456
2329.0,0.0,0.0,0.0,0.0,0.0,0.0,0.0,1.00064144e-10,1.000095e-10,9.45393e-05
2330.0,0.0,0.0,0.0,0.0,0.0,0.0,0.0,1.00064144e-10,1.000095e-10,8.943436e-05
2331.0,0.0,0.0,0.0,0.0,0.0,0.0,0.0,1.00064144e-10,1.000095e-10,8.432943e-05
2332.0,0.0,0.0,0.0,0.0,0.0,0.0,0.0,1.00064144e-10,1.000095e-10,7.9224505e-05
2333.0,0.0,0.0,0.0,0.0,0.0,0.0,0.0,1.00064144e-10,1.000095e-10,7.411957e-05
2334.0,0.0,0.0,0.0,0.0,0.0,0.0,0.0,1.00064144e-10,1.000095e-10,6.901464e-05
2335.0,0.0,0.0,0.0,0.0,0.0,0.0,0.0,1.00064144e-10,1.000095e-10,6.390971e-05
2336.0,0.0,0.0,0.0,0.0,0.0,0.0,0.0,1.00064144e-10,1.000095e-10,5.880478e-05
2337.0,0.0,0.0,0.0,0.0,0.0,0.0,0.0,1.00064144e-10,1.000095e-10,5.369985e-05
2338.0,0.0,0.0,0.0,0.0,0.0,0.0,0.0,1.00064144e-10,1.000095e-10,4.8594917e-05
2339.0,0.0,0.0,0.0,0.0,0.0,0.0,0.0,1.00064144e-10,1.000095e-10,4.348999e-05
2340.0,0.0,0.0,0.0,0.0,0.0,0.0,0.0,1.00064144e-10,1.000095e-10,3.8385057e-05
2341.0,0.0,0.0,0.0,0.0,0.0,0.0,0.0,1.00064144e-10,1.000095e-10,3.3280125e-05
2342.0,0.0,0.0,0.0,0.0,0.0,0.0,0.0,1.00064144e-10,1.000095e-10,2.8175295e-05
2343.0,0.0,0.0,0.0,0.0,0.0,0.0,0.0,1.00064144e-10,1.000095e-10,2.3070364e-05
2344.0,0.0,0.0,0.0,0.0,0.0,0.0,0.0,1.00064144e-10,1.000095e-10,1.798725e-05
2345.0,0.0,0.0,0.0,0.0,0.0,0.0,0.0,1.00064144e-10,1.000095e-10,1.7364871e-05
2346.0,0.0,0.0,0.0,0.0,0.0,0.0,0.0,1.00064144e-10,1.000095e-10,1.6742391e-05
2347.0,0.0,0.0,0.0,0.0,0.0,0.0,0.0,1.00064144e-10,1.000095e-10,1.6119913e-05
2348.0,0.0,0.0,0.0,0.0,0.0,0.0,0.0,1.00064144e-10,1.000095e-10,1.5497433e-05
2349.0,0.0,0.0,0.0,0.0,0.0,0.0,0.0,1.00064144e-10,1.000095e-10,1.4874954e-05
2350.0,0.0,0.0,0.0,0.0,0.0,0.0,0.0,1.00064144e-10,1.000095e-10,1.4252574e-05
2351.0,0.0,0.0,0.0,0.0,0.0,0.0,0.0,1.00064144e-10,1.000095e-10,1.3630095e-05
2352.0,0.0,0.0,0.0,0.0,0.0,0.0,0.0,1.00064144e-10,1.000095e-10,1.3007616e-05
2353.0,0.0,0.0,0.0,0.0,0.0,0.0,0.0,1.00064144e-10,1.000095e-10,1.2385137e-05
2354.0,0.0,0.0,0.0,0.0,0.0,0.0,0.0,1.00064144e-10,1.000095e-10,1.1762757e-05
2355.0,0.0,0.0,0.0,0.0,0.0,0.0,0.0,1.00064144e-10,1.000095e-10,1.1140278e-05
2356.0,0.0,0.0,0.0,0.0,0.0,0.0,0.0,1.00064144e-10,1.000095e-10,1.0517799e-05
2357.0,0.0,0.0,0.0,0.0,0.0,0.0,0.0,1.00064144e-10,1.000095e-10,9.89535e-06
2358.0,0.0,0.0,0.0,0.0,0.0,0.0,0.0,1.00064144e-10,1.000095e-10,9.272891e-06
2359.0,0.0,0.0,0.0,0.0,0.0,0.0,0.0,1.00064144e-10,1.000095e-10,8.650431e-06
2360.0,0.0,0.0,0.0,0.0,0.0,0.0,0.0,1.00064144e-10,1.000095e-10,8.030814e-06
2361.0,0.0,0.0,0.0,0.0,0.0,0.0,0.0,1.00064144e-10,1.000095e-10,7.692123e-06
2362.0,0.0,0.0,0.0,0.0,0.0,0.0,0.0,1.00064144e-10,1.000095e-10,7.353422e-06
2363.0,0.0,0.0,0.0,0.0,0.0,0.0,0.0,1.00064144e-10,1.000095e-10,7.014731e-06
2364.0,0.0,0.0,0.0,0.0,0.0,0.0,0.0,1.00064144e-10,1.000095e-10,6.6760304e-06
2365.0,0.0,0.0,0.0,0.0,0.0,0.0,0.0,1.00064144e-10,1.000095e-10,6.3373295e-06
2366.0,0.0,0.0,0.0,0.0,0.0,0.0,0.0,1.00064144e-10,1.000095e-10,5.998639e-06
2367.0,0.0,0.0,0.0,0.0,0.0,0.0,0.0,1.00064144e-10,1.000095e-10,5.6599383e-06
2368.0,0.0,0.0,0.0,0.0,0.0,0.0,0.0,1.00064144e-10,1.000095e-10,5.3212475e-06
2369.0,0.0,0.0,0.0,0.0,0.0,0.0,0.0,1.00064144e-10,1.000095e-10,4.9825467e-06
2370.0,0.0,0.0,0.0,0.0,0.0,0.0,0.0,1.00064144e-10,1.000095e-10,4.643846e-06
2371.0,0.0,0.0,0.0,0.0,0.0,0.0,0.0,1.00064144e-10,1.000095e-10,4.305155e-06
2372.0,0.0,0.0,0.0,0.0,0.0,0.0,0.0,1.00064144e-10,1.000095e-10,3.966454e-06
2373.0,0.0,0.0,0.0,0.0,0.0,0.0,0.0,1.00064144e-10,1.000095e-10,3.6277534e-06
2374.0,0.0,0.0,0.0,0.0,0.0,0.0,0.0,1.00064144e-10,1.000095e-10,3.2890625e-06
2375.0,0.0,0.0,0.0,0.0,0.0,0.0,0.0,1.00064144e-10,1.000095e-10,2.9503617e-06
2376.0,0.0,0.0,0.0,0.0,0.0,0.0,0.0,1.00064144e-10,1.000095e-10,2.6141429e-06
2377.0,0.0,0.0,0.0,0.0,0.0,0.0,0.0,1.00064144e-10,1.000095e-10,2.523203e-06
2378.0,0.0,0.0,0.0,0.0,0.0,0.0,0.0,1.00064144e-10,1.000095e-10,2.4322528e-06
2379.0,0.0,0.0,0.0,0.0,0.0,0.0,0.0,1.00064144e-10,1.000095e-10,2.341303e-06
2380.0,0.0,0.0,0.0,0.0,0.0,0.0,0.0,1.00064144e-10,1.000095e-10,2.2503627e-06
2381.0,0.0,0.0,0.0,0.0,0.0,0.0,0.0,1.00064144e-10,1.000095e-10,2.1594128e-06
2382.0,0.0,0.0,0.0,0.0,0.0,0.0,0.0,1.00064144e-10,1.000095e-10,2.0684627e-06
2383.0,0.0,0.0,0.0,0.0,0.0,0.0,0.0,1.00064144e-10,1.000095e-10,1.9775227e-06
2384.0,0.0,0.0,0.0,0.0,0.0,0.0,0.0,1.00064144e-10,1.000095e-10,1.8865727e-06
2385.0,0.0,0.0,0.0,0.0,0.0,0.0,0.0,1.00064144e-10,1.000095e-10,1.7956327e-06
2386.0,0.0,0.0,0.0,0.0,0.0,0.0,0.0,1.00064144e-10,1.000095e-10,1.7046826e-06
2387.0,0.0,0.0,0.0,0.0,0.0,0.0,0.0,1.00064144e-10,1.000095e-10,1.6137326e-06
2388.0,0.0,0.0,0.0,0.0,0.0,0.0,0.0,1.00064144e-10,1.000095e-10,1.5227926e-06
2389.0,0.0,0.0,0.0,0.0,0.0,0.0,0.0,1.00064144e-10,1.000095e-10,1.4318425e-06
2390.0,0.0,0.0,0.0,0.0,0.0,0.0,0.0,1.00064144e-10,1.000095e-10,1.3408925e-06
2391.0,0.0,0.0,0.0,0.0,0.0,0.0,0.0,1.00064144e-10,1.000095e-10,1.2499524e-06
2392.0,0.0,0.0,0.0,0.0,0.0,0.0,0.0,1.00064144e-10,1.000095e-10,1.1590924e-06
2393.0,0.0,0.0,0.0,0.0,0.0,0.0,0.0,1.00064144e-10,1.000095e-10,1.0866368e-06
2394.0,0.0,0.0,0.0,0.0,0.0,0.0,0.0,1.00064144e-10,1.000095e-10,1.014171e-06
2395.0,0.0,0.0,0.0,0.0,0.0,0.0,0.0,1.00064144e-10,1.000095e-10,9.4171514e-07
2396.0,0.0,0.0,0.0,0.0,0.0,0.0,0.0,1.00064144e-10,1.000095e-10,8.692563e-07
2397.0,0.0,0.0,0.0,0.0,0.0,0.0,0.0,1.00064144e-10,1.000095e-10,7.967975e-07
2398.0,0.0,0.0,0.0,0.0,0.0,0.0,0.0,1.00064144e-10,1.000095e-10,7.243377e-07
2399.0,0.0,0.0,0.0,0.0,0.0,0.0,0.0,1.00064144e-10,1.000095e-10,6.5187896e-07
2400.0,0.0,0.0,0.0,0.0,0.0,0.0,0.0,1.00064144e-10,1.000095e-10,5.794192e-07
2401.0,0.0,0.0,0.0,0.0,0.0,0.0,0.0,1.00064144e-10,1.000095e-10,5.0696036e-07
2402.0,0.0,0.0,0.0,0.0,0.0,0.0,0.0,1.00064144e-10,1.000095e-10,4.3450157e-07
2403.0,0.0,0.0,0.0,0.0,0.0,0.0,0.0,1.00064144e-10,1.000095e-10,3.6204176e-07
2404.0,0.0,0.0,0.0,0.0,0.0,0.0,0.0,1.00064144e-10,1.000095e-10,2.8958297e-07
2405.0,0.0,0.0,0.0,0.0,0.0,0.0,0.0,1.00064144e-10,1.000095e-10,2.1712418e-07
2406.0,0.0,0.0,0.0,0.0,0.0,0.0,0.0,1.00064144e-10,1.000095e-10,1.446644e-07
2407.0,0.0,0.0,0.0,0.0,0.0,0.0,0.0,1.00064144e-10,1.000095e-10,7.2205395e-08
2408.0,0.0,0.0,0.0,0.0,0.0,0.0,0.0,1.00064144e-10,1.000095e-10,1.0007706e-10
2409.0,0.0,0.0,0.0,0.0,0.0,0.0,0.0,1.00064144e-10,1.000095e-10,1.0007706e-10
2410.0,0.0,0.0,0.0,0.0,0.0,0.0,0.0,1.00064144e-10,1.000095e-10,1.0007706e-10
2411.0,0.0,0.0,0.0,0.0,0.0,0.0,0.0,1.00064144e-10,1.000095e-10,1.0007706e-10
2412.0,0.0,0.0,0.0,0.0,0.0,0.0,0.0,1.00064144e-10,1.000095e-10,1.0007706e-10
2413.0,0.0,0.0,0.0,0.0,0.0,0.0,0.0,1.00064144e-10,1.000095e-10,1.0007706e-10
2414.0,0.0,0.0,0.0,0.0,0.0,0.0,0.0,1.00064144e-10,1.000095e-10,1.0007706e-10
2415.0,0.0,0.0,0.0,0.0,0.0,0.0,0.0,1.00064144e-10,1.000095e-10,1.0007706e-10
2416.0,0.0,0.0,0.0,0.0,0.0,0.0,0.0,1.00064144e-10,1.000095e-10,1.0007706e-10
2417.0,0.0,0.0,0.0,0.0,0.0,0.0,0.0,1.00064144e-10,1.000095e-10,1.0007706e-10
2418.0,0.0,0.0,0.0,0.0,0.0,0.0,0.0,1.00064144e-10,1.000095e-10,1.0007706e-10
2419.0,0.0,0.0,0.0,0.0,0.0,0.0,0.0,1.00064144e-10,1.000095e-10,1.0007706e-10
2420.0,0.0,0.0,0.0,0.0,0.0,0.0,0.0,1.00064144e-10,1.000095e-10,1.0007706e-10
2421.0,0.0,0.0,0.0,0.0,0.0,0.0,0.0,1.00064144e-10,1.000095e-10,1.0007706e-10
2422.0,0.0,0.0,0.0,0.0,0.0,0.0,0.0,1.00064144e-10,1.000095e-10,1.0007706e-10
2423.0,0.0,0.0,0.0,0.0,0.0,0.0,0.0,1.00064144e-10,1.000095e-10,1.0007706e-10
2424.0,0.0,0.0,0.0,0.0,0.0,0.0,0.0,1.00064144e-10,1.000095e-10,1.0007706e-10
2425.0,0.0,0.0,0.0,0.0,0.0,0.0,0.0,1.00064144e-10,1.000095e-10,3.2561672e-08
2426.0,0.0,0.0,0.0,0.0,0.0,0.0,0.0,1.00064144e-10,1.000095e-10,6.535142e-08
2427.0,0.0,0.0,0.0,0.0,0.0,0.0,0.0,1.00064144e-10,1.000095e-10,9.814117e-08
2428.0,0.0,0.0,0.0,0.0,0.0,0.0,0.0,1.00064144e-10,1.000095e-10,1.3093081e-07
2429.0,0.0,0.0,0.0,0.0,0.0,0.0,0.0,1.00064144e-10,1.000095e-10,1.6372107e-07
2430.0,0.0,0.0,0.0,0.0,0.0,0.0,0.0,1.00064144e-10,1.000095e-10,1.9651031e-07
2431.0,0.0,0.0,0.0,0.0,0.0,0.0,0.0,1.00064144e-10,1.000095e-10,2.2930057e-07
2432.0,0.0,0.0,0.0,0.0,0.0,0.0,0.0,1.00064144e-10,1.000095e-10,2.620898e-07
2433.0,0.0,0.0,0.0,0.0,0.0,0.0,0.0,1.00064144e-10,1.000095e-10,2.9488007e-07
2434.0,0.0,0.0,0.0,0.0,0.0,0.0,0.0,1.00064144e-10,1.000095e-10,3.276693e-07
2435.0,0.0,0.0,0.0,0.0,0.0,0.0,0.0,1.00064144e-10,1.000095e-10,3.0719053e-07
2436.0,0.0,0.0,0.0,0.0,0.0,0.0,0.0,1.00064144e-10,1.000095e-10,2.8671076e-07
2437.0,0.0,0.0,0.0,0.0,0.0,0.0,0.0,1.00064144e-10,1.000095e-10,2.66232e-07
2438.0,0.0,0.0,0.0,0.0,0.0,0.0,0.0,1.00064144e-10,1.000095e-10,2.4575223e-07
2439.0,0.0,0.0,0.0,0.0,0.0,0.0,0.0,1.00064144e-10,1.000095e-10,2.2527246e-07
2440.0,0.0,0.0,0.0,0.0,0.0,0.0,0.0,1.00064144e-10,1.000095e-10,2.047937e-07
2441.0,0.0,0.0,0.0,0.0,0.0,0.0,0.0,1.00064144e-10,1.000095e-10,1.8431392e-07
2442.0,0.0,0.0,0.0,0.0,0.0,0.0,0.0,1.00064144e-10,1.000095e-10,1.6383515e-07
2443.0,0.0,0.0,0.0,0.0,0.0,0.0,0.0,1.00064144e-10,1.000095e-10,1.4335538e-07
2444.0,0.0,0.0,0.0,0.0,0.0,0.0,0.0,1.00064144e-10,1.000095e-10,1.2287661e-07
2445.0,0.0,0.0,0.0,0.0,0.0,0.0,0.0,1.00064144e-10,1.000095e-10,1.0239685e-07
2446.0,0.0,0.0,0.0,0.0,0.0,0.0,0.0,1.00064144e-10,1.000095e-10,8.191748e-08
2447.0,0.0,0.0,0.0,0.0,0.0,0.0,0.0,1.00064144e-10,1.000095e-10,6.143811e-08
2448.0,0.0,0.0,0.0,0.0,0.0,0.0,0.0,1.00064144e-10,1.000095e-10,4.095874e-08
2449.0,0.0,0.0,0.0,0.0,0.0,0.0,0.0,1.00064144e-10,1.000095e-10,2.0479469e-08
2450.0,0.0,0.0,0.0,0.0,0.0,0.0,0.0,1.00064144e-10,1.000095e-10,1.0007706e-10
2451.0,0.0,0.0,0.0,0.0,0.0,0.0,0.0,1.00064144e-10,1.000095e-10,1.0007706e-10
2452.0,0.0,0.0,0.0,0.0,0.0,0.0,0.0,1.00064144e-10,1.000095e-10,1.0007706e-10
2453.0,0.0,0.0,0.0,0.0,0.0,0.0,0.0,1.00064144e-10,1.000095e-10,1.0007706e-10
2454.0,0.0,0.0,0.0,0.0,0.0,0.0,0.0,1.00064144e-10,1.000095e-10,1.0007706e-10
2455.0,0.0,0.0,0.0,0.0,0.0,0.0,0.0,1.00064144e-10,1.000095e-10,1.0007706e-10
2456.0,0.0,0.0,0.0,0.0,0.0,0.0,0.0,1.00064144e-10,1.000095e-10,1.0007706e-10
2457.0,0.0,0.0,0.0,0.0,0.0,0.0,0.0,1.00064144e-10,1.000095e-10,1.0007706e-10
2458.0,0.0,0.0,0.0,0.0,0.0,0.0,0.0,1.00064144e-10,1.000095e-10,1.0007706e-10
2459.0,0.0,0.0,0.0,0.0,0.0,0.0,0.0,1.00064144e-10,1.000095e-10,1.0007706e-10
2460.0,0.0,0.0,0.0,0.0,0.0,0.0,0.0,1.00064144e-10,1.000095e-10,1.0007706e-10
2461.0,0.0,0.0,0.0,0.0,0.0,0.0,0.0,1.00064144e-10,1.000095e-10,1.0007706e-10
2462.0,0.0,0.0,0.0,0.0,0.0,0.0,0.0,1.00064144e-10,1.000095e-10,1.0007706e-10
2463.0,0.0,0.0,0.0,0.0,0.0,0.0,0.0,1.00064144e-10,1.000095e-10,1.0007706e-10
2464.0,0.0,0.0,0.0,0.0,0.0,0.0,0.0,1.00064144e-10,1.000095e-10,1.0007706e-10
2465.0,0.0,0.0,0.0,0.0,0.0,0.0,0.0,1.00064144e-10,1.000095e-10,1.0007706e-10
2466.0,0.0,0.0,0.0,0.0,0.0,0.0,0.0,1.00064144e-10,1.000095e-10,1.0007706e-10
2467.0,0.0,0.0,0.0,0.0,0.0,0.0,0.0,1.00064144e-10,1.000095e-10,1.0007706e-10
2468.0,0.0,0.0,0.0,0.0,0.0,0.0,0.0,1.00064144e-10,1.000095e-10,1.0007706e-10
2469.0,0.0,0.0,0.0,0.0,0.0,0.0,0.0,1.00064144e-10,1.000095e-10,1.0007706e-10
2470.0,0.0,0.0,0.0,0.0,0.0,0.0,0.0,1.00064144e-10,1.000095e-10,1.0007706e-10
2471.0,0.0,0.0,0.0,0.0,0.0,0.0,0.0,1.00064144e-10,1.000095e-10,1.0007706e-10
2472.0,0.0,0.0,0.0,0.0,0.0,0.0,0.0,1.00064144e-10,1.000095e-10,1.0007706e-10
2473.0,0.0,0.0,0.0,0.0,0.0,0.0,0.0,1.00064144e-10,1.000095e-10,1.0007706e-10
2474.0,0.0,0.0,0.0,0.0,0.0,0.0,0.0,1.00064144e-10,1.000095e-10,1.0007706e-10
2475.0,0.0,0.0,0.0,0.0,0.0,0.0,0.0,1.00064144e-10,1.000095e-10,1.0007706e-10
2476.0,0.0,0.0,0.0,0.0,0.0,0.0,0.0,1.00064144e-10,1.000095e-10,1.0007706e-10
2477.0,0.0,0.0,0.0,0.0,0.0,0.0,0.0,1.00064144e-10,1.000095e-10,1.0007706e-10
2478.0,0.0,0.0,0.0,0.0,0.0,0.0,0.0,1.00064144e-10,1.000095e-10,1.0007706e-10
2479.0,0.0,0.0,0.0,0.0,0.0,0.0,0.0,1.00064144e-10,1.000095e-10,1.0007706e-10
2480.0,0.0,0.0,0.0,0.0,0.0,0.0,0.0,1.00064144e-10,1.000095e-10,1.0007706e-10
2481.0,0.0,0.0,0.0,0.0,0.0,0.0,0.0,1.00064144e-10,1.000095e-10,1.0007706e-10
2482.0,0.0,0.0,0.0,0.0,0.0,0.0,0.0,1.00064144e-10,1.000095e-10,1.0007706e-10
2483.0,0.0,0.0,0.0,0.0,0.0,0.0,0.0,1.00064144e-10,1.000095e-10,1.0007706e-10
2484.0,0.0,0.0,0.0,0.0,0.0,0.0,0.0,1.00064144e-10,1.000095e-10,1.0007706e-10
2485.0,0.0,0.0,0.0,0.0,0.0,0.0,0.0,1.00064144e-10,1.000095e-10,1.0007706e-10
2486.0,0.0,0.0,0.0,0.0,0.0,0.0,0.0,1.00064144e-10,1.000095e-10,1.0007706e-10
2487.0,0.0,0.0,0.0,0.0,0.0,0.0,0.0,1.00064144e-10,1.000095e-10,1.0007706e-10
2488.0,0.0,0.0,0.0,0.0,0.0,0.0,0.0,1.00064144e-10,1.000095e-10,1.0007706e-10
2489.0,0.0,0.0,0.0,0.0,0.0,0.0,0.0,1.00064144e-10,1.000095e-10,1.0007706e-10
2490.0,0.0,0.0,0.0,0.0,0.0,0.0,0.0,1.00064144e-10,1.000095e-10,1.0007706e-10
2491.0,0.0,0.0,0.0,0.0,0.0,0.0,0.0,1.00064144e-10,1.000095e-10,1.0007706e-10
2492.0,0.0,0.0,0.0,0.0,0.0,0.0,0.0,1.00064144e-10,1.000095e-10,1.0007706e-10
2493.0,0.0,0.0,0.0,0.0,0.0,0.0,0.0,1.00064144e-10,1.000095e-10,1.0007706e-10
2494.0,0.0,0.0,0.0,0.0,0.0,0.0,0.0,1.00064144e-10,1.000095e-10,1.0007706e-10
2495.0,0.0,0.0,0.0,0.0,0.0,0.0,0.0,1.00064144e-10,1.000095e-10,1.0007706e-10
2496.0,0.0,0.0,0.0,0.0,0.0,0.0,0.0,1.00064144e-10,1.000095e-10,1.0007706e-10
2497.0,0.0,0.0,0.0,0.0,0.0,0.0,0.0,1.00064144e-10,1.000095e-10,1.0007706e-10
2498.0,0.0,0.0,0.0,0.0,0.0,0.0,0.0,1.00064144e-10,1.000095e-10,1.0007706e-10
2499.0,0.0,0.0,0.0,0.0,0.0,0.0,0.0,1.00064144e-10,1.000095e-10,1.0007706e-10
2500.0,0.0,0.0,0.0,0.0,0.0,0.0,0.0,1.00064144e-10,1.000095e-10,1.0007706e-10
2501.0,0.0,0.0,0.0,0.0,0.0,0.0,0.0,1.00064144e-10,1.000095e-10,1.0007706e-10
2502.0,0.0,0.0,0.0,0.0,0.0,0.0,0.0,1.00064144e-10,1.000095e-10,1.0007706e-10
2503.0,0.0,0.0,0.0,0.0,0.0,0.0,0.0,1.00064144e-10,1.000095e-10,1.0007706e-10
2504.0,0.0,0.0,0.0,0.0,0.0,0.0,0.0,1.00064144e-10,1.000095e-10,1.0007706e-10
2505.0,0.0,0.0,0.0,0.0,0.0,0.0,0.0,1.00064144e-10,1.000095e-10,1.0007706e-10
2506.0,0.0,0.0,0.0,0.0,0.0,0.0,0.0,1.00064144e-10,1.000095e-10,1.0007706e-10
2507.0,0.0,0.0,0.0,0.0,0.0,0.0,0.0,1.00064144e-10,1.000095e-10,1.0007706e-10
2508.0,0.0,0.0,0.0,0.0,0.0,0.0,0.0,1.00064144e-10,1.000095e-10,1.0007706e-10
2509.0,0.0,0.0,0.0,0.0,0.0,0.0,0.0,1.00064144e-10,1.000095e-10,1.0007706e-10
2510.0,0.0,0.0,0.0,0.0,0.0,0.0,0.0,1.00064144e-10,1.000095e-10,1.0007706e-10
2511.0,0.0,0.0,0.0,0.0,0.0,0.0,0.0,1.00064144e-10,1.000095e-10,1.0007706e-10
2512.0,0.0,0.0,0.0,0.0,0.0,0.0,0.0,1.00064144e-10,1.000095e-10,1.0007706e-10
2513.0,0.0,0.0,0.0,0.0,0.0,0.0,0.0,1.00064144e-10,1.000095e-10,1.0007706e-10
2514.0,0.0,0.0,0.0,0.0,0.0,0.0,0.0,1.00064144e-10,1.000095e-10,1.0007706e-10
2515.0,0.0,0.0,0.0,0.0,0.0,0.0,0.0,1.00064144e-10,1.000095e-10,1.0007706e-10
2516.0,0.0,0.0,0.0,0.0,0.0,0.0,0.0,1.00064144e-10,1.000095e-10,1.0007706e-10
2517.0,0.0,0.0,0.0,0.0,0.0,0.0,0.0,1.00064144e-10,1.000095e-10,1.0007706e-10
2518.0,0.0,0.0,0.0,0.0,0.0,0.0,0.0,1.00064144e-10,1.000095e-10,1.0007706e-10
2519.0,0.0,0.0,0.0,0.0,0.0,0.0,0.0,1.00064144e-10,1.000095e-10,1.0007706e-10
2520.0,0.0,0.0,0.0,0.0,0.0,0.0,0.0,1.00064144e-10,1.000095e-10,1.0007706e-10
2521.0,0.0,0.0,0.0,0.0,0.0,0.0,0.0,1.00064144e-10,1.000095e-10,1.0007706e-10
2522.0,0.0,0.0,0.0,0.0,0.0,0.0,0.0,1.00064144e-10,1.000095e-10,1.0007706e-10
2523.0,0.0,0.0,0.0,0.0,0.0,0.0,0.0,1.00064144e-10,1.000095e-10,1.0007706e-10
2524.0,0.0,0.0,0.0,0.0,0.0,0.0,0.0,1.00064144e-10,1.000095e-10,1.0007706e-10
2525.0,0.0,0.0,0.0,0.0,0.0,0.0,0.0,1.00064144e-10,1.000095e-10,1.0007706e-10
2526.0,0.0,0.0,0.0,0.0,0.0,0.0,0.0,1.00064144e-10,1.000095e-10,1.0007706e-10
2527.0,0.0,0.0,0.0,0.0,0.0,0.0,0.0,1.00064144e-10,1.000095e-10,1.0007706e-10
2528.0,0.0,0.0,0.0,0.0,0.0,0.0,0.0,1.00064144e-10,1.000095e-10,1.0007706e-10
2529.0,0.0,0.0,0.0,0.0,0.0,0.0,0.0,1.00064144e-10,1.000095e-10,1.0007706e-10
2530.0,0.0,0.0,0.0,0.0,0.0,0.0,0.0,1.00064144e-10,1.000095e-10,1.0007706e-10
2531.0,0.0,0.0,0.0,0.0,0.0,0.0,0.0,1.00064144e-10,1.000095e-10,1.0007706e-10
2532.0,0.0,0.0,0.0,0.0,0.0,0.0,0.0,1.00064144e-10,1.000095e-10,1.0007706e-10
2533.0,0.0,0.0,0.0,0.0,0.0,0.0,0.0,1.00064144e-10,1.000095e-10,1.0007706e-10
2534.0,0.0,0.0,0.0,0.0,0.0,0.0,0.0,1.00064144e-10,1.000095e-10,1.0007706e-10
2535.0,0.0,0.0,0.0,0.0,0.0,0.0,0.0,1.00064144e-10,1.000095e-10,1.0007706e-10
2536.0,0.0,0.0,0.0,0.0,0.0,0.0,0.0,1.00064144e-10,1.000095e-10,1.0007706e-10
2537.0,0.0,0.0,0.0,0.0,0.0,0.0,0.0,1.00064144e-10,1.000095e-10,1.0007706e-10
2538.0,0.0,0.0,0.0,0.0,0.0,0.0,0.0,1.00064144e-10,1.000095e-10,1.0007706e-10
2539.0,0.0,0.0,0.0,0.0,0.0,0.0,0.0,1.00064144e-10,1.000095e-10,1.0007706e-10
2540.0,0.0,0.0,0.0,0.0,0.0,0.0,0.0,1.00064144e-10,1.000095e-10,1.0007706e-10
2541.0,0.0,0.0,0.0,0.0,0.0,0.0,0.0,1.00064144e-10,1.000095e-10,1.0007706e-10
2542.0,0.0,0.0,0.0,0.0,0.0,0.0,0.0,1.00064144e-10,1.000095e-10,1.0007706e-10
2543.0,0.0,0.0,0.0,0.0,0.0,0.0,0.0,1.00064144e-10,1.000095e-10,1.0007706e-10
2544.0,0.0,0.0,0.0,0.0,0.0,0.0,0.0,1.00064144e-10,1.000095e-10,1.0007706e-10
2545.0,0.0,0.0,0.0,0.0,0.0,0.0,0.0,1.00064144e-10,1.000095e-10,1.0007706e-10
2546.0,0.0,0.0,0.0,0.0,0.0,0.0,0.0,1.00064144e-10,1.000095e-10,1.0007706e-10
2547.0,0.0,0.0,0.0,0.0,0.0,0.0,0.0,1.00064144e-10,1.000095e-10,1.0007706e-10
2548.0,0.0,0.0,0.0,0.0,0.0,0.0,0.0,1.00064144e-10,1.000095e-10,1.0007706e-10
2549.0,0.0,0.0,0.0,0.0,0.0,0.0,0.0,1.00064144e-10,1.000095e-10,1.0007706e-10
2550.0,0.0,0.0,0.0,0.0,0.0,0.0,0.0,1.00064144e-10,1.000095e-10,1.0007706e-10
2551.0,0.0,0.0,0.0,0.0,0.0,0.0,0.0,1.00064144e-10,1.000095e-10,1.0007706e-10
2552.0,0.0,0.0,0.0,0.0,0.0,0.0,0.0,1.00064144e-10,1.000095e-10,1.0007706e-10
2553.0,0.0,0.0,0.0,0.0,0.0,0.0,0.0,1.00064144e-10,1.000095e-10,1.0007706e-10
2554.0,0.0,0.0,0.0,0.0,0.0,0.0,0.0,1.00064144e-10,1.000095e-10,1.0007706e-10
2555.0,0.0,0.0,0.0,0.0,0.0,0.0,0.0,1.00064144e-10,1.000095e-10,1.0007706e-10
2556.0,0.0,0.0,0.0,0.0,0.0,0.0,0.0,1.00064144e-10,1.000095e-10,1.0007706e-10
2557.0,0.0,0.0,0.0,0.0,0.0,0.0,0.0,1.00064144e-10,1.000095e-10,1.0007706e-10
2558.0,0.0,0.0,0.0,0.0,0.0,0.0,0.0,1.00064144e-10,1.000095e-10,1.0007706e-10
2559.0,0.0,0.0,0.0,0.0,0.0,0.0,0.0,1.00064144e-10,1.000095e-10,1.0007706e-10
2560.0,0.0,0.0,0.0,0.0,0.0,0.0,0.0,1.00064144e-10,1.000095e-10,1.0007706e-10
2561.0,0.0,0.0,0.0,0.0,0.0,0.0,0.0,1.00064144e-10,1.000095e-10,1.0007706e-10
2562.0,0.0,0.0,0.0,0.0,0.0,0.0,0.0,1.00064144e-10,1.000095e-10,1.0007706e-10
2563.0,0.0,0.0,0.0,0.0,0.0,0.0,0.0,1.00064144e-10,1.000095e-10,1.0007706e-10
2564.0,0.0,0.0,0.0,0.0,0.0,0.0,0.0,1.00064144e-10,1.000095e-10,1.0007706e-10
2565.0,0.0,0.0,0.0,0.0,0.0,0.0,0.0,1.00064144e-10,1.000095e-10,1.0007706e-10
2566.0,0.0,0.0,0.0,0.0,0.0,0.0,0.0,1.00064144e-10,1.000095e-10,1.0007706e-10
2567.0,0.0,0.0,0.0,0.0,0.0,0.0,0.0,1.00064144e-10,1.000095e-10,1.0007706e-10
2568.0,0.0,0.0,0.0,0.0,0.0,0.0,0.0,1.00064144e-10,1.000095e-10,1.0007706e-10
2569.0,0.0,0.0,0.0,0.0,0.0,0.0,0.0,1.00064144e-10,1.000095e-10,1.0007706e-10
2570.0,0.0,0.0,0.0,0.0,0.0,0.0,0.0,1.00064144e-10,1.000095e-10,1.0007706e-10
2571.0,0.0,0.0,0.0,0.0,0.0,0.0,0.0,1.00064144e-10,1.000095e-10,1.0007706e-10
2572.0,0.0,0.0,0.0,0.0,0.0,0.0,0.0,1.00064144e-10,1.000095e-10,1.0007706e-10
2573.0,0.0,0.0,0.0,0.0,0.0,0.0,0.0,1.00064144e-10,1.000095e-10,1.0007706e-10
2574.0,0.0,0.0,0.0,0.0,0.0,0.0,0.0,1.00064144e-10,1.000095e-10,1.0007706e-10
2575.0,0.0,0.0,0.0,0.0,0.0,0.0,0.0,1.00064144e-10,1.000095e-10,1.0007706e-10
2576.0,0.0,0.0,0.0,0.0,0.0,0.0,0.0,1.00064144e-10,1.000095e-10,1.0007706e-10
2577.0,0.0,0.0,0.0,0.0,0.0,0.0,0.0,1.00064144e-10,1.000095e-10,1.0007706e-10
2578.0,0.0,0.0,0.0,0.0,0.0,0.0,0.0,1.00064144e-10,1.000095e-10,1.0007706e-10
2579.0,0.0,0.0,0.0,0.0,0.0,0.0,0.0,1.00064144e-10,1.000095e-10,1.0007706e-10
2580.0,0.0,0.0,0.0,0.0,0.0,0.0,0.0,1.00064144e-10,1.000095e-10,1.0007706e-10
2581.0,0.0,0.0,0.0,0.0,0.0,0.0,0.0,1.00064144e-10,1.000095e-10,1.0007706e-10
2582.0,0.0,0.0,0.0,0.0,0.0,0.0,0.0,1.00064144e-10,1.000095e-10,1.0007706e-10
2583.0,0.0,0.0,0.0,0.0,0.0,0.0,0.0,1.00064144e-10,1.000095e-10,1.0007706e-10
2584.0,0.0,0.0,0.0,0.0,0.0,0.0,0.0,1.00064144e-10,1.000095e-10,1.0007706e-10
2585.0,0.0,0.0,0.0,0.0,0.0,0.0,0.0,1.00064144e-10,1.000095e-10,1.0007706e-10
2586.0,0.0,0.0,0.0,0.0,0.0,0.0,0.0,1.00064144e-10,1.000095e-10,1.0007706e-10
2587.0,0.0,0.0,0.0,0.0,0.0,0.0,0.0,1.00064144e-10,1.000095e-10,1.0007706e-10
2588.0,0.0,0.0,0.0,0.0,0.0,0.0,0.0,1.00064144e-10,1.000095e-10,1.0007706e-10
2589.0,0.0,0.0,0.0,0.0,0.0,0.0,0.0,1.00064144e-10,1.000095e-10,1.0007706e-10
2590.0,0.0,0.0,0.0,0.0,0.0,0.0,0.0,1.00064144e-10,1.000095e-10,1.0007706e-10
2591.0,0.0,0.0,0.0,0.0,0.0,0.0,0.0,1.00064144e-10,1.000095e-10,1.0007706e-10
2592.0,0.0,0.0,0.0,0.0,0.0,0.0,0.0,1.00064144e-10,1.000095e-10,1.0007706e-10
2593.0,0.0,0.0,0.0,0.0,0.0,0.0,0.0,1.00064144e-10,1.000095e-10,1.0007706e-10
2594.0,0.0,0.0,0.0,0.0,0.0,0.0,0.0,1.00064144e-10,1.000095e-10,1.0007706e-10
2595.0,0.0,0.0,0.0,0.0,0.0,0.0,0.0,1.00064144e-10,1.000095e-10,1.0007706e-10
2596.0,0.0,0.0,0.0,0.0,0.0,0.0,0.0,1.00064144e-10,1.000095e-10,1.0007706e-10
2597.0,0.0,0.0,0.0,0.0,0.0,0.0,0.0,1.00064144e-10,1.000095e-10,1.0007706e-10
2598.0,0.0,0.0,0.0,0.0,0.0,0.0,0.0,1.00064144e-10,1.000095e-10,1.0007706e-10
2599.0,0.0,0.0,0.0,0.0,0.0,0.0,0.0,1.00064144e-10,1.000095e-10,1.0007706e-10
2600.0,0.0,0.0,0.0,0.0,0.0,0.0,0.0,1.00064144e-10,1.000095e-10,1.0007706e-10
2601.0,0.0,0.0,0.0,0.0,0.0,0.0,0.0,1.00064144e-10,1.000095e-10,1.0007706e-10
2602.0,0.0,0.0,0.0,0.0,0.0,0.0,0.0,1.00064144e-10,1.000095e-10,1.0007706e-10
2603.0,0.0,0.0,0.0,0.0,0.0,0.0,0.0,1.00064144e-10,1.000095e-10,1.0007706e-10
2604.0,0.0,0.0,0.0,0.0,0.0,0.0,0.0,1.00064144e-10,1.000095e-10,1.0007706e-10
2605.0,0.0,0.0,0.0,0.0,0.0,0.0,0.0,1.00064144e-10,1.000095e-10,1.0007706e-10
2606.0,0.0,0.0,0.0,0.0,0.0,0.0,0.0,1.00064144e-10,1.000095e-10,1.0007706e-10
2607.0,0.0,0.0,0.0,0.0,0.0,0.0,0.0,1.00064144e-10,1.000095e-10,1.0007706e-10
2608.0,0.0,0.0,0.0,0.0,0.0,0.0,0.0,1.00064144e-10,1.000095e-10,1.0007706e-10
2609.0,0.0,0.0,0.0,0.0,0.0,0.0,0.0,1.00064144e-10,1.000095e-10,1.0007706e-10
2610.0,0.0,0.0,0.0,0.0,0.0,0.0,0.0,1.00064144e-10,1.000095e-10,1.0007706e-10
2611.0,0.0,0.0,0.0,0.0,0.0,0.0,0.0,1.00064144e-10,1.000095e-10,1.0007706e-10
2612.0,0.0,0.0,0.0,0.0,0.0,0.0,0.0,1.00064144e-10,1.000095e-10,1.0007706e-10
2613.0,0.0,0.0,0.0,0.0,0.0,0.0,0.0,1.00064144e-10,1.000095e-10,1.0007706e-10
2614.0,0.0,0.0,0.0,0.0,0.0,0.0,0.0,1.00064144e-10,1.000095e-10,1.0007706e-10
2615.0,0.0,0.0,0.0,0.0,0.0,0.0,0.0,1.00064144e-10,1.000095e-10,1.0007706e-10
2616.0,0.0,0.0,0.0,0.0,0.0,0.0,0.0,1.00064144e-10,1.000095e-10,1.0007706e-10
2617.0,0.0,0.0,0.0,0.0,0.0,0.0,0.0,1.00064144e-10,1.000095e-10,1.0007706e-10
2618.0,0.0,0.0,0.0,0.0,0.0,0.0,0.0,1.00064144e-10,1.000095e-10,1.0007706e-10
2619.0,0.0,0.0,0.0,0.0,0.0,0.0,0.0,1.00064144e-10,1.000095e-10,1.0007706e-10
2620.0,0.0,0.0,0.0,0.0,0.0,0.0,0.0,1.00064144e-10,1.000095e-10,1.0007706e-10
2621.0,0.0,0.0,0.0,0.0,0.0,0.0,0.0,1.00064144e-10,1.000095e-10,1.0007706e-10
2622.0,0.0,0.0,0.0,0.0,0.0,0.0,0.0,1.00064144e-10,1.000095e-10,1.0007706e-10
2623.0,0.0,0.0,0.0,0.0,0.0,0.0,0.0,1.00064144e-10,1.000095e-10,1.0007706e-10
2624.0,0.0,0.0,0.0,0.0,0.0,0.0,0.0,1.00064144e-10,1.000095e-10,1.0007706e-10
2625.0,0.0,0.0,0.0,0.0,0.0,0.0,0.0,1.00064144e-10,1.000095e-10,1.0007706e-10
2626.0,0.0,0.0,0.0,0.0,0.0,0.0,0.0,1.00064144e-10,1.000095e-10,1.0007706e-10
2627.0,0.0,0.0,0.0,0.0,0.0,0.0,0.0,1.00064144e-10,1.000095e-10,1.0007706e-10
2628.0,0.0,0.0,0.0,0.0,0.0,0.0,0.0,1.00064144e-10,1.000095e-10,1.0007706e-10
2629.0,0.0,0.0,0.0,0.0,0.0,0.0,0.0,1.00064144e-10,1.000095e-10,1.0007706e-10
2630.0,0.0,0.0,0.0,0.0,0.0,0.0,0.0,1.00064144e-10,1.000095e-10,1.0007706e-10
2631.0,0.0,0.0,0.0,0.0,0.0,0.0,0.0,1.00064144e-10,1.000095e-10,1.0007706e-10
2632.0,0.0,0.0,0.0,0.0,0.0,0.0,0.0,1.00064144e-10,1.000095e-10,1.0007706e-10
2633.0,0.0,0.0,0.0,0.0,0.0,0.0,0.0,1.00064144e-10,1.000095e-10,1.0007706e-10
2634.0,0.0,0.0,0.0,0.0,0.0,0.0,0.0,1.00064144e-10,1.000095e-10,1.0007706e-10
2635.0,0.0,0.0,0.0,0.0,0.0,0.0,0.0,1.00064144e-10,1.000095e-10,1.0007706e-10
2636.0,0.0,0.0,0.0,0.0,0.0,0.0,0.0,1.00064144e-10,1.000095e-10,1.0007706e-10
2637.0,0.0,0.0,0.0,0.0,0.0,0.0,0.0,1.00064144e-10,1.000095e-10,1.0007706e-10
2638.0,0.0,0.0,0.0,0.0,0.0,0.0,0.0,1.00064144e-10,1.000095e-10,1.0007706e-10
2639.0,0.0,0.0,0.0,0.0,0.0,0.0,0.0,1.00064144e-10,1.000095e-10,1.0007706e-10
2640.0,0.0,0.0,0.0,0.0,0.0,0.0,0.0,1.00064144e-10,1.000095e-10,1.0007706e-10
2641.0,0.0,0.0,0.0,0.0,0.0,0.0,0.0,1.00064144e-10,1.000095e-10,1.0007706e-10
2642.0,0.0,0.0,0.0,0.0,0.0,0.0,0.0,1.00064144e-10,1.000095e-10,1.0007706e-10
2643.0,0.0,0.0,0.0,0.0,0.0,0.0,0.0,1.00064144e-10,1.000095e-10,1.0007706e-10
2644.0,0.0,0.0,0.0,0.0,0.0,0.0,0.0,1.00064144e-10,1.000095e-10,1.0007706e-10
2645.0,0.0,0.0,0.0,0.0,0.0,0.0,0.0,1.00064144e-10,1.000095e-10,1.0007706e-10
2646.0,0.0,0.0,0.0,0.0,0.0,0.0,0.0,1.00064144e-10,1.000095e-10,1.0007706e-10
2647.0,0.0,0.0,0.0,0.0,0.0,0.0,0.0,1.00064144e-10,1.000095e-10,1.0007706e-10
2648.0,0.0,0.0,0.0,0.0,0.0,0.0,0.0,1.00064144e-10,1.000095e-10,1.0007706e-10
2649.0,0.0,0.0,0.0,0.0,0.0,0.0,0.0,1.00064144e-10,1.000095e-10,1.0007706e-10
2650.0,0.0,0.0,0.0,0.0,0.0,0.0,0.0,1.00064144e-10,1.000095e-10,1.0007706e-10
2651.0,0.0,0.0,0.0,0.0,0.0,0.0,0.0,1.00064144e-10,1.000095e-10,1.0007706e-10
2652.0,0.0,0.0,0.0,0.0,0.0,0.0,0.0,1.00064144e-10,1.000095e-10,1.0007706e-10
2653.0,0.0,0.0,0.0,0.0,0.0,0.0,0.0,1.00064144e-10,1.000095e-10,1.0007706e-10
2654.0,0.0,0.0,0.0,0.0,0.0,0.0,0.0,1.00064144e-10,1.000095e-10,1.0007706e-10
2655.0,0.0,0.0,0.0,0.0,0.0,0.0,0.0,1.00064144e-10,1.000095e-10,1.0007706e-10
2656.0,0.0,0.0,0.0,0.0,0.0,0.0,0.0,1.00064144e-10,1.000095e-10,1.0007706e-10
2657.0,0.0,0.0,0.0,0.0,0.0,0.0,0.0,1.00064144e-10,1.000095e-10,1.0007706e-10
2658.0,0.0,0.0,0.0,0.0,0.0,0.0,0.0,1.00064144e-10,1.000095e-10,1.0007706e-10
2659.0,0.0,0.0,0.0,0.0,0.0,0.0,0.0,1.00064144e-10,1.000095e-10,1.0007706e-10
2660.0,0.0,0.0,0.0,0.0,0.0,0.0,0.0,1.00064144e-10,1.000095e-10,1.0007706e-10
2661.0,0.0,0.0,0.0,0.0,0.0,0.0,0.0,1.00064144e-10,1.000095e-10,1.0007706e-10
2662.0,0.0,0.0,0.0,0.0,0.0,0.0,0.0,1.00064144e-10,1.000095e-10,1.0007706e-10
2663.0,0.0,0.0,0.0,0.0,0.0,0.0,0.0,1.00064144e-10,1.000095e-10,1.0007706e-10
2664.0,0.0,0.0,0.0,0.0,0.0,0.0,0.0,1.00064144e-10,1.000095e-10,1.0007706e-10
2665.0,0.0,0.0,0.0,0.0,0.0,0.0,0.0,1.00064144e-10,1.000095e-10,1.0007706e-10
2666.0,0.0,0.0,0.0,0.0,0.0,0.0,0.0,1.00064144e-10,1.000095e-10,1.0007706e-10
2667.0,0.0,0.0,0.0,0.0,0.0,0.0,0.0,1.00064144e-10,1.000095e-10,1.0007706e-10
2668.0,0.0,0.0,0.0,0.0,0.0,0.0,0.0,1.00064144e-10,1.000095e-10,1.0007706e-10
2669.0,0.0,0.0,0.0,0.0,0.0,0.0,0.0,1.00064144e-10,1.000095e-10,1.0007706e-10
2670.0,0.0,0.0,0.0,0.0,0.0,0.0,0.0,1.00064144e-10,1.000095e-10,1.0007706e-10
2671.0,0.0,0.0,0.0,0.0,0.0,0.0,0.0,1.00064144e-10,1.000095e-10,1.0007706e-10
2672.0,0.0,0.0,0.0,0.0,0.0,0.0,0.0,1.00064144e-10,1.000095e-10,1.0007706e-10
2673.0,0.0,0.0,0.0,0.0,0.0,0.0,0.0,1.00064144e-10,1.000095e-10,1.0007706e-10
2674.0,0.0,0.0,0.0,0.0,0.0,0.0,0.0,1.00064144e-10,1.000095e-10,1.0007706e-10
2675.0,0.0,0.0,0.0,0.0,0.0,0.0,0.0,1.00064144e-10,1.000095e-10,1.0007706e-10
2676.0,0.0,0.0,0.0,0.0,0.0,0.0,0.0,1.00064144e-10,1.000095e-10,1.0007706e-10
2677.0,0.0,0.0,0.0,0.0,0.0,0.0,0.0,1.00064144e-10,1.000095e-10,1.0007706e-10
2678.0,0.0,0.0,0.0,0.0,0.0,0.0,0.0,1.00064144e-10,1.000095e-10,1.0007706e-10
2679.0,0.0,0.0,0.0,0.0,0.0,0.0,0.0,1.00064144e-10,1.000095e-10,1.0007706e-10
2680.0,0.0,0.0,0.0,0.0,0.0,0.0,0.0,1.00064144e-10,1.000095e-10,1.0007706e-10
2681.0,0.0,0.0,0.0,0.0,0.0,0.0,0.0,1.00064144e-10,1.000095e-10,1.0007706e-10
2682.0,0.0,0.0,0.0,0.0,0.0,0.0,0.0,1.00064144e-10,1.000095e-10,1.0007706e-10
2683.0,0.0,0.0,0.0,0.0,0.0,0.0,0.0,1.00064144e-10,1.000095e-10,1.0007706e-10
2684.0,0.0,0.0,0.0,0.0,0.0,0.0,0.0,1.00064144e-10,1.000095e-10,1.0007706e-10
2685.0,0.0,0.0,0.0,0.0,0.0,0.0,0.0,1.00064144e-10,1.000095e-10,1.0007706e-10
2686.0,0.0,0.0,0.0,0.0,0.0,0.0,0.0,1.00064144e-10,1.000095e-10,1.0007706e-10
2687.0,0.0,0.0,0.0,0.0,0.0,0.0,0.0,1.00064144e-10,1.000095e-10,1.0007706e-10
2688.0,0.0,0.0,0.0,0.0,0.0,0.0,0.0,1.00064144e-10,1.000095e-10,1.0007706e-10
2689.0,0.0,0.0,0.0,0.0,0.0,0.0,0.0,1.00064144e-10,1.000095e-10,1.0007706e-10
2690.0,0.0,0.0,0.0,0.0,0.0,0.0,0.0,1.00064144e-10,1.000095e-10,1.0007706e-10
2691.0,0.0,0.0,0.0,0.0,0.0,0.0,0.0,1.00064144e-10,1.000095e-10,1.0007706e-10
2692.0,0.0,0.0,0.0,0.0,0.0,0.0,0.0,1.00064144e-10,1.000095e-10,1.0007706e-10
2693.0,0.0,0.0,0.0,0.0,0.0,0.0,0.0,1.00064144e-10,1.000095e-10,1.0007706e-10
2694.0,0.0,0.0,0.0,0.0,0.0,0.0,0.0,1.00064144e-10,1.000095e-10,1.0007706e-10
2695.0,0.0,0.0,0.0,0.0,0.0,0.0,0.0,1.00064144e-10,1.000095e-10,1.0007706e-10
2696.0,0.0,0.0,0.0,0.0,0.0,0.0,0.0,1.00064144e-10,1.000095e-10,1.0007706e-10
2697.0,0.0,0.0,0.0,0.0,0.0,0.0,0.0,1.00064144e-10,1.000095e-10,1.0007706e-10
2698.0,0.0,0.0,0.0,0.0,0.0,0.0,0.0,1.00064144e-10,1.000095e-10,1.0007706e-10
2699.0,0.0,0.0,0.0,0.0,0.0,0.0,0.0,1.00064144e-10,1.000095e-10,1.0007706e-10
2700.0,0.0,0.0,0.0,0.0,0.0,0.0,0.0,1.00064144e-10,1.000095e-10,1.0007706e-10
2701.0,0.0,0.0,0.0,0.0,0.0,0.0,0.0,1.00064144e-10,1.000095e-10,1.0007706e-10
2702.0,0.0,0.0,0.0,0.0,0.0,0.0,0.0,1.00064144e-10,1.000095e-10,1.0007706e-10
2703.0,0.0,0.0,0.0,0.0,0.0,0.0,0.0,1.00064144e-10,1.000095e-10,1.0007706e-10
2704.0,0.0,0.0,0.0,0.0,0.0,0.0,0.0,1.00064144e-10,1.000095e-10,1.0007706e-10
2705.0,0.0,0.0,0.0,0.0,0.0,0.0,0.0,1.00064144e-10,1.000095e-10,1.0007706e-10
2706.0,0.0,0.0,0.0,0.0,0.0,0.0,0.0,1.00064144e-10,1.000095e-10,1.0007706e-10
2707.0,0.0,0.0,0.0,0.0,0.0,0.0,0.0,1.00064144e-10,1.000095e-10,1.0007706e-10
2708.0,0.0,0.0,0.0,0.0,0.0,0.0,0.0,1.00064144e-10,1.000095e-10,1.0007706e-10
2709.0,0.0,0.0,0.0,0.0,0.0,0.0,0.0,1.00064144e-10,1.000095e-10,1.0007706e-10
2710.0,0.0,0.0,0.0,0.0,0.0,0.0,0.0,1.00064144e-10,1.000095e-10,1.0007706e-10
2711.0,0.0,0.0,0.0,0.0,0.0,0.0,0.0,1.00064144e-10,1.000095e-10,1.0007706e-10
2712.0,0.0,0.0,0.0,0.0,0.0,0.0,0.0,1.00064144e-10,1.000095e-10,1.0007706e-10
2713.0,0.0,0.0,0.0,0.0,0.0,0.0,0.0,1.00064144e-10,1.000095e-10,1.0007706e-10
2714.0,0.0,0.0,0.0,0.0,0.0,0.0,0.0,1.00064144e-10,1.000095e-10,1.0007706e-10
2715.0,0.0,0.0,0.0,0.0,0.0,0.0,0.0,1.00064144e-10,1.000095e-10,1.0007706e-10
2716.0,0.0,0.0,0.0,0.0,0.0,0.0,0.0,1.00064144e-10,1.000095e-10,1.0007706e-10
2717.0,0.0,0.0,0.0,0.0,0.0,0.0,0.0,1.00064144e-10,1.000095e-10,1.0007706e-10
2718.0,0.0,0.0,0.0,0.0,0.0,0.0,0.0,1.00064144e-10,1.000095e-10,1.0007706e-10
2719.0,0.0,0.0,0.0,0.0,0.0,0.0,0.0,1.00064144e-10,1.000095e-10,1.0007706e-10
2720.0,0.0,0.0,0.0,0.0,0.0,0.0,0.0,1.00064144e-10,1.000095e-10,1.0007706e-10
2721.0,0.0,0.0,0.0,0.0,0.0,0.0,0.0,1.00064144e-10,1.000095e-10,1.0007706e-10
2722.0,0.0,0.0,0.0,0.0,0.0,0.0,0.0,1.00064144e-10,1.000095e-10,1.0007706e-10
2723.0,0.0,0.0,0.0,0.0,0.0,0.0,0.0,1.00064144e-10,1.000095e-10,1.0007706e-10
2724.0,0.0,0.0,0.0,0.0,0.0,0.0,0.0,1.00064144e-10,1.000095e-10,1.0007706e-10
2725.0,0.0,0.0,0.0,0.0,0.0,0.0,0.0,1.00064144e-10,1.000095e-10,1.0007706e-10
2726.0,0.0,0.0,0.0,0.0,0.0,0.0,0.0,1.00064144e-10,1.000095e-10,1.0007706e-10
2727.0,0.0,0.0,0.0,0.0,0.0,0.0,0.0,1.00064144e-10,1.000095e-10,1.0007706e-10
2728.0,0.0,0.0,0.0,0.0,0.0,0.0,0.0,1.00064144e-10,1.000095e-10,1.0007706e-10
2729.0,0.0,0.0,0.0,0.0,0.0,0.0,0.0,1.00064144e-10,1.000095e-10,1.0007706e-10
2730.0,0.0,0.0,0.0,0.0,0.0,0.0,0.0,1.00064144e-10,1.000095e-10,1.0007706e-10
2731.0,0.0,0.0,0.0,0.0,0.0,0.0,0.0,1.00064144e-10,1.000095e-10,1.0007706e-10
2732.0,0.0,0.0,0.0,0.0,0.0,0.0,0.0,1.00064144e-10,1.000095e-10,1.0007706e-10
2733.0,0.0,0.0,0.0,0.0,0.0,0.0,0.0,1.00064144e-10,1.000095e-10,1.0007706e-10
2734.0,0.0,0.0,0.0,0.0,0.0,0.0,0.0,1.00064144e-10,1.000095e-10,1.0007706e-10
2735.0,0.0,0.0,0.0,0.0,0.0,0.0,0.0,1.00064144e-10,1.000095e-10,1.0007706e-10
2736.0,0.0,0.0,0.0,0.0,0.0,0.0,0.0,1.00064144e-10,1.000095e-10,1.0007706e-10
2737.0,0.0,0.0,0.0,0.0,0.0,0.0,0.0,1.00064144e-10,1.000095e-10,1.0007706e-10
2738.0,0.0,0.0,0.0,0.0,0.0,0.0,0.0,1.00064144e-10,1.000095e-10,1.0007706e-10
2739.0,0.0,0.0,0.0,0.0,0.0,0.0,0.0,1.00064144e-10,1.000095e-10,1.0007706e-10
2740.0,0.0,0.0,0.0,0.0,0.0,0.0,0.0,1.00064144e-10,1.000095e-10,1.0007706e-10
2741.0,0.0,0.0,0.0,0.0,0.0,0.0,0.0,1.00064144e-10,1.000095e-10,1.0007706e-10
2742.0,0.0,0.0,0.0,0.0,0.0,0.0,0.0,1.00064144e-10,1.000095e-10,1.0007706e-10
2743.0,0.0,0.0,0.0,0.0,0.0,0.0,0.0,1.00064144e-10,1.000095e-10,1.0007706e-10
2744.0,0.0,0.0,0.0,0.0,0.0,0.0,0.0,1.00064144e-10,1.000095e-10,1.0007706e-10
2745.0,0.0,0.0,0.0,0.0,0.0,0.0,0.0,1.00064144e-10,1.000095e-10,1.0007706e-10
2746.0,0.0,0.0,0.0,0.0,0.0,0.0,0.0,1.00064144e-10,1.000095e-10,1.0007706e-10
2747.0,0.0,0.0,0.0,0.0,0.0,0.0,0.0,1.00064144e-10,1.000095e-10,1.0007706e-10
2748.0,0.0,0.0,0.0,0.0,0.0,0.0,0.0,1.00064144e-10,1.000095e-10,1.0007706e-10
2749.0,0.0,0.0,0.0,0.0,0.0,0.0,0.0,1.00064144e-10,1.000095e-10,1.0007706e-10
2750.0,0.0,0.0,0.0,0.0,0.0,0.0,0.0,1.00064144e-10,1.000095e-10,1.0007706e-10
2751.0,0.0,0.0,0.0,0.0,0.0,0.0,0.0,1.00064144e-10,1.000095e-10,1.0007706e-10
2752.0,0.0,0.0,0.0,0.0,0.0,0.0,0.0,1.00064144e-10,1.000095e-10,1.0007706e-10
2753.0,0.0,0.0,0.0,0.0,0.0,0.0,0.0,1.00064144e-10,1.000095e-10,1.0007706e-10
2754.0,0.0,0.0,0.0,0.0,0.0,0.0,0.0,1.00064144e-10,1.000095e-10,1.0007706e-10
2755.0,0.0,0.0,0.0,0.0,0.0,0.0,0.0,1.00064144e-10,1.000095e-10,1.0007706e-10
2756.0,0.0,0.0,0.0,0.0,0.0,0.0,0.0,1.00064144e-10,1.000095e-10,1.0007706e-10
2757.0,0.0,0.0,0.0,0.0,0.0,0.0,0.0,1.00064144e-10,1.000095e-10,1.0007706e-10
2758.0,0.0,0.0,0.0,0.0,0.0,0.0,0.0,1.00064144e-10,1.000095e-10,1.0007706e-10
2759.0,0.0,0.0,0.0,0.0,0.0,0.0,0.0,1.00064144e-10,1.000095e-10,1.0007706e-10
2760.0,0.0,0.0,0.0,0.0,0.0,0.0,0.0,1.00064144e-10,1.000095e-10,1.0007706e-10
2761.0,0.0,0.0,0.0,0.0,0.0,0.0,0.0,1.00064144e-10,1.000095e-10,1.0007706e-10
2762.0,0.0,0.0,0.0,0.0,0.0,0.0,0.0,1.00064144e-10,1.000095e-10,1.0007706e-10
2763.0,0.0,0.0,0.0,0.0,0.0,0.0,0.0,1.00064144e-10,1.000095e-10,1.0007706e-10
2764.0,0.0,0.0,0.0,0.0,0.0,0.0,0.0,1.00064144e-10,1.000095e-10,1.0007706e-10
2765.0,0.0,0.0,0.0,0.0,0.0,0.0,0.0,1.00064144e-10,1.000095e-10,1.0007706e-10
2766.0,0.0,0.0,0.0,0.0,0.0,0.0,0.0,1.00064144e-10,1.000095e-10,1.0007706e-10
2767.0,0.0,0.0,0.0,0.0,0.0,0.0,0.0,1.00064144e-10,1.000095e-10,1.0007706e-10
2768.0,0.0,0.0,0.0,0.0,0.0,0.0,0.0,1.00064144e-10,1.000095e-10,1.0007706e-10
2769.0,0.0,0.0,0.0,0.0,0.0,0.0,0.0,1.00064144e-10,1.000095e-10,1.0007706e-10
2770.0,0.0,0.0,0.0,0.0,0.0,0.0,0.0,1.00064144e-10,1.000095e-10,1.0007706e-10
2771.0,0.0,0.0,0.0,0.0,0.0,0.0,0.0,1.00064144e-10,1.000095e-10,1.0007706e-10
2772.0,0.0,0.0,0.0,0.0,0.0,0.0,0.0,1.00064144e-10,1.000095e-10,1.0007706e-10
2773.0,0.0,0.0,0.0,0.0,0.0,0.0,0.0,1.00064144e-10,1.000095e-10,1.0007706e-10
2774.0,0.0,0.0,0.0,0.0,0.0,0.0,0.0,1.00064144e-10,1.000095e-10,1.0007706e-10
2775.0,0.0,0.0,0.0,0.0,0.0,0.0,0.0,1.00064144e-10,1.000095e-10,1.0007706e-10
2776.0,0.0,0.0,0.0,0.0,0.0,0.0,0.0,1.00064144e-10,1.000095e-10,1.0007706e-10
2777.0,0.0,0.0,0.0,0.0,0.0,0.0,0.0,1.00064144e-10,1.000095e-10,1.0007706e-10
2778.0,0.0,0.0,0.0,0.0,0.0,0.0,0.0,1.00064144e-10,1.000095e-10,1.0007706e-10
2779.0,0.0,0.0,0.0,0.0,0.0,0.0,0.0,1.00064144e-10,1.000095e-10,1.0007706e-10
2780.0,0.0,0.0,0.0,0.0,0.0,0.0,0.0,1.00064144e-10,1.000095e-10,1.0007706e-10
2781.0,0.0,0.0,0.0,0.0,0.0,0.0,0.0,1.00064144e-10,1.000095e-10,1.0007706e-10
2782.0,0.0,0.0,0.0,0.0,0.0,0.0,0.0,1.00064144e-10,1.000095e-10,1.0007706e-10
2783.0,0.0,0.0,0.0,0.0,0.0,0.0,0.0,1.00064144e-10,1.000095e-10,1.0007706e-10
2784.0,0.0,0.0,0.0,0.0,0.0,0.0,0.0,1.00064144e-10,1.000095e-10,1.0007706e-10
2785.0,0.0,0.0,0.0,0.0,0.0,0.0,0.0,1.00064144e-10,1.000095e-10,1.0007706e-10
2786.0,0.0,0.0,0.0,0.0,0.0,0.0,0.0,1.00064144e-10,1.000095e-10,1.0007706e-10
2787.0,0.0,0.0,0.0,0.0,0.0,0.0,0.0,1.00064144e-10,1.000095e-10,1.0007706e-10
2788.0,0.0,0.0,0.0,0.0,0.0,0.0,0.0,1.00064144e-10,1.000095e-10,1.0007706e-10
2789.0,0.0,0.0,0.0,0.0,0.0,0.0,0.0,1.00064144e-10,1.000095e-10,1.0007706e-10
2790.0,0.0,0.0,0.0,0.0,0.0,0.0,0.0,1.00064144e-10,1.000095e-10,1.0007706e-10
2791.0,0.0,0.0,0.0,0.0,0.0,0.0,0.0,1.00064144e-10,1.000095e-10,1.0007706e-10
2792.0,0.0,0.0,0.0,0.0,0.0,0.0,0.0,1.00064144e-10,1.000095e-10,1.0007706e-10
2793.0,0.0,0.0,0.0,0.0,0.0,0.0,0.0,1.00064144e-10,1.000095e-10,1.0007706e-10
2794.0,0.0,0.0,0.0,0.0,0.0,0.0,0.0,1.00064144e-10,1.000095e-10,1.0007706e-10
2795.0,0.0,0.0,0.0,0.0,0.0,0.0,0.0,1.00064144e-10,1.000095e-10,1.0007706e-10
2796.0,0.0,0.0,0.0,0.0,0.0,0.0,0.0,1.00064144e-10,1.000095e-10,1.0007706e-10
2797.0,0.0,0.0,0.0,0.0,0.0,0.0,0.0,1.00064144e-10,1.000095e-10,1.0007706e-10
2798.0,0.0,0.0,0.0,0.0,0.0,0.0,0.0,1.00064144e-10,1.000095e-10,1.0007706e-10
2799.0,0.0,0.0,0.0,0.0,0.0,0.0,0.0,1.00064144e-10,1.000095e-10,1.0007706e-10
